# DRS4 export. File index 0, run_id=./medidas/run_20260925_130253
# Columns: t[ns] u1[mV] u2[mV] u3[mV]
Event #6  ts=2026-09-25 13:02:54.976  [SELECTED]
  t[ns]  u1[mV]  u2[mV]  u3[mV]
  0.000    -0.6   -24.1   -10.3
  1.660     5.6   -21.6   -14.9
  3.320     0.0   -13.3     5.5
  4.980    -0.9   -12.9     6.1
  6.641   -10.1   -12.8   -11.5
  8.301   -16.0    10.6    -4.2
  9.961   -13.9    13.8    -1.3
 11.621   -13.0     7.0    -8.6
 13.281     5.8   -24.1    -8.1
 14.941     4.2   -21.2   -11.3
 16.602    -6.6    -4.0    -8.1
 18.262   -17.4    10.1   -11.4
 19.922   -20.6    13.3    -7.0
 21.582    -6.3   -10.0    -0.9
 23.242    10.9    -8.1     3.8
 24.902    19.8   -23.7    -3.8
 26.562    -0.3    -5.6    -4.8
 28.223   -26.1    10.6    -8.0
 29.883   -28.1   -27.2   -35.7
 31.543   -16.1   -23.3   -18.3
 33.203    15.8     0.2    16.3
 34.863    25.9    -3.5    -0.7
 36.523    14.5    -1.9    -5.6
 38.184   -18.1    -1.0     0.0
 39.844   -47.1   -16.7   -23.3
 41.504   -14.2   -29.8   -18.1
 43.164     7.4    -1.4    15.2
 44.824    22.8     3.9     0.5
 46.484    10.5    -7.9    -4.9
 48.145   -44.6   -16.6   -24.0
 49.805   -51.6   -17.0   -38.4
 51.465   -14.7   -18.4   -14.5
 53.125    11.9    -0.4     7.3
 54.785    27.1    -5.8     4.1
 56.445    18.2     0.6    10.7
 58.105   -28.9    -8.8   -24.6
 59.766   -42.8   -28.9   -42.1
 61.426   -17.7    -5.6     3.8
 63.086     7.9     4.4    10.4
 64.746    13.8    -9.5     2.7
 66.406     8.7    -2.8    10.2
 68.066   -16.7    -7.3   -11.3
 69.727   -39.8   -29.5   -29.8
 71.387   -23.2     6.6     8.7
 73.047    19.7     1.6   -12.2
 74.707    16.6    -5.1    -0.1
 76.367    -1.3     5.4    14.6
 78.027   -16.2    -6.1   -15.1
 79.688   -23.2   -23.0   -39.7
 81.348   -11.3    11.5    14.1
 83.008    -1.9     2.0    -5.7
 84.668     6.3   -20.2   -12.9
 86.328     0.6     3.4    15.4
 87.988    -7.1   -12.8   -12.1
 89.648   -23.2   -17.0   -23.5
 91.309   -19.0    -0.9     2.1
 92.969    -8.7    -1.6    -6.7
 94.629     1.1   -17.9   -16.1
 96.289     9.3     9.9    12.7
 97.949     2.1     1.1    -9.4
 99.609   -11.6   -14.2   -24.4
101.270   -14.3    -8.9    -4.4
102.930    -7.5   -21.2   -23.9
104.590    -4.6   -12.2   -10.7
106.250     0.8     6.0    13.8
107.910    11.3     0.4    -9.0
109.570     5.3    -9.5   -19.4
111.230   -27.1   -10.6    -0.5
112.891   -16.5   -28.9   -24.0
114.551    -6.7    -8.5   -13.8
116.211    -7.0     7.4    12.0
117.871     6.7    -2.3   -12.2
119.531     1.8     2.6    -1.8
121.191   -17.0    -4.5    -2.1
122.852   -11.9   -23.8   -16.2
124.512    -9.9     0.7     1.7
126.172    -8.5     9.2     7.6
127.832     7.6     5.7   -11.6
129.492     2.6    -3.9     0.1
131.152     3.0    -3.2     1.2
132.812   -20.3   -33.1   -19.2
134.473   -17.1   -14.4    -6.3
136.133    -4.3    22.6    -5.1
137.793    -4.3     7.0   -14.0
139.453     7.7     0.2     4.9
141.113     4.5   -11.4     2.3
142.773    -3.9   -34.2   -12.4
144.434   -18.4   -34.3   -19.4
146.094   -22.9     6.0   -20.0
147.754   -17.4     9.3   -16.5
149.414     9.9    -0.7    12.0
151.074    16.0    -5.2     4.4
152.734     9.6   -36.9   -25.0
154.395   -20.0    -5.7     7.6
156.055   -39.0     1.5   -29.0
157.715   -18.1     9.7   -14.8
159.375    11.6    18.2    19.9
161.035    21.9    -9.7     2.2
162.695    10.8   -46.7   -25.9
164.355    -6.7   -34.5    -5.9
166.016   -39.5    10.0   -17.7
167.676   -32.1    -8.7   -35.9
169.336   -20.7    -6.2    -6.7
170.996    15.9     4.3    15.8
172.656     0.4   -27.5    -7.7
174.316     7.8   -35.6    -5.9
175.977   -44.4     4.2   -23.3
177.637   -41.6     0.7   -25.0
179.297   -30.7    -9.7   -10.0
180.957    31.0   -11.0     9.9
182.617    18.3   -21.0     3.2
184.277     2.4   -17.7    -0.5
185.938   -33.6     9.4    -8.3
187.598   -49.5    -1.8   -27.0
189.258   -14.2    -0.3     0.1
190.918     6.9   -18.9    -6.4
192.578    40.5   -28.9    -6.8
194.238    17.5   -14.4     9.4
195.898   -25.1    16.9    -6.9
197.559   -50.9    -3.2   -43.5
199.219   -43.5    -4.9   -20.6
200.879    -7.4   -21.0    -5.3
202.539    27.2   -39.1    -2.5
204.199   -23.2    -6.1     4.9
205.859   -94.6    -4.2   -23.8
207.520  -138.9   -68.0   -80.1
209.180  -105.2   -78.1   -59.5
210.840   -70.8   -98.9   -43.9
212.500   -37.2  -106.0   -49.0
214.160   -30.7   -52.5   -27.2
215.820   -57.8   -16.1   -41.6
217.480   -66.5   -35.7   -59.5
219.141   -38.9   -47.0   -31.3
220.801    -8.0   -62.4   -34.0
222.461    11.0   -30.4    -0.5
224.121    -5.4    11.2     9.9
225.781   -16.5    27.8   -17.8
227.441   -34.7     6.3   -24.5
229.102   -39.9   -12.7   -16.7
230.762     8.7   -59.1   -29.5
232.422    18.1   -35.2     0.0
234.082    -6.5    17.1     6.5
235.742   -33.8    16.0   -26.5
237.402   -28.6    11.7    -9.9
239.062    -0.9   -37.5   -16.7
240.723    13.3   -52.2   -19.9
242.383    14.9   -33.1     0.0
244.043   -29.7    19.8   -17.0
245.703   -35.0    17.1   -18.8
247.363   -16.7     0.9     1.3
249.023    20.9   -30.0   -13.7
250.684    19.6   -51.8   -14.0
252.344    -5.5   -18.0     1.2
254.004   -31.3    22.8    -2.5
255.664   -44.6    15.1   -23.3
257.324   -17.3    -0.8   -26.7
258.984    21.4   -17.6     3.6
260.645    27.7   -24.4     2.1
262.305    11.4   -30.1     1.2
263.965   -25.4    -7.1   -16.0
265.625   -39.3     3.2   -23.6
267.285   -39.5    13.2   -15.9
268.945    38.6   -33.3    -3.8
270.605    45.4   -25.7     8.2
272.266    11.5   -11.5     7.0
273.926   -36.8    -9.1   -23.0
275.586   -61.9   -13.3   -44.4
277.246   -46.5     5.1   -17.8
278.906    -2.2     1.7    10.8
280.566    45.3   -20.9    -1.8
282.227    13.2    -9.9    12.8
283.887   -50.7    -3.1   -24.2
285.547   -58.3   -22.0   -50.1
287.207   -37.2     0.0   -13.9
288.867    15.8    -2.0     4.9
290.527    48.4   -17.1    -2.9
292.188    30.1    -5.5    16.9
293.848   -19.0    -0.9    -3.3
295.508   -60.7   -20.1   -40.9
297.168   -43.6   -12.7   -18.7
298.828     9.2    -6.0    -3.5
300.488    49.4    -9.8    20.4
302.148    35.2     4.4    20.4
303.809   -25.6    -9.2   -31.0
305.469   -54.8   -21.7   -36.7
307.129   -27.9   -15.5   -18.1
308.789    -6.6   -15.7   -18.0
310.449    36.5   -14.1     6.8
312.109     9.4     3.3    -8.3
313.770   -27.6   -20.9   -44.6
315.430   -37.2   -27.5   -42.6
317.090   -33.9    -4.1    -7.0
318.750     2.0   -20.1   -28.0
320.410    25.3     0.6    21.9
322.070    31.1    23.4    37.3
323.730     2.5    -8.9   -14.3
325.391   -11.9   -19.7   -36.2
327.051   -27.5     5.8    -2.0
328.711   -23.4     5.6    -4.1
330.371    14.8   -31.5   -18.0
332.031    18.6    15.4    35.2
333.691     9.5    16.4     6.3
335.352   -22.9   -24.6   -41.2
337.012   -35.3    -6.8    -3.4
338.672   -31.2    -2.4     2.5
340.332    -3.1    -9.9   -11.3
341.992     8.8   -14.5    -2.6
343.652    -1.2     7.4    -0.2
345.312   -10.2   -13.2   -19.2
346.973   -22.2   -11.0   -10.3
348.633   -19.3    -8.9   -13.2
350.293    -8.3   -13.9   -20.4
351.953    -3.5    -1.3     7.6
353.613     1.0    -2.7    -3.9
355.273     3.6   -13.0   -24.3
356.934   -17.0    -4.5    -6.3
358.594   -19.7   -26.3   -28.7
360.254   -14.2   -28.1   -26.6
361.914     0.1     3.8    13.8
363.574     4.0     2.8    -0.5
365.234    -8.7    -5.8    -7.4
366.895   -16.6     2.6     3.1
368.555   -12.5     1.4    -0.5
370.215    -9.5   -24.5   -20.5
371.875    -8.3    -4.8    -1.8
373.535    -1.8     0.8    -4.9
375.195     0.0   -12.4   -19.9
376.855    -9.8    -8.4    -8.3
378.516    -8.3   -10.5    -6.6
380.176    -9.0   -16.3   -14.8
381.836   -11.1   -10.1   -11.6
383.496   -10.7     3.4    -1.7
385.156     1.7    -5.4    -2.5
386.816     0.5    -7.7    -3.7
388.477    -8.4   -17.9   -18.6
390.137    -9.4   -11.5    -8.1
391.797   -11.6    -1.4    -0.9
393.457    -7.2    -7.2   -22.4
395.117    -7.2    -1.5    -2.6
396.777    -6.5     8.5    12.1
398.438    -7.7   -23.5   -22.6
400.098    -4.5   -31.9   -22.6
401.758    -7.8    12.6     3.1
403.418    -8.0    -7.0   -25.8
405.078    -8.5   -14.0   -21.8
406.738    -7.5     5.1    16.7
408.398     3.1   -29.9   -23.7
410.059    -2.5    -3.5     0.3
411.719    -3.0    -5.8    -1.6
413.379   -11.1     9.2   -19.3
415.039    -9.1    -6.3    -3.6
416.699    -8.8   -11.0    -4.2
418.359    -3.2   -17.0    -5.2
420.020    -1.2   -19.6    -7.1
421.680   -10.2     0.8    -5.3
423.340    -6.0     2.2   -12.8
425.000   -12.4     7.4     6.8
426.660    -9.8   -25.1   -21.3
428.320    -5.2   -36.5   -23.0
429.980     3.2    -2.6    12.6
431.641     5.4    11.1     5.4
433.301   -13.2    -0.6   -27.8
434.961   -23.0     0.0   -17.9
436.621   -11.7    -1.0    10.5
438.281    -0.2   -47.5   -33.2
439.941     0.3   -46.0   -34.0
441.602     5.3    -0.7     3.5
443.262    -2.3    16.2    -4.4
444.922   -17.2    -2.2   -25.2
446.582   -17.3    -1.8     8.1
448.242   -20.3   -20.5    -7.3
449.902     4.8   -43.4   -17.7
451.562    17.7   -11.1     4.2
453.223   -10.3    20.0    -8.0
454.883    -8.7    10.6   -15.1
456.543   -25.9    -7.5   -10.2
458.203   -17.1   -25.2   -11.5
459.863    18.6   -29.2    -3.3
461.523    24.6     7.5     4.0
463.184    -0.3    24.0    -6.2
464.844   -31.4    -0.9   -18.7
466.504   -39.9   -23.7   -25.4
468.164   -24.8   -36.7   -32.5
469.824    15.8   -16.1    10.3
471.484    22.3    12.5     2.4
473.145     2.7    13.7   -17.3
474.805   -45.5     6.4   -12.3
476.465   -40.8   -12.5   -22.7
478.125     0.7   -52.5   -25.4
479.785    19.5   -22.2    16.8
481.445    25.5    30.6    15.9
483.105     0.4     4.3   -24.6
484.766   -49.1    -7.6   -17.6
486.426   -49.9   -13.0   -18.7
488.086   -17.7   -42.9   -35.7
489.746    20.4   -15.8     7.4
491.406    35.0    20.0    37.0
493.066    18.2    21.5    -4.4
494.727   -35.9   -12.4   -22.6
496.387   -42.1    -9.9   -11.0
498.047   -10.0   -26.0   -17.9
499.707    10.3   -28.2   -19.7
501.367    24.0    -9.5     0.9
503.027    15.3    20.6    18.3
504.688   -30.9   -13.5   -24.1
506.348   -39.1   -15.6   -26.4
508.008   -28.1   -26.4   -23.5
509.668    18.6   -11.7     7.6
511.328    29.2     2.2    16.2
512.988     1.5     4.7   -13.6
514.648    -3.7     1.3   -13.7
516.309   -43.0   -23.9   -17.3
517.969   -27.8   -34.1   -28.3
519.629    15.4    -5.3    14.3
521.289    17.7     8.7    20.0
522.949    -2.4    -2.3   -23.1
524.609   -37.4    -6.3    -7.9
526.270   -16.2   -11.8   -10.9
527.930    -7.7   -23.8   -26.7
529.590     5.2   -12.6     6.5
531.250    -7.7     5.1     9.0
532.910     5.3     4.1    -1.9
534.570   -14.4   -11.2   -24.7
536.230   -19.8    -6.0    -1.6
537.891     3.1   -20.8   -11.0
539.551    -2.1     1.1     1.2
541.211    -3.1    -8.3    -6.4
542.871    -5.9   -10.3   -12.3
544.531    -4.8    -6.1    -0.8
546.191   -17.5    -2.3   -17.1
547.852   -13.2    -9.1    -9.5
549.512     1.7   -10.7     5.9
551.172   -15.4   -16.4   -24.3
552.832   -10.2    -9.4    -1.4
554.492    -7.2    19.7     5.3
556.152     9.6    12.6    -4.1
557.812    -8.4   -18.2   -20.8
559.473   -12.9   -12.8     2.8
561.133   -23.3   -23.2   -27.4
562.793    -9.8   -13.3    -3.7
564.453    -2.5    28.2    17.6
566.113     9.8     3.2   -24.4
567.773    -4.1   -16.1   -27.0
569.434   -19.1   -25.5    -6.1
571.094   -24.4   -24.4   -28.9
572.754   -14.8   -13.4   -24.7
574.414     1.3    25.0    19.1
576.074     9.0    38.7    14.3
577.734     2.3   -31.3   -12.8
579.395   -25.5   -19.7    -4.6
581.055   -21.2   -23.9    -7.9
582.715   -36.1   -23.6   -27.2
584.375     2.5    23.9    16.3
586.035     6.3    25.8    17.1
587.695    10.1   -29.3    -8.4
589.355    -4.0   -26.2    -5.8
591.016   -22.1   -28.2   -19.0
592.676   -29.6   -22.5   -30.0
594.336    -3.5    20.3    14.6
595.996    10.4    10.4    -7.2
597.656    14.8   -16.7   -21.3
599.316    -1.1   -17.5    -0.6
600.977   -23.9   -23.5   -24.6
602.637   -35.8   -18.7   -26.7
604.297   -22.6    20.6     8.2
605.957    -9.3    26.1     8.7
607.617     2.6     4.4   -10.0
609.277     8.7    -6.6     6.8
610.938    11.1   -14.3     7.4
612.598   -22.0   -22.4   -29.5
614.258   -32.2   -10.0   -27.6
615.918   -28.8     6.7    -6.6
617.578     6.9   -16.6   -14.7
619.238    13.7   -26.8   -16.7
620.898    19.7    -8.0    11.1
622.559    -5.2    -4.0    -4.8
624.219   -32.5    -8.1   -21.4
625.879   -29.0   -12.0   -14.3
627.539   -16.1   -25.2   -17.9
629.199     7.1   -30.0   -13.9
630.859    27.9   -10.6     2.4
632.520     5.2     7.2    -2.9
634.180    -7.9     5.5   -13.9
635.840   -36.3    -2.3    -7.8
637.500   -21.6   -26.1   -24.5
639.160    11.3   -29.5    -9.8
640.820    15.7    16.5     7.2
642.480    13.4    21.7    -5.1
644.141   -21.0   -10.1   -25.9
645.801   -40.6   -13.6   -13.9
647.461   -29.9   -28.5   -25.3
649.121   -11.6   -53.6   -36.6
650.781    24.5     9.4    20.9
652.441    12.9    25.8    13.9
654.102   -16.3    14.1   -22.4
655.762   -26.8    -7.9   -24.7
657.422   -19.3   -41.3   -25.7
659.082     2.5   -52.1   -19.2
660.742    24.9   -10.4     6.8
662.402     4.1    33.3     4.8
664.062   -14.0    29.7    -9.8
665.723   -39.0     1.1   -14.1
667.383    -9.4   -41.7   -17.9
669.043    27.5   -27.3    -2.2
670.703    22.8    -7.0     3.9
672.363     6.3     9.8    -3.0
674.023   -35.8     4.4   -24.5
675.684   -27.8    -1.6    -4.4
677.344    -4.0   -21.5    -5.3
679.004    26.7   -44.0    -8.3
680.664    28.6    -1.1     8.9
682.324    -6.8    23.0    -0.6
683.984   -49.8    -7.2   -42.7
685.645   -44.4   -14.9   -25.2
687.305     7.8   -17.8    12.9
688.965    44.8   -30.9    -0.3
690.625    43.6    -5.2    12.5
692.285   -11.0    15.1    -6.6
693.945   -61.2   -16.4   -45.5
695.605   -60.0   -12.7   -39.7
697.266    10.6   -16.4     7.9
698.926    50.0   -13.4     7.7
700.586    67.2   -18.8    -1.8
702.246   -28.3     5.9   -11.3
703.906   -66.3    -4.7   -46.2
705.566   -45.6   -25.0   -22.1
707.227   -26.0   -24.1   -16.3
708.887    48.9    -1.2     8.8
710.547    45.0     2.1     8.9
712.207    10.1    17.4     6.4
713.867   -56.2   -18.7   -47.2
715.527   -57.3   -20.0   -26.9
717.188   -19.5    -3.0     0.8
718.848    43.6   -18.6    -7.0
720.508    42.5    -1.3     8.1
722.168     9.1    11.9    10.9
723.828   -44.9   -25.4   -52.3
725.488   -52.1   -18.2   -16.8
727.148   -48.9    -9.3    -0.7
728.809     8.5   -14.4   -11.8
730.469    29.5   -19.5   -19.6
732.129    10.2    12.7    24.5
733.789   -17.6    -5.6   -23.5
735.449   -24.2   -24.3   -46.0
737.109   -11.2     6.7    11.1
738.770     5.1    -6.2     4.7
740.430     6.9    -3.4   -11.0
742.090    -8.5    -1.7     0.6
743.750    -8.6     0.4     4.0
745.410    -6.0   -19.0   -31.3
747.070    -6.8     0.0     7.3
748.730    -8.1     0.1     2.4
750.391   -21.1   -30.6   -26.2
752.051   -19.9   -33.6   -25.0
753.711    -7.8     2.0     8.7
755.371     8.0    -3.2   -11.0
757.031    13.7     0.5    -7.8
758.691    -7.9     5.2     3.5
760.352   -34.1   -32.2   -38.4
762.012   -29.9   -30.0   -16.2
763.672    -0.1    -2.8     0.9
765.332    27.2    10.4    -4.3
766.992    23.4    15.1    10.2
768.652    19.4    18.7    20.0
770.312   -28.6   -19.7   -32.5
771.973   -47.9   -37.0   -26.0
773.633     6.1    -7.2    -2.1
775.293    31.2     7.8     6.7
776.953    22.8    32.0    22.8
778.613    25.4    33.6    23.0
780.273   -33.2   -34.3   -37.0
781.934   -43.8   -42.3   -37.1
783.594   -46.7   -25.1   -11.0
785.254     3.7    -4.5    -6.5
786.914    40.5    17.4     6.1
788.574    19.8    33.2    19.7
790.234   -25.9   -16.7   -21.6
791.895   -33.1   -38.1   -41.9
793.555   -28.1   -23.0    -6.0
795.215     4.9    -0.1    -0.7
796.875    27.9    17.2     4.0
798.535    23.4    20.8     0.3
800.195   -23.8   -27.5   -26.3
801.855   -38.9   -41.4   -22.1
803.516   -25.6   -23.3   -16.5
805.176    -1.1    -3.1   -10.8
806.836    11.1    20.9    13.4
808.496     8.8    20.7     6.1
810.156    -2.1   -11.7   -19.5
811.816   -15.3   -26.3    -6.6
813.477   -15.3   -16.9    -8.7
815.137    -7.4    -8.1   -19.2
816.797    -1.3    24.4    18.3
818.457    -1.1     7.6    -9.3
820.117    -5.4   -30.5   -30.9
821.777     1.4   -22.1    -0.6
823.438    -4.6    -5.6    -4.8
825.098   -14.2   -15.1   -27.1
826.758   -23.7    -5.4    -7.5
828.418   -21.3    10.3     3.3
830.078    12.2   -23.5    -4.0
831.738    12.8   -24.1    -2.3
833.398    16.3    -2.4    16.2
835.059    -5.3   -11.8   -13.2
836.719   -29.0   -16.1   -16.3
838.379   -39.7    -1.0    -6.7
840.039     6.7   -17.9   -15.2
841.699    19.6   -10.9     2.4
843.359    32.8     7.1    20.5
845.020    16.4     2.8     2.3
846.680   -28.8   -28.8   -32.5
848.340   -43.7    -5.1    -4.4
850.000   -27.4    -1.9   -14.7
851.660    17.8    -4.5    -1.0
853.320    30.4    11.2    26.5
854.980    20.4    -2.6     5.1
856.641   -35.2   -27.2   -41.3
858.301   -44.0    -1.1    -5.6
859.961   -34.9     3.0    -7.7
861.621   -10.5   -11.3   -15.7
863.281    35.4     5.8    26.1
864.941    26.7     9.7    10.0
866.602   -35.1   -27.5   -41.7
868.262   -41.9   -25.8   -35.5
869.922   -26.8    -3.9    -7.0
871.582   -10.4    -2.4   -14.3
873.242    32.9    -1.8     6.2
874.902    10.0    -7.2    -3.0
876.562   -26.8   -30.4   -34.9
878.223   -47.3   -18.0   -24.5
879.883   -43.0    -7.5   -13.8
881.543    10.0    -6.9    -4.1
883.203    30.6     2.8     8.6
884.863    31.1   -11.9     5.3
886.523   -22.2   -22.1   -18.3
888.184   -41.9   -13.9    -9.7
889.844   -32.2    -9.3   -24.1
891.504    10.8   -10.2    -9.0
893.164    12.8   -10.2    -8.8
894.824    18.0    -5.6     0.3
896.484   -18.0   -27.2   -20.5
898.145   -43.0     2.3    -2.0
899.805   -39.5     5.6   -11.0
901.465    -7.4   -18.5   -32.3
903.125    16.2     2.3    22.8
904.785    18.2     8.3    26.7
906.445     3.6   -23.5   -27.1
908.105   -31.3    -7.4   -13.8
909.766   -36.3     4.0    -5.6
911.426     0.3   -17.7   -14.2
913.086     3.6   -23.6   -16.6
914.746    17.2    -0.7     7.4
916.406    -4.8   -13.0   -14.6
918.066   -11.9   -12.4   -14.0
919.727   -30.5    -4.3   -10.9
921.387   -20.4    -6.5   -14.2
923.047     3.3   -11.1    -6.5
924.707    18.3    -9.0     5.2
926.367    10.4   -11.6    -3.8
928.027   -19.3    -3.8   -14.9
929.688   -27.6    -0.2    -9.0
931.348   -23.5    -4.6   -14.1
933.008   -19.0   -10.5   -16.4
934.668    13.8    -9.8     2.2
936.328    12.8   -11.2    -9.8
937.988   -20.5     4.6    -7.0
939.648   -24.5     1.6    -6.3
941.309   -30.2    -7.7    -8.4
942.969    -3.7   -26.8   -21.1
944.629     8.8    -1.2    13.2
946.289    18.5     2.5    16.7
947.949     4.0    -7.9   -19.8
949.609   -23.5    -1.9    -5.7
951.270   -41.1    -6.8    -6.0
952.930   -13.4   -23.8   -25.2
954.590    11.5    -9.3    -1.4
956.250    16.2     9.3    13.4
957.910    11.4     2.3    -3.1
959.570   -14.7    -7.8   -11.3
961.230   -29.8    -8.1    -8.6
962.891   -28.6   -26.6   -28.6
964.551     8.4   -16.4     1.7
966.211    23.5     6.2    12.7
967.871    22.1     7.2     2.9
969.531   -12.2    -5.4   -12.9
971.191   -27.0    -5.3    -8.8
972.852   -34.5   -31.1   -32.2
974.512   -12.1   -25.0    -3.5
976.172    20.3     6.1    19.1
977.832    28.8     7.0   -12.4
979.492    -5.4     1.2    -2.0
981.152   -26.5     8.1     5.9
982.812   -28.6    -6.9    -5.6
984.473   -29.5   -37.1   -38.0
986.133    -8.7   -15.6     5.2
987.793    12.5    19.8    13.4
989.453    23.9     8.2    -8.1
991.113    -6.0    -3.3     1.3
992.773   -19.6    -8.2     2.9
994.434   -24.9   -32.2   -32.3
996.094   -24.0   -31.1   -21.5
997.754    -0.6    10.0    22.0
999.414     6.8    23.4    18.5
1001.074    14.8     0.8   -18.0
1002.734   -19.6     3.1     3.3
1004.395   -23.1   -27.5   -24.0
1006.055   -31.8   -39.3   -36.8
1007.715    -9.2    -1.3    13.0
1009.375     7.2    10.6   -12.3
1011.035    13.6     1.7   -16.7
1012.695     5.5    -2.9    -1.9
1014.355    -7.8   -13.1   -10.4
1016.016   -21.2   -28.2   -26.2
1017.676   -26.8   -27.4   -10.2
1019.336   -21.2    -7.4     1.0
1020.996    -1.5     5.1   -17.5
1022.656     8.8    11.2    15.1
1024.316    10.1    -4.8    -0.1
1025.977   -10.0   -22.5   -29.5
1027.637   -22.2   -32.6   -31.4
1029.297   -15.8    -6.6    -6.7
1030.957    -7.0    -3.8    -8.0
1032.617    12.4    -9.5   -16.8
1034.277    11.2    16.4    12.3
1035.938     7.8    11.6     8.2
1037.598   -14.2   -36.4   -29.1
1039.258   -38.7    -3.8    -8.2
1040.918   -26.7    -1.1   -11.8
1042.578    -5.3    -8.0   -16.1
1044.238    23.8     2.2    10.1
1045.898    14.3     3.0     3.4
1047.559    -2.7   -13.1   -16.8
1049.219   -26.3   -22.1   -16.0
1050.879   -34.1   -17.2   -16.7
1052.539    11.6    -3.3    -5.3
1054.199    17.5    14.2     4.0
1055.859    21.5     0.8     0.5
1057.520     0.6    -3.1   -10.8
1059.180   -16.2   -11.2    -5.3
1060.840   -29.5    -2.5   -12.5
1062.500    -1.8   -12.5    -2.3
1064.160    11.1    -0.4    13.6
1065.820    20.1     9.6    14.0
1067.480     6.8   -20.1   -21.0
1069.141   -12.2    -0.3    -3.0
1070.801   -23.3   -12.2    -8.2
1072.461   -14.3   -31.4   -34.6
1074.121     3.5    13.2    16.1
1075.781     7.1    16.7     9.2
1077.441    -0.2    -8.0   -15.4
1079.102    -2.0   -15.0   -13.2
1080.762   -28.2    -9.0   -16.0
1082.422    -9.8   -15.7   -21.1
1084.082   -11.4    -9.6   -14.0
1085.742     4.0    -3.4     1.7
1087.402    -0.8    -2.4   -12.2
1089.062     2.0   -21.1   -17.2
1090.723   -10.7    -6.0    -2.9
1092.383   -23.0    -2.2   -13.6
1094.043   -18.8   -12.0   -19.5
1095.703    -4.0     6.6     7.5
1097.363    -3.4     9.4    -0.2
1099.023     1.6    -3.4   -12.2
1100.684    -3.9    -8.8    -1.0
1102.344   -13.0    -3.8     0.8
1104.004   -16.4   -26.4   -24.5
1105.664    -9.7   -27.0   -23.6
1107.324    -7.2     5.6     9.5
1108.984     0.5    -4.9   -16.4
1110.645     2.0    -7.8   -10.6
1112.305     1.0    -8.1     0.7
1113.965    -9.7   -28.7   -18.5
1115.625   -18.4   -37.0   -29.7
1117.285   -13.1    -3.7    -6.1
1118.945   -13.2    17.3     3.3
1120.605    10.3    -3.2    -5.7
1122.266     9.0   -13.9    -3.1
1123.926    -5.7   -10.5    -0.2
1125.586   -21.1   -29.5   -28.6
1127.246   -22.8   -22.6   -23.6
1128.906   -20.6    -7.3   -12.7
1130.566    -9.5     6.1   -14.0
1132.227    14.6     5.6    -2.3
1133.887    -7.6   -30.2   -18.0
1135.547   -11.5   -27.1   -26.6
1137.207   -30.6   -27.8   -18.4
1138.867   -33.5    -1.0    -4.1
1140.527   -18.6     6.8   -17.2
1142.188    21.6    19.0    11.1
1143.848    22.6    -8.1     6.8
1145.508     6.2   -20.4   -13.2
1147.168   -27.3   -32.4   -17.7
1148.828   -35.8   -19.6    -3.2
1150.488   -28.6    -5.4   -23.5
1152.148    -0.3     4.8    -3.7
1153.809    13.4    21.6    26.7
1155.469    26.8   -15.1   -10.0
1157.129   -16.9   -46.1   -24.0
1158.789   -48.6    10.6    -6.8
1160.449   -34.8    11.0   -25.0
1162.109    -6.7     1.9   -14.3
1163.770    17.4    15.7    25.9
1165.430    27.7   -13.5    -4.8
1167.090     9.7   -38.0   -32.7
1168.750   -37.8   -21.1    -8.6
1170.410   -47.2     3.1   -10.4
1172.070   -32.6     2.7   -32.9
1173.730     3.0     9.1    -5.3
1175.391    34.5    12.4    24.0
1177.051    32.0    -6.9     7.4
1178.711   -18.4   -21.2   -12.2
1180.371   -49.0     1.0   -17.9
1182.031   -39.6     8.2   -13.7
1183.691    -8.7     3.6   -16.9
1185.352     9.7    -1.5    -0.4
1187.012    27.2   -19.4     2.4
1188.672    15.4   -23.9    -5.0
1190.332   -23.7    -0.9    -8.9
1191.992   -40.9     2.1   -29.0
1193.652   -42.0     0.0   -33.7
1195.312    20.0    -8.9    10.1
1196.973    19.8   -15.2    -5.4
1198.633    17.1   -19.4    -4.1
1200.293   -15.5     3.3    -2.7
1201.953   -26.8     4.1    -5.7
1203.613   -30.2    -8.2   -36.3
1205.273   -14.3    -1.5     1.6
1206.934     0.4   -18.6    -6.9
1208.594    15.4   -27.8   -15.5
1210.254   -11.7    13.9    10.6
1211.914   -18.8     4.9   -16.4
1213.574   -17.3    -1.8   -22.4
1215.234   -25.5    -5.1   -19.3
1216.895   -24.7    -5.8    -7.5
1218.555    14.5   -31.3   -12.9
1220.215    14.2    -2.1     7.3
1221.875     7.0    12.9    -5.3
1223.535   -15.5     2.5   -20.8
1225.195   -19.9    -1.6   -20.6
1226.855   -28.6   -12.8   -18.2
1228.516   -12.2   -27.6   -20.5
1230.176     6.3     2.3     9.6
1231.836     6.8     7.4   -11.4
1233.496    -2.4     9.3   -13.1
1235.156   -23.1     3.7    -2.4
1236.816   -28.2   -22.6   -32.5
1238.477   -17.0   -31.4   -36.1
1240.137    -0.6     2.2    21.2
1241.797    11.2     5.4   -18.2
1243.457     5.7    -5.1   -22.3
1245.117   -17.7     8.2     6.8
1246.777   -11.5    -5.1   -10.8
1248.438   -24.3   -41.2   -37.3
1250.098   -20.4   -25.5    -7.7
1251.758     1.0     9.7    22.1
1253.418    11.9     3.5   -20.8
1255.078     4.0    -3.6   -19.0
1256.738    -8.9     1.5     1.7
1258.398   -20.5   -34.3   -34.0
1260.059   -19.6   -33.1   -33.3
1261.719   -13.0     8.9    18.2
1263.379    -2.6     1.8   -16.8
1265.039     3.2   -11.2   -25.6
1266.699    -4.7     4.2     8.9
1268.359    -6.9   -17.4   -22.6
1270.020    -8.8   -33.0   -31.8
1271.680   -13.8   -15.4    -3.2
1273.340    -4.7   -10.5   -18.8
1275.000    -6.9   -12.9   -21.8
1276.660    -0.6     2.3     3.7
1278.320     3.6     0.6    -5.1
1279.980    -4.7   -16.9   -21.6
1281.641   -11.2    -3.3    -3.2
1283.301   -12.8    -6.8   -15.0
1284.961    -8.1   -11.9   -22.2
1286.621   -10.2    -2.1   -10.7
1288.281     4.1    -1.7    -0.1
1289.941    -1.5   -19.7   -16.9
1291.602   -11.2     1.7     8.1
1293.262   -13.3    -7.1    -6.9
1294.922   -15.8   -21.0   -26.3
1296.582    -9.2    -1.4    -2.8
1298.242     5.7    -6.4   -14.9
1299.902     5.9   -16.9   -19.1
1301.562     1.5    -9.5    -3.1
1303.223   -20.0    -7.1    -6.5
1304.883   -26.6   -23.9   -24.1
1306.543   -11.2    -9.6    -9.2
1308.203     1.1    -0.3   -11.1
1309.863     4.4    -4.4   -10.8
1311.523     3.8    -3.3     4.2
1313.184    -4.2    -9.7     1.6
1314.844   -25.1   -29.3   -31.7
1316.504   -17.0     8.0    -1.7
1318.164   -11.0    10.9     2.8
1319.824     7.3    -4.1    -9.8
1321.484     8.2    -1.9    17.0
1323.145    -0.2    -1.9     4.0
1324.805   -13.0   -30.3   -32.5
1326.465   -14.7   -24.9   -21.4
1328.125   -20.9     5.2    -4.9
1329.785    -5.9     4.7   -14.7
1331.445    10.5    -2.1     4.3
1333.105     8.3   -13.9    -6.7
1334.766     3.8   -24.9   -24.1
1336.426   -32.3     0.8    -2.1
1338.086   -26.1     1.5   -20.0
1339.746   -25.0     1.9   -20.6
1341.406     1.1    -7.7   -12.2
1343.066    12.9    -2.4     7.2
1344.727    18.8   -15.1    -8.3
1346.387     3.9   -18.1   -10.3
1348.047   -30.8     7.0   -15.3
1349.707   -25.4   -13.9   -26.4
1351.367    17.0   -11.0     9.2
1353.027    17.2   -11.1     8.0
1354.688    35.0   -14.3     5.4
1356.348    11.3    -6.1    -3.3
1358.008   -24.3     2.8   -10.0
1359.668   -47.9    -8.1   -26.1
1361.328   -41.1   -18.3   -25.2
1362.988    -2.7   -15.5    -6.6
1364.648    34.3    -6.9     3.4
1366.309    33.5    -9.1    -1.2
1367.969    -4.8    10.6    -4.4
1369.629   -44.0    -5.3   -15.8
1371.289   -49.6   -30.7   -39.9
1372.949   -21.2   -23.3   -10.1
1374.609    21.2     0.5    13.6
1376.270    41.8    -2.6     3.6
1377.930    27.3    15.6     1.0
1379.590   -58.0   -19.3   -33.3
1381.250   -61.0   -32.8   -45.6
1382.910   -24.1   -38.1   -15.6
1384.570    28.9     7.8    16.0
1386.230    36.9    19.1     7.8
1387.891    20.2    24.9     6.4
1389.551   -23.0     9.7   -11.1
1391.211   -52.1   -40.0   -38.7
1392.871   -40.6   -56.3   -29.5
1394.531     3.2   -14.2    -1.7
1396.191    30.3    22.8     3.4
1397.852    19.6    33.7    18.7
1399.512   -13.1    13.1    -7.6
1401.172   -33.5   -37.6   -37.6
1402.832   -30.1   -49.3   -15.8
1404.492     5.0   -11.4    -9.9
1406.152    10.7     0.5   -17.3
1407.812    12.9    43.5    25.0
1409.473     4.5    36.8    22.4
1411.133   -21.5   -57.9   -35.3
1412.793   -27.7   -49.2    -5.3
1414.453   -14.5   -22.6     9.4
1416.113     0.0     5.7   -24.9
1417.773    -1.8    25.8     9.7
1419.434    -3.3    40.6    25.3
1421.094     3.7   -55.8   -40.9
1422.754    -6.4   -53.9   -12.6
1424.414   -14.3   -16.1     7.6
1426.074   -20.9     7.9   -26.9
1427.734   -20.0    22.1    -2.1
1429.395    -5.7    20.9    16.7
1431.055    21.5   -52.5   -26.7
1432.715    21.4   -49.3   -26.4
1434.375    -3.4   -12.5     3.1
1436.035   -41.7    16.4   -21.2
1437.695   -44.1     5.4   -28.1
1439.355   -18.8     9.2     1.4
1441.016    21.6   -21.6    -5.5
1442.676    25.2   -31.6    -1.6
1444.336     2.1   -14.8    -1.2
1445.996   -50.4     7.7   -28.0
1447.656   -50.8     4.4   -29.2
1449.316     8.9   -13.9    -8.0
1450.977    33.0   -26.8   -16.8
1452.637    38.9   -14.3    20.4
1454.297     6.0    -2.5    11.9
1455.957   -44.4    -6.7   -39.0
1457.617   -62.6     8.6   -24.2
1459.277   -15.3    -3.5    -4.0
1460.938    29.6   -31.2   -11.4
1462.598    46.6   -17.0    13.5
1464.258    -1.5     5.7     2.8
1465.918   -20.5     9.3   -11.1
1467.578   -58.0    -0.8   -28.8
1469.238   -30.9     5.9    -4.6
1470.898     1.4    -5.9    -2.3
1472.559    42.4   -30.2     2.2
1474.219    21.2     3.3     8.7
1475.879   -33.3    -4.2   -19.5
1477.539   -46.2    -6.6   -24.8
1479.199   -34.9    -0.3   -13.9
1480.859    15.4   -21.6    -4.8
1482.520    27.7   -11.4     7.8
1484.180   -25.8   -13.7   -26.8
1485.840   -20.6   -11.4   -23.5
1487.500   -35.7    12.7    -5.7
1489.160     1.9    -8.8   -25.7
1490.820    22.5   -20.2    -3.5
1492.480    24.0   -18.4    11.6
1494.141   -15.0   -17.9   -29.2
1495.801   -35.2   -17.0   -31.2
1497.461   -16.4    15.7     2.7
1499.121    -1.6    -1.3   -18.7
1500.781    10.2   -22.2     4.8
1502.441    12.0    -7.5    21.2
1504.102   -19.6   -24.9   -30.0
1505.762   -17.2   -14.3   -18.0
1507.422    -5.7    23.8     9.8
1509.082    -2.6    17.2    -3.2
1510.742     1.9   -24.3   -26.1
1512.402    -4.7   -15.6    11.1
1514.062   -12.5   -20.5    -5.8
1515.723   -12.2   -11.2   -17.3
1517.383   -11.2     8.4    -4.4
1519.043     3.6     5.2   -15.0
1520.703     0.0     4.8   -13.5
1522.363    -6.8   -29.1    -3.9
1524.023   -19.2   -36.6   -24.4
1525.684   -13.8   -25.2   -16.5
1527.344    -1.7    24.3     7.8
1529.004     3.4    20.3    -4.2
1530.664    -3.6   -16.5   -24.9
1532.324   -13.8   -18.4    -3.7
1533.984    -9.1   -34.4   -10.8
1535.645    -4.2     9.2     0.8
1537.305    -1.5     9.3     2.3
1538.965   -13.5   -11.8   -26.4
1540.625   -12.5    -9.2   -28.7
1542.285    -6.5   -19.4     0.7
1543.945    -3.9   -20.7    -3.7
1545.605     0.4   -19.3   -20.2
1547.266    -7.2    23.5     5.6
1548.926   -18.5    11.8    -3.4
1550.586   -16.8   -18.6   -26.7
1552.246     0.0   -25.6    -6.1
1553.906     3.6   -19.6     5.6
1555.566     0.4   -13.2    -0.3
1557.227    -1.3     8.9    -1.0
1558.887   -20.8     1.9   -22.3
1560.547   -18.3   -15.9   -24.9
1562.207    -8.0   -17.4     5.4
1563.867     6.8    -8.5     9.1
1565.527     4.6     1.1    -8.8
1567.188    -4.7     9.3    -3.0
1568.848   -22.1    -2.7   -24.5
1570.508   -22.1   -30.1   -38.6
1572.168     2.1   -11.5    14.4
1573.828    12.8    -3.1   -15.0
1575.488     1.0     4.3    -1.2
1577.148   -23.9     2.6   -12.2
1578.809   -23.7   -18.6   -36.2
1580.469   -12.8   -37.7   -23.7
1582.129     1.5    -2.5    23.5
1583.789    10.4     0.4   -16.1
1585.449   -11.0    -4.8   -14.0
1587.109   -26.3     5.8     0.3
1588.770   -21.7    -5.4    -6.9
1590.430     5.3   -26.7   -14.2
1592.090     6.2    -6.4     1.3
1593.750     6.9    10.7     9.6
1595.410    -9.1    -1.9   -11.3
1597.070   -22.5    -8.3   -15.4
1598.730   -13.7   -19.2   -10.1
1600.391     0.8   -15.8   -10.6
1602.051     7.5   -13.6     0.1
1603.711    -2.8     2.1    -7.6
1605.371   -16.3    -0.6   -12.7
1607.031   -34.9   -11.8   -23.3
1608.691   -16.8   -21.5   -15.7
1610.352    14.5    -5.3    -1.7
1612.012    16.4     9.1    14.5
1613.672    -1.2     1.0    -6.9
1615.332   -28.9   -14.0   -29.5
1616.992   -15.3   -20.1    -8.3
1618.652     2.3   -30.1   -14.1
1620.312    24.2    -3.7    -3.6
1621.973    11.6    19.3    19.3
1623.633    -8.3    13.8    -5.1
1625.293   -33.5   -26.0   -38.4
1626.953   -35.5   -18.4   -26.4
1628.613   -11.0   -15.0    -2.2
1630.273    30.2   -14.8    -6.6
1631.934     5.2    20.9    14.7
1633.594    -5.9    12.7     3.2
1635.254   -35.9   -28.9   -30.2
1636.914     1.3   -19.3    -4.0
1638.574     2.5   -19.9    -2.6
1640.234    27.8    -9.0     6.8
1641.895    23.0     6.3    11.8
1643.555   -31.3   -14.9   -28.8
1645.215   -33.7   -20.1   -11.6
1646.875   -12.5   -28.3   -18.6
1648.535     8.6   -26.1   -10.7
1650.195    16.8    -9.7    18.9
1651.855     5.6    20.9    -1.5
1653.516   -33.3   -17.3   -12.2
1655.176   -34.9    -8.2    -4.1
1656.836   -18.2   -13.8     0.5
1658.496     8.0   -11.4    -2.7
1660.156     6.4    18.7    18.9
1661.816    -9.9    -6.8   -35.9
1663.477   -12.8    -4.5   -38.6
1665.137   -21.6   -18.8    -2.7
1666.797    -2.6     0.7     6.5
1668.457     8.1   -25.6   -18.1
1670.117     0.0     4.7    22.5
1671.777   -20.4    -2.0   -18.6
1673.438   -22.6   -24.1   -43.0
1675.098   -14.9     0.6    -2.2
1676.758     1.8    -9.4     6.4
1678.418     7.6   -27.4   -15.4
1680.078    -6.5   -26.4    -9.5
1681.738   -15.3     8.8    -1.7
1683.398   -18.1    -0.8   -22.8
1685.059     0.9    13.4    13.2
1686.719     5.9     8.5     3.8
1688.379    -2.9   -27.3   -20.4
1690.039    -9.8   -16.6     3.0
1691.699   -12.7    -7.7   -13.1
1693.359   -13.5     6.6   -21.8
1695.020    -9.3     8.6     8.4
1696.680     6.1     5.9     0.6
1698.340    -2.6   -36.8   -23.3

Event #7  ts=2026-09-25 13:02:56.021  [SELECTED]
  t[ns]  u1[mV]  u2[mV]  u3[mV]
  0.000    33.8   -13.0    21.5
  1.660     2.6   -16.4   -11.8
  3.320     5.0    -4.9     7.5
  4.980    -2.1   -13.3    -0.5
  6.641   -16.0   -10.9   -20.7
  8.301   -15.1    -3.1    -8.0
  9.961    -9.7   -11.4   -18.7
 11.621     3.5   -15.4   -18.9
 13.281    17.4    -4.6    17.3
 14.941    -5.1    -0.4   -14.6
 16.602   -21.5   -22.6   -41.4
 18.262   -25.3     7.8     8.6
 19.922     7.0     6.6     1.1
 21.582    14.4   -31.4   -26.3
 23.242    -4.9     0.1     6.9
 24.902   -15.8     6.3    -3.2
 26.562   -27.4   -30.3   -34.2
 28.223    -7.8    12.1    16.8
 29.883     5.9    10.7     0.2
 31.543     5.5   -23.7   -20.3
 33.203    -2.3   -15.3    -4.6
 34.863   -22.4    -9.7   -14.9
 36.523   -15.6   -13.9   -28.6
 38.184   -16.2    -3.1   -15.5
 39.844     0.2    -1.3     6.1
 41.504    11.4   -19.4    -4.3
 43.164    -0.3   -16.2   -16.2
 44.824   -15.0   -11.7   -17.0
 46.484   -19.1    -5.5    -8.3
 48.145    -9.9     4.5    -3.2
 49.805    -5.0    -3.1   -11.5
 51.465     2.3   -11.4    -2.6
 53.125    -1.3    -8.0    -5.3
 54.785    -8.6   -17.6   -22.6
 56.445   -15.8   -14.3   -22.8
 58.105   -13.9     4.4    -5.8
 59.766     0.2     8.6     5.0
 61.426    -6.0   -24.7   -15.0
 63.086   -11.1   -17.9   -12.0
 64.746   -12.8   -15.0   -13.7
 66.406     1.2    -8.8   -11.6
 68.066    -4.8    14.5     7.4
 69.727     1.3    -1.5   -12.0
 71.387    -1.2    -7.8   -15.5
 73.047   -25.4   -26.4    -8.5
 74.707   -14.6   -16.9    -7.2
 76.367     5.0    -5.4    -9.8
 78.027     0.7    12.3     1.1
 79.688   -10.4    17.0    -4.7
 81.348   -12.4   -26.5   -21.9
 83.008   -15.4   -33.9   -15.0
 84.668   -15.1   -24.6   -11.8
 86.328     7.4     5.6     4.9
 87.988     1.2    22.5     0.3
 89.648     0.4    19.4    -7.6
 91.309   -22.0    -3.5   -19.2
 92.969    -8.4   -29.6    -1.7
 94.629     1.2   -31.3   -17.2
 96.289     2.2    22.7    10.1
 97.949    -0.6    26.1    10.4
 99.609   -13.4    17.9   -14.3
101.270   -18.9   -15.7   -15.3
102.930   -11.1   -27.8    -0.3
104.590     7.8   -37.5   -15.9
106.250    10.7    -9.0     0.2
107.910   -26.3    36.8     2.4
109.570   -23.4     7.3   -25.8
111.230    -0.4   -25.7    -4.5
112.891     5.0   -29.0     7.4
114.551     8.3   -35.1   -12.5
116.211    -4.9    -1.4    -2.8
117.871   -35.2    25.7    -7.7
119.531   -25.9    -2.1   -28.1
121.191    -8.1   -19.1    -4.4
122.852    25.5   -28.3     6.0
124.512    31.4   -31.6    -2.5
126.172    26.6   -29.9    -4.2
127.832   -52.8    25.7   -20.3
129.492   -53.7    11.0   -34.1
131.152   -12.5    -8.7    -7.7
132.812    23.4   -11.9    12.9
134.473    32.7   -29.3    -3.0
136.133   -27.4    14.4    -3.8
137.793   -37.9    15.9    -7.6
139.453   -59.7    23.4   -24.7
141.113   -19.6    -9.7   -13.2
142.773    -7.6   -11.2    -2.5
144.434    39.4   -30.7    -1.3
146.094    23.3   -21.4    -4.2
147.754   -58.6    10.6   -21.0
149.414   -77.2     9.6   -43.4
151.074    -5.2   -19.8   -13.4
152.734    38.7   -19.0    20.8
154.395    58.9   -21.9    11.5
156.055    35.4   -14.6    -5.3
157.715   -73.4    22.7   -16.2
159.375   -73.5    12.8   -42.7
161.035   -30.6   -14.8   -23.2
162.695    10.5   -13.2    14.5
164.355    46.8   -13.7    26.8
166.016    19.0    -5.6     1.7
167.676     4.7   -10.4    -7.6
169.336   -71.8    -2.4   -45.7
170.996   -74.8    -2.6   -41.2
172.656   -24.7   -23.5    -8.7
174.316    52.7   -23.8    12.2
175.977    55.8   -27.0    -1.5
177.637    -1.3    -6.2     2.7
179.297   -48.5    16.2   -17.7
180.957   -42.6   -11.5   -37.3
182.617    -7.4   -24.1    -7.3
184.277    18.8   -26.7     1.1
185.938    34.2   -30.6    -7.6
187.598    30.7   -26.9     0.2
189.258   -21.7    16.4     5.4
190.918   -34.4    23.7   -18.9
192.578   -23.3    -6.1   -11.1
194.238    -3.3   -10.6    14.0
195.898    22.8   -35.4    -9.9
197.559   -85.2   -18.0    -6.0
199.219  -126.1   -27.9    -2.4
200.879  -252.3  -110.5   -25.0
202.539  -303.7  -166.1   -21.9
204.199  -272.0  -185.7    -1.1
205.859  -262.6  -200.2   -12.7
207.520  -218.4  -139.2    -4.6
209.180  -211.4  -113.9   -11.6
210.840  -138.0   -83.7   -11.5
212.500  -128.8   -71.7   -13.8
214.160   -62.6   -60.6   -12.3
215.820   -68.7   -66.5   -19.4
217.480   -61.2   -54.4    -2.2
219.141   -44.5   -18.0    -1.3
220.801   -31.5   -12.2   -10.8
222.461   -34.2   -13.2   -18.2
224.121   -19.0   -21.7    -4.8
225.781   -12.8   -48.3   -14.8
227.441   -28.3   -38.8   -15.2
229.102   -28.5   -15.4    -5.9
230.762   -33.9     8.8   -16.5
232.422    -2.2    -6.7    -5.6
234.082    10.4    -7.8     8.2
235.742    -2.5   -29.5   -14.9
237.402   -17.4   -39.4   -19.5
239.062   -36.2   -11.8    -1.0
240.723   -28.3    14.2   -18.9
242.383    -5.9     4.4   -15.3
244.043     9.6   -14.2    14.0
245.703    -3.8   -25.6   -15.9
247.363   -13.5   -33.1   -19.1
249.023   -23.1    -9.0    -2.2
250.684   -25.1     0.0   -24.7
252.344   -28.7   -13.7   -22.5
254.004    16.5   -14.8    11.6
255.664     2.5   -25.4    -9.3
257.324     7.5   -31.0   -17.6
258.984   -22.9    -1.2     2.2
260.645   -32.1    -6.6   -31.3
262.305   -26.2   -13.3   -20.3
263.965   -12.0   -19.1    -0.9
265.625    22.2   -20.0   -14.6
267.285     6.9   -31.9   -20.7
268.945   -19.6    -7.8    -2.7
270.605   -38.9    -6.8   -20.9
272.266   -30.5   -26.2   -33.1
273.926   -11.1   -11.6     1.2
275.586    16.3   -15.4    -0.1
277.246     8.6   -16.9   -14.2
278.906    -6.6   -10.9     2.5
280.566   -33.4   -20.5   -31.6
282.227   -32.6   -34.5   -46.4
283.887   -28.7   -18.9   -38.3
285.547    -7.9   -16.5     2.4
287.207     2.0   -27.0    -8.0
288.867    17.6    -0.3     1.5
290.527   -15.3    -0.3    -4.8
292.188   -39.2   -18.8   -30.1
293.848   -26.2   -20.7   -13.2
295.508   -11.8   -18.0     4.0
297.168    -6.2    -5.1     0.6
298.828    20.2     2.2    -3.9
300.488    12.3    14.6     8.7
302.148   -28.3   -16.2   -21.0
303.809   -34.9   -35.1   -17.6
305.469   -21.2   -29.9    -8.1
307.129    14.7     1.7     0.3
308.789    17.6    -0.7     1.1
310.449    12.4    21.7     6.1
312.109     1.2   -11.3   -11.1
313.770   -28.8   -31.7   -26.8
315.430   -31.5   -25.5   -17.0
317.090    -1.2    -6.8   -15.1
318.750    18.5    14.1     5.2
320.410    20.7    13.0     7.4
322.070   -10.7   -17.2   -27.5
323.730   -29.0   -28.6   -25.1
325.391   -32.9   -27.8   -16.6
327.051   -25.2   -22.5   -16.7
328.711    15.4    -2.0    -6.4
330.371    13.1    22.0    16.3
332.031     6.0    -0.3    -5.3
333.691   -23.6   -28.3   -17.3
335.352   -21.2   -25.7   -18.7
337.012   -35.4   -29.7   -18.3
338.672   -32.1   -32.4   -18.9
340.332    13.7     2.5    -3.8
341.992    15.5    21.7    12.7
343.652     1.4     1.1    -9.7
345.312   -29.9   -26.7   -16.1
346.973   -45.8   -33.3   -19.1
348.633   -31.4   -33.4   -28.7
350.293    10.4     3.7     8.9
351.953    14.9    26.8     8.6
353.613     8.2    15.3    -5.6
355.273   -20.0   -21.2   -13.4
356.934   -34.0   -37.5   -24.4
358.594   -23.6   -35.4   -22.3
360.254     4.4     7.8     5.8
361.914    -1.0    17.0    -6.1
363.574    -9.4    -1.3    -9.3
365.234   -13.7     0.8     2.3
366.895   -21.2   -30.5   -18.1
368.555     4.8   -39.7   -14.7
370.215     3.8    -1.2     8.7
371.875    -3.2    13.1    -9.0
373.535   -17.3    -7.5   -18.0
375.195   -26.3   -10.5   -17.5
376.855    -4.6   -25.1   -15.5
378.516     9.6   -30.8    -7.9
380.176    -0.6     5.0     0.0
381.836    -6.2    10.0   -13.8
383.496   -28.5     8.6   -22.4
385.156   -33.5    -1.4    -7.0
386.816    18.4   -34.7    -9.2
388.477    18.6   -35.9    -8.4
390.137    24.5   -23.9     3.1
391.797     5.4    11.7    -2.3
393.457   -48.3     1.6   -29.5
395.117   -50.1    -2.3   -25.1
396.777    15.4   -26.1    -7.4
398.438    36.7   -32.4    -3.9
400.098    36.1   -12.5     8.6
401.758     7.8     7.7     5.1
403.418   -41.6     2.2   -31.5
405.078   -55.7   -19.1   -29.8
406.738   -25.8   -11.3    -5.4
408.398    34.4   -28.0    -7.8
410.059    45.4   -13.7    12.5
411.719    19.6    10.5    19.0
413.379   -50.4    -5.2   -41.4
415.039   -64.7   -22.6   -29.9
416.699   -38.7   -14.7    -0.8
418.359     2.5   -14.0     0.4
420.020    43.2   -16.1    13.7
421.680    27.8     6.6    19.9
423.340   -45.8    -6.5   -41.8
425.000   -65.5   -13.4   -49.4
426.660   -14.8    -8.9    -0.9
428.320     1.7   -19.3    -7.5
429.980    45.3   -15.5    -0.5
431.641     2.7    16.7     4.9
433.301   -29.1     0.2   -35.2
434.961   -51.3   -19.8   -20.1
436.621   -44.0    -5.2    -3.3
438.281    25.4   -25.4   -16.0
439.941    28.5   -24.3   -11.7
441.602    24.2     9.9    27.7
443.262   -21.3    -4.9   -31.4
444.922   -36.7    -6.6   -33.9
446.582   -29.2     0.9    -0.3
448.242     6.2   -25.4   -14.3
449.902     8.5   -26.5   -14.7
451.562    14.9     0.3    14.0
453.223   -16.9     0.9   -21.6
454.883   -23.2    -6.0   -18.4
456.543   -25.5    13.7    -7.4
458.203     1.7   -13.0     0.0
459.863     6.6   -33.6   -13.8
461.523    -4.4   -36.5   -15.9
463.184    -8.2     0.5     1.3
464.844   -17.2    10.8    -9.1
466.504     4.2     3.5    -6.8
468.164    -4.6   -16.1   -11.5
469.824    -0.2   -19.2    -7.8
471.484   -21.4   -37.2   -20.0
473.145   -12.0   -17.1   -10.5
474.805   -10.2     7.5    -3.6
476.465    10.2    22.7     8.2
478.125     3.0   -16.2   -17.4
479.785   -10.0   -37.7   -15.7
481.445   -23.6   -14.8    -2.3
483.105   -26.1   -28.2   -20.8
484.766    -3.7     4.1    -9.9
486.426     4.1    31.4     9.6
488.086    11.8    36.2    19.0
489.746     6.1     1.6    -7.5
491.406    -9.7   -49.6   -27.7
493.066   -31.4   -14.8   -11.9
494.727    -3.2    -4.0   -14.1
496.387    -1.2     1.3   -11.6
498.047    15.3    22.4    11.1
499.707     6.0   -26.9   -21.2
501.367    -9.5   -37.6   -22.2
503.027   -24.0   -35.2   -18.7
504.688   -35.4     9.4    -5.4
506.348    -6.2     7.4    -6.9
508.008    10.0     5.3    -2.4
509.668    14.7   -11.1    -7.3
511.328     4.2   -28.6    -6.6
512.988   -10.5   -18.3    -4.8
514.648   -34.2   -14.4   -20.1
516.309   -13.9    18.4    -4.8
517.969    -6.9    24.0     9.2
519.629     3.9   -27.3   -21.8
521.289    15.0   -27.8    -9.1
522.949     3.6    -3.1    12.0
524.609   -13.2     6.0    -1.2
526.270   -38.7    -4.4   -32.4
527.930   -26.1     4.9    -5.3
529.590     3.5     1.6     6.9
531.250    21.7   -49.0   -27.3
532.910     8.0   -22.8    -1.6
534.570   -16.6    23.9    14.1
536.230   -36.2    -0.4   -31.8
537.891   -25.4   -11.5   -23.2
539.551   -20.0    -6.0    -5.7
541.211     2.4   -17.2     2.0
542.871    21.3   -35.8   -12.6
544.531     8.4    -0.4     6.3
546.191   -12.4    22.3     7.7
547.852   -33.1    -3.3   -27.2
549.512   -24.6   -15.6   -16.5
551.172    -1.5   -25.4    -0.9
552.832    31.6   -28.5    -0.2
554.492    21.5    -1.9     3.8
556.152     2.0     5.3    -6.9
557.812   -42.9    24.0   -18.7
559.473   -20.0   -32.6   -15.4
561.133     9.0   -33.4    -5.2
562.793    33.4   -31.7     1.0
564.453    19.1    16.2    16.0
566.113   -48.2     4.9   -31.4
567.773   -47.4     6.8   -30.1
569.434   -41.6   -18.9   -28.3
571.094    15.6   -21.2     5.6
572.754    27.7   -33.8    -3.0
574.414    30.6    -7.4     8.0
576.074    14.7    15.6     7.3
577.734   -38.3     9.7   -24.7
579.395   -46.8   -35.3   -37.6
581.055   -13.2   -31.1    -3.5
582.715    26.7   -24.5    15.6
584.375    50.9    -9.3    18.4
586.035   -13.1    15.1     0.2
587.695   -24.4    27.5    -3.9
589.355   -56.7   -13.3   -38.3
591.016   -36.1   -48.5   -37.8
592.676    -6.0   -36.8     0.9
594.336    44.7     7.0    18.2
595.996    12.6     7.8    -8.1
597.656   -16.3     3.1   -10.7
599.316   -56.1    -4.8   -33.1
600.977   -29.7   -31.5   -18.8
602.637   -13.0   -27.3     0.7
604.297    30.7   -16.4     4.6
605.957    30.9    22.1    10.1
607.617   -16.5    17.2     5.8
609.277   -42.7   -36.7   -34.6
610.938   -18.6   -29.4    -3.6
612.598    -2.3   -13.1     6.5
614.258    16.8   -15.7    -8.5
615.918    13.4     9.4     0.4
617.578    -3.6    10.9     5.2
619.238   -25.5   -27.1   -35.3
620.898   -14.2   -29.7   -16.3
622.559   -15.5   -30.2    -6.4
624.219    19.5     3.6     2.8
625.879     2.2   -10.7    -8.7
627.539    -4.6    -0.8    -4.0
629.199   -21.0    -8.1   -16.2
630.859   -16.1   -25.5   -12.1
632.520    -3.8   -18.1    -4.8
634.180    11.5    -7.6    -8.4
635.840    -4.8    -2.2   -10.5
637.500   -19.9    -4.2   -18.8
639.160    -4.7   -17.4   -13.4
640.820    -7.8   -16.0    -7.3
642.480     4.8   -10.6     4.0
644.141     3.0    -3.0   -12.3
645.801   -10.0   -14.0   -23.7
647.461   -36.6    -5.1   -12.3
649.121   -22.9     2.9     0.4
650.781    -6.7   -12.4   -15.7
652.441    16.8     9.0    13.1
654.102    17.0    18.7    18.8
655.762   -12.1    -9.9   -16.9
657.422   -38.0   -36.3   -37.4
659.082   -30.7   -23.3   -14.1
660.742     0.0    -2.2    -6.7
662.402    10.6    -8.3   -17.1
664.062    29.7     4.9    10.9
665.723   -12.3     6.6    -1.8
667.383   -39.0   -27.2   -41.0
669.043   -35.1   -40.4   -17.4
670.703   -16.8   -10.2     8.1
672.363    12.0     5.7    -2.7
674.023    32.1     1.4    -3.8
675.684    16.4    10.5     6.2
677.344   -37.4   -31.4   -38.8
679.004   -38.1   -36.2   -28.7
680.664   -25.8   -34.7    -4.9
682.324    14.2     7.5    -5.5
683.984    30.9    17.4     2.4
685.645    22.6    31.8    15.4
687.305   -23.5   -14.8   -32.0
688.965   -44.7   -41.9   -37.5
690.625     3.1    -5.3     3.7
692.285     8.9    -5.5   -17.8
693.945    20.5    16.7     5.1
695.605    12.5    37.5    24.5
697.266   -16.3    12.9     3.7
698.926   -35.3   -63.7   -57.3
700.586   -17.4   -27.9    11.5
702.246     0.8    12.8    23.5
703.906    13.8    10.5   -26.0
705.566     9.9     8.1   -10.3
707.227   -14.7    14.6     6.2
708.887   -24.7   -47.6   -30.3
710.547   -22.2   -56.9   -30.0
712.207     1.0    -8.3     6.2
713.867     6.2    11.0   -11.4
715.527   -12.4    13.8    -5.4
717.188   -20.3     7.2   -10.3
718.848   -23.6   -21.2   -12.6
720.508    -8.5   -38.2    -8.3
722.168    13.4    -2.1    -3.1
723.828     2.8    17.2    -2.4
725.488    -7.1    20.1     2.8
727.148   -17.9     2.7   -11.1
728.809   -22.9   -31.2   -29.8
730.469     1.1   -29.0    -7.8
732.129    13.5   -12.9     6.5
733.789    11.4    -8.6    -7.8
735.449   -17.7    20.8     1.9
737.109   -17.3     1.3    -9.2
738.770    -5.3   -14.8   -18.7
740.430    -1.7   -36.0   -21.4
742.090    -4.3   -22.4     3.4
743.750     5.5    -1.0    -2.3
745.410    -2.9    -4.1   -18.8
747.070   -26.3    10.1    -4.1
748.730   -12.3   -13.0   -16.1
750.391    -5.3   -15.8   -18.1
752.051     4.0   -10.8     5.4
753.711    -3.3     1.7     1.7
755.371   -17.3     1.9   -19.0
757.031   -19.5     2.8   -11.9
758.691   -19.0    -4.6    -9.8
760.352     3.5   -15.0    -7.7
762.012    18.5   -20.9    -6.0
763.672   -13.5    -5.7   -13.5
765.332   -28.3    -2.6   -16.5
766.992    -7.6     5.9    -1.6
768.652    -2.0    -4.9   -10.2
770.312     5.7   -17.8   -13.7
771.973    12.5   -18.2    -6.6
773.633     3.6    -9.1     4.3
775.293   -28.2   -16.6   -23.3
776.953   -23.7     0.8   -11.5
778.613     2.1     6.9     3.0
780.273    11.5    -3.5    -7.4
781.934    16.8   -13.2   -15.1
783.594    -3.3    -5.6     3.7
785.254   -24.5    -8.0   -24.7
786.914   -25.7     2.9    -0.1
788.574     6.6     7.2     8.4
790.234    10.0     6.8     3.8
791.895    19.9   -21.7    -7.1
793.555   -18.4   -10.6    -1.2
795.215   -33.1   -12.9   -11.7
796.875   -30.5    -4.6   -19.7
798.535    12.1     9.2     1.8
800.195    28.7     3.3     2.9
801.855    20.8   -18.0    -2.7
803.516     1.4   -22.0    -5.4
805.176   -49.8   -15.8   -31.7
806.836   -51.3   -18.2   -32.1
808.496   -19.9    10.2     0.8
810.156    17.1     6.7    -2.8
811.816    35.4   -10.7    -3.1
813.477    14.9    -9.5     8.3
815.137   -47.0   -24.2   -38.7
816.797   -46.6   -24.4   -37.6
818.457   -43.5     5.4   -10.5
820.117    24.3    10.4     7.6
821.777    43.5   -10.2    -3.8
823.438    22.3    -8.8     7.2
825.098   -17.9   -14.3   -14.7
826.758   -51.7   -30.0   -41.9
828.418   -59.4   -16.8   -30.5
830.078     6.1    14.3    13.7
831.738    42.7    10.0    -0.4
833.398    48.1   -11.6     5.1
835.059     9.6   -10.0     7.0
836.719   -38.8   -20.5   -25.7
838.379   -37.8    -2.1    -5.0
840.039   -20.8     5.7     2.0
841.699    34.5     6.1     3.9
843.359    43.6     2.5    -1.8
845.020    26.7    -6.7    16.1
846.680   -34.4   -19.0   -31.9
848.340   -57.7   -20.6   -30.8
850.000   -50.1    -2.5    -6.3
851.660    10.8    -1.0   -10.2
853.320    48.0    -1.5     5.6
854.980    11.8     6.5    -1.6
856.641   -29.2   -17.7   -36.9
858.301   -48.0   -33.1   -42.9
859.961   -52.5   -10.2    -5.8
861.621     5.9    -6.2   -25.9
863.281    33.6    -7.3    -8.3
864.941    39.5    20.0    29.0
866.602    17.9     2.1    -0.5
868.262   -28.6   -34.5   -28.7
869.922   -67.4   -21.7   -20.9
871.582   -38.5    -6.1   -23.0
873.242    35.6     8.5    20.4
874.902    43.3     6.8    23.3
876.562    31.1     2.5     9.1
878.223   -18.3   -29.5   -27.5
879.883   -54.9   -26.3   -26.9
881.543   -47.4   -16.2   -22.6
883.203   -33.0   -19.4   -20.7
884.863    32.4     7.6    10.4
886.523    52.1    12.7    14.8
888.184     6.2    -2.6    -1.9
889.844   -52.1   -20.9   -34.2
891.504   -56.7   -35.5   -39.8
893.164    -0.3     3.9    -2.4
894.824    40.4    17.6     5.9
896.484    41.5    15.9     8.3
898.145    33.4    -2.7     8.4
899.805   -22.0    -8.6    -8.3
901.465   -43.2   -25.4   -38.9
903.125   -46.3   -28.7   -38.8
904.785     4.2    11.7    18.0
906.445    31.6    -2.1     2.6
908.105     6.2    -5.0     0.4
909.766     6.2    -5.4    -1.1
911.426   -24.8    -0.5   -11.0
913.086   -42.3   -19.9   -40.3
914.746   -27.7   -20.9   -16.8
916.406     2.5     0.9     9.8
918.066    20.4     0.8    -4.0
919.727    19.6    -2.6   -11.4
921.387   -23.2     0.0    -5.0
923.047   -24.4    -2.0   -12.1
924.707   -10.4   -16.2   -18.1
926.367   -11.8    -5.0     1.0
928.027    -2.6    -9.6   -12.8
929.688    11.7    -7.7     0.2
931.348    -1.4     0.9     4.7
933.008   -11.2    -2.9   -19.0
934.668   -20.4   -13.8   -20.3
936.328   -11.7   -12.2   -15.9
937.988    -7.7   -15.6   -17.3
939.648     1.7    -9.7     1.5
941.309    -1.9     4.5   -12.8
942.969    -8.9    -9.4   -26.4
944.629   -10.8   -11.6    -9.1
946.289    -9.7     1.2     7.3
947.949    -4.6   -21.4   -30.1
949.609   -10.7   -24.6   -26.1
951.270   -17.7     6.3     9.3
952.930    -1.6    -6.8   -18.5
954.590     9.5   -10.4   -16.1
956.250     1.6     6.4    10.9
957.910    -9.5   -10.4   -15.3
959.570   -18.4   -25.2   -27.3
961.230   -18.1     1.2     3.8
962.891   -12.0     0.7    -1.6
964.551    12.1    -5.6    -8.3
966.211    16.2    -1.0    -1.8
967.871   -16.5   -17.5   -21.4
969.531   -20.8   -19.6   -24.3
971.191   -17.4   -12.5   -13.2
972.852   -14.0    -5.3    -5.8
974.512     4.6   -13.1   -11.1
976.172    18.9    -2.6     0.5
977.832    -3.5   -15.6   -22.3
979.492   -20.1   -22.1   -22.8
981.152   -28.4    -8.0   -14.0
982.812   -16.5    -8.9   -10.7
984.473     7.3    -0.9     2.0
986.133    13.1     2.6     1.1
987.793    -6.1   -11.0   -17.3
989.453    -7.3   -11.4   -15.6
991.113   -34.9    -1.3    -7.9
992.773    -9.2   -13.2   -11.1
994.434    -5.5   -11.9   -16.6
996.094     6.5    -1.7     3.2
997.754     4.9     0.8    -6.2
999.414    -8.8   -18.1   -11.1
1001.074   -26.8    -4.1   -10.7
1002.734   -17.1   -15.0   -20.4
1004.395   -15.2   -14.4   -22.7
1006.055    -2.4    -6.1     3.4
1007.715     2.4    -5.2    -8.1
1009.375    -0.6   -19.8   -21.1
1011.035   -20.1    -7.8    -4.9
1012.695   -23.3    -1.6    -5.1
1014.355   -10.0   -16.9   -18.0
1016.016     3.0    -1.5     5.8
1017.676     2.2    -2.5    -3.8
1019.336    -1.5   -14.8   -17.7
1020.996   -13.5    10.0     1.5
1022.656   -19.0     2.7     5.9
1024.316     0.0   -21.2   -16.2
1025.977    -7.2   -16.6    -5.8
1027.637     2.6    -8.1     0.1
1029.297    -1.1    -5.8   -15.0
1030.957    -2.8     0.6     0.4
1032.617   -11.6     0.9   -12.5
1034.277    -6.4    -8.9   -24.1
1035.938    -9.5   -10.6    -2.4
1037.598    -8.2   -22.7   -19.6
1039.258     0.9     1.8     2.5
1040.918   -17.7     2.8   -16.1
1042.578   -12.1     8.5    -8.3
1044.238    -7.9   -13.8    -4.6
1045.898   -10.9   -15.9    -8.6
1047.559    -5.5   -28.6   -21.1
1049.219    -0.7   -20.6   -22.9
1050.879   -16.3    23.6     1.9
1052.539    -6.5     3.4   -16.8
1054.199    -2.1   -12.6    -4.4
1055.859    -3.0   -12.4   -11.6
1057.520    -9.9   -15.1   -10.4
1059.180   -13.8   -13.1    -5.2
1060.840     1.6     9.1    -9.3
1062.500    -6.7    -5.0    -6.9
1064.160    -6.2   -12.5   -10.7
1065.820    -3.7   -19.2   -12.3
1067.480    -2.2   -20.5   -18.6
1069.141    -9.1    -4.0     0.0
1070.801    -5.9     6.9    -8.0
1072.461     1.5     0.6   -11.1
1074.121    -8.1    -1.7    -3.9
1075.781     5.1   -23.6   -11.7
1077.441     1.2   -30.3   -14.9
1079.102   -18.2     8.9     2.7
1080.762   -24.0    15.9    -3.8
1082.422   -12.4     1.5   -22.3
1084.082     5.2    -6.2     5.0
1085.742     7.6   -13.3     7.5
1087.402   -12.3   -26.5   -33.6
1089.062   -20.8   -34.4   -34.3
1090.723   -21.8     6.0     2.3
1092.383     1.1   -11.6   -24.4
1094.043     2.0   -14.0   -25.8
1095.703     4.0    -2.4     1.1
1097.363     2.6   -10.4    -4.9
1099.023   -14.8   -19.2   -10.0
1100.684   -24.5     6.1    -7.7
1102.344   -11.3     5.8   -30.9
1104.004     6.8    -6.2     8.5
1105.664    12.5    -5.9     2.7
1107.324     0.2   -19.5   -33.2
1108.984   -18.5   -16.3    -3.8
1110.645   -31.6     4.8    -0.7
1112.305   -28.1    10.6   -15.1
1113.965    -1.6   -14.2   -18.7
1115.625    20.6     4.8    21.2
1117.285    16.7   -22.6   -14.8
1118.945   -16.6   -21.6   -20.5
1120.605   -37.2   -11.5   -14.9
1122.266   -23.9   -22.1   -35.9
1123.926    -2.0   -12.7   -10.6
1125.586    14.8    16.6    18.9
1127.246    21.6    -6.8    -2.4
1128.906   -11.6   -11.8   -13.3
1130.566   -38.1   -11.8   -19.0
1132.227   -26.7    -5.3   -26.6
1133.887     9.5    10.9    -0.7
1135.547    26.9     2.8    16.7
1137.207    15.4   -22.5    -5.2
1138.867    -4.2   -11.1   -13.4
1140.527   -41.8    -7.2   -29.0
1142.188   -34.4     1.1   -17.5
1143.848   -15.4     6.4   -10.8
1145.508    19.7     6.9    -1.6
1147.168    17.1     0.9     2.3
1148.828     2.1   -14.9    -7.8
1150.488   -15.0    -5.1   -18.4
1152.148   -36.9   -11.3   -19.7
1153.809   -29.1     5.1   -13.1
1155.469    13.7    -0.3     3.4
1157.129    28.8   -16.7     0.2
1158.789    39.5    -2.5    19.7
1160.449   -27.8   -19.9   -22.5
1162.109   -36.3   -15.5   -36.9
1163.770   -34.1   -14.9   -15.1
1165.430   -12.5     6.9    -3.1
1167.090    34.7   -20.7   -11.3
1168.750    19.8     6.1    16.9
1170.410   -17.3     3.5    -6.9
1172.070   -40.6   -29.9   -34.3
1173.730   -17.9     7.8    -3.8
1175.391     1.9     5.5     4.4
1177.051    27.7   -19.1    -4.8
1178.711    23.1    -0.4    15.2
1180.371    -9.0     3.3    -9.3
1182.031   -40.4   -26.3   -32.4
1183.691   -45.2   -16.9   -36.7
1185.352   -14.4    11.8    -9.5
1187.012    25.1   -10.4     6.5
1188.672    22.1    -4.9    10.3
1190.332    13.2   -17.7     4.1
1191.992   -40.0   -23.7   -24.6
1193.652    -8.4    -2.0   -15.5
1195.312    -6.6    -4.6   -15.1
1196.973    25.6    -7.4     5.6
1198.633    34.9     6.5    27.1
1200.293    -7.9   -35.0   -29.2
1201.953   -22.4   -27.5   -33.0
1203.613   -28.3    11.2     5.2
1205.273    -3.4   -15.1   -24.6
1206.934    19.8   -14.0   -16.7
1208.594    14.9    11.2    26.1
1210.254   -12.5   -29.3   -31.4
1211.914   -25.8   -32.8   -32.3
1213.574   -23.0   -12.7   -12.9
1215.234    -9.9    -0.3   -19.8
1216.895     9.8    -9.1    -5.9
1218.555    12.6   -11.6     7.1
1220.215     5.1    -2.8     1.0
1221.875    -8.0   -28.5   -18.7
1223.535   -24.2    -0.3    -8.6
1225.195    -6.7     6.8    -7.7
1226.855    13.5    -4.9     0.6
1228.516    13.1   -18.2    -4.8
1230.176     6.8   -25.7   -11.9
1231.836   -10.4    -9.9    -3.6
1233.496   -22.3    -5.2   -17.8
1235.156   -21.5    -9.3   -20.6
1236.816   -11.7    -7.5    -4.6
1238.477     6.7     2.9     4.0
1240.137    15.4   -20.1   -12.5
1241.797    -0.7     9.3    10.7
1243.457   -15.4    12.1     2.2
1245.117   -29.2   -17.3   -40.8
1246.777   -10.4    -4.7     3.2
1248.438    11.8    -1.6    15.9
1250.098    14.2    -8.4     5.6
1251.758    12.2   -20.2   -15.5
1253.418   -13.2    16.7    10.8
1255.078   -35.0   -24.8   -40.8
1256.738   -31.0   -24.5   -38.8
1258.398     5.8     0.0    10.2
1260.059    17.9     5.0     1.5
1261.719    18.4    -2.2     0.6
1263.379   -12.7     0.3    -0.3
1265.039   -30.5   -16.4   -35.0
1266.699   -28.4   -36.6   -31.7
1268.359   -13.4   -28.2    -9.5
1270.020    20.2    14.6     0.2
1271.680    13.4    12.2     7.3
1273.340    -8.4    -2.4    -7.8
1275.000   -24.7   -20.7   -29.6
1276.660   -23.1   -22.7   -17.8
1278.320     8.1     1.2   -10.8
1279.980    22.6    15.5     4.1
1281.641     3.2    14.0    11.2
1283.301   -19.5   -25.9   -33.0
1284.961   -19.4   -34.4   -30.5
1286.621    -4.7     7.7     5.0
1288.281    -1.7    -0.4    -9.0
1289.941    -1.2     1.4    -6.3
1291.602   -14.3     6.6     7.3
1293.262    -8.5   -11.6    -6.9
1294.922    -6.4   -40.0   -23.6
1296.582    -7.1   -23.3    -9.0
1298.242    -5.3     9.2    -6.7
1299.902   -12.1    -0.8    -7.2
1301.562   -21.9    -7.9   -11.6
1303.223   -12.3   -22.7   -17.5
1304.883     5.2   -11.6    -4.7
1306.543    10.9     0.0    -3.1
1308.203     0.0     2.9    -5.9
1309.863   -16.8     2.3    -5.5
1311.523   -25.6   -32.2   -33.2
1313.184   -17.5   -36.3   -26.8
1314.844    24.3     9.7    22.2
1316.504    18.9    15.7    11.6
1318.164   -16.7    -0.6   -24.1
1319.824   -34.2    -5.4   -21.4
1321.484   -32.4   -34.8   -26.3
1323.145   -12.1   -47.4   -29.5
1324.805    26.8   -12.6    -0.6
1326.465    18.0    33.7    13.4
1328.125   -15.8     0.0   -32.8
1329.785   -32.0   -25.9   -13.3
1331.445   -26.4   -25.3   -18.6
1333.105     5.3   -30.2   -28.5
1334.766    23.6     2.8     8.2
1336.426    30.7    31.7    26.9
1338.086   -19.8   -11.8   -29.2
1339.746   -34.3   -30.0   -20.2
1341.406   -36.6   -32.4   -20.9
1343.066     8.0   -17.0    -4.0
1344.727    25.4    13.1    15.7
1346.387     1.7    22.8   -11.7
1348.047   -14.1     2.7    -9.0
1349.707   -28.6   -22.6    -5.8
1351.367   -25.3   -47.5   -35.1
1353.027     9.2    10.8    18.5
1354.688    10.0    26.3    31.5
1356.348    -1.2    13.7   -12.7
1358.008   -22.9   -10.3    -5.2
1359.668    -6.0   -19.5    -7.5
1361.328    -4.2   -36.3   -28.6
1362.988     3.7   -39.3   -29.3
1364.648    -0.3    21.8    23.3
1366.309   -12.4    26.6     1.2
1367.969   -15.5   -14.8   -28.4
1369.629    -8.4     1.4    13.8
1371.289    15.1   -23.1   -32.9
1372.949     1.9   -32.7   -25.4
1374.609   -21.0     0.2     9.3
1376.270   -32.7    10.0   -13.8
1377.930    -9.6    -2.6   -24.8
1379.590    -6.3   -13.8   -21.0
1381.250    10.1   -15.6     3.5
1382.910     5.0   -20.6    -1.7
1384.570   -23.4   -22.4   -22.0
1386.230   -31.0     2.3   -11.9
1387.891   -30.8     3.2   -11.1
1389.551     7.7    12.3    -2.3
1391.211    22.8   -12.9     0.6
1392.871    -5.2   -17.8    -2.2
1394.531   -33.0   -20.4   -18.9
1396.191   -47.3   -17.6   -36.4
1397.852   -17.6    12.3    -6.4
1399.512     9.1    24.2    13.2
1401.172    27.8    -4.0    -3.9
1402.832     0.7   -21.2     1.2
1404.492   -26.7   -14.7    -1.4
1406.152   -31.7   -16.3   -32.7
1407.812   -24.0     1.5   -18.5
1409.473     0.3    29.7     8.0
1411.133    25.8   -15.3    -9.1
1412.793    12.4   -39.8    -7.9
1414.453   -20.0   -14.8    -1.1
1416.113   -32.4    -5.3   -21.4
1417.773   -27.9    10.2   -26.3
1419.434   -10.4    18.3     2.7
1421.094    11.4     0.5     2.7
1422.754    18.2   -43.5    -9.8
1424.414   -13.1   -23.0    -9.9
1426.074   -20.4    -5.4   -14.8
1427.734   -20.1    19.6    -9.2
1429.395   -12.5   -21.3   -15.3
1431.055   -10.7   -19.8   -16.4
1432.715    15.6   -29.8     3.0
1434.375     1.9   -18.0   -14.6
1436.035    -3.0    -8.5   -21.2
1437.695   -18.9    38.3     3.9
1439.355   -20.7   -27.8   -32.2
1441.016   -20.1   -41.6   -37.6
1442.676     7.9   -38.3     5.3
1444.336     8.1   -11.9    16.2
1445.996     2.7    12.7   -14.5
1447.656    -7.5    21.8    -8.5
1449.316   -29.0    25.8    -2.5
1450.977   -24.6   -41.0   -37.5
1452.637     8.4   -39.5     5.6
1454.297    14.1     4.9     9.7
1455.957    12.1    19.4   -12.5
1457.617   -12.4    23.9   -11.3
1459.277   -35.0     7.5   -15.6
1460.938   -18.3   -44.5   -24.7
1462.598     3.7   -44.6    -5.7
1464.258     9.7    13.1     0.2
1465.918    10.0    30.4     0.4
1467.578   -12.3    23.0    -5.4
1469.238   -33.1   -30.0   -36.9
1470.898   -21.4   -45.4   -20.5
1472.559    11.6    -2.7     8.9
1474.219     8.2     4.8    -6.3
1475.879    -6.7    15.8    -6.3
1477.539   -23.5     9.7   -10.2
1479.199   -18.4   -41.9   -28.6
1480.859    -7.2   -44.3    -9.9
1482.520     9.7   -12.5    14.1
1484.180     2.1    16.9    -6.7
1485.840   -15.3     7.4   -25.7
1487.500   -16.5     1.8     2.8
1489.160    -2.6   -23.5   -15.5
1490.820     7.0   -36.9   -19.1
1492.480    -4.7     3.1    10.1
1494.141   -12.1    11.3   -12.6
1495.801   -14.0    -3.3   -15.6
1497.461    -7.0   -10.7    -3.7
1499.121     1.0   -17.3    -7.8
1500.781     0.2    -5.4     3.9
1502.441   -11.6    -1.6     2.6
1504.102   -19.3    -1.8   -25.3
1505.762    -8.0    -6.8    -2.8
1507.422    -1.8    -5.2     3.0
1509.082    16.8   -22.0   -16.7
1510.742     6.4    -0.7     6.5
1512.402   -23.1    14.5    -0.9
1514.062   -35.3   -11.1   -38.0
1515.723   -18.7    -6.7     3.9
1517.383     7.3    -5.3    12.9
1519.043    31.0   -13.0   -11.5
1520.703    13.9    -7.9    -1.2
1522.363   -16.2    14.8     9.8
1524.023   -42.7    -5.1   -41.2
1525.684    -1.0   -12.0    14.8
1527.344     8.0    -3.8    11.7
1529.004    37.0   -16.4    -7.0
1530.664     1.2    -9.7    -4.0
1532.324   -20.1     8.9    -0.9
1533.984   -42.4    -4.1   -29.2
1535.645   -27.2   -24.6   -22.3
1537.305    17.5    -3.8     8.9
1538.965    35.7    -0.3    14.1
1540.625    -4.0     3.3    -9.0
1542.285   -28.0    -2.7   -17.0
1543.945   -46.5   -11.5   -23.6
1545.605    -9.7   -22.6    -8.2
1547.266    17.6   -16.1    -7.2
1548.926    22.3    -0.2     9.5
1550.586     3.3    14.0     9.8
1552.246   -37.1   -12.1   -29.4
1553.906   -37.7   -21.8   -15.8
1555.566    -4.1   -14.9     0.1
1557.227    25.8   -22.6    -5.5
1558.887    14.1    -9.2    -3.6
1560.547   -12.7     5.5     1.5
1562.207   -25.9    -0.5   -12.5
1563.867   -14.1   -21.8   -17.6
1565.527    -0.1    -7.7     1.2
1567.188     9.5    -8.1     6.8
1568.848    -8.4   -16.0   -12.3
1570.508   -21.6     9.1    -2.2
1572.168   -25.9    13.3     0.1
1573.828     4.3   -15.3   -12.7
1575.488     8.3    -5.6    11.2
1577.148    -4.1    -8.9    -6.6
1578.809    -9.7   -23.8   -23.1
1580.469   -14.1   -12.6    -7.0
1582.129   -17.9    -5.1   -11.3
1583.789     8.8     3.5     0.1
1585.449    13.4     0.7    -0.9
1587.109     1.6   -11.0    -4.3
1588.770   -20.7   -28.4   -14.7
1590.430   -17.8   -14.5    -8.6
1592.090   -12.0     0.5   -14.5
1593.750     5.1     4.7   -12.2
1595.410    11.6    15.3     1.1
1597.070    12.7     9.0    18.1
1598.730   -16.6   -34.9   -41.6
1600.391   -22.1   -15.8     0.1
1602.051    -2.0    11.1    -7.5
1603.711     8.8     4.7   -24.2
1605.371     6.2    17.6    15.7
1607.031    -4.4     0.7    -5.1
1608.691   -16.1   -39.6   -44.8
1610.352   -24.7   -29.5    -7.3
1612.012   -11.2    -0.4     6.2
1613.672     7.7    15.6     7.2
1615.332    -5.4    19.8    12.1
1616.992   -10.5    -2.0    -4.2
1618.652   -11.4   -39.4   -27.8
1620.312    -7.7   -32.7    -8.7
1621.973    -2.8     5.9    -8.2
1623.633     3.9    10.2    -2.7
1625.293     2.6    16.2    -3.3
1626.953   -21.5   -15.0   -16.2
1628.613   -14.3   -31.8   -24.8
1630.273     0.0   -17.5    -2.0
1631.934     2.4    -0.5    -4.6
1633.594    -0.6     5.7   -11.6
1635.254   -14.7     3.4   -11.3
1636.914   -18.2     7.6   -14.1
1638.574   -18.8   -28.9   -17.8
1640.234    15.7   -16.6    11.4
1641.895    15.7    -2.3    -9.4
1643.555     7.0    -0.7   -12.6
1645.215   -40.1     4.6    -6.4
1646.875   -25.7   -17.2   -16.1
1648.535     4.6   -29.0   -21.8
1650.195    24.0    -5.8    13.1
1651.855    15.5     0.0     7.3
1653.516    -6.3    -4.6   -17.0
1655.176   -39.8     3.8   -20.4
1656.836   -43.6    -8.0   -14.4
1658.496    13.6   -24.5   -10.4
1660.156    34.3    -1.5    17.7
1661.816    23.6     5.2    13.8
1663.477    -7.6    -3.8   -18.2
1665.137   -49.4    -1.8   -19.9
1666.797   -14.6   -19.0   -14.9
1668.457   -15.5   -19.1   -14.9
1670.117    41.5   -12.9     9.4
1671.777    11.9     0.0     3.9
1673.438    -2.9    -2.1   -12.3
1675.098   -45.7    -3.2   -28.2
1676.758   -32.0   -10.5   -14.1
1678.418     8.4   -21.1   -10.5
1680.078    40.9    -8.9    11.4
1681.738     3.6     1.7   -10.0
1683.398   -39.9    -1.3   -19.2
1685.059   -51.9     1.3   -12.8
1686.719   -18.3    -5.6   -21.5
1688.379    19.7   -15.4    -5.5
1690.039    31.8   -18.0    16.9
1691.699    15.3   -13.4    -5.2
1693.359   -20.5     0.1   -23.4
1695.020   -48.2     9.5   -15.5
1696.680   -49.0    10.6   -16.3
1698.340    11.5   -21.0   -14.3

Event #8  ts=2026-09-25 13:02:56.674  [SELECTED]
  t[ns]  u1[mV]  u2[mV]  u3[mV]
  0.000    29.3   -20.5    10.7
  1.660   -16.6    -1.6   -14.3
  3.320    -1.0    15.0    -4.4
  4.980     8.9    14.6     4.5
  6.641     7.1   -13.8   -16.9
  8.301    -5.8   -37.0   -15.2
  9.961    -9.1   -34.7    -7.9
 11.621   -12.8     6.8   -18.3
 13.281    -8.7    12.6   -10.2
 14.941    -1.2    14.6     4.1
 16.602     4.8   -21.1   -14.9
 18.262    -6.1   -35.3    -7.2
 19.922   -12.2   -19.7   -14.9
 21.582   -14.7     2.4   -17.2
 23.242   -21.7    24.6    -0.5
 24.902   -10.2    21.5     0.6
 26.562    10.7   -36.2    -8.9
 28.223     2.0   -39.6     0.3
 29.883    -6.5   -21.0     4.1
 31.543   -20.7     9.7   -15.9
 33.203   -18.8    23.3    -3.6
 34.863    -3.2    18.5    -2.2
 36.523     1.1   -14.1   -14.3
 38.184     8.4   -35.6    -5.0
 39.844    12.9   -25.7     7.0
 41.504   -17.5    -8.5   -19.7
 43.164   -39.6    12.5   -22.5
 44.824   -16.8     5.6   -16.9
 46.484    11.8   -10.5     0.2
 48.145    18.9   -35.9    -6.6
 49.805    16.6   -16.1     7.8
 51.465   -14.6     1.1    -9.2
 53.125   -34.1     8.9   -20.0
 54.785   -12.4    -1.7    -8.9
 56.445    -2.5    -3.0    -0.5
 58.105    30.8   -25.1     4.3
 59.766    -3.5    -9.5   -11.2
 61.426    -4.2    -5.5    -8.9
 63.086   -43.2    13.4   -15.2
 64.746   -26.5   -10.2   -24.6
 66.406    25.7   -10.3    13.4
 68.066    37.2   -11.4    17.1
 69.727    26.5   -12.7    -0.1
 71.387   -16.3    -6.9   -12.6
 73.047   -55.3     8.0   -19.1
 74.707   -58.2    -6.1   -37.8
 76.367    23.5   -20.4     4.0
 78.027    48.2   -10.8    24.4
 79.688    11.3    -5.5    -6.7
 81.348   -13.4    -4.6   -15.6
 83.008   -47.6     0.3   -25.8
 84.668   -37.6   -13.2   -21.8
 86.328    14.7   -24.8    -0.1
 87.988    44.2     0.8    19.5
 89.648    28.3    12.8    11.1
 91.309   -12.2     5.3   -10.4
 92.969   -56.6   -10.8   -36.4
 94.629   -54.3   -19.1   -28.2
 96.289     6.3   -21.3     2.5
 97.949    35.4    -7.3     6.2
 99.609    35.8    -2.2     4.3
101.270    -2.5    10.2    -1.0
102.930   -39.2   -26.9   -30.5
104.590   -39.5   -26.8   -29.9
106.250    30.9   -12.0    14.2
107.910    28.4    -7.1     4.0
109.570    17.8    -8.3    -2.0
111.230   -18.9    13.5    -3.6
112.891   -24.6   -23.5   -29.2
114.551   -28.9   -26.7   -29.2
116.211     7.6   -19.6     0.9
117.871    19.2    -0.4    14.0
119.531     0.6    -5.6   -22.3
121.191   -13.4    -4.6   -18.3
122.852   -24.6    12.7     2.5
124.512   -15.9   -11.6   -17.2
126.172     8.7   -30.2   -13.0
127.832    -6.9    -1.4     3.1
129.492   -17.1     0.4   -11.0
131.152   -17.1    -5.2   -15.8
132.812   -17.5    -1.1   -12.7
134.473     8.4    -2.5    -2.0
136.133    15.7    -9.1     4.2
137.793    -6.4   -15.6   -22.9
139.453   -22.6   -10.1   -15.3
141.113   -30.0    -2.5    -4.2
142.773    -9.1    -0.1   -12.7
144.434    16.9    -4.8    -2.4
146.094     5.2    -2.7     6.3
147.754   -11.0   -20.3   -17.7
149.414   -33.7   -21.6   -24.1
151.074   -25.8     1.8    -4.7
152.734     8.8     0.0    -5.6
154.395    21.1    -6.8    -0.4
156.055    15.3     2.7     4.0
157.715    -8.7   -18.9   -14.9
159.375   -24.5   -29.2   -25.5
161.035   -25.6     0.6    -4.7
162.695    -4.0     5.0     1.2
164.355    15.6    -5.3    -5.5
166.016    10.8    -5.1    -0.1
167.676    -5.7   -13.7    -6.1
169.336   -27.5   -19.0   -26.6
170.996   -25.0   -18.3   -20.4
172.656   -13.8     6.0     0.5
174.316    15.3    -6.4    -8.2
175.977    12.9   -11.1    -9.3
177.637   -10.5    -6.7   -11.5
179.297   -14.6    -9.6   -14.9
180.957   -18.3   -10.0    -9.2
182.617   -18.5    -7.9   -14.9
184.277    -5.6    -6.4   -12.4
185.938     7.4    -9.0     0.8
187.598    17.8    -7.1     3.9
189.258    -9.8    -0.9    -6.6
190.918   -25.0    -1.4    -9.9
192.578   -32.2    -7.3   -22.5
194.238   -12.5   -20.3   -18.7
195.898   -15.0   -12.5    -5.6
197.559     3.6    -3.7    -1.7
199.219   -97.3   -24.3   -18.9
200.879  -143.8   -44.5   -33.2
202.539  -196.8  -125.2   -80.8
204.199  -179.3  -165.4  -101.0
205.859  -166.1  -169.1  -104.1
207.520  -103.4  -149.1   -89.8
209.180   -79.9  -109.3   -80.3
210.840   -79.3   -90.8  -105.4
212.500   -81.0   -90.0   -91.5
214.160   -67.5   -77.6   -68.8
215.820   -43.5   -68.4   -57.8
217.480   -12.1   -27.3   -29.0
219.141    12.7    -0.4    -5.1
220.801   -14.5   -10.1   -29.9
222.461   -42.4   -34.9   -44.3
224.121   -51.4   -43.1   -32.4
225.781   -10.0   -28.1   -14.1
227.441    18.1    -5.2    -1.4
229.102    13.3    17.6     5.4
230.762   -20.8   -13.3   -20.4
232.422   -44.2   -29.5   -31.8
234.082   -29.0   -37.6   -14.4
235.742   -12.6   -30.8   -10.5
237.402    12.9     2.9     0.8
239.062     7.0    16.9    -0.9
240.723   -13.1    17.8     4.3
242.383   -26.6   -39.8   -29.4
244.043   -12.9   -37.4    -8.9
245.703   -12.0   -33.0    -3.7
247.363    -0.5     5.8    -2.1
249.023     2.8    17.4    -2.2
250.684   -29.2     3.3   -15.2
252.344   -24.9   -18.2   -26.8
254.004    -4.8   -33.5   -11.5
255.664    -3.3   -32.3    -4.5
257.324    -1.9     5.3   -10.9
258.984    -7.2     4.6    -8.9
260.645   -26.1    13.7    -9.8
262.305   -22.7   -19.8   -21.3
263.965    -3.8   -25.2    -8.0
265.625    27.1   -18.2     7.9
267.285    -4.3    -9.7   -17.0
268.945   -10.1    -2.6   -17.8
270.605   -41.0     9.1   -10.6
272.266   -33.5    -1.3   -24.4
273.926     8.9   -18.7     7.2
275.586    30.9   -14.2    14.0
277.246    17.4   -12.4    -8.1
278.906   -23.2    -7.5   -23.3
280.566   -51.8     7.7   -13.8
282.227   -39.8    -3.8   -25.4
283.887     9.0   -21.6    -5.2
285.547    27.9    -9.1    20.5
287.207    -7.2   -17.2   -24.1
288.867   -40.6    -2.0   -20.7
290.527   -59.2     5.7   -20.5
292.188   -33.6    -9.6   -20.4
293.848     7.6   -20.1    -5.9
295.508    25.8   -12.4     3.0
297.168    11.8   -18.8   -11.9
298.828    -8.8    -9.9   -11.0
300.488   -50.3     1.9   -28.4
302.148   -38.2     1.9   -20.9
303.809    12.7   -10.1     5.3
305.469    40.6   -14.1    12.0
307.129    32.4   -16.4     4.1
308.789   -39.4     4.9   -10.8
310.449   -42.5     6.7   -16.1
312.109   -48.4    -1.9   -31.7
313.770    -4.4   -14.2     7.1
315.430    31.7   -18.6     4.6
317.090    44.7   -33.5    -5.6
318.750   -32.6     7.3    -4.9
320.410   -49.7    12.6   -17.3
322.070   -34.5    -5.3   -29.0
323.730    -7.0   -18.7    -9.3
325.391    21.3   -17.3     9.9
327.051    36.8   -21.6     5.2
328.711     2.7    -3.2    -4.6
330.371   -37.5    12.8   -16.3
332.031   -33.8    -7.6   -23.1
333.691    -8.6   -26.1    -7.1
335.352     8.9   -28.1    -0.8
337.012    19.9   -15.2     9.6
338.672    -4.9    11.9   -12.4
340.332   -61.8     9.5   -18.5
341.992   -62.2     8.8   -18.4
343.652   -22.7   -27.2   -20.9
345.312    19.1   -36.9     2.5
346.973    22.1   -30.9     3.4
348.633    18.7    12.5    10.1
350.293   -29.4    17.7   -16.3
351.953   -27.6     6.6   -20.7
353.613   -21.7   -29.0    -6.9
355.273    12.3   -37.1    -9.5
356.934    11.8     7.8    10.2
358.594     5.3    21.8     7.0
360.254   -13.7    12.2   -21.8
361.914   -20.8   -10.2   -24.2
363.574   -24.9   -28.9   -11.1
365.234   -18.7   -34.2   -12.9
366.895    12.3   -18.7    -3.2
368.555    -4.3    27.2     7.5
370.215    -4.9    28.8     7.0
371.875   -23.3    -4.6   -22.8
373.535   -13.5   -25.5   -11.2
375.195   -16.4   -25.4   -15.9
376.855     4.1   -12.8    -3.1
378.516    -1.7     3.2     0.9
380.176    -7.4     7.0   -13.7
381.836    -0.9     0.6   -13.8
383.496    -4.5   -26.1    -9.9
385.156    -2.2   -26.5   -17.7
386.816   -10.0   -22.8   -11.1
388.477   -10.0     5.7     1.5
390.137    -5.7    -0.2   -10.2
391.797    -3.2    -6.8    -3.8
393.457     7.8   -10.6     0.9
395.117    -8.8   -20.2   -14.6
396.777   -22.6    -2.9    -7.4
398.438   -22.6     6.9    -5.9
400.098   -10.3   -13.8   -17.6
401.758     8.8   -10.1     1.9
403.418    16.8    -7.1     3.6
405.078    -9.8    -5.9   -13.0
406.738   -31.4    -2.9   -21.8
408.398   -20.8    -5.8    -8.5
410.059   -14.2   -19.0   -10.1
411.719     6.7   -19.6   -12.1
413.379     6.0    -3.8    10.7
415.039   -12.7    13.4     0.8
416.699   -18.5    -2.7   -24.1
418.359   -19.2   -13.1   -17.1
420.020   -13.0   -13.6    -7.5
421.680     2.4   -19.7    -9.2
423.340     5.3   -13.7    -6.5
425.000    -5.1    14.5     5.6
426.660   -19.2     3.2   -23.0
428.320   -20.9   -11.6   -13.0
429.980   -16.4   -19.9    -9.7
431.641    -7.0   -23.5   -11.6
433.301     3.6   -19.8    -5.8
434.961    -3.4     9.5    -6.4
436.621    -9.6    11.0    -9.8
438.281   -26.7    -7.7    -8.8
439.941    -6.4   -30.2   -10.4
441.602    -0.7   -28.6   -12.4
443.262    -3.5    -3.0     4.0
444.922    -6.4    -0.1     3.2
446.582   -14.5     2.8   -16.9
448.242   -14.1    -0.2    -9.4
449.902     6.2   -20.6    -3.6
451.562     4.3   -34.6   -11.0
453.223   -11.7   -11.4    -8.1
454.883   -18.8     9.8    -9.5
456.543    -5.6     1.4   -13.9
458.203    -3.5    -3.0   -11.6
459.863     4.2   -20.1     4.1
461.523    -4.3   -24.5    -1.9
463.184   -11.6   -24.1   -14.4
464.844   -25.0    -5.2   -16.8
466.504   -17.7     5.1    -4.5
468.164     9.7    -4.1    -9.2
469.824     8.8   -17.1    -5.3
471.484    -0.9   -19.6     0.2
473.145   -12.5   -15.3    -6.4
474.805   -26.5   -14.2   -22.9
476.465   -13.9     8.6    -1.2
478.125     5.9     7.7     2.2
479.785    11.7   -13.3   -10.9
481.445    -1.6   -17.5     0.7
483.105   -20.7   -13.6   -12.3
484.766   -20.7    -4.7   -15.7
486.426   -14.2    -5.0   -14.8
488.086     6.8    11.6     4.4
489.746     6.4   -16.3   -13.7
491.406    -8.1   -26.8    -9.5
493.066   -19.1   -12.7   -10.1
494.727    -6.9     2.9   -10.4
496.387     0.3     7.6    -6.7
498.047     0.7     9.1    -2.7
499.707     0.0    -2.4    -6.9
501.367    -8.1   -23.7    -4.9
503.027   -11.5   -12.9    -9.6
504.688    -9.4    -2.4   -15.4
506.348    -9.0     4.2    -8.8
508.008    -6.2    -4.4   -11.0
509.668    -8.2   -22.3    -7.2
511.328   -12.7   -25.4    -7.3
512.988    -8.2   -22.2     1.5
514.648     0.6     1.5   -15.8
516.309    -1.0     7.5   -11.7
517.969   -13.2   -15.3   -20.1
519.629   -15.0   -21.7   -25.4
521.289   -20.2   -24.1    -7.6
522.949    -7.2    -9.9     3.2
524.609     3.8    -1.7   -17.2
526.270     4.0    14.0    -2.5
527.930    -8.7    16.6     1.4
529.590   -20.4   -17.7   -20.9
531.250    -9.1   -22.9     2.6
532.910    -1.2    -7.9     3.8
534.570     4.1     5.3    -9.6
536.230     6.6     8.5    -9.8
537.891    -2.8    10.7    -2.8
539.551   -22.9   -20.5   -17.7
541.211   -21.5   -27.3   -20.4
542.871    -4.4   -20.0    -4.6
544.531    -0.5    -7.9    -5.1
546.191     5.4     2.0    -3.8
547.852    -3.8     7.3    -7.6
549.512    -7.5     4.1   -11.4
551.172   -21.3   -23.2    -8.9
552.832   -15.8   -20.4    -1.2
554.492     7.1   -17.4   -12.2
556.152     0.9     0.7    -1.4
557.812    -9.7     9.7     0.6
559.473   -15.9    -0.4   -18.1
561.133   -14.7    -9.1   -22.1
562.793    -9.3   -10.8     6.2
564.453    -2.9    -5.7     4.2
566.113     1.2   -18.7   -11.7
567.773    -5.5    -0.3    -0.9
569.434   -14.3     1.7    -9.5
571.094   -16.4    -8.7    -9.1
572.754    -5.9    -1.2    -0.9
574.414     5.4    -8.4     4.7
576.074     5.8   -25.8    -9.3
577.734    -6.2   -23.2   -21.1
579.395   -14.0    -8.9   -11.6
581.055   -18.2     4.2   -13.8
582.715    -9.4    -3.1   -16.0
584.375     6.5    -5.2     4.4
586.035     8.1    -5.8     8.8
587.695    -2.2   -25.1   -26.6
589.355   -13.2   -22.0   -20.3
591.016   -26.9     1.6    -5.4
592.676   -15.5    13.4   -10.1
594.336    -0.6    -1.0    -9.2
595.996     9.0   -12.7     0.4
597.656     0.0   -19.6   -12.1
599.316   -21.0   -18.6   -21.1
600.977   -27.5     0.0   -12.6
602.637   -15.8    12.2    -2.1
604.297     2.2     1.4    -2.3
605.957     4.8   -25.3   -15.2
607.617     2.9   -30.5   -12.0
609.277   -12.6    -9.7     0.1
610.938   -16.0    -1.0   -16.7
612.598   -12.2    11.7   -11.2
614.258    -9.1     2.4    -3.6
615.918    -3.1   -25.3   -16.7
617.578     3.0   -32.5    -8.4
619.238    -9.7     2.9     0.6
620.898   -11.9    10.1    -5.1
622.559   -10.8     5.8    -8.1
624.219   -12.5    -7.0   -10.8
625.879    -8.7   -19.6   -16.2
627.539    -2.3   -31.1    -5.7
629.199    -7.5    -9.6    -8.5
630.859    -9.2     2.1    -7.8
632.520    -4.7    14.9     1.5
634.180    -8.8    -2.8   -13.3
635.840   -11.3   -35.2   -25.6
637.500   -13.3   -38.1   -20.7
639.160    -1.7     4.2    -2.9
640.820    -1.2    10.9    -5.2
642.480     1.1    17.2    -1.8
644.141    -7.1    -4.2    -7.5
645.801   -18.3   -34.9   -26.6
647.461   -20.0   -33.2   -17.4
649.121   -12.3     4.8     1.3
650.781    -8.5    11.5     2.0
652.441     0.8    13.1    -3.2
654.102     2.9   -10.5    -5.3
655.762   -11.9   -30.0   -21.6
657.422    -9.4   -34.6   -24.8
659.082   -22.0   -26.6   -23.2
660.742   -26.3     5.9     1.3
662.402    -8.3    16.9     0.7
664.062    13.7    -4.4    -7.0
665.723    13.2   -12.8     3.2
667.383   -25.0   -31.8   -32.4
669.043   -31.8   -29.0   -28.7
670.703   -36.1   -15.4   -16.5
672.363    -8.4    16.1    -0.1
674.023    24.7    -2.3    -7.4
675.684    22.0   -15.8     2.0
677.344    -2.2   -23.6   -15.4
679.004   -33.2   -27.1   -24.2
680.664   -38.5     4.7   -11.8
682.324   -35.4     4.9   -13.9
683.984    14.6     0.9    -6.3
685.645    38.4    -6.5    16.3
687.305    21.9   -16.5    -6.9
688.965   -32.9   -21.0   -26.3
690.625   -58.6     3.8   -14.7
692.285   -38.0    -4.1   -19.4
693.945    26.1    -6.9     1.6
695.605    53.0     6.2    22.9
697.266    37.8    -2.2     4.2
698.926    20.5    -9.8    -5.7
700.586   -58.1   -12.9   -26.6
702.246   -54.9   -12.1   -26.1
703.906    32.7    -4.3     3.4
705.566    55.5     0.0    16.6
707.227    26.5    -1.0     5.1
708.887    30.5     0.4     7.2
710.547   -64.6   -17.0   -32.0
712.207   -74.5   -17.9   -33.9
713.867   -44.9   -19.5   -24.6
715.527    26.9    -3.3     8.8
717.188    57.9    10.8    18.9
718.848    28.9     6.5    11.1
720.508   -30.3    -7.4   -13.4
722.168   -56.2   -21.0   -33.9
723.828   -42.2   -21.1   -16.6
725.488    24.2     6.7    14.1
727.148    63.4     8.6    16.7
728.809    42.8     8.0     8.6
730.469   -42.3    -4.4   -18.0
732.129   -68.9   -21.8   -34.4
733.789   -41.1   -35.0   -28.1
735.449    18.4     5.5    16.0
737.109    51.2    16.0    11.3
738.770    50.3    13.8     6.2
740.430    -7.3    -2.4    -5.9
742.090   -63.3   -28.1   -32.6
743.750   -51.5   -38.9   -35.8
745.410    16.7     6.4     7.4
747.070    43.3    21.8    16.9
748.730    25.5     9.7     0.0
750.391   -19.5   -15.0   -20.8
752.051   -44.9   -27.4   -25.6
753.711   -30.4   -22.8   -13.3
755.371    -6.3   -11.5    -9.2
757.031    27.1     8.1     4.0
758.691    23.0    14.6     7.0
760.352   -28.9   -24.1   -21.0
762.012   -28.3   -24.3   -19.5
763.672   -36.8   -28.9   -27.1
765.332   -16.4   -16.4    -5.2
766.992    11.6     2.0    -6.5
768.652     3.7     6.7   -12.4
770.312    -1.2    -2.3     0.9
771.973   -10.5   -17.5   -15.5
773.633   -16.9   -26.4   -23.3
775.293   -11.5   -16.8   -12.1
776.953   -12.8     0.1     4.6
778.613    -7.2    -6.7   -23.9
780.273    -0.8    -2.0    -7.6
781.934    -3.2    -7.2    -1.2
783.594    -3.2   -19.5   -16.7
785.254    -2.0   -13.5    -9.4
786.914   -21.5     1.5    -0.5
788.574   -15.8   -12.7   -23.8
790.234    -9.4   -14.7   -14.5
791.895    -2.1    -5.1    -1.6
793.555     8.7   -10.0     3.7
795.215     8.1    -2.6     2.6
796.875   -22.7   -11.5   -21.7
798.535   -27.7   -15.0   -30.8
800.195   -13.9    -4.5    -2.6
801.855    -4.1    -2.3    -1.4
803.516    15.5    -3.5   -11.9
805.176     3.2     4.0     1.4
806.836   -16.8    -6.3   -17.0
808.496   -32.5   -26.4   -22.2
810.156   -31.2   -22.2   -14.5
811.816     4.1    -4.5    -6.0
813.477    17.5    -6.0    -4.1
815.137    14.5     5.3     6.6
816.797   -17.4    -5.3   -20.2
818.457   -30.3   -23.7   -29.6
820.117   -28.8   -22.2   -11.9
821.777    -1.9    -5.7     1.4
823.438    -0.7    -5.6     0.3
825.098     8.2     8.7    -6.2
826.758   -19.5    -1.5   -15.2
828.418   -21.1   -24.8   -24.3
830.078   -26.1   -29.1   -27.1
831.738    -7.3   -12.4     1.3
833.398    -1.0     2.3    -5.3
835.059    11.6     6.0    -6.4
836.719   -13.5     1.1   -10.2
838.379   -12.6   -12.6    -2.8
840.039    -8.4   -24.6   -22.0
841.699     8.7    -8.3     6.1
843.359    -8.7    -4.1    -1.0
845.020    -7.3     4.5    -4.9
846.680   -24.9    -5.3   -13.3
848.340   -12.5    -5.3    -3.6
850.000    -5.1    -9.4   -15.3
851.660    -0.5   -15.9    -7.2
853.320    -2.1     3.0    -2.9
854.980   -19.0     1.1   -13.7
856.641   -23.4    -2.3    -6.7
858.301   -28.5   -12.5   -15.0
859.961     1.6   -12.6    -7.1
861.621    11.3   -13.6    -7.5
863.281     7.1   -11.8     0.0
864.941    -1.1    -4.8    -5.1
866.602   -32.5    -5.0   -18.3
868.262   -14.6    -8.3   -11.9
869.922     8.4   -10.5    -0.3
871.582    31.2   -11.0     7.9
873.242    18.4     0.4    -0.2
874.902   -14.1   -14.1   -18.2
876.562   -23.9    -8.9   -16.6
878.223   -43.8   -13.5   -17.6
879.883     4.0   -11.0    -1.5
881.543    27.7    -6.0    11.4
883.203    10.9     0.5    -8.4
884.863    -1.4    -2.9    -8.7
886.523   -26.2   -11.4   -14.0
888.184   -39.0    -8.7   -12.9
889.844   -26.3   -18.0   -19.5
891.504     3.0   -12.7    -3.2
893.164    24.4     0.0     7.4
894.824     0.7    -7.4   -10.9
896.484   -13.6    -9.7   -11.4
898.145   -23.3    -9.1    -6.4
899.805   -13.6   -13.6   -18.5
901.465   -14.8   -13.2   -16.8
903.125     6.3   -12.0     4.6
904.785     3.0     0.0    -2.9
906.445     2.4    -4.7   -15.8
908.105    -2.0    -4.4    -5.8
909.766   -14.6     0.6    -6.6
911.426   -21.0   -12.2   -17.8
913.086    -5.5   -18.1   -19.1
914.746   -11.0   -11.8    -5.0
916.406    -5.9    -9.1    -6.6
918.066    -3.8   -10.4   -12.6
919.727     5.4    -9.4    -4.3
921.387   -11.7    -4.8   -12.0
923.047   -11.2   -20.9   -24.1
924.707   -16.0   -25.2   -13.6
926.367   -11.4    -9.6    -6.3
928.027    -3.3    -7.0   -11.6
929.688    -6.9    -5.1    -6.4
931.348    12.3     8.4     6.4
933.008   -21.7   -13.6   -18.7
934.668   -21.1   -20.4   -13.3
936.328   -23.8   -25.4    -6.0
937.988    -7.0   -12.2   -13.0
939.648     7.5    19.0    15.0
941.309    20.8    15.7    13.1
942.969     5.5    -2.8   -15.2
944.629   -18.6   -17.2   -17.2
946.289   -28.5   -15.9    -2.3
947.949   -22.8   -31.3   -22.6
949.609    -8.5   -21.1   -21.0
951.270    10.3    21.7    15.7
952.930     1.7    -0.3   -14.8
954.590    -8.9   -24.3   -28.2
956.250   -28.4   -23.1    -9.8
957.910   -28.4   -27.0    -7.3
959.570    -5.3   -11.1    -7.8
961.230     9.0    -3.3    -3.2
962.891    13.5    21.5    10.0
964.551     2.2     8.6    -6.1
966.211    -9.3   -12.5   -18.7
967.871   -29.6   -36.4   -18.4
969.531   -19.2   -17.0    -6.6
971.191    -9.9    -0.9    -0.2
972.852     6.8    16.9     1.1
974.512     3.7     7.0    -7.8
976.172    -3.3    -9.4    -7.7
977.832   -10.0   -22.3    -9.0
979.492   -13.9   -30.7   -21.2
981.152   -21.1    -6.0    -6.3
982.812    -8.9    10.4   -12.4
984.473     9.3    -0.4    -6.4
986.133     4.8   -11.7    -5.7
987.793     1.7   -18.2    -3.6
989.453   -11.9   -27.4   -22.3
991.113   -13.2   -17.6   -11.5
992.773   -19.3     5.6   -13.0
994.434    -1.8    -6.4   -16.2
996.094     5.2    -6.6   -10.0
997.754    10.8   -11.4    -0.8
999.414    -1.2   -18.3    -8.1
1001.074   -14.5   -17.4   -16.3
1002.734   -41.1     5.0   -16.3
1004.395   -10.3    -0.8    -4.8
1006.055     9.7    -7.5    -5.4
1007.715    32.5   -18.4     1.2
1009.375    21.0   -13.7     7.0
1011.035   -32.7    -9.7   -24.3
1012.695   -45.1    -0.8   -25.7
1014.355   -40.2     0.4   -19.2
1016.016   -31.7     1.7   -11.7
1017.676    38.5    -7.9     7.6
1019.336    44.2   -21.5     3.2
1020.996     5.0   -10.6    -4.5
1022.656   -31.0    -2.9   -14.1
1024.316   -48.5    -3.2   -22.9
1025.977    -4.2    -8.5   -10.7
1027.637    26.6    -4.2    10.1
1029.297    46.1    -5.9    14.9
1030.957    16.9   -16.5    -3.9
1032.617    -7.4   -21.0   -16.6
1034.277   -54.2    -3.6   -18.0
1035.938   -61.0    -2.4   -23.9
1037.598     6.9   -11.7    -9.4
1039.258    45.0     3.4    26.1
1040.918    33.2    -0.6    12.3
1042.578   -22.0   -24.5   -21.1
1044.238   -53.1   -14.5   -24.1
1045.898   -64.9    -4.6   -23.8
1047.559   -24.9    -3.5   -17.7
1049.219    45.9     3.5    15.7
1050.879    35.2    -3.9     5.2
1052.539    17.6   -17.6    -4.6
1054.199   -35.5   -23.8   -19.9
1055.859   -69.9   -15.0   -36.0
1057.520   -34.7    -8.2   -20.2
1059.180   -17.8    -3.2   -10.2
1060.840    52.7     9.7    19.2
1062.500    34.2    -7.7    -4.7
1064.160   -59.7   -15.9   -23.7
1065.820   -62.1   -15.9   -32.9
1067.480   -33.1   -13.2   -30.1
1069.141    -3.2     2.6    -2.8
1070.801    39.6    17.8    20.8
1072.461    34.9    -7.6    -1.5
1074.121   -22.7   -26.6   -11.1
1075.781   -44.9   -22.2   -18.5
1077.441   -45.5   -12.6   -30.4
1079.102   -31.4    -7.0   -25.2
1080.762    10.9     8.3     2.9
1082.422    36.3     1.9    17.1
1084.082    19.1   -13.5    -2.0
1085.742   -30.4   -20.7   -20.8
1087.402   -45.5   -11.3   -16.3
1089.062    -4.9    -2.7   -16.3
1090.723    12.6     0.7    -3.8
1092.383    28.0     2.3    16.2
1094.043    14.2    -7.8     2.3
1095.703   -20.3   -22.8   -23.7
1097.363   -33.3   -12.4   -13.2
1099.023   -26.1     1.8   -14.2
1100.684    -4.6    -5.6   -18.9
1102.344     8.3    -6.5     1.3
1104.004     9.3    -3.7     4.5
1105.664     5.1   -11.5    -7.9
1107.324    -1.7   -16.2    -9.6
1108.984   -28.1    -0.6   -14.7
1110.645   -17.0    -9.7   -14.0
1112.305   -14.4   -12.9   -11.5
1113.965     7.6   -13.5    -6.7
1115.625    11.1   -10.8    -3.9
1117.285    -6.5     1.4     4.1
1118.945    -6.7     5.5    -1.9
1120.605   -26.4   -19.4   -22.5
1122.266   -22.3   -11.4    -3.9
1123.926   -22.9   -12.9    -2.0
1125.586    16.4    -4.0    -2.1
1127.246     7.7     0.4     1.4
1128.906    -4.2     5.9     0.5
1130.566   -25.6   -18.0   -25.0
1132.227   -25.2   -22.0   -26.8
1133.887   -23.0   -22.1   -17.0
1135.547     1.9    -8.7    -3.0
1137.207    20.1     4.5     5.1
1138.867    15.2    12.1     5.3
1140.527   -23.7   -12.8   -18.8
1142.188   -37.0   -26.6   -24.4
1143.848   -28.0   -32.2   -25.2
1145.508   -14.6   -23.0   -13.8
1147.168     1.9    -1.6     7.7
1148.828    14.1    16.4     7.4
1150.488    -3.2    -0.8   -11.2
1152.148   -27.2   -14.3   -10.3
1153.809   -29.3   -25.6   -16.8
1155.469   -30.7   -33.0   -21.3
1157.129     7.8    -1.6    -1.2
1158.789     5.1    19.8     5.6
1160.449    -1.5    -8.7   -19.5
1162.109   -11.8   -23.4   -10.7
1163.770   -17.5   -22.1    -8.3
1165.430   -17.4   -21.0   -21.8
1167.090     0.0     3.6     0.9
1168.750     5.2     9.3     5.0
1170.410     3.2     4.6    -7.2
1172.070   -18.2   -24.7   -12.7
1173.730   -16.1   -23.0   -13.9
1175.391    -6.3   -15.7   -12.9
1177.051    -2.3    -9.2    -6.5
1178.711    -5.3    12.7     1.9
1180.371     2.8    17.1    -1.0
1182.031   -16.6    -7.3   -16.1
1183.691    -5.2   -26.2   -13.7
1185.352    -7.7   -25.6   -10.4
1187.012   -14.9    -9.7    -5.6
1188.672    -8.1     6.9    -3.7
1190.332    -6.7     7.2    -2.3
1191.992    -8.7    -5.4   -18.6
1193.652    -2.8   -10.3     1.2
1195.312    -0.2   -22.2   -16.6
1196.973    -0.1   -15.9   -19.0
1198.633   -12.5     4.7     3.2
1200.293   -14.7    11.3    -2.3
1201.953   -14.0    -5.6   -25.8
1203.613   -16.2    -9.6     1.0
1205.273    -0.5    -7.0     0.6
1206.934    11.8   -17.9   -18.2
1208.594     8.0    -8.7    -7.7
1210.254   -11.2     8.2     9.5
1211.914   -16.2   -12.8   -23.0
1213.574   -20.4   -20.4   -18.7
1215.234    -6.0   -12.9     1.5
1216.895     2.9   -12.8     1.9
1218.555    15.8    -8.7    -4.2
1220.215    -9.5    12.1     1.5
1221.875   -21.5    -8.7   -16.8
1223.535   -20.8   -18.5   -22.3
1225.195    -8.5   -16.9   -10.1
1226.855    -2.1   -13.3    -3.7
1228.516     8.1    10.1    -0.1
1230.176   -11.6     5.3   -18.5
1231.836   -12.8    -0.9   -21.4
1233.496   -27.3   -12.0    -9.5
1235.156    -8.6   -23.9   -18.0
1236.816     1.5   -22.9   -13.9
1238.477     5.2     0.6     2.5
1240.137     7.2    16.9     6.4
1241.797    -3.2    -3.1   -14.7
1243.457   -23.1   -15.1   -13.4
1245.117   -29.0   -21.3   -17.9
1246.777    10.3   -20.1    -3.5
1248.438    14.6   -13.7     1.9
1250.098     6.6    22.8     5.6
1251.758    -5.5     0.6   -14.9
1253.418   -16.3   -11.4   -23.2
1255.078   -33.9   -27.1   -14.9
1256.738   -22.8   -27.2    -8.4
1258.398    14.4    -9.1     0.7
1260.059    17.0    13.7     4.5
1261.719    -2.2    23.0    -2.3
1263.379   -20.9   -20.4   -24.5
1265.039   -23.2   -34.6   -21.6
1266.699    -6.6   -23.7    -2.1
1268.359     8.2     0.9   -11.7
1270.020     9.4     2.5   -11.3
1271.680     5.6    26.9     5.6
1273.340   -14.0     0.5   -14.1
1275.000   -13.5   -34.8   -22.2
1276.660   -16.7   -44.7   -21.8
1278.320    -1.4    -7.3    -0.4
1279.980    -3.3    16.5     1.1
1281.641    -8.9    15.9    -6.6
1283.301    -8.8    15.7    -7.7
1284.961    -5.1    -1.7    -4.7
1286.621    -6.9   -35.7   -10.2
1288.281    -3.3   -42.4   -14.9
1289.941    -4.6    -5.5    -1.0
1291.602   -20.0    18.8    -5.9
1293.262   -17.5    18.9   -22.0
1294.922     6.1    -9.1     1.1
1296.582     5.6   -12.4     2.1
1298.242     8.3   -39.2   -14.8
1299.902    -6.7   -17.3    -6.6
1301.562   -36.1    13.4   -14.3
1303.223   -30.3    14.4   -17.7
1304.883     2.0    -0.6    -0.7
1306.543    19.2    -8.7     5.7
1308.203    28.2   -30.0    -4.1
1309.863   -28.4    -2.2   -10.4
1311.523   -40.5     0.8   -18.6
1313.184   -43.8     5.5   -22.6
1314.844    14.4    -0.9     4.5
1316.504    39.3    -8.1     4.4
1318.164    39.2   -18.6     0.9
1319.824     7.4   -12.1     1.1
1321.484   -56.6    -7.8   -33.6
1323.145   -61.9   -10.4   -39.3
1324.805   -24.7     2.3    -5.0
1326.465    38.2    -1.8    11.5
1328.125    51.4   -16.0     5.6
1329.785    16.0   -13.8    -0.7
1331.445   -31.9    -4.4   -11.4
1333.105   -64.9   -11.4   -35.9
1334.766   -23.1    -8.9   -15.4
1336.426     4.4    -0.1     8.4
1338.086    48.4    -4.7    13.7
1339.746    51.7    -4.3     2.3
1341.406   -54.2    -9.2   -18.6
1343.066   -64.8   -13.5   -26.0
1344.727   -56.0   -15.1   -33.4
1346.387     9.2    -4.3     1.9
1348.047    40.8    -0.5    14.2
1349.707    40.2    -2.6     6.5
1351.367   -21.6    -9.1    -7.8
1353.027   -48.1    -5.5   -21.4
1354.688   -43.7   -12.1   -32.2
1356.348    -5.4    -6.6     0.0
1358.008    30.1    -3.8     4.9
1359.668    28.7   -10.5    -1.5
1361.328   -25.2    -4.6    -8.7
1362.988   -27.1    -3.3   -12.0
1364.648   -34.6    -9.6   -26.3
1366.309   -13.2    -6.3     2.6
1367.969     1.9    -7.1     5.6
1369.629    19.7   -19.1   -12.2
1371.289     1.1    -6.9    -0.7
1372.949   -10.0     1.0    -3.9
1374.609   -16.3   -10.0   -25.6
1376.270   -11.6    -5.7    -3.4
1377.930   -10.4    -5.7    -2.0
1379.590     2.8   -16.6    -8.9
1381.250     6.3    -8.3    -3.3
1382.910     4.0     9.9     6.8
1384.570    -2.0     2.0   -11.3
1386.230   -24.3    -8.5   -17.6
1387.891   -24.3   -19.7   -17.9
1389.551    -0.6   -22.2    -9.2
1391.211     5.2   -14.8    -3.6
1392.871     7.6     5.5     1.7
1394.531     1.5    14.3    -1.4
1396.191    -4.9     8.7    -8.8
1397.852   -31.0   -32.4   -27.4
1399.512   -24.6   -28.6   -11.9
1401.172    -9.2   -16.7    -2.6
1402.832    16.5     3.9    -1.0
1404.492    12.0    13.8     1.1
1406.152   -15.2     5.1    -4.5
1407.812   -22.5   -22.2   -24.8
1409.473   -21.5   -38.0   -23.4
1411.133    -6.8     3.3     7.7
1412.793    12.3     0.5    -8.0
1414.453   -16.8     1.0    -7.4
1416.113    -9.1     0.0    -3.7
1417.773   -21.9   -25.7   -25.6
1419.434    -5.7   -20.6   -11.1
1421.094     0.9     5.7     7.6
1422.754     2.6    13.2     7.4
1424.414    -1.1    -3.5   -10.8
1426.074   -13.5    -8.8   -16.5
1427.734    -9.8   -15.5    -9.8
1429.395    -6.6   -12.8    -5.6
1431.055    -3.1     1.5    -6.1
1432.715    -9.2     2.4    -3.3
1434.375   -17.5   -14.0   -23.4
1436.035    -9.3   -20.0   -16.3
1437.695    -1.3    -6.2     6.1
1439.355     3.0     2.6     2.8
1441.016     4.1     0.6   -11.4
1442.676   -22.8   -13.6   -19.0
1444.336   -27.6   -12.9    -6.7
1445.996    -7.5   -23.6   -15.0
1447.656     4.4   -16.0   -14.6
1449.316    18.2    17.4    17.4
1450.977    13.6    17.6    14.4
1452.637   -33.2   -30.5   -31.5
1454.297   -29.8   -19.2    -8.1
1455.957   -22.6    -9.4     0.2
1457.617    13.8     1.1   -14.9
1459.277    14.9     5.5    -0.6
1460.938    -3.9    16.4     6.8
1462.598   -20.2     1.1   -11.4
1464.258   -33.3   -39.0   -29.0
1465.918     0.3    -0.8    -5.4
1467.578    -4.4    -4.2    -2.8
1469.238    16.1    12.3     3.4
1470.898     9.2    13.6     1.1
1472.559   -24.6   -13.1   -20.0
1474.219   -25.0   -37.8   -13.2
1475.879   -11.6   -22.9   -14.4
1477.539     9.2    16.3     3.8
1479.199     9.7    28.4    13.2
1480.859    -6.0     7.8    -9.9
1482.520   -19.9   -29.4   -19.4
1484.180   -29.4   -27.1   -14.2
1485.840   -20.7   -19.0    -8.3
1487.500     1.1   -14.0   -12.0
1489.160    10.0    18.5    10.0
1490.820    -3.3    14.6    -3.8
1492.480   -26.5   -19.9   -26.0
1494.141   -26.8   -29.3   -17.1
1495.801     1.9   -13.7    -0.3
1497.461    16.6   -12.1    -8.1
1499.121    -3.0     7.2    -8.2
1500.781   -13.4    13.4    -2.2
1502.441   -15.0   -17.8   -21.8
1504.102    -5.4   -18.3   -12.6
1505.762     5.9    -2.8     5.7
1507.422    -3.9    -0.5   -13.0
1509.082   -12.8    -2.3   -16.5
1510.742   -28.1     0.8    -6.4
1512.402   -21.9    -3.7   -13.4
1514.062     8.0   -16.2    -3.2
1515.723     4.5    -7.6     8.5
1517.383    -3.8    -0.2    -8.2
1519.043   -14.1    -4.2   -21.3
1520.703   -29.9    -0.4   -13.0
1522.363   -26.7    -2.1    -6.7
1524.023     3.2    -8.4   -10.0
1525.684    21.2   -10.3     4.4
1527.344    -1.7    -9.5   -10.5
1529.004   -23.7   -12.7   -18.4
1530.664   -27.1    -1.4    -9.4
1532.324   -26.5    -2.8   -12.6
1533.984    14.6    -5.9     0.3
1535.645    15.5    -5.2     5.3
1537.305    14.9   -14.5    -2.8
1538.965   -18.3   -19.4   -17.5
1540.625   -34.6     0.8   -16.0
1542.285    -9.2     6.6    -8.1
1543.945    10.9     1.9     3.1
1545.605    22.5   -13.6    -1.0
1547.266   -18.8   -19.4   -14.6
1548.926   -25.2   -19.0   -23.1
1550.586   -31.1    -1.9   -18.8
1552.246    -5.0     9.5    -1.1
1553.906     1.8    14.5     5.5
1555.566    23.5   -16.4    -5.8
1557.227    15.2   -24.8    -8.3
1558.887   -22.7   -15.9   -12.0
1560.547   -30.0    -3.4   -23.7
1562.207   -16.6    14.9    -0.4
1563.867    -7.6    16.0     5.3
1565.527    26.0   -24.7    -6.5
1567.188   -26.5   -11.8    -6.7
1568.848   -24.7   -13.4    -5.9
1570.508   -31.1     4.9   -19.3
1572.168   -31.1    12.3   -21.2
1573.828     2.8     1.9     4.1
1575.488    15.9   -13.4    -1.5
1577.148     5.1   -28.9    -7.7
1578.809   -12.2    -2.7    -4.0
1580.469   -37.6     8.5   -17.5
1582.129   -29.6    10.8   -19.3
1583.789     5.9   -20.1     0.9
1585.449    23.4   -29.6     0.5
1587.109    27.6   -30.5    -5.7
1588.770   -25.0     5.7    -8.8
1590.430   -45.1    12.7   -25.1
1592.090   -23.2    -0.9    -8.5
1593.750   -15.2    -8.4    -5.4
1595.410    18.5   -24.4     0.2
1597.070    17.8   -18.8    -1.7
1598.730   -20.3    12.9    -6.8
1600.391   -44.6    12.6   -28.1
1602.051   -29.9     0.3   -17.8
1603.711   -14.9   -14.4    -9.7
1605.371    25.2   -31.1    -1.7
1607.031    17.8    -9.8    12.1
1608.691     4.0     9.7    10.5
1610.352   -27.6    12.3   -25.2
1612.012   -49.0    -7.5   -29.2
1613.672   -30.3   -16.9    -4.4
1615.332    35.3   -33.2    -5.8
1616.992    35.4   -18.4     1.0
1618.652   -12.5    19.3     0.0
1620.312   -48.2    -0.5   -39.1
1621.973   -41.7   -13.1   -25.5
1623.633   -23.2   -20.7    -6.9
1625.293    13.1   -24.2    -4.1
1626.953    29.9    -9.2     2.9
1628.613    -9.1    15.6    -0.3
1630.273   -26.3    15.6    -4.2
1631.934   -17.1   -20.5   -21.0
1633.594     3.6   -25.7    -5.5
1635.254     4.5   -22.7    -5.7
1636.914    13.1     6.8    13.9
1638.574   -11.2    14.5    -7.6
1640.234   -32.1     0.8   -27.5
1641.895   -44.0    -9.5   -24.2
1643.555    12.0   -20.4    -3.3
1645.215    22.2   -14.5     2.4
1646.875    10.1     5.1     8.5
1648.535   -12.7     0.7   -25.5
1650.195   -24.4    -0.7   -26.9
1651.855     0.8   -21.9    -2.8
1653.516    16.7   -24.6   -14.3
1655.176    26.6   -10.9    -3.6
1656.836   -10.8    18.1     2.1
1658.496   -22.2    -3.9   -17.8
1660.156   -15.4   -28.4   -11.5
1661.816    -3.8   -21.2    -7.0
1663.477    15.9    -9.7    -5.9
1665.137     5.7     7.4    -3.9
1666.797   -16.4    14.5    -3.1
1668.457   -27.8     4.0    -8.9
1670.117   -13.5   -19.9   -16.6
1671.777    -0.6   -21.7   -10.4
1673.438     4.5    -9.8     2.3
1675.098     0.9     8.1    -0.4
1676.758   -13.7    11.8    -8.4
1678.418   -17.5   -21.6   -17.7
1680.078   -10.9   -28.1   -18.7
1681.738    13.8   -25.4    -4.8
1683.398     8.6    -8.5     2.3
1685.059   -13.7    19.2   -12.6
1686.719   -26.3    14.5   -15.8
1688.379   -25.6   -15.4   -14.4
1690.039    -6.4   -26.3    -0.1
1691.699    18.2   -27.0    -1.5
1693.359    18.3    -8.5    -7.0
1695.020   -32.9    11.7    -9.3
1696.680   -42.6     9.9   -17.5
1698.340    -8.0   -12.7   -16.9

Event #9  ts=2026-09-25 13:02:56.751  [SELECTED]
  t[ns]  u1[mV]  u2[mV]  u3[mV]
  0.000    -3.7    15.6    -3.1
  1.660    33.3   -10.6    14.9
  3.320    44.7     2.7    29.3
  4.980     1.7     2.4    -9.3
  6.641   -45.0   -10.3   -24.5
  8.301   -47.4    -5.2   -11.5
  9.961    10.6   -19.6   -19.5
 11.621    17.8   -21.8   -15.8
 13.281    18.3     2.9    24.3
 14.941    10.9     6.3    13.7
 16.602   -17.4   -13.4   -31.2
 18.262   -31.1   -13.0   -26.8
 19.922   -28.5     4.6     3.6
 21.582    14.9   -25.9   -26.2
 23.242     4.0    -0.3    10.9
 24.902    -2.9     6.3    10.8
 26.562   -17.3     0.3   -12.8
 28.223   -22.6    -8.9   -21.1
 29.883     1.4     0.5     8.4
 31.543    -1.3    -0.6     2.4
 33.203    15.2   -23.0    -6.9
 34.863   -13.3    -4.9    -6.6
 36.523   -25.1     4.6   -12.2
 38.184   -18.1    -5.3   -16.6
 39.844     0.8    -4.9     0.0
 41.504     8.8    -8.2    -1.5
 43.164     4.2   -13.6    -5.7
 44.824    -8.9   -14.2    -3.7
 46.484   -16.1   -10.2   -12.6
 48.145   -21.2    -0.1   -14.4
 49.805    -4.0     2.3     1.9
 51.465     8.0   -11.1    -5.6
 53.125    11.1   -22.1   -15.9
 54.785    -7.8    -4.3    -3.5
 56.445   -16.3    -3.6    -6.7
 58.105   -20.5   -13.1   -26.0
 59.766   -12.6     2.8     3.6
 61.426     1.7     1.3     4.9
 63.086    14.1   -21.7   -17.0
 64.746    -6.3    -9.9     1.1
 66.406   -20.1     0.8     2.5
 68.066   -20.6     4.0    -6.7
 69.727   -13.8    -6.2   -20.3
 71.387    -3.8     1.1    -5.0
 73.047     0.6    -2.6    -2.1
 74.707     3.1   -20.7   -12.7
 76.367   -12.5    -9.4   -10.1
 78.027   -15.8     1.5    -6.0
 79.688   -11.7     2.5   -10.6
 81.348    -0.9    -3.8   -12.5
 83.008    -3.1   -13.1    -7.1
 84.668   -13.1   -18.8   -12.0
 86.328    -3.0   -17.8    -4.4
 87.988    -6.6     6.7   -12.4
 89.648    -5.3     6.7    -6.0
 91.309    -4.0     7.0     2.6
 92.969    -5.7   -21.3   -13.1
 94.629   -14.0   -25.6   -13.4
 96.289    -6.1   -19.9     0.2
 97.949    -7.2     0.7     0.7
 99.609     4.2    11.3   -11.7
101.270     3.0    10.9     0.3
102.930   -19.7    -9.6    -7.3
104.590   -21.0   -18.6   -13.8
106.250   -18.6   -40.3   -28.7
107.910     5.0    15.1     7.3
109.570     2.3     6.9    -7.5
111.230     1.9     2.0   -16.0
112.891     1.5     6.2    -1.5
114.551   -30.4   -36.7   -34.2
116.211   -19.5   -42.6   -27.2
117.871    -9.7   -22.1    -0.7
119.531    -4.5    14.6     4.1
121.191     2.2    17.8    -8.5
122.852     8.7    10.9    -0.9
124.512   -22.3   -18.6   -24.1
126.172   -35.5   -40.0   -28.8
127.832   -14.6   -33.2   -10.6
129.492    -0.2     0.7    -1.0
131.152    14.4    10.1    -6.3
132.812    -0.9    16.5     4.4
134.473    -6.3    -5.2   -14.8
136.133   -23.0   -39.5   -30.7
137.793    -5.1    -9.5     3.5
139.453     8.5    -1.8   -12.1
141.113    11.0    -2.1   -12.7
142.773   -13.1    22.6     6.2
144.434   -10.2    -2.6   -12.3
146.094   -20.5   -20.6   -25.3
147.754     8.3   -19.5     8.3
149.414     5.6    -4.6    -0.9
151.074    -4.0    -4.2    -7.9
152.734   -20.1     8.4   -15.7
154.395   -20.1    12.0    -5.1
156.055   -14.8    -7.0   -12.0
157.715     6.7   -34.9    -7.3
159.375     8.1    -2.5     2.4
161.035   -11.5     2.7    -8.0
162.695   -19.3    -0.2   -21.4
164.355   -20.9     4.0   -11.9
166.016     1.6   -17.2    -4.8
167.676    22.7   -19.4     0.2
169.336    23.7   -16.6     4.7
170.996    15.1   -11.3     2.7
172.656   -37.0     2.9   -21.5
174.316   -37.0    -1.2   -24.6
175.977   -34.2     0.2    -8.0
177.637     0.2    -9.7    -9.7
179.297    33.1   -16.0    -0.3
180.957     9.2    -2.7    -1.1
182.617   -14.5    -6.1   -24.3
184.277   -33.5    -5.7   -26.7
185.938   -46.5    -1.6    -8.2
187.598   -24.1    -5.7    -7.2
189.258    41.8   -18.8     4.5
190.918    37.8   -14.3     8.4
192.578     5.6    -4.2    -4.1
194.238   -37.4   -14.2   -37.9
195.898   -59.9    -6.1   -19.6
197.559   -33.1    -4.1    -3.0
199.219    17.0   -16.7    -6.1
200.879    47.3   -21.9     1.0
202.539    26.9    -4.3    12.1
204.199   -11.2     0.2   -10.5
205.859   -60.3   -13.8   -33.8
207.520   -49.3   -11.1   -25.2
209.180   -22.9    -7.7    -4.4
210.840    34.1   -10.7    11.0
212.500    -7.0   -26.4    -1.1
214.160   -47.6   -30.9     2.8
215.820  -232.4   -97.0   -19.1
217.480  -298.9  -141.7   -34.3
219.141  -189.1  -163.0    -3.8
220.801  -164.9  -155.7     2.1
222.461   -87.9  -132.9     8.9
224.121   -95.5  -131.9    -9.7
225.781  -110.1  -110.8   -24.9
227.441  -121.5   -65.5   -17.9
229.102   -82.0   -62.2   -17.1
230.762   -49.2   -62.4   -12.2
232.422     5.1   -48.4     8.7
234.082     7.7   -51.1    10.2
235.742   -18.8   -46.7   -13.0
237.402   -62.9   -14.4   -18.2
239.062   -62.3     4.3   -10.5
240.723   -22.4    -7.3   -14.5
242.383    17.5   -35.2     0.9
244.043   -10.0   -36.2    -2.6
245.703   -17.8   -26.9   -11.9
247.363   -38.6    -6.8   -22.8
249.023   -54.0    14.0   -18.1
250.684   -13.8    -1.2   -11.9
252.344     6.3   -21.8    -0.1
254.004    26.6   -40.8     0.9
255.664     8.3   -32.3    -8.2
257.324   -33.7    -3.6    -1.9
258.984   -48.6    16.7   -18.5
260.645   -41.6    11.9   -30.5
262.305   -15.2     0.8   -16.2
263.965    28.4   -39.0     2.5
265.625    12.6   -37.1   -13.8
267.285   -15.2   -21.8   -16.5
268.945   -44.2    31.9    -2.2
270.605   -41.7    19.5   -22.6
272.266   -16.7   -23.3   -26.6
273.926     2.6   -25.6    10.2
275.586    21.0   -36.0    -9.6
277.246   -12.1   -11.6   -15.7
278.906   -19.2     0.0    -9.4
280.566   -46.3     0.8   -37.2
282.227   -24.6   -12.1   -33.8
283.887     5.1   -32.4    -0.3
285.547    27.4   -22.6     7.2
287.207    15.3   -23.3    -4.5
288.867   -11.1    -3.9   -11.1
290.527   -64.8    19.5   -21.6
292.188   -26.0   -14.1   -25.1
293.848    -4.0   -32.6   -17.1
295.508    38.8   -17.0    12.6
297.168    26.3    -5.6     4.6
298.828    -6.7     1.0    -6.9
300.488   -38.6    17.1   -11.5
302.148   -62.9     4.9   -29.3
303.809   -35.6   -29.3   -25.0
305.469    41.2   -23.6    12.9
307.129    33.7   -13.4    -0.9
308.789    12.7     6.7     8.8
310.449   -10.3    21.0    10.2
312.109   -46.6   -11.9   -37.0
313.770   -20.0   -36.0   -22.2
315.430    33.4   -18.7    12.9
317.090    15.1    -7.3    -8.7
318.750    18.7    -0.1    -0.3
320.410   -40.1    20.0    -8.6
322.070   -32.8   -26.8   -33.8
323.730   -44.6   -38.0   -46.4
325.391     2.4    -9.1     9.2
327.051    10.2     4.4    -9.5
328.711    13.2     7.3    -2.0
330.371   -30.5    13.4    -4.5
332.031   -49.4    -6.4   -22.1
333.691   -11.7   -46.9   -22.5
335.352    -2.8   -33.0   -16.3
337.012    19.6    -6.2    20.3
338.672    -6.9    13.9    -8.2
340.332   -24.2    13.2   -20.3
341.992   -28.8    -9.9   -10.7
343.652     3.3   -30.4    -9.9
345.312     3.0   -29.1   -10.0
346.973    15.7   -10.4    -0.1
348.633   -22.1     8.4    -8.6
350.293   -33.3    10.1   -12.8
351.953   -19.5   -12.5   -15.5
353.613    -1.8   -29.6   -15.2
355.273    15.8   -22.7     6.4
356.934    11.0   -10.7    10.1
358.594   -21.1    -4.7   -20.6
360.254   -26.1    -0.3   -10.7
361.914   -38.4    -1.6    -9.3
363.574    -4.9   -23.2   -24.9
365.234    26.4   -20.1    -9.1
366.895   -15.2    -2.7   -13.8
368.555   -18.6   -13.8   -26.3
370.215   -40.0    -9.2   -11.1
371.875   -41.1    -4.4   -11.6
373.535    -7.2   -14.0   -12.5
375.195    29.1   -16.0     5.3
376.855    -5.5     8.0    -4.8
378.516   -16.5     0.3   -11.8
380.176   -29.2   -16.7   -16.4
381.836   -32.8   -17.3   -16.8
383.496    18.3   -14.6     2.1
385.156    25.5    -3.8     5.8
386.816    14.1     2.2    -4.7
388.477   -21.2    -3.7    -9.2
390.137   -32.3   -10.3    -9.6
391.797   -25.2   -17.7   -22.4
393.457    -3.2   -31.7   -21.2
395.117    10.2    -0.5    14.0
396.777     8.6     8.6     2.6
398.438    -9.6    -8.4   -20.1
400.098   -24.3    -5.5    -4.5
401.758   -15.0   -16.8   -10.5
403.418    -8.9   -23.3   -18.7
405.078     9.1    -3.6     3.8
406.738    -0.6     4.5    -1.6
408.398    -9.4     0.7    -5.5
410.059   -11.1    -6.2    -9.3
411.719    -8.1    -1.6    -9.1
413.379   -10.0   -19.5   -11.8
415.039    -4.9   -20.8   -11.8
416.699    -2.9    -4.6     0.2
418.359   -14.9     1.7   -12.8
420.020    -9.2    -1.5   -16.3
421.680    -6.2   -11.4    -3.2
423.340    -5.4   -19.1   -15.0
425.000    -6.6   -16.8   -11.8
426.660   -11.1   -13.5    -7.3
428.320   -15.3    -1.5   -14.0
429.980     0.0     4.5    -8.4
431.641     7.6     5.6     8.0
433.301     7.8   -13.0   -16.7
434.961   -19.7   -25.1   -14.3
436.621   -35.2    -6.8    -8.5
438.281   -34.6    -6.5    -9.3
439.941   -11.1    -7.6   -24.7
441.602    14.8    11.5     8.2
443.262    11.9    17.5    18.8
444.922    -2.7   -25.9   -31.8
446.582   -28.1   -35.6   -24.5
448.242   -36.5   -13.1    -1.4
449.902   -11.4    -5.4   -27.0
451.562    -2.1    -3.7   -23.0
453.223    13.6    20.2    14.1
454.883     7.9    -8.0    -3.0
456.543   -16.6   -40.9   -29.4
458.203   -34.3   -22.5   -12.7
459.863   -18.3    -3.6    -8.9
461.523     1.6     2.9    -9.3
463.184    17.6    12.7     1.9
464.844   -13.6   -18.0   -14.8
466.504   -12.4   -23.4   -14.8
468.164   -22.4   -28.0   -18.8
469.824   -11.4     1.4   -10.2
471.484    -3.5    14.7    -5.4
473.145    -0.6    10.2    -3.3
474.805    -1.0    -5.1   -10.1
476.465   -14.9   -25.2    -6.7
478.125   -11.0   -23.5    -7.0
479.785   -12.5   -17.7   -18.7
481.445    -1.4     9.5    -6.3
483.105    -5.9    15.0     3.8
484.766   -10.6    -6.8   -10.8
486.426    -5.6   -20.1   -16.7
488.086    -6.2   -12.2    -1.1
489.746    -7.2   -15.8   -18.1
491.406    -5.2   -17.1   -22.5
493.066   -12.6     9.9    -1.0
494.727   -19.4    16.1    -1.7
496.387     8.1   -23.7    -8.3
498.047     1.4   -16.5     3.3
499.707     3.5    -7.9     2.2
501.367    -4.7   -13.0   -17.1
503.027   -12.6    -3.7   -15.7
504.688   -28.7     6.5    -9.7
506.348     4.6    -6.5    -3.7
508.008    11.7   -13.3    -1.4
509.668     8.7   -15.8    -4.3
511.328   -10.1   -12.1    -5.8
512.988   -28.7    -8.0   -23.6
514.648   -23.4    -0.2   -20.1
516.309    -3.5    -6.7     6.3
517.969    -2.1    -5.5     6.3
519.629    27.6   -20.2   -16.0
521.289    -1.6    -9.3    -8.4
522.949   -14.7     0.7     0.5
524.609   -34.9    -7.7   -24.7
526.270   -27.0   -15.9   -19.0
527.930     0.7     8.7    20.2
529.590    23.3   -15.2    -9.4
531.250     6.1   -15.0    -2.1
532.910     5.5   -15.0    -0.9
534.570   -41.6   -14.1   -37.5
536.230   -27.7   -22.0   -38.7
537.891     4.0     7.1    16.1
539.551    14.5    -1.9     0.9
541.211    18.6   -22.7   -13.1
542.871    -6.6     2.4     5.6
544.531   -33.2    -2.3   -22.6
546.191   -32.4   -20.2   -30.4
547.852   -18.1    -8.4    -4.9
549.512    29.0    -7.5     2.7
551.172    22.4    -7.2     1.9
552.832    -4.2     2.2    -4.6
554.492   -35.6     2.4   -22.2
556.152   -42.3    -6.1   -23.6
557.812   -20.6   -14.1    -7.1
559.473     1.5   -21.2   -19.9
561.133    26.9    -2.8     9.0
562.793    23.5    14.4    22.1
564.453    -3.5     0.7   -13.9
566.113   -44.1   -15.6   -30.0
567.773   -17.8   -16.7   -11.8
569.434    18.3   -15.1    -5.9
571.094    21.6   -22.5    -8.8
572.754     4.0    23.6     4.3
574.414   -18.8   -16.2   -26.4
576.074   -39.5   -25.1   -22.0
577.734   -41.6   -21.3   -18.7
579.395     5.5   -24.5   -10.9
581.055    21.2    -7.2    -5.2
582.715     9.4    23.3    11.8
584.375   -12.1     2.3   -10.6
586.035   -30.2   -27.3   -25.6
587.695   -31.8   -25.7   -16.1
589.355    -0.2   -10.2    -6.0
591.016    17.2     3.1     7.1
592.676     3.2    12.4     3.2
594.336    -5.4     5.1    -8.2
595.996   -16.6   -16.8   -19.9
597.656   -19.4   -23.3   -15.5
599.316   -19.1   -17.0   -22.4
600.977     5.4     3.3     7.4
602.637     5.5    11.6    15.6
604.297     1.3   -14.8   -18.5
605.957     1.3   -16.1   -16.1
607.617   -19.6   -16.0   -11.9
609.277    -9.9   -20.1   -25.3
610.938   -14.5   -15.0   -18.3
612.598   -15.3     0.6    -4.8
614.258    -6.5   -13.6   -14.5
615.918     0.7   -16.8   -11.7
617.578     1.7    -6.6     2.6
619.238    -3.3    -4.5   -14.7
620.898   -33.0    -8.7   -11.7
622.559   -28.3    -8.6    -7.1
624.219     1.6   -22.8   -12.4
625.879     7.9   -19.7    -7.9
627.539    11.0     5.3     0.4
629.199    -6.9     2.4    -6.2
630.859   -31.8    -6.0   -14.6
632.520   -34.3   -27.4   -19.6
634.180   -15.9   -26.2    -9.0
635.840     4.5   -12.9    -3.9
637.500    22.6     6.2    -3.2
639.160     6.7    12.2    -2.6
640.820    -5.0    11.8    -3.4
642.480   -34.6   -16.7   -19.2
644.141   -21.9   -34.3   -18.9
645.801     9.4    -9.5     4.2
647.461    18.8    10.2     3.3
649.121    19.9     8.9    -2.4
650.781    -2.6     2.7    -6.0
652.441   -25.8    -5.3    -9.6
654.102   -43.3   -37.4   -30.6
655.762   -17.4   -24.2   -18.0
657.422     8.9    10.6     5.5
659.082     9.4     8.0    -7.6
660.742   -22.7     2.0   -16.0
662.402   -36.0   -29.8   -24.7
664.062   -20.3   -33.9   -19.1
665.723     8.1   -21.5    -3.0
667.383     9.8    12.0     6.8
669.043     3.7     0.0    -9.5
670.703   -19.2   -10.8   -11.5
672.363   -35.2   -13.5   -16.2
674.023   -26.4   -19.2   -19.6
675.684     1.3    -7.7     2.6
677.344     8.5    -8.5     3.1
679.004     2.3     0.1   -16.0
680.664   -13.9     5.3    -3.8
682.324   -25.1   -15.3   -16.4
683.984   -15.2   -24.0   -27.0
685.645    -3.3   -12.4     5.3
687.305     2.9     2.2    13.4
688.965     1.0   -10.7   -25.4
690.625    -8.1    -1.1    -6.3
692.285   -15.4     8.0     2.9
693.945   -10.7   -22.1   -30.8
695.605     2.7    -5.3    11.0
697.266     2.0    -0.4     2.2
698.926    -2.3   -21.9   -34.0
700.586   -14.2   -10.2   -13.6
702.246   -13.6    -4.7   -14.4
703.906    -7.6   -20.9   -26.9
705.566     5.4   -21.6    -5.9
707.227    -2.6    -2.9     3.8
708.887    -7.5    -4.2   -11.4
710.547    -9.5    -8.5   -15.6
712.207   -14.1    -2.7    -4.7
713.867   -13.0     3.2   -10.1
715.527     1.3   -20.8   -15.5
717.188     7.7   -13.3    -4.8
718.848     3.1   -14.6    -8.7
720.508   -14.7     2.1    -3.5
722.168   -14.0    -7.8   -11.9
723.828   -13.2    -9.6   -11.2
725.488    -2.6   -14.5     3.0
727.148     0.6   -20.6    -3.5
728.809     0.3    -4.6   -10.1
730.469    -8.9    17.9     1.5
732.129    -9.9    -1.5   -19.9
733.789   -12.1   -25.6   -22.0
735.449    -6.7   -19.7     3.8
737.109     6.8   -18.9    -4.7
738.770    -1.3    15.0    -0.3
740.430   -21.3    22.9     1.5
742.090   -20.5    25.5    -3.1
743.750   -10.8   -30.3   -17.0
745.410    -4.7   -23.6    -0.4
747.070     2.3   -14.7    -6.0
748.730     7.4   -10.6    -4.5
750.391    -6.8    11.4   -10.6
752.051   -21.9     7.9    -9.4
753.711     0.0   -26.8    -4.7
755.371    11.7   -29.2    -0.7
757.031     6.7   -15.9    -5.1
758.691    -3.2    -0.6    -4.4
760.352   -18.0    19.5   -14.3
762.012   -23.4    -4.4   -19.9
763.672   -12.8   -15.3    -5.1
765.332     2.1   -26.6    -2.0
766.992    16.5   -23.1   -11.7
768.652     4.6    -1.4    -3.0
770.312   -18.0    21.1    -7.4
771.973   -20.9     4.9   -27.6
773.633     2.4   -13.5     8.6
775.293    13.0   -26.8    -1.8
776.953     8.4   -27.4   -26.3
778.613    -1.2    -6.2   -12.7
780.273   -37.1    20.7    -0.9
781.934   -16.5    -5.9   -25.1
783.594     9.7   -15.4     5.7
785.254    22.1    -8.8    19.2
786.914    -5.4   -21.9   -22.4
788.574   -22.6     2.9    -4.7
790.234   -27.2     4.7    -4.8
791.895   -16.1    -6.9   -18.9
793.555     8.3   -10.2    -0.7
795.215    19.7   -12.7     5.2
796.875    20.0   -16.4    -4.6
798.535   -35.6     0.2   -12.4
800.195   -34.6    -1.5   -28.3
801.855   -12.1    -9.2   -15.8
803.516    20.6    10.7    10.9
805.176    26.6     2.0    12.0
806.836   -10.1    -9.8    -0.9
808.496   -28.8    -3.0   -14.5
810.156   -47.6    -9.4   -28.8
811.816   -14.7    -2.3    -5.4
813.477    21.6    19.6    14.8
815.137    10.9   -19.2    -9.2
816.797    -6.9   -24.6   -10.7
818.457   -32.4    -5.7   -11.4
820.117   -33.7   -21.4   -29.6
821.777   -12.4   -12.5   -14.4
823.438    11.1    14.0    12.5
825.098    19.0    11.4    11.8
826.758   -17.9   -25.8   -24.5
828.418   -31.3   -17.4   -18.2
830.078   -24.3   -11.0   -10.3
831.738    -1.4     3.6    -2.2
833.398     8.4     8.6     1.8
835.059    13.1     3.5    -3.2
836.719   -15.9   -25.2   -23.9
838.379   -26.2   -20.2   -10.7
840.039   -11.5    -6.2   -12.8
841.699     0.3    -2.1    -9.0
843.359     7.8     7.8     3.2
845.020   -12.7   -11.3   -23.8
846.680   -19.7   -28.6   -12.4
848.340   -23.6   -20.4     0.1
850.000     8.0     1.9   -10.2
851.660    11.7     7.7    -6.5
853.320     6.0    18.1    13.1
854.980   -16.2   -23.6   -33.4
856.641   -18.8   -22.5   -10.2
858.301   -12.6    -4.9     0.3
859.961    22.2    -3.3    -8.1
861.621    13.3     7.6     3.0
863.281    -9.6    13.4     7.2
864.941   -15.8     1.0   -11.6
866.602   -23.1   -30.8   -16.5
868.262    -8.6    -8.7     2.9
869.922    18.2    13.3     3.9
871.582     5.5     1.0    -8.7
873.242   -15.4    -1.6   -14.5
874.902   -28.1   -26.9   -26.5
876.562   -22.2   -27.8   -14.7
878.223    -1.6   -13.9     0.0
879.883    18.0    14.7    12.1
881.543    -6.8     0.4   -14.4
883.203   -17.6   -15.2   -20.4
884.863   -28.9   -21.8   -18.2
886.523   -13.2   -14.0    -8.9
888.184     9.0    -1.9    -1.0
889.844    15.2     9.1     3.7
891.504     4.2    16.4     6.3
893.164   -11.6   -14.2   -19.9
894.824   -18.6   -28.1   -27.9
896.484   -19.7   -12.8    -4.6
898.145    -7.0    -4.9     3.2
899.805     9.8     5.2   -24.2
901.465    -0.5     6.9    -2.9
903.125   -11.7    -9.5   -11.9
904.785    -5.1   -28.0   -15.4
906.445    -8.1   -17.5    -6.8
908.105   -11.8    -6.4    -4.3
909.766    -3.0     1.7    -5.0
911.426    -4.7     0.7    -5.5
913.086    -2.1    -9.5   -10.3
914.746     2.3   -20.7    -4.7
916.406     2.1   -19.8    -4.2
918.066   -14.0    -6.8   -13.5
919.727   -19.8     5.3    -4.3
921.387    -4.3    -7.4   -13.9
923.047    10.9   -17.7   -17.8
924.707    12.8    -9.3     7.2
926.367     5.1    -1.9     4.3
928.027   -18.3   -10.5   -23.8
929.688   -36.0   -12.4   -22.9
931.348   -15.9     7.6     1.9
933.008    16.0   -10.9   -14.8
934.668    26.3    -4.5    20.4
936.328     8.8     4.4    18.3
937.988   -30.7   -10.6   -26.0
939.648   -50.0   -14.5   -24.7
941.309    -8.2    10.4     9.8
942.969    35.5   -10.6   -10.9
944.629    46.5   -15.6    -2.3
946.289    11.3     2.8    16.6
947.949   -43.8   -16.1   -34.2
949.609   -56.7   -26.5   -48.9
951.270   -30.3     2.8     0.0
952.930    36.4    -0.8     4.7
954.590    59.2    -7.6     6.5
956.250    47.5    -3.7    18.2
957.910   -67.3   -24.3   -41.0
959.570   -69.3   -24.1   -42.3
961.230    17.3     1.2     2.3
962.891    44.4     4.4    10.5
964.551    56.6     8.7    18.3
966.211    17.6    -4.0     1.4
967.871   -70.3   -26.4   -36.1
969.531   -69.9   -21.5   -27.7
971.191   -41.2    -9.2   -16.3
972.852    25.7    -3.8    -5.3
974.512    52.3    14.1    27.1
976.172    40.2     9.3    24.2
977.832   -20.1   -25.2   -30.2
979.492   -65.7   -26.9   -31.8
981.152   -42.2    -3.2   -12.3
982.812    35.6    -5.4    -2.3
984.473    53.0     3.5    16.1
986.133    32.4    11.1    18.2
987.793   -20.1   -20.2   -23.1
989.453   -54.1   -20.2   -28.4
991.113   -41.8    -1.7   -16.9
992.773    19.3    -9.5    -0.3
994.434    40.4    -4.5     7.0
996.094    19.1     2.1     5.4
997.754   -29.4   -15.6   -23.3
999.414   -40.8   -16.1   -22.7
1001.074   -13.0    -4.4    -7.2
1002.734     7.0    -8.6    -3.7
1004.395    24.2   -11.0     0.7
1006.055     1.0   -12.2    -8.5
1007.715   -17.6     0.6   -10.7
1009.375   -26.2     6.3    -3.3
1011.035   -14.0    -2.9   -14.7
1012.695    -0.1   -19.4    -6.4
1014.355    -1.1   -14.7     1.7
1016.016    -2.7   -11.0   -17.3
1017.676     0.1    -3.8    -9.4
1019.336   -11.9    13.4     9.9
1020.996   -17.5    -6.4   -26.4
1022.656    -8.7   -29.1   -18.1
1024.316   -10.4   -16.6     1.6
1025.977    -2.7   -14.3     2.2
1027.637     7.0     5.8    -7.5
1029.297   -12.3    13.5    -8.9
1030.957   -11.2     0.0   -19.0
1032.617   -23.8   -33.4   -13.2
1034.277   -14.7   -17.5    -6.5
1035.938     3.2    -4.3    -5.4
1037.598    17.2    18.5     5.5
1039.258    -7.7    17.5   -11.0
1040.918   -21.5   -10.6   -19.3
1042.578   -23.2   -33.4   -17.3
1044.238   -10.1   -33.7   -17.3
1045.898     4.0   -14.4    -0.7
1047.559     9.2    15.0    13.1
1049.219     1.8    26.3    -8.4
1050.879    -9.5     6.5   -23.2
1052.539   -25.6   -28.5   -12.4
1054.199     5.7   -27.4   -15.2
1055.859     5.2   -18.9    -7.5
1057.520     5.8    31.4     8.4
1059.180   -13.5    20.6    -8.1
1060.840   -19.3    -9.3   -25.4
1062.500   -19.6   -31.8   -12.4
1064.160    -2.7   -25.2    -5.4
1065.820     8.7    -5.5    -3.3
1067.480     2.9    24.7     4.4
1069.141   -27.7    12.2   -15.2
1070.801   -33.5   -12.3   -26.0
1072.461   -11.1   -32.9   -11.9
1074.121    19.8   -18.0     4.5
1075.781    13.6     1.9    -1.8
1077.441    -5.6    15.3    -1.5
1079.102   -32.5    11.5    -8.9
1080.762   -31.0   -27.5   -23.0
1082.422     2.6   -29.5     0.1
1084.082    30.1    -8.6     6.5
1085.742    15.3    11.5     1.3
1087.402   -11.4    16.1     1.7
1089.062   -47.1   -10.5   -31.2
1090.723   -44.2   -35.2   -43.7
1092.383    10.5   -16.8    16.1
1094.043    27.7    -1.6    18.5
1095.703    40.3     4.3    -4.7
1097.363   -40.9    11.7    -3.5
1099.023   -53.2   -20.8   -36.5
1100.684   -49.0   -29.6   -43.0
1102.344     8.9    -9.6    17.5
1104.004    38.1     7.6    15.6
1105.664    26.4     6.6    -9.8
1107.324    -8.6    11.1    -5.3
1108.984   -45.5     1.0    -9.2
1110.645   -52.5   -16.0   -26.3
1112.305     4.0   -17.9     6.5
1113.965    10.1   -13.7     9.3
1115.625    28.3    13.0    10.4
1117.285     0.6     5.6   -11.4
1118.945   -24.0     0.3   -18.4
1120.605   -37.8   -25.2   -23.6
1122.266   -21.8   -33.9   -17.3
1123.926    -8.4   -26.6   -10.8
1125.586    16.8    -3.2     8.6
1127.246    15.4    17.4     0.0
1128.906   -11.9    -1.0   -15.5
1130.566   -23.3   -15.3   -18.6
1132.227   -25.6   -20.0   -21.6
1133.887   -12.3   -22.6    -5.2
1135.547     9.0   -14.9   -13.1
1137.207     5.9     7.5     1.4
1138.867    -4.7     8.0    -2.3
1140.527    -4.2   -10.0   -17.5
1142.188   -25.1   -16.1    -5.5
1143.848   -16.4   -24.2   -15.1
1145.508   -11.7   -25.9   -18.8
1147.168     8.5     8.0     3.6
1148.828     9.5    26.6    11.3
1150.488    -8.8   -18.2   -18.5
1152.148   -11.1   -22.1   -16.8
1153.809   -26.6   -26.1   -14.8
1155.469   -15.9   -23.9   -13.4
1157.129    -8.7   -11.2   -11.4
1158.789     6.3    26.2     4.1
1160.449    11.9    12.9    -0.6
1162.109    -1.3   -14.5   -10.2
1163.770   -31.6   -35.3   -23.0
1165.430   -36.2   -38.1   -24.0
1167.090   -23.4    -6.9    -4.2
1168.750    15.8    21.3    -2.5
1170.410    10.5    14.9    -2.6
1172.070    20.9     7.3     5.1
1173.730   -29.0   -46.6   -35.3
1175.391   -26.8   -46.8   -31.4
1177.051   -23.7     4.2     7.6
1178.711    14.5    27.3     2.5
1180.371    20.5    12.0   -15.8
1182.031     7.3    -3.6     4.1
1183.691   -14.4   -29.5    -6.9
1185.352   -22.3   -54.2   -38.9
1187.012   -27.4    13.8     5.9
1188.672    -4.0    27.1    -6.8
1190.332    16.6     4.7   -19.2
1191.992    18.6   -18.8     0.0
1193.652    -6.2   -34.6   -11.8
1195.312   -20.2   -13.9   -15.5
1196.973   -20.7   -15.4   -16.0
1198.633   -30.7    35.9    -2.1
1200.293     2.7    -7.1   -10.5
1201.953    20.0   -17.5    -5.4
1203.613    18.8   -30.9     1.5
1205.273    -6.3   -20.0   -13.9
1206.934   -28.8     0.7   -16.6
1208.594   -26.7    11.4   -21.2
1210.254     2.5    -6.0     0.5
1211.914    36.2   -25.5     2.2
1213.574    27.8   -34.2   -13.5
1215.234   -15.5    -3.3    -3.5
1216.895   -39.6    20.3    -3.7
1218.555   -46.4     3.5   -34.6
1220.215   -22.4   -13.2   -27.6
1221.875    21.6   -11.2    16.3
1223.535    40.7   -30.0    -1.7
1225.195    38.9   -29.0    -1.8
1226.855   -23.0    10.3    -6.6
1228.516   -57.2    14.6   -25.1
1230.176   -25.1   -23.5   -25.7
1231.836    32.6   -18.9    17.4
1233.496    47.3   -17.1    20.0
1235.156    22.9    -8.4    -8.1
1236.816    -7.1     5.5   -10.8
1238.477   -61.0    -4.4   -34.8
1240.137   -46.9   -22.4   -30.9
1241.797     5.8   -25.0    -5.9
1243.457    51.1    -9.1    22.9
1245.117    24.3     2.2     5.2
1246.777   -39.6     7.9   -17.5
1248.438   -60.8    -1.0   -28.5
1250.098   -26.7   -24.4   -22.9
1251.758    28.1   -16.1    13.2
1253.418    46.7   -12.7    16.9
1255.078     9.7    12.1    -4.8
1256.738   -51.2     3.7   -24.0
1258.398   -59.7   -16.7   -46.1
1260.059   -14.8   -25.5   -14.9
1261.719    17.2   -13.5    20.2
1263.379    38.1    -3.1    -7.6
1265.039     8.8    -0.1    -7.3
1266.699   -41.7    11.3    -6.7
1268.359   -48.6   -17.8   -33.8
1270.020   -13.4   -31.5   -24.0
1271.680    15.2    -7.5    13.3
1273.340    33.1     0.6    11.2
1275.000     8.9     1.1    -7.3
1276.660    -5.5     5.0    -2.8
1278.320   -50.6    -4.9   -28.5
1279.980   -19.4   -24.8   -18.0
1281.641    12.1    -8.7     1.7
1283.301    27.0     1.8    10.6
1284.961    15.7     3.6     5.2
1286.621    -3.4     6.3    -5.6
1288.281   -28.0    -9.1   -22.5
1289.941   -21.0   -17.8    -6.3
1291.602    -9.5   -18.4    -9.9
1293.262     8.2   -10.4    -8.5
1294.922     6.9    10.8     8.0
1296.582    -5.7     6.6    -7.9
1298.242   -13.4   -18.9   -20.4
1299.902   -16.8   -18.2   -18.4
1301.562   -10.9   -16.5   -14.5
1303.223   -13.3   -13.4   -11.4
1304.883     0.4     9.8     5.1
1306.543    -5.5    12.7     0.9
1308.203    -5.2   -10.0   -14.5
1309.863   -20.4   -18.3   -11.0
1311.523   -23.7   -14.8    -7.6
1313.184   -14.3   -14.8   -12.7
1314.844     6.8     4.9    -1.5
1316.504     5.9     9.9     2.7
1318.164     5.1     4.2     0.9
1319.824    -5.8   -15.8   -13.4
1321.484   -22.7   -19.9   -16.0
1323.145   -17.7    -9.9   -11.0
1324.805    10.9     8.9     1.6
1326.465    12.4     7.8     2.0
1328.125     6.8     0.1    -8.7
1329.785    -9.2   -21.1   -13.1
1331.445   -23.5   -26.0   -18.2
1333.105   -21.0   -14.8   -21.5
1334.766    -4.9    12.5    10.0
1336.426    12.9     6.3     2.6
1338.086     2.2   -21.0   -25.2
1339.746   -26.4   -13.9     4.6
1341.406   -25.4   -13.4    -3.9
1343.066   -12.2   -19.0   -29.3
1344.727    -2.1    22.3    17.6
1346.387    13.4    16.8    12.6
1348.047     2.2   -29.7   -27.7
1349.707   -18.0   -14.7     1.5
1351.367   -24.7   -10.7   -13.3
1353.027   -14.5   -16.3   -26.6
1354.688    -7.7    -5.4   -17.8
1356.348     8.5    18.3    15.6
1358.008     5.2   -13.2   -17.8
1359.668    -7.0   -30.6   -22.5
1361.328   -17.4   -20.6    -3.8
1362.988   -12.1    -5.4   -18.2
1364.648     3.6    14.1     4.7
1366.309     0.4     9.6     3.4
1367.969     5.2    10.6     5.0
1369.629    -5.6   -31.1   -14.3
1371.289    -9.0   -29.5   -14.5
1372.949   -12.0     0.9    -9.9
1374.609    -8.8     7.2    -5.6
1376.270    -4.4     2.5    -9.8
1377.930    -0.3    -7.6   -12.4
1379.590   -13.0   -12.9    -1.4
1381.250    -9.4   -16.9   -15.2
1382.910   -10.5   -16.8   -28.3
1384.570    -9.7     5.0    -1.6
1386.230     1.3    -4.7   -11.3
1387.891     2.0   -18.6   -21.8
1389.551    -4.2    -8.5    -2.6
1391.211    -7.2    -1.5     5.4
1392.871    -7.2    -9.5    -4.6
1394.531    -9.8    -1.5    -6.5
1396.191   -16.3     4.5    -4.4
1397.852    -8.1    -8.2   -15.8
1399.512     0.0   -18.4   -21.1
1401.172    -5.0   -12.9    -9.5
1402.832    -2.7   -10.5    -1.8
1404.492    -4.8   -11.8    -4.5
1406.152   -10.8    -6.4   -14.5
1407.812   -18.3     3.4    -8.1
1409.473    -9.5   -15.3    -9.9
1411.133     5.3    -9.2    -2.3
1412.793     8.7    -3.6    -2.4
1414.453    -3.1    -6.2    -4.1
1416.113    -8.4    -8.6    -9.5
1417.773   -17.6    -9.4   -16.6
1419.434   -12.6    -3.1   -13.4
1421.094    -6.6    -3.0     1.4
1422.754    -0.1   -14.2   -14.4
1424.414     0.5   -13.4   -12.1
1426.074    -7.7     2.5     0.2
1427.734   -14.9    -3.6   -11.2
1429.395   -11.5   -14.2   -19.8
1431.055   -10.6    -1.4    -1.1
1432.715    -4.8    -9.2    -4.3
1434.375     5.7   -19.0   -15.3
1436.035     1.3    -1.9     3.7
1437.695   -11.1    14.9    10.6
1439.355   -16.6    -6.6   -27.7
1441.016    -6.9    -8.8   -20.8
1442.676    -5.5    -9.3    -1.1
1444.336     1.6   -20.4   -15.1
1445.996     0.4   -26.6   -14.6
1447.656   -12.2    11.3     1.2
1449.316   -19.3    16.8    -6.3
1450.977    -7.4     5.5    -9.9
1452.637    -4.3   -22.6   -12.6
1454.297    -7.2   -34.9   -19.2
1455.957    -3.8   -19.1    -1.8
1457.617    -3.3     2.4     0.6
1459.277    -1.7    15.7    -7.9
1460.938    -7.7     3.7     0.8
1462.598    -9.9   -19.3   -13.3
1464.258     0.0   -48.7   -21.4
1465.918    -7.8   -16.0    -0.6
1467.578   -19.8    20.0    -2.9
1469.238    -4.1    14.8   -14.0
1470.898     1.9    11.6     0.8
1472.559     2.5   -30.7    -9.9
1474.219    -0.4   -53.8   -22.3
1475.879   -12.6   -39.3   -16.8
1477.539   -19.5    17.4     1.3
1479.199   -12.9    19.6   -13.1
1480.859   -12.3    14.3   -13.8
1482.520    16.7   -18.6     5.7
1484.180     8.3   -49.9   -14.6
1485.840    -3.2   -50.5   -19.1
1487.500   -33.6    13.7    -5.9
1489.160   -36.1    25.4   -10.5
1490.820     2.4    10.8    -8.5
1492.480    13.2    -1.8    -4.1
1494.141    12.5   -38.1    -7.7
1495.801     0.0   -39.8   -17.0
1497.461   -30.1   -13.2   -13.0
1499.121   -50.2    19.4   -22.0
1500.781   -16.8    13.6   -13.4
1502.441    24.0    -1.8    11.3
1504.102    37.7   -31.9     0.2
1505.762    32.5   -37.9   -12.0
1507.422   -30.9   -10.7    -6.0
1509.082   -59.6    10.1   -36.7
1510.742   -20.8     5.3   -26.8
1512.402    -7.1     5.0   -16.4
1514.062    46.0    -8.3    23.5
1515.723    53.0   -28.6    -2.0
1517.383    -0.2   -19.5   -12.0
1519.043   -70.5     8.1   -20.2
1520.703   -69.2    -3.5   -40.1
1522.363    24.6     4.5    15.1
1524.023    37.3     0.2    25.4
1525.684    60.7    -3.2    17.2
1527.344    19.4   -19.9    -5.6
1529.004   -56.9     1.5   -20.6
1530.664   -70.1    -1.8   -34.3
1532.324    -2.9   -15.6    -9.6
1533.984    47.7    -9.6     8.9
1535.645    45.7    -0.8    11.8
1537.305    35.6    -1.3     9.6
1538.965   -38.5    -7.1   -21.3
1540.625   -73.1   -10.7   -31.3
1542.285   -40.7   -10.0   -15.0
1543.945    34.6   -11.6     2.8
1545.605    52.0     0.0    19.4
1547.266    15.4    10.0     5.7
1548.926   -49.3    -7.1   -30.3
1550.586   -49.5   -18.8   -29.3
1552.246   -30.0   -14.4   -19.8
1553.906   -10.7    -8.8    -8.5
1555.566    37.2    -8.9     6.6
1557.227    11.6     4.8     5.9
1558.887   -42.2    -4.5   -22.5
1560.547   -43.9   -14.2   -32.5
1562.207   -12.8   -20.7    -5.6
1563.867   -12.0   -20.3    -6.2
1565.527    19.5    -8.2    -1.0
1567.188    19.6    -2.8    -0.7
1568.848    -8.3     4.2    -3.1
1570.508   -32.3    -0.8   -11.6
1572.168    -9.9   -16.1   -19.1
1573.828    -1.3   -15.4   -13.7
1575.488    -3.9   -10.7    -9.9
1577.148    -2.9    -8.5    -4.7
1578.809   -11.9    -2.3    -7.7
1580.469   -14.7    -3.7   -15.2
1582.129    -5.3    -8.6    -7.1
1583.789     1.3   -12.9    -1.4
1585.449    -9.1   -18.7   -16.9
1587.109   -14.0   -10.5   -15.7
1588.770   -18.6     7.3    -2.5
1590.430     9.1    -6.8   -20.3
1592.090    17.9    -8.2     4.4
1593.750    10.0    -2.0    13.2
1595.410    -8.5   -19.4   -17.6
1597.070   -36.9   -14.9   -19.4
1598.730   -33.6     6.2     9.2
1600.391     6.9   -13.0   -22.0
1602.051    25.7    -0.3    12.5
1603.711    11.3     7.8    14.0
1605.371   -19.8   -21.4   -33.2
1607.031   -37.5   -26.6   -40.1
1608.691   -24.1     8.8     9.9
1610.352   -11.5     4.5    -2.4
1612.012    23.6   -15.4   -13.7
1613.672    26.3    -3.6    11.5
1615.332   -29.9   -22.1   -31.2
1616.992   -28.7   -23.0   -29.9
1618.652   -40.6   -19.0   -20.8
1620.312   -30.3    -1.4    -3.5
1621.973    21.4    -5.9    -1.2
1623.633    28.3    -7.4     4.7
1625.293   -14.0   -10.4   -19.7
1626.953   -27.4    -8.6   -19.3
1628.613   -34.1    -3.3   -12.5
1630.273   -30.1    -5.7   -17.9
1631.934    -6.0   -16.1   -11.9
1633.594    15.8    -1.4    15.7
1635.254    16.1    -4.7     2.9
1636.914   -19.9   -12.9   -22.0
1638.574   -35.3     4.4    -3.7
1640.234   -25.5     1.0    -9.8
1641.895     2.0   -23.3   -18.7
1643.555    13.5    -4.6    10.8
1645.215     4.4    -0.8     5.3
1646.875     0.5   -13.5   -18.4
1648.535   -23.4    -3.0    -2.7
1650.195   -18.8    12.3    -2.4
1651.855    -6.3   -24.8   -18.0
1653.516    -5.7   -28.0   -20.1
1655.176     2.5    -2.2     5.9
1656.836     3.0    -4.1    -4.6
1658.496    -9.2    -6.6   -20.4
1660.156   -18.4     4.9    -6.7
1661.816   -10.1   -13.4   -13.3
1663.477     0.9   -26.2   -10.8
1665.137     4.4   -21.8   -10.2
1666.797    -5.1    -2.2    -6.0
1668.457    -5.8     2.6    -5.2
1670.117    -3.9     4.5    -8.2
1671.777   -13.6   -12.4   -18.9
1673.438   -11.5   -13.3    -6.0
1675.098    -6.0   -22.5    -6.7
1676.758    -2.1    -7.6   -12.6
1678.418    -0.9    -7.3   -13.3
1680.078    -6.6    12.8    -4.3
1681.738    -9.7   -17.0   -29.0
1683.398   -15.1   -13.9     1.1
1685.059   -15.0   -14.5     4.4
1686.719    -1.3   -18.8   -19.6
1688.379     5.4     8.0     3.3
1690.039    -2.6    17.4     7.6
1691.699   -14.5    -1.8   -20.4
1693.359   -10.6   -25.4   -15.2
1695.020   -12.4   -17.0    -0.7
1696.680     4.1   -11.9   -10.8
1698.340     3.9   -11.3    -9.8

Event #14  ts=2026-09-25 13:03:01.432  [SELECTED]
  t[ns]  u1[mV]  u2[mV]  u3[mV]
  0.000   -43.5    -4.6   -20.5
  1.660    -0.2     0.5    -2.3
  3.320   -25.9   -23.8   -22.3
  4.980   -31.9   -31.9   -30.1
  6.641   -24.7   -29.0   -25.7
  8.301     9.7    21.8    18.7
  9.961    21.1    30.4    14.1
 11.621    11.5     2.6   -11.9
 13.281   -26.6   -24.1    -9.3
 14.941   -30.7   -27.8   -20.0
 16.602    -6.2   -16.5   -18.3
 18.262    -0.1     3.1     0.7
 19.922    14.3    33.8    15.6
 21.582    11.2    17.2    -8.7
 23.242    -7.7   -24.4   -24.9
 24.902   -21.7   -39.3   -18.3
 26.562   -24.7   -32.5   -12.6
 28.223     6.2    13.4    -4.7
 29.883     2.0    24.9     3.5
 31.543    -3.6    18.4     2.3
 33.203    -6.2   -14.4   -16.3
 34.863   -19.8   -40.8   -15.4
 36.523   -11.8   -17.0    -4.7
 38.184    -5.3    -4.0    -4.5
 39.844     3.3    18.4    -4.9
 41.504   -23.1     6.9   -10.3
 43.164   -17.9    -9.3    -3.3
 44.824    -4.5   -35.2   -14.3
 46.484     2.2   -38.3   -14.6
 48.145    -1.6   -18.6    -3.2
 49.805    -1.0    23.3    10.1
 51.465   -17.2     6.3   -29.4
 53.125   -26.1    -9.5   -25.2
 54.785   -10.4   -19.9     0.3
 56.445    11.1   -30.6   -14.3
 58.105    16.9   -18.3    -4.6
 59.766     1.4     8.9     9.8
 61.426   -27.6    12.1   -31.6
 63.086   -31.3    -8.7   -36.7
 64.746   -16.3   -20.5    -5.3
 66.406    12.2   -15.3     8.5
 68.066    28.1   -20.1    -6.9
 69.727     8.7    -2.9    -4.0
 71.387   -38.5    12.2   -16.2
 73.047   -45.2    -9.2   -26.7
 74.707   -31.8   -20.6   -28.6
 76.367    -1.1   -18.2    -8.6
 78.027    26.2    -7.5     3.6
 79.688    13.4    -7.7     4.2
 81.348     1.7    -6.5    -0.2
 83.008   -42.0    -7.7   -30.2
 84.668   -39.7    -8.5   -31.1
 86.328   -14.6   -10.7   -11.0
 87.988    32.0    -5.0    10.0
 89.648    22.0    -9.7     4.3
 91.309    19.9    -5.8    -3.2
 92.969   -13.1   -10.1   -15.3
 94.629   -37.1    -7.0   -23.4
 96.289   -20.4    -3.0    -8.1
 97.949    14.0     1.2    15.4
 99.609    29.2    -5.3    -2.5
101.270   -17.6   -18.5   -15.3
102.930   -29.7   -19.3   -14.7
104.590   -45.8   -10.0   -24.1
106.250   -12.9     2.5   -12.0
107.910    10.3     6.7    11.1
109.570    25.9    -1.1     0.9
111.230    26.3    -7.8    -3.6
112.891   -16.8   -31.4   -15.7
114.551   -30.5    -5.5   -20.1
116.211   -17.8     0.0   -24.8
117.871    -1.2    11.6    -7.1
119.531    -0.4    12.4     7.8
121.191    16.9   -29.8   -10.8
122.852     9.2   -34.9   -11.4
124.512   -23.1   -21.0   -17.8
126.172   -25.2     2.2   -14.9
127.832   -18.3    14.3    -9.3
129.492    -1.2     7.6     0.9
131.152    14.5   -21.1     0.4
132.812     5.9   -29.3    -7.8
134.473   -10.6   -27.2   -21.9
136.133   -15.2     2.6    -7.8
137.793   -18.8    13.4     4.3
139.453   -15.3    12.4    -7.4
141.113     2.8   -17.2   -14.5
142.773     0.5   -24.5    -0.7
144.434    -3.8   -16.9   -18.2
146.094    -8.7     7.1    -2.8
147.754   -19.1    15.8    -2.7
149.414   -24.4    12.3   -15.5
151.074    -3.3   -26.2   -13.3
152.734     3.8   -31.8    -6.6
154.395     5.7   -13.8    -8.7
156.055    -9.9     1.2    -8.5
157.715   -16.0     7.6    -5.0
159.375   -23.6    13.1   -12.8
161.035   -18.9   -20.3   -16.9
162.695    -1.4   -31.6   -10.3
164.355    12.3   -17.4     0.0
166.016    -8.5     3.7    -8.8
167.676   -17.6     9.9   -11.6
169.336   -20.1     6.4    -9.1
170.996   -23.6    -4.4   -14.6
172.656     5.6   -32.2    -9.7
174.316    17.8   -10.0     4.9
175.977    16.6    -7.2     5.8
177.637     2.2     2.9    -4.0
179.297   -23.9    10.4    -5.6
180.957   -32.0     6.2    -4.8
182.617   -15.4   -15.7   -21.2
184.277    12.0   -28.3   -14.8
185.938    15.8   -23.2    10.7
187.598    -3.1     3.2   -21.9
189.258   -22.8    -1.9   -25.5
190.918   -39.6     1.2    -5.7
192.578   -25.5    -7.0    -7.1
194.238     8.0   -25.8   -16.6
195.898    21.3   -15.1     7.7
197.559     9.8    -4.9     7.0
199.219   -27.4    -2.8   -28.8
200.879   -39.0    -0.4    -8.3
202.539   -25.6    -0.5     2.6
204.199    18.0   -19.3    -8.5
205.859    29.1   -17.4    -6.3
207.520     7.4    -4.9     0.1
209.180   -21.4    -4.6    -8.2
210.840   -45.7   -10.8   -21.4
212.500   -15.9    -2.0   -14.3
214.160    -2.8    -5.8   -10.8
215.820    -0.7   -14.6    -2.7
217.480   -61.3   -42.5   -26.1
219.141  -122.4   -80.8   -64.0
220.801  -135.0   -93.5   -73.8
222.461  -134.4  -110.0  -106.4
224.121   -78.2  -109.8  -107.1
225.781   -24.5   -86.2   -41.9
227.441   -27.7   -80.7   -45.2
229.102   -51.5   -79.3   -58.3
230.762   -69.1   -60.3   -62.7
232.422   -65.6   -38.3   -57.8
234.082   -12.8   -24.2   -34.8
235.742    22.1   -15.7   -15.1
237.402    19.1    -9.6    -7.9
239.062   -15.0   -21.2   -26.6
240.723   -34.6   -33.0   -35.0
242.383   -47.6   -38.7   -32.2
244.043   -20.8   -10.1   -18.1
245.703    -0.4    -4.6   -20.5
247.363    19.4     0.6     1.0
249.023     0.6    -6.7    -7.9
250.684   -32.6   -26.6   -22.8
252.344   -44.1   -25.1   -24.8
254.004   -27.7   -10.5   -14.5
255.664   -13.9     0.0   -15.6
257.324    16.8     0.7    -4.8
258.984    16.1    -8.1    -3.5
260.645   -14.8   -14.9   -17.4
262.305   -38.5   -22.5   -15.6
263.965   -16.7   -14.5   -20.9
265.625    -7.5    -7.1   -16.3
267.285     4.4    -3.4   -13.2
268.945    -4.2     0.5    -0.7
270.605   -11.8   -14.3   -13.6
272.266   -17.7   -15.1    -6.9
273.926   -15.5   -16.0    -7.8
275.586   -11.9   -13.0   -19.5
277.246    -6.5   -15.0   -23.0
278.906    -8.6    -2.0    -0.1
280.566   -11.3    -2.5    -0.9
282.227    -1.1   -13.3   -14.7
283.887    -8.9    -5.6     0.7
285.547   -13.4    -5.3     2.5
287.207   -10.5   -20.2   -28.1
288.867   -10.4   -16.6   -20.5
290.527   -21.7     0.7    -3.9
292.188     1.6    -2.8    -9.6
293.848     6.5    -4.1   -13.0
295.508     5.0    -7.8     1.9
297.168    -4.5   -18.6   -12.7
298.828   -19.4   -21.5   -24.2
300.488   -28.6   -12.6   -24.2
302.148    -2.0     5.6     5.9
303.809    13.4    -2.9     1.5
305.469    19.0    -9.1    -6.7
307.129    11.8   -15.1   -10.7
308.789    -0.8   -11.6    -3.6
310.449   -36.9   -19.3   -30.0
312.109   -29.3   -16.2   -22.6
313.770    -2.3    11.6    15.5
315.430    12.2     9.1     5.0
317.090    21.4    -5.9   -15.1
318.750     4.8   -11.9    -0.1
320.410   -26.4    -5.5    -7.2
322.070   -33.1   -22.6   -29.0
323.730    -5.6    10.2    13.4
325.391    -1.5    13.8    16.5
327.051    21.2   -19.7   -12.5
328.711    13.1   -16.7    -2.3
330.371    -0.2    -5.8    -0.7
332.031   -36.1   -15.9   -34.8
333.691   -20.0    -3.4    -1.7
335.352    -4.7     0.8     4.7
337.012    29.6    -7.2     0.3
338.672    18.3   -13.1    -3.7
340.332     4.7    -8.5     0.1
341.992   -10.5    -6.7   -10.6
343.652   -43.0   -16.3   -29.4
345.312   -34.6   -15.5   -22.3
346.973   -10.0    -7.1    -2.5
348.633    21.8     1.5     5.9
350.293    17.1    -9.9     1.8
351.953    17.9   -10.0     2.2
353.613   -34.5   -10.0   -29.5
355.273   -40.9   -12.6   -20.6
356.934   -30.8   -13.6   -12.1
358.594    15.7    -5.8    -5.3
360.254    31.1    -0.9    13.2
361.914    20.5    -1.6    11.4
363.574    -9.1    -9.1   -20.2
365.234   -51.9   -11.2   -19.4
366.895   -46.1    -7.4    -8.6
368.555    -5.6   -13.9   -19.1
370.215    35.9   -11.7    -0.4
371.875    36.0     6.1    24.0
373.535   -26.7   -19.6   -43.0
375.195   -46.4   -19.3   -38.5
376.855   -54.5    -4.3    -7.8
378.516   -43.4    -4.3    -6.4
380.176    18.6   -24.9   -10.4
381.836    33.5    -0.4    12.0
383.496     7.1     4.2    -6.0
385.156   -25.2    -7.5   -22.5
386.816   -54.6   -15.0   -26.8
388.477   -32.5   -10.2    -8.8
390.137    19.7   -13.2    -0.4
391.797    30.1    -9.5    -0.6
393.457    29.1    -6.6    -2.3
395.117   -16.2     4.8    -5.6
396.777   -43.0   -10.9   -33.9
398.438   -36.2   -20.5   -27.3
400.098   -14.8   -12.9    -1.3
401.758    16.0   -10.3    -2.5
403.418    26.8   -17.8    -7.6
405.078     9.9     3.8     5.3
406.738   -24.3    12.3   -20.1
408.398   -35.3   -23.8   -20.5
410.059   -28.8   -25.6   -14.1
411.719    14.2   -10.7    -1.3
413.379    18.9   -16.7    -4.3
415.039    13.9    -8.4   -11.2
416.699   -17.7    12.2    -5.9
418.359   -17.4    13.3    -6.5
420.020   -25.5   -24.5   -20.1
421.680   -17.7   -26.5   -16.1
423.340     7.1   -14.8    -8.1
425.000    12.0     0.4    -1.7
426.660     1.1    10.5    -0.3
428.320   -19.5    -2.7   -18.2
429.980   -20.7   -27.4   -19.6
431.641   -19.7   -28.3   -19.3
433.301   -11.9   -30.4   -19.5
434.961    11.3    -1.5     5.0
436.621     8.6    15.0     7.1
438.281     0.0    14.7    -3.9
439.941   -16.4    -9.8   -19.5
441.602   -30.0   -26.1    -5.1
443.262     4.3   -29.8   -22.5
444.922     4.3   -28.7   -23.1
446.582    11.8     1.0     4.9
448.242     4.1    27.1     8.1
449.902   -11.1     2.7   -22.3
451.562   -18.2   -18.3   -16.5
453.223   -22.6   -17.0    -4.7
454.883   -12.7   -30.8   -27.3
456.543     6.4   -10.3    -0.7
458.203     4.4    -1.3     4.5
459.863    -2.5    19.1    -9.7
461.523   -10.1   -12.2   -28.9
463.184   -22.7   -23.8   -14.6
464.844   -19.8   -27.1    -7.3
466.504     1.2   -21.5    -9.0
468.164     6.0    -2.6    -3.2
469.824     4.8    22.6     5.2
471.484   -18.0    -9.9   -19.3
473.145   -22.0   -17.4   -25.0
474.805   -21.6   -36.0   -16.2
476.465     2.6    -1.8    10.0
478.125     7.0     4.6    -8.3
479.785     1.2     3.9   -17.0
481.445   -12.0    16.0     2.4
483.105   -11.1   -18.6   -19.3
484.766    -9.6   -42.2   -33.7
486.426    -7.8   -25.1    -6.5
488.086    -3.7    16.2    10.2
489.746    -3.1     6.0   -15.3
491.406    -8.0    -0.5   -16.1
493.066    -9.9     6.5    -0.3
494.727   -12.4   -23.6   -18.7
496.387    -6.3   -37.0    -8.8
498.047    -2.3   -13.3     5.5
499.707    -8.4    19.2    -8.9
501.367   -10.5    11.6   -18.4
503.027    -7.6    -6.2    -5.2
504.688    -4.1   -19.9    -4.3
506.348    -0.4   -35.2    -8.6
508.008    -3.4   -20.4    -9.4
509.668   -18.3     7.8    -8.7
511.328   -18.3    17.0    -7.7
512.988    -1.4    -7.6   -12.6
514.648     9.2   -21.3    -6.0
516.309     3.5   -29.7    -5.1
517.969    -7.7   -19.2    -8.8
519.629   -33.0     9.2   -12.5
521.289   -29.8    20.2   -11.0
522.949    10.7   -13.0    -4.8
524.609    13.3   -15.3    -7.2
526.270     5.7   -31.1   -11.2
527.930   -17.9   -17.8     1.7
529.590   -27.4    -3.8    -1.8
531.250   -23.8     8.1   -21.9
532.910    -5.8    11.0    -5.1
534.570    12.9   -17.8     0.3
536.230    13.4   -34.5   -13.4
537.891   -27.8    -5.0     1.7
539.551   -31.7    -2.9     0.6
541.211   -11.6     3.0   -17.9
542.871   -11.6     2.2   -12.3
544.531    13.8   -10.2     9.0
546.191    27.7   -29.0    -4.6
547.852    -9.4   -20.9   -13.3
549.512   -36.3     0.5   -14.6
551.172   -27.2     6.0   -19.6
552.832   -12.4     0.0   -12.7
554.492    14.2    -8.4     1.0
556.152    18.3   -19.5     2.2
557.812    15.8   -20.8    -2.8
559.473   -37.7    -9.0   -18.6
561.133   -28.6    13.3    -6.2
562.793   -24.1    16.4    -7.3
564.453    10.7   -11.6   -13.3
566.113    20.0   -24.9     4.5
567.773    -5.3   -17.6     5.1
569.434   -21.8   -12.8   -22.2
571.094   -35.3     5.0   -21.5
572.754   -15.7    19.9    -7.9
574.414    21.0   -26.5     4.0
576.074     1.5   -13.8    -1.7
577.734     2.9   -16.2     4.5
579.395   -35.6    -9.5   -24.8
581.055   -25.4    15.8    -8.3
582.715     7.4     7.2    -8.5
584.375    15.3    -2.8    -6.6
586.035     8.0   -24.7     1.3
587.695   -15.0   -11.0    -4.6
589.355   -42.0    -8.0   -19.7
591.016   -28.6     1.8   -15.3
592.676     7.4    -3.7    -4.5
594.336    21.7    -8.6    -4.8
595.996     2.1   -22.8     2.9
597.656    -8.9   -15.6    -6.4
599.316   -32.1     0.1   -25.6
600.977   -41.9     2.4   -18.7
602.637    -9.4     3.7     0.0
604.297    19.2   -14.6    -8.7
605.957    23.5   -20.2     8.6
607.617   -29.2    -8.6    -7.4
609.277   -35.3    -7.0   -33.6
610.938   -22.1    -1.4    -1.6
612.598   -23.0    -1.8     1.2
614.258    31.3   -19.2   -11.0
615.918    14.1   -12.1     8.6
617.578   -16.7     1.6    10.8
619.238   -35.9   -17.0   -42.9
620.898   -27.7   -19.7   -29.6
622.559    -3.6     0.4    13.5
624.219    15.8    -3.1     6.7
625.879    20.0   -17.1   -10.6
627.539   -31.4     4.8   -12.5
629.199   -28.2     7.7    -7.5
630.859   -17.9   -20.6   -15.8
632.520   -12.8   -14.4   -13.6
634.180    23.1    -9.3     7.4
635.840     6.4    -1.9     1.2
637.500   -16.7     1.5    -9.4
639.160   -37.2    -6.8   -21.9
640.820   -23.8   -12.3   -14.0
642.480     0.6   -19.5   -10.3
644.141    26.7   -17.6     2.4
645.801    20.7    -0.2    12.5
647.461     4.8    12.4     1.8
649.121   -29.3    -5.7   -28.5
650.781   -28.9   -10.0   -12.1
652.441     5.6   -17.9    -4.2
654.102    24.7   -23.6    -5.1
655.762    16.3   -10.4     0.0
657.422   -17.8    13.7   -12.5
659.082   -33.8    -0.4   -21.1
660.742   -29.0   -18.5   -16.1
662.402    -4.6   -10.8    -0.9
664.062    17.5   -14.4     0.8
665.723     3.3    -1.3    -6.3
667.383   -32.3     7.9   -14.5
669.043   -26.1   -16.7   -18.1
670.703   -10.8   -19.2   -13.9
672.363    20.1   -15.8    -6.6
674.023    19.8    -6.5     1.2
675.684    -6.7     1.3    -5.0
677.344   -30.1    -7.4   -24.3
679.004   -36.9    -8.6   -23.9
680.664   -15.4    -7.4    -3.5
682.324    18.0   -13.0    -6.0
683.984    22.2   -12.3    -7.9
685.645     3.1     2.6     5.7
687.305   -22.4    -0.2    -9.0
688.965   -23.7   -19.8   -29.9
690.625   -16.3    -6.1     4.8
692.285     5.1    -6.1    -2.5
693.945    12.9   -13.1   -11.2
695.605    -8.0     0.9     5.7
697.266   -11.6     3.6    -1.6
698.926   -24.1   -16.2   -27.9
700.586   -15.0   -14.1   -12.1
702.246     0.3     0.9    -3.6
703.906    11.5   -11.1   -14.8
705.566     2.1    -4.7    -0.7
707.227   -11.4    -2.7     2.5
708.887   -10.5   -11.4   -20.2
710.547   -14.8    -6.9   -14.6
712.207   -23.6    -1.8    -7.0
713.867     0.9    -6.5     0.4
715.527    14.6   -10.9    -0.8
717.188     8.9    -9.6   -12.1
718.848     7.2    -6.2    -7.5
720.508   -15.1    -1.5    -8.3
722.168   -37.1   -19.9   -31.9
723.828   -13.9    -7.2     3.4
725.488    -7.6    -3.5     8.9
727.148    26.5    -9.2    -8.1
728.809   -27.6     8.0    -7.6
730.469   -27.2     6.1    -7.0
732.129   -53.4   -27.4   -44.7
733.789   -46.8   -35.2   -39.0
735.449    22.0     9.0    17.2
737.109    43.9     6.6     8.6
738.770    15.5     3.4     6.5
740.430   -50.4     1.4   -14.9
742.090   -62.4   -21.6   -40.7
743.750   -37.6   -34.1   -22.8
745.410    49.6    15.7    20.5
747.070    57.0    13.3    13.4
748.730    47.6     8.7     6.7
750.391   -61.6   -12.4   -30.2
752.051   -71.6   -42.0   -44.0
753.711    -9.3   -28.6    -8.8
755.371     8.8   -18.3     0.7
757.031    60.3    25.2    28.3
758.691    12.0    13.6     0.5
760.352   -61.3   -27.8   -34.1
762.012   -69.5   -41.7   -38.5
763.672   -22.1   -31.4   -11.0
765.332    29.2    -7.7    10.1
766.992    53.3    24.0    15.9
768.652    15.9    25.7     2.3
770.312   -24.8    -5.2   -16.5
771.973   -66.3   -45.0   -47.2
773.633   -32.7   -38.4   -18.9
775.293    15.2    -6.7    20.1
776.953    40.7    20.4    -3.5
778.613    20.8    21.4    -8.9
780.273   -46.7   -16.3   -15.6
781.934   -28.1   -50.4   -38.6
783.594    -7.8   -38.3   -14.3
785.254     5.8    -5.8    15.4
786.914    19.6    21.2    12.9
788.574     2.9     8.1   -14.3
790.234   -35.4    -9.0    -9.9
791.895   -35.1   -12.2   -11.7
793.555     4.2   -23.7    -8.4
795.215    -0.9     4.0     2.3
796.875     0.0     7.4     2.7
798.535   -19.7     0.8   -14.5
800.195   -22.5    -8.4   -14.4
801.855    -7.8   -15.4    -4.0
803.516    15.8   -15.3     3.9
805.176    -8.0   -11.3   -14.6
806.836   -27.3    -1.2    -6.0
808.496   -36.2     6.7   -13.6
810.156    -1.0   -12.5   -18.2
811.816    10.6   -12.9    -6.8
813.477    10.0    -9.9   -10.3
815.137   -23.5   -21.8   -30.4
816.797   -48.3   -18.2   -23.3
818.457   -40.0     0.7   -14.5
820.117     8.8   -10.1    -6.1
821.777    44.2     3.0    18.1
823.438    27.9     2.0     6.7
825.098   -37.9   -25.1   -30.6
826.758   -61.2   -17.1   -26.7
828.418   -41.4    -4.4   -19.6
830.078     2.1     0.9    -3.2
831.738    42.9     5.3    17.7
833.398    28.5    -4.1     3.6
835.059   -19.3   -19.1   -17.8
836.719   -67.5   -24.0   -29.6
838.379   -32.2    -1.5   -10.4
840.039    41.5     8.9     7.7
841.699    45.2     9.8    11.3
843.359    24.7    -9.1     7.1
845.020   -17.9   -24.5   -25.7
846.680   -53.2   -11.8   -18.6
848.340   -42.8    -1.3    -9.6
850.000    28.6     3.7    -5.0
851.660    39.2    -1.4    14.1
853.320    -5.8   -15.7    -7.5
854.980   -25.2   -29.2   -32.9
856.641   -40.8    -2.1    -4.3
858.301   -28.3    12.2     4.4
859.961    15.2     6.8    -6.8
861.621    22.2   -13.9     7.1
863.281   -14.2   -11.1    -6.5
864.941   -31.0   -21.2   -31.2
866.602   -24.0     1.9    -0.1
868.262    -0.5    18.7     1.1
869.922    13.2    -1.2   -10.2
871.582    17.4   -14.6   -12.5
873.242    -2.9    -3.9     3.7
874.902   -12.2     1.8    -3.3
876.562   -15.0     8.9    -8.3
878.223     2.9     6.9    -5.2
879.883     7.1   -13.0    -3.5
881.543    -6.5   -31.3   -19.5
883.203   -19.9   -23.0   -16.0
884.863   -18.7    -0.5    -9.1
886.523    -8.6    16.3    -3.4
888.184     5.1   -18.5    -8.2
889.844     5.2   -21.1    -6.2
891.504   -13.1   -19.4    -6.1
893.164   -21.8   -11.7   -19.2
894.824    -5.5    24.7    10.6
896.484     1.1    25.2    10.0
898.145     7.4    -1.7    -6.2
899.805    -2.6   -29.6   -17.5
901.465    -8.2   -21.3    -8.0
903.125   -21.3   -12.8   -16.8
904.785   -15.6    -0.7    -9.2
906.445     3.3    17.0   -12.2
908.105     6.3    -2.3   -10.5
909.766     3.2   -38.4   -17.8
911.426   -16.7   -16.8    -3.5
913.086   -26.4     3.2    -6.9
914.746   -19.3     4.8   -13.7
916.406     4.6    -5.0    -8.0
918.066     7.6    -9.6    -6.1
919.727     5.0   -30.2    -5.3
921.387   -16.8    -2.7   -17.1
923.047   -17.0    -1.5   -16.7
924.707   -30.5    16.7    -3.1
926.367    -2.8    -8.7   -11.4
928.027    15.9   -34.7   -12.4
929.688     5.8   -22.6     3.9
931.348    -6.0    -0.1    -1.7
933.008   -13.0     3.6   -20.2
934.668   -28.2     6.1   -18.5
936.328   -25.2     2.2    -0.5
937.988    10.1   -34.4   -19.6
939.648    14.5   -23.0    -6.7
941.309    -0.9    15.6     7.0
942.969    -8.8    12.4    -8.2
944.629   -30.8    -2.3   -32.0
946.289   -26.8   -17.2    -2.7
947.949     6.8   -30.7    -8.6
949.609    31.1   -16.0    -1.7
951.270    12.2    13.1     8.0
952.930   -15.7    22.9     0.9
954.590   -32.7   -10.9   -31.9
956.250   -34.1   -27.3   -31.6
957.910    -4.1   -29.8     0.3
959.570    26.3    -4.1     1.4
961.230    24.8     6.5    -0.7
962.891    -5.5    20.3    -5.9
964.551   -32.3   -39.5   -32.7
966.211   -32.8   -33.9   -30.0
967.871    18.0     0.0    21.5
969.531    23.9    13.8    16.1
971.191    21.2    19.4     6.5
972.852    -8.8     6.9   -11.8
974.512   -29.7   -19.5   -18.4
976.172   -27.5   -30.0   -27.0
977.832    -6.7   -42.7   -21.8
979.492     8.2     2.9    18.8
981.152     7.6    18.9    -4.3
982.812     2.6     4.5   -15.7
984.473   -14.8    -1.3    -3.7
986.133   -27.4   -20.9   -19.6
987.793    -7.5   -39.3   -16.8
989.453    -0.2     2.0     7.7
991.113     3.2    21.3     2.1
992.773    -2.5     9.1   -14.9
994.434    -8.6    -3.4    -8.4
996.094    -8.7   -26.4   -14.9
997.754    -6.2   -31.1   -17.1
999.414   -12.7    -4.5   -10.8
1001.074   -11.7    10.2    -6.1
1002.734   -11.0    10.9    -8.4
1004.395     9.6    -9.6    -1.5
1006.055     6.2   -20.6    -9.9
1007.715   -19.8   -20.5   -16.7
1009.375   -25.7   -11.3    -6.7
1011.035   -20.1     2.7   -13.1
1012.695     1.5     5.0    -5.1
1014.355    21.0     0.4    14.2
1016.016     7.7   -15.1    -8.2
1017.676    -6.1   -29.4   -23.5
1019.336   -35.6   -13.0    -5.4
1020.996   -38.4    -3.6    -9.0
1022.656     7.9    -1.4    -9.9
1024.316    21.8     4.3    17.3
1025.977    20.9    -0.2     5.9
1027.637   -14.2   -26.5   -28.1
1029.297   -53.4   -14.6   -12.9
1030.957   -21.8    -6.4   -22.3
1032.617    -1.2    -3.8   -18.3
1034.277    23.2    10.7    13.5
1035.938     9.0   -17.1   -15.6
1037.598    -2.5   -26.2   -23.0
1039.258   -49.3   -15.2   -18.0
1040.918   -15.6    -0.1   -10.0
1042.578     6.7     2.2    -6.9
1044.238    29.3    10.6     9.7
1045.898    16.1    -3.7     5.6
1047.559   -17.5   -20.9   -19.5
1049.219   -39.2   -31.2   -33.9
1050.879   -25.3     0.0    -4.8
1052.539    -7.7    16.1     0.8
1054.199    14.1    12.7    -1.3
1055.859    25.7   -11.0     1.3
1057.520    16.4   -14.3     1.8
1059.180   -31.4   -22.1   -25.9
1060.840   -19.9    -0.5   -11.5
1062.500   -10.2    10.5     1.1
1064.160    23.4    11.2     4.3
1065.820    17.1   -11.7    -3.7
1067.480     2.6   -24.0   -11.0
1069.141   -25.1   -24.6   -17.5
1070.801   -29.5   -13.6   -17.6
1072.461    -7.8    11.3    -3.6
1074.121     4.1     4.9    -5.8
1075.781     5.0   -14.4    -0.4
1077.441     3.4   -22.3    -3.5
1079.102    -7.9   -22.4   -12.7
1080.762   -21.9     0.0   -15.4
1082.422   -14.7    15.2    -3.1
1084.082    -3.1     3.0    -8.4
1085.742    -2.4   -18.3   -15.4
1087.402    -2.2   -24.8    -0.9
1089.062    -7.6   -18.1   -16.4
1090.723   -13.8     1.6   -16.4
1092.383   -18.0    19.7     4.7
1094.043    -9.8     8.2    -5.7
1095.703     2.6   -32.3   -21.6
1097.363     2.4   -32.8     1.9
1099.023    -4.9   -10.6   -12.5
1100.684    -6.1    -1.8   -21.6
1102.344   -21.2    14.6    -3.5
1104.004    -4.3   -12.4   -13.2
1105.664     7.2   -38.3   -14.2
1107.324     3.9   -39.8   -11.9
1108.984    -5.1    -7.1    -6.7
1110.645    -8.4     3.0   -17.1
1112.305   -23.3    17.9    -5.7
1113.965   -19.5    14.0    -8.0
1115.625    -2.0   -16.1   -11.6
1117.285    10.1   -25.9    -9.1
1118.945    -4.9   -11.4    -8.6
1120.605    -7.8    -8.4    -6.5
1122.266   -25.9    23.1   -13.1
1123.926   -16.8    -2.9   -16.9
1125.586     0.0   -14.9    -5.3
1127.246    24.0   -24.1     5.7
1128.906    11.8   -20.7    -9.3
1130.566    -1.2   -18.5   -14.8
1132.227   -34.1    10.2    -9.8
1133.887   -26.9    13.9   -17.2
1135.547     1.4   -18.6    -8.6
1137.207    21.2   -17.2    12.7
1138.867    23.0   -20.0     5.3
1140.527   -10.7   -16.4   -18.6
1142.188   -38.5    11.2   -14.0
1143.848   -47.0    15.3   -15.6
1145.508     2.3   -19.4   -10.6
1147.168    28.2   -20.3     9.8
1148.828    -1.7   -16.0   -17.4
1150.488   -34.1    -5.1   -18.6
1152.148   -40.2    -0.9   -15.3
1153.809   -32.3     1.9   -18.2
1155.469    -2.0   -16.6   -13.5
1157.129    29.8    -5.5    16.2
1158.789    19.1    -7.2     0.2
1160.449    -3.5    -5.2    -8.9
1162.109   -48.1    -1.9   -25.3
1163.770   -42.8    -4.8   -23.5
1165.430     4.9   -18.1    -1.9
1167.090    39.4    -8.2    10.9
1168.750    34.8    -5.2     5.4
1170.410   -27.0    -1.9   -12.4
1172.070   -40.6    -3.4   -15.6
1173.730   -32.9    -6.5   -18.5
1175.391    -5.4   -23.2   -12.6
1177.051    24.4   -11.5     8.8
1178.711    33.4    -8.9    15.0
1180.371   -24.0     3.6   -22.1
1182.031   -45.8    -2.3   -23.2
1183.691   -39.2   -14.8   -14.5
1185.352     6.1   -21.6   -13.0
1187.012    24.4   -11.1     1.8
1188.672    16.8     1.1    10.8
1190.332    -6.4    -1.8   -12.2
1191.992   -34.0    -2.1   -19.6
1193.652   -38.7    -9.6    -8.8
1195.312    20.4   -20.7    -8.1
1196.973    33.0   -16.8    -4.2
1198.633    14.6    -2.1     7.9
1200.293   -17.0     1.5   -17.2
1201.953   -37.5   -12.1   -13.8
1203.613   -39.3   -11.8   -14.4
1205.273    -3.2   -21.9    -9.3
1206.934    21.2   -10.4    -4.6
1208.594    16.2    -7.5    -4.9
1210.254    -4.3     6.7     4.0
1211.914   -33.6    -6.3   -22.9
1213.574   -21.0   -16.1   -20.6
1215.234     8.0   -10.8     8.9
1216.895    19.9     0.1    -2.8
1218.555    -8.2    -0.8    -8.4
1220.215   -19.7     5.1     0.4
1221.875   -32.5   -11.4   -23.4
1223.535   -16.0   -26.5   -24.1
1225.195     8.3   -10.8     7.3
1226.855    16.1     4.5     6.8
1228.516     4.6    -4.2   -14.6
1230.176   -23.1    -4.4    -6.4
1231.836   -23.6    -3.6    -6.9
1233.496   -29.0   -19.2   -21.3
1235.156    -1.7   -22.6    -3.1
1236.816    15.4     9.2     8.0
1238.477    -3.2     2.5    -7.0
1240.137    -5.1    -1.6    -9.4
1241.797   -24.3   -10.7   -15.8
1243.457   -26.1   -18.5   -17.8
1245.117     0.2   -16.0    -6.2
1246.777    10.7     1.0     9.6
1248.438    13.6    12.8     5.1
1250.098   -14.1    -4.3   -15.2
1251.758   -28.5   -13.7    -6.3
1253.418   -27.0   -25.6   -20.2
1255.078    -5.4   -16.4   -13.4
1256.738     9.6     7.0    11.0
1258.398     6.8    16.7    -2.4
1260.059    -7.9     0.6   -13.8
1261.719   -24.1   -18.4    -3.8
1263.379   -11.1   -29.3   -28.8
1265.039    -2.2   -19.7   -17.9
1266.699     0.1     9.5    14.7
1268.359     1.6    12.1    -2.7
1270.020    -3.1    -6.9   -10.7
1271.680   -15.4   -14.4    -3.5
1273.340   -21.5   -28.3   -21.3
1275.000    -9.1   -24.9   -16.8
1276.660    -1.4     8.9     3.0
1278.320     6.4    14.9    -7.1
1279.980    -3.0    -2.5   -12.2
1281.641    -1.3     3.3    13.7
1283.301     0.7    -2.2     9.6
1284.961   -13.7   -32.2   -24.1
1286.621    -9.4    -1.2    -5.3
1288.281     3.8    20.4     3.5
1289.941    -0.7     8.1    -7.8
1291.602    -7.8    -7.2   -13.7
1293.262    -2.5   -16.7    -8.1
1294.922   -10.5   -26.0    -6.3
1296.582   -17.0    -8.6   -17.4
1298.242    -7.1     2.0    -9.9
1299.902   -11.1    11.9    -1.2
1301.562    -0.3    -4.6    -8.2
1303.223     1.8   -26.4   -10.1
1304.883    -6.8   -19.2    -2.9
1306.543    -7.4   -18.2    -4.1
1308.203   -16.2    -3.8   -18.8
1309.863   -12.1     6.9   -11.9
1311.523    -4.0    -2.7    -1.8
1313.184     3.2   -20.0    -5.9
1314.844     5.9   -28.4    -6.3
1316.504   -10.1    -8.1   -13.2
1318.164   -27.4    -0.7   -22.9
1319.824   -24.2    -0.9   -14.5
1321.484    -3.1     3.7     2.2
1323.145     4.6   -13.7    -6.1
1324.805    15.4   -23.4    -7.4
1326.465     7.2   -19.4    -6.8
1328.125   -21.6    -1.9   -13.9
1329.785   -27.3     1.1   -15.9
1331.445    -1.7     2.8   -10.0
1333.105     6.8    -2.1    -2.9
1334.766    20.4   -15.5    10.1
1336.426     6.9   -24.0   -10.7
1338.086   -30.4   -13.6   -25.6
1339.746   -44.4     4.7   -12.4
1341.406   -20.6     9.1    -8.3
1343.066    19.0   -17.8    -5.3
1344.727    26.6   -14.5    13.9
1346.387     0.0   -18.5   -13.0
1348.047   -13.7   -18.9   -24.4
1349.707   -51.1    -1.7   -25.4
1351.367   -25.0     8.6    -6.8
1353.027    12.4    -8.2    -6.3
1354.688    32.6   -13.4    14.0
1356.348    -1.0   -22.8   -11.7
1358.008   -36.4   -14.0   -29.0
1359.668   -43.3    -5.0   -28.4
1361.328   -44.9     7.2   -15.8
1362.988     6.2    -4.5    -2.6
1364.648    37.9   -12.5     1.1
1366.309    24.8   -11.3     5.9
1367.969     2.2   -15.1    -4.5
1369.629   -52.5    -2.2   -28.7
1371.289   -40.6    13.2   -10.1
1372.949   -32.8    12.9    -4.8
1374.609    -1.3     7.3     8.1
1376.270    44.8   -27.6     0.1
1377.930    39.4   -26.7    -3.2
1379.590   -56.5    -3.3   -30.7
1381.250   -57.7   -10.5   -39.8
1382.910   -21.2     5.3    -5.4
1384.570    37.9    14.4    31.0
1386.230    46.4   -25.5   -11.7
1387.891    11.4   -41.1   -21.9
1389.551   -40.5    -9.8   -13.9
1391.211   -66.4    27.9    -7.9
1392.871    -1.1   -26.0   -20.8
1394.531    23.8   -19.6    10.5
1396.191    30.5   -13.6     7.7
1397.852    30.0   -10.0     1.5
1399.512     8.0    -1.9     5.0
1401.172   -45.6    -1.5   -32.8
1402.832   -49.0    -6.4   -37.4
1404.492   -15.8   -13.6     6.1
1406.152    15.8    -9.1    23.3
1407.812    59.5   -11.6    10.3
1409.473     2.6    -1.3   -12.7
1411.133    -9.7    -0.9   -13.5
1412.793   -62.8    -2.9   -21.8
1414.453   -44.7   -25.1   -14.5
1416.113    22.8   -18.8    -1.6
1417.773    36.7     8.1    11.3
1419.434    25.6     5.1     6.9
1421.094    -0.3   -10.6    -7.0
1422.754   -30.8    -9.2   -11.3
1424.414   -49.6    -7.7   -29.4
1426.074   -33.8    -8.1   -23.0
1427.734    34.6   -29.8     8.5
1429.395    32.0    -4.0     2.4
1431.055   -12.3    21.2    -0.9
1432.715   -37.8   -22.8   -41.3
1434.375   -29.2   -29.2   -41.3
1436.035    -5.7   -14.9    -0.8
1437.695     7.3   -13.8    14.9
1439.355    22.4    -9.5    -6.7
1441.016    11.8    -3.7    -9.5
1442.676   -24.9    12.5    -2.4
1444.336   -35.8     3.0   -13.0
1445.996   -11.4   -36.8   -20.0
1447.656     1.8   -29.0    -7.4
1449.316    11.7     1.3    -6.3
1450.977     5.9    -4.3   -18.3
1452.637   -21.6    -0.7    -9.2
1454.297   -21.5     0.4    -4.1
1455.957    -1.4   -13.4   -13.1
1457.617     1.6   -18.8   -23.8
1459.277    -3.8    -2.8    -1.3
1460.938   -17.4   -10.6   -13.9
1462.598   -21.1   -10.5   -19.5
1464.258   -13.6    -9.2   -11.9
1465.918     4.9     8.4    -1.2
1467.578    -0.6   -15.3   -18.5
1469.238    -6.8   -26.8   -12.2
1470.898   -19.6    -7.2     5.7
1472.559   -28.0    -7.1   -25.6
1474.219   -16.0   -11.2   -20.6
1475.879    15.6     5.4    13.0
1477.539    20.8     0.3    -2.4
1479.199   -15.6   -20.0   -23.2
1480.859   -33.0   -12.1   -15.7
1482.520   -33.8    -8.1   -13.0
1484.180    -6.3   -14.2   -11.4
1485.840    14.8     5.1    -2.3
1487.500    16.8    13.1     1.4
1489.160   -11.1    -2.8   -11.0
1490.820   -27.9   -27.1   -17.2
1492.480   -27.7   -27.4   -14.7
1494.141    -8.0    -3.7    -4.8
1495.801     6.5     6.4     0.1
1497.461     6.2     3.9    -5.5
1499.121     4.7     5.9    -6.9
1500.781   -19.2   -20.9    -8.6
1502.441   -23.6   -23.7    -4.6
1504.102   -17.8   -18.6   -15.1
1505.762     0.3     5.1    -4.4
1507.422     4.9    10.0     2.9
1509.082     1.8    -2.6   -14.8
1510.742   -11.7   -13.0    -9.8
1512.402   -18.3    -9.1    -1.8
1514.062   -13.0   -16.6   -14.2
1515.723     2.1    -6.8    -7.5
1517.383    -7.4    15.4     6.7
1519.043   -12.7    16.9     4.5
1520.703   -12.0   -18.3   -32.8
1522.363    -4.3   -21.4   -12.6
1524.023     3.8     5.8    22.3
1525.684    -3.8   -15.7   -21.4
1527.344   -17.3   -21.5   -31.9
1529.004   -17.6     5.0     1.3
1530.664    -9.7    -0.5    -4.1
1532.324    -2.2   -11.2   -12.0
1533.984     6.4    -4.8     2.9
1535.645    -1.7     1.4     0.0
1537.305   -16.1   -16.8   -21.9
1538.965   -30.4   -16.7   -20.9
1540.625   -17.0    -3.8    -6.4
1542.285    11.4    -2.0    -1.0
1543.945    12.9    -2.2    -2.3
1545.605     9.8    -6.5    -7.2
1547.266   -21.9    -2.8    -8.9
1548.926   -31.0   -21.4   -24.5
1550.586   -21.4   -17.3   -15.6
1552.246    11.0    17.6    16.7
1553.906    19.1     5.7    -1.1
1555.566     2.6   -15.9   -14.5
1557.227   -21.7   -12.8    -5.8
1558.887   -31.8   -11.5   -11.2
1560.547   -26.3   -19.4   -24.4
1562.207    -2.4    -8.2    -7.0
1563.867    11.1    21.4    14.9
1565.527    -6.0   -21.0   -24.8
1567.188   -11.0   -28.4   -23.6
1568.848   -22.1   -12.6    -5.7
1570.508   -20.9   -12.9    -4.9
1572.168    -3.9    -5.1   -11.2
1573.828     1.4     1.7    -6.4
1575.488    -3.8     9.6    -2.8
1577.148    -5.2   -20.3   -16.1
1578.809    -5.2   -29.2   -10.8
1580.469   -11.5   -13.5    -7.9
1582.129    -7.8     8.3     0.5
1583.789    -8.0     9.5    -2.2
1585.449   -11.3    -9.4   -15.4
1587.109   -13.9   -18.1    -2.2
1588.770     0.5   -18.0    -1.6
1590.430    12.6   -14.0   -13.6
1592.090    -6.3    11.6    -2.6
1593.750   -25.2    14.8    -4.2
1595.410   -18.4   -24.3   -25.1
1597.070    -9.9   -24.3    -3.4
1598.730     7.2   -11.6     1.7
1600.391    17.7    -9.2    -4.7
1602.051     8.3    -0.6   -12.9
1603.711   -29.2    11.2    -6.7
1605.371   -31.6   -12.1   -21.3
1607.031     3.1   -24.9    -9.1
1608.691    24.5    -2.4    13.7
1610.352    15.6     1.8    -2.8
1612.012    -8.8    -1.0   -21.3
1613.672   -34.7     2.4   -20.9
1615.332   -35.5   -16.2   -14.3
1616.992    -8.9   -25.9   -15.7
1618.652    22.0   -14.5     2.6
1620.312    13.7     0.5    13.9
1621.973   -29.5    -9.5   -35.4
1623.633   -28.7    -9.4   -33.8
1625.293   -36.4   -12.3   -30.0
1626.953   -25.1    -7.5    -1.5
1628.613    21.8   -11.7    -3.8
1630.273    19.1   -17.1   -15.3
1631.934   -12.3     6.9    -1.9
1633.594   -28.0    -2.9   -19.7
1635.254   -34.4   -18.3   -34.2
1636.914   -18.5   -18.1   -16.3
1638.574    10.3     8.1    19.7
1640.234    14.3   -13.2   -14.3
1641.895    -0.3   -22.8   -19.7
1643.555   -28.9    -3.7    -8.8
1645.215   -28.3    -9.2   -22.8
1646.875    -8.2   -12.6   -13.8
1648.535     7.1    15.5    18.7
1650.195     3.2    -8.6   -14.6
1651.855    -6.0   -30.0   -21.7
1653.516   -22.4   -32.6   -16.0
1655.176   -11.3   -12.3   -12.7
1656.836    -0.1     0.7    -8.3
1658.496     9.0    11.2     6.0
1660.156     6.0     4.1     0.4
1661.816   -24.6   -35.6   -23.8
1663.477   -25.9   -40.1   -23.5
1665.137   -15.1   -23.3   -11.2
1666.797     9.5    19.9    -0.5
1668.457     5.8    16.2     1.3
1670.117   -16.0    -9.0   -14.1
1671.777   -21.1   -26.0   -23.0
1673.438   -13.9   -32.2    -6.8
1675.098    -3.3   -19.5    -2.9
1676.758    11.5    13.3    -3.1
1678.418     1.5    21.6     5.3
1680.078   -17.3    -4.9   -10.6
1681.738   -34.7   -48.4   -38.8
1683.398    -2.8   -27.0     5.4
1685.059    -1.7   -26.5     5.7
1686.719    23.2    17.7    -9.5
1688.379   -22.8    16.2    -9.1
1690.039   -40.5   -11.5   -11.7
1691.699   -35.6   -33.3   -23.7
1693.359    -1.4   -49.1   -23.9
1695.020    22.4    10.6    22.4
1696.680    23.7    19.6    21.0
1698.340     1.6    18.7   -19.0

Event #15  ts=2026-09-25 13:03:02.514  [SELECTED]
  t[ns]  u1[mV]  u2[mV]  u3[mV]
  0.000   -18.2    13.7   -16.8
  1.660   -12.7    -2.0   -17.4
  3.320   -14.3    -8.0   -17.4
  4.980   -11.8    -0.7    -4.5
  6.641     1.9   -13.0    -6.7
  8.301     2.8   -31.7   -17.5
  9.961     0.6   -12.2    -6.0
 11.621   -11.7     5.8    -9.7
 13.281   -21.3    -7.9   -17.1
 14.941   -18.0    -9.4   -12.3
 16.602    -1.4   -12.2     0.7
 18.262    14.1   -20.0    -5.1
 19.922     0.8    -4.2    -8.8
 21.582   -13.8     8.6    -3.1
 23.242   -24.5     9.9   -12.9
 24.902   -18.5    -7.7   -15.0
 26.562    -4.3   -23.7    -9.2
 28.223     6.8   -21.4    -7.3
 29.883    15.4   -11.3    -1.9
 31.543     3.7    -2.2     2.1
 33.203   -28.1     4.7   -19.1
 34.863   -11.0    -7.2   -10.4
 36.523    -7.5   -15.9    -6.3
 38.184     2.8   -32.0   -17.5
 39.844    12.6   -23.6    -6.9
 41.504     3.3    13.2    12.5
 43.164   -19.2    14.2   -12.5
 44.824   -30.6   -14.8   -24.2
 46.484    -2.5   -13.0     9.8
 48.145     1.2   -13.5    10.2
 49.805    14.8   -13.9    -9.5
 51.465     5.8     3.8    -0.9
 53.125   -25.5    14.3    -9.5
 54.785   -24.7   -13.5   -24.4
 56.445   -24.8   -16.8   -18.3
 58.105     0.2   -14.1     4.8
 59.766    17.7   -19.6   -13.8
 61.426    -1.7    -5.9    -2.4
 63.086   -19.9    12.2     5.7
 64.746   -20.7    -8.4   -25.9
 66.406    -6.7   -15.1    -7.2
 68.066    -2.4   -17.4    -2.4
 69.727     7.4   -18.9    -1.6
 71.387    13.9   -17.4    -2.9
 73.047   -14.3     0.1    -4.0
 74.707   -33.7     3.7   -19.5
 76.367   -17.6    -4.7    -9.7
 78.027    -1.7    -5.6     0.3
 79.688     8.9   -14.1    -3.5
 81.348     7.6   -18.8    -6.1
 83.008   -13.9     0.2    -6.4
 84.668   -28.7    -0.8   -21.8
 86.328    -8.2    -0.3     2.3
 87.988    -5.8     0.6     4.3
 89.648    16.9   -25.4   -12.9
 91.309    -6.9   -22.4   -10.4
 92.969   -14.0   -14.7    -5.3
 94.629   -19.1    -2.8   -21.5
 96.289    -5.3     7.0     0.8
 97.949    -0.6    10.0     6.0
 99.609    12.8   -25.0   -14.0
101.270     6.4   -33.3   -17.5
102.930   -19.2   -15.4    -4.0
104.590   -21.5     0.0    -1.0
106.250   -18.4     5.3   -21.3
107.910    -4.8    13.7    -8.7
109.570     6.0     4.5     8.8
111.230     9.0   -31.4    -7.6
112.891   -17.6   -25.3    -8.3
114.551   -16.8   -25.3    -8.5
116.211   -25.7    10.6   -14.7
117.871     1.4    10.9    -5.0
119.531     6.4     4.7     1.7
121.191     0.2   -29.7   -15.8
122.852    -2.3   -35.6   -16.5
124.512   -13.6   -17.3    -2.9
126.172   -27.0     4.0   -11.5
127.832     1.4    14.4    -5.0
129.492     1.6    11.9     3.9
131.152     3.9   -16.2   -14.3
132.812    -3.6   -40.5   -11.7
134.473    -2.7   -29.5     4.1
136.133   -17.3    15.0   -22.7
137.793   -17.0    18.8   -12.6
139.453    -4.5     9.5    -2.0
141.113    -4.8     1.5    -4.9
142.773     9.3   -42.6     1.0
144.434   -10.7   -12.8     2.3
146.094   -19.4     1.6   -35.5
147.754   -24.5    10.5   -24.9
149.414   -23.5    12.8    -0.6
151.074    10.1   -17.6   -10.3
152.734    15.8   -17.6     5.1
154.395     1.8    -2.6    -4.3
156.055   -16.4    -5.8   -14.7
157.715   -40.2    -3.8   -18.3
159.375   -22.3     3.6   -17.7
161.035     4.2    -4.8    -8.8
162.695    28.3   -17.3     3.9
164.355    21.5   -11.4     6.8
166.016    -7.5   -12.9   -13.0
167.676   -41.2    -7.7   -19.0
169.336   -43.3    -2.8   -28.3
170.996    10.5   -12.5     1.0
172.656    21.9   -12.9    11.8
174.316    32.8    -0.3     8.4
175.977   -10.9   -14.8   -22.0
177.637   -38.9   -12.9   -27.0
179.297   -42.3    -7.4   -20.2
180.957   -29.3   -13.1   -20.6
182.617    28.1    -4.6     8.3
184.277    39.1     9.3    24.2
185.938     1.8    -8.0    -9.6
187.598   -44.6   -24.2   -31.0
189.258   -46.6   -18.2   -19.7
190.918    -1.1   -12.2   -12.4
192.578    28.3     7.9    11.3
194.238    30.3     8.7    12.6
195.898    18.6    12.5    11.0
197.559   -26.7   -27.1   -33.7
199.219   -37.4   -20.7   -12.5
200.879   -27.2   -10.4    -7.5
202.539     7.7    -4.8    -6.2
204.199    14.9    14.1    16.9
205.859   -15.7   -16.4   -26.4
207.520   -15.3   -15.2   -26.9
209.180   -26.9   -26.8   -16.2
210.840   -30.8   -10.8    -3.0
212.500   -30.1   -21.3   -19.3
214.160   -54.1   -43.1     1.3
215.820  -106.1   -74.4     7.8
217.480  -150.5  -117.2   -26.8
219.141  -120.6  -132.8    -4.2
220.801  -111.4  -126.1     1.4
222.461   -68.1  -101.4   -23.7
224.121   -66.1   -80.6   -14.7
225.781   -71.7   -47.2     0.9
227.441   -52.8   -57.7   -23.6
229.102   -18.8   -55.8    -8.9
230.762   -24.0   -30.9    13.4
232.422   -12.9   -13.1     1.4
234.082   -20.6   -23.0   -17.1
235.742   -25.6   -18.8   -13.6
237.402   -40.5   -26.8   -18.5
239.062    -5.4   -11.6    -0.6
240.723    17.8     7.2    13.8
242.383    18.1     0.4     0.4
244.043   -14.8   -16.5   -15.3
245.703   -37.8   -32.0   -27.3
247.363   -44.4   -28.3   -24.4
249.023   -21.0   -10.4    -7.5
250.684    23.9     8.6     6.1
252.344    27.5     2.1     3.1
254.004     4.5    -7.8     5.1
255.664   -22.3   -24.8   -23.3
257.324   -50.4   -36.2   -38.3
258.984   -27.8     0.1    -1.1
260.645    -2.5    15.0     9.0
262.305    25.9     6.6     4.1
263.965    29.9    -6.8    -8.6
265.625   -35.9   -25.5   -22.3
267.285   -44.7   -28.2   -25.4
268.945   -34.1   -21.0   -25.4
270.605    -5.0    11.6     6.2
272.266    11.6     6.8     2.6
273.926    18.7    -8.0    -2.6
275.586   -13.1   -22.8    -9.9
277.246   -27.1   -13.9   -10.7
278.906   -29.7    -8.9   -17.7
280.566   -14.4     2.2    -8.8
282.227     3.1     0.5     2.7
283.887     6.9   -14.4    -3.4
285.547    -0.3   -16.2    -3.1
287.207    -2.3   -14.2    -3.3
288.867   -20.4     5.6   -10.3
290.527   -31.3     0.0   -15.7
292.188   -33.7    -6.7   -14.4
293.848    -5.4   -21.7    -6.9
295.508    23.0   -20.7     4.5
297.168    14.5    -1.6    -9.6
298.828   -17.7    16.7    -6.2
300.488   -49.3    -9.3   -21.3
302.148   -49.5   -12.9   -23.3
303.809    15.7   -18.6     9.6
305.469    27.2   -10.2    16.3
307.129    25.4     5.7    -3.9
308.789     5.9    12.3   -13.1
310.449   -50.1     8.6    -9.7
312.109   -64.6   -30.2   -37.3
313.770    -0.3   -47.9   -19.3
315.430    29.3   -17.9    17.5
317.090    40.6    22.3    14.7
318.750    -2.9    15.3   -12.1
320.410   -23.6     8.6   -12.5
322.070   -66.3   -37.5   -34.2
323.730   -25.5   -56.2   -25.1
325.391    13.7   -40.4    -5.8
327.051    49.9    22.9    23.8
328.711    29.9    32.6     8.1
330.371   -41.5    -5.6   -24.4
332.031   -68.8   -31.2   -41.5
333.691   -42.4   -45.3   -18.6
335.352    28.2   -19.9     6.2
337.012    34.3    24.3     9.0
338.672   -38.7    16.1   -11.8
340.332   -30.1    20.7    -4.4
341.992   -46.2   -50.0   -38.8
343.652    -9.2   -33.5     0.7
345.312    38.5    -2.2    18.8
346.973    49.8     5.8     8.1
348.633   -22.4    24.9    -6.0
350.293   -49.5    12.9   -14.9
351.953   -28.5   -50.4   -34.1
353.613    -2.1   -41.0   -11.4
355.273    37.1    13.5    18.7
356.934    19.5    11.0     0.7
358.594   -38.3     3.6   -23.9
360.254   -49.4    -2.2   -13.6
361.914   -16.2   -37.9   -23.7
363.574    10.6   -40.8   -17.1
365.234    34.6   -11.6    17.3
366.895     7.1    13.2     1.0
368.555   -30.3    -0.3   -28.2
370.215   -47.8    -0.8   -15.8
371.875   -32.2    -6.9   -14.0
373.535    36.3   -30.6     3.2
375.195    40.0   -25.0    10.5
376.855   -15.3     0.4   -18.6
378.516   -39.6    -0.2   -27.7
380.176   -50.2     0.3   -21.6
381.836     3.6   -18.3   -11.2
383.496    25.3   -23.5     1.9
385.156    30.4   -14.0    11.2
386.816    19.7   -12.9    -0.9
388.477   -42.4    -2.3   -21.1
390.137   -28.4     2.2   -25.3
391.797   -33.7     4.1   -24.1
393.457    35.8   -19.0    17.6
395.117    37.1   -14.2    20.2
396.777     1.3   -17.0   -18.6
398.438   -52.6    -1.5   -23.3
400.098   -51.2    13.2   -14.1
401.758    13.2   -13.4    -6.5
403.418    32.4   -16.5     7.5
405.078    24.6   -18.9     6.0
406.738    -0.4   -23.9    -8.7
408.398   -29.2   -18.5   -15.1
410.059   -46.0     7.1   -22.8
411.719   -23.5    10.1   -15.6
413.379    15.4   -16.1     4.0
415.039    30.6   -24.6    -1.1
416.699     6.6   -24.5    -5.2
418.359   -18.1    -5.4    -6.6
420.020   -41.4    17.3   -23.4
421.680   -27.8     5.8   -19.2
423.340     8.1    -7.9     0.3
425.000    28.3   -22.3    -4.1
426.660     2.4   -22.4    -7.5
428.320   -27.7    10.6   -15.2
429.980   -34.0    14.7   -18.6
431.641     0.1    -8.3    -0.2
433.301    15.8   -21.1    -1.6
434.961    12.3   -31.9    -8.4
436.621   -13.2   -25.1   -13.0
438.281   -19.5    13.5    -5.6
439.941   -30.2     9.8   -15.5
441.602   -19.8    -3.5   -22.9
443.262    -5.6   -22.9    -9.2
444.922     8.0   -33.4    -2.8
446.582    -2.9   -21.6    -8.8
448.242   -13.4     2.8    -3.9
449.902   -16.8    25.7    -5.0
451.562   -14.8    -7.0   -18.3
453.223   -10.0   -27.3    -8.4
454.883     5.1   -27.4    -1.8
456.543     1.4   -22.5    -9.4
458.203    -3.9    11.5     1.5
459.863   -20.7    18.8    -3.1
461.523   -20.2     3.0   -24.8
463.184    -7.2   -21.0    -8.7
464.844    -8.3   -31.6   -11.8
466.504    -2.3    -8.4   -13.3
468.164     3.0    20.5     6.2
469.824    -4.7    18.3     0.7
471.484   -18.0   -27.1   -16.5
473.145   -11.4   -17.9    -8.5
474.805    -6.1   -25.8    -4.6
476.465    -4.6    -6.3   -13.0
478.125    -0.9     7.7     2.4
479.785    -4.1    21.2    -3.0
481.445    -5.8     6.9   -10.1
483.105   -13.1   -34.0   -15.9
484.766    -9.9   -11.6    -2.8
486.426    -2.0    -5.3   -10.1
488.086    -5.2    -0.9    -9.2
489.746    -6.6     4.6    -2.4
491.406   -13.6   -31.8   -19.9
493.066   -11.7   -32.6   -19.5
494.727   -12.9   -14.5    -7.7
496.387    -9.8    -2.3    -1.9
498.047    -8.4     0.0   -12.0
499.707    -6.8    -7.6   -17.2
501.367     5.0    -8.2     3.5
503.027     0.7   -17.9   -10.9
504.688    -7.2   -22.9   -20.9
506.348   -20.1     5.5    -2.4
508.008   -13.4    -8.3   -14.9
509.668    -2.2   -21.9   -19.0
511.328     3.5   -22.9   -16.7
512.988    -0.3    -2.3     0.0
514.648    -8.9    -8.8   -15.5
516.309   -20.1     2.0   -17.6
517.969   -22.2     4.1   -11.4
519.629   -12.9    -5.3    -3.3
521.289    10.9   -33.9   -14.2
522.949     6.2    10.9    15.9
524.609   -15.4     7.4   -11.5
526.270   -29.7    -9.6   -35.2
527.930   -27.5   -13.1   -21.7
529.590   -13.9   -10.4     4.9
531.250    19.8   -30.9   -13.1
532.910    18.6   -22.1    -7.4
534.570    -2.7    19.3     3.5
536.230   -31.3    13.8   -14.4
537.891   -35.7   -22.4   -29.2
539.551    -2.2   -23.9    -1.9
541.211    17.6   -13.7     7.7
542.871    12.6    -3.0    -5.6
544.531   -15.2    18.0    -9.6
546.191   -30.8    11.2    -8.3
547.852   -34.8    -8.6   -13.8
549.512   -25.2   -37.2   -28.0
551.172    16.4   -21.1     6.7
552.832    17.8    15.1    10.4
554.492    11.7    14.0     1.7
556.152   -39.1     2.2   -11.2
557.812   -30.2   -11.8    -6.8
559.473   -25.3   -18.2   -10.8
561.133    18.3   -34.5    -5.7
562.793     5.2    16.1    10.1
564.453     5.0    22.7    -3.8
566.113    -7.8     6.9   -22.2
567.773   -25.6   -15.0    -7.9
569.434    -1.7   -24.7    -6.5
571.094     6.7   -26.4    -8.0
572.754     4.9     8.2    -4.1
574.414     7.4    16.1     0.6
576.074   -21.1   -17.1   -28.2
577.734   -24.0   -27.2   -22.7
579.395   -13.4   -23.7    -9.7
581.055     5.1    -9.9    -0.3
582.715    10.9    -6.6   -18.6
584.375   -10.6    19.4     6.2
586.035   -11.0     8.2    -8.3
587.695   -12.5   -35.3   -25.6
589.355   -18.7   -20.7    -0.7
591.016   -10.3    -3.5     7.7
592.676    11.0    -4.4   -11.4
594.336     1.3    -9.2   -15.3
595.996   -10.2    12.5     3.5
597.656    -4.6   -10.1   -15.6
599.316   -19.1   -31.9   -28.3
600.977    -5.5    -4.1     6.6
602.637     2.5    -7.0   -14.5
604.297    -1.8    -8.6   -19.0
605.957     0.0     2.1     2.4
607.617    -9.6     0.9     2.0
609.277   -30.9   -34.8   -32.6
610.938   -16.4   -22.5   -17.1
612.598     8.1     8.4     7.2
614.258    25.8     7.9    -3.2
615.918     5.6    -2.3     1.7
617.578   -21.9    -8.6   -14.3
619.238   -31.3   -27.0   -18.2
620.898   -29.7   -22.4    -9.3
622.559     2.6    -2.0    -4.5
624.219    25.6     8.7     9.3
625.879     0.0    10.7     1.1
627.539   -37.0   -20.3   -29.9
629.199   -40.3   -28.7   -13.1
630.859   -15.9    -9.8    -9.0
632.520    15.6    -3.2   -11.2
634.180    30.5     6.5    -3.5
635.840     2.7     6.1    -8.1
637.500   -27.0   -21.6   -34.9
639.160   -51.9   -36.8   -23.1
640.820    -8.2   -14.2    -7.9
642.480    29.8     2.4     1.7
644.141    22.8    24.8    12.0
645.801    -2.4     8.5    -2.8
647.461   -32.8   -19.0   -22.0
649.121   -52.2   -41.8   -33.9
650.781    11.6    -7.0     9.0
652.441    23.2     3.7    12.2
654.102    25.9    26.6     1.3
655.762   -14.5    -2.9    -1.4
657.422   -41.2   -39.8   -26.6
659.082   -41.6   -46.4   -36.9
660.742   -16.8   -36.9   -25.6
662.402    14.6    11.2    15.4
664.062    21.0    31.6     8.7
665.723    -2.0     6.3   -12.9
667.383   -20.3   -14.8   -10.6
669.043   -16.5   -38.1   -38.6
670.703   -13.8   -42.1   -21.3
672.363     5.5    -2.3     4.5
674.023     0.8    31.0    -4.4
675.684   -11.3    14.6   -12.1
677.344   -11.5    -2.3   -12.4
679.004    -7.0   -35.9   -15.4
680.664    -7.1   -36.8   -14.1
682.324     2.7     4.6    -3.5
683.984   -16.7    22.7    -5.8
685.645   -16.0    22.5    -5.3
687.305   -16.2   -10.9   -13.5
688.965     5.8   -31.7     0.7
690.625    -2.9   -15.1   -13.0
692.285   -12.6     0.4   -10.2
693.945   -25.9    14.4   -11.7
695.605   -21.3     7.3   -14.8
697.266    -6.0    -7.9    -7.6
698.926    14.2   -19.3     2.3
700.586     9.6   -18.2   -15.6
702.246   -13.5    -9.7   -11.7
703.906   -36.3     9.7   -16.6
705.566   -35.5     5.0   -21.7
707.227    -3.9    -8.2   -14.8
708.887    29.4   -14.7    15.5
710.547    12.8   -17.9    -9.5
712.207   -31.9    -6.4   -16.0
713.867   -50.2     2.5   -16.2
715.527   -30.8    -2.9   -23.7
717.188    19.0    -9.9    -1.1
718.848    28.5    -7.5    13.7
720.508    12.5   -16.0    -6.5
722.168   -26.6    -9.4   -20.7
723.828   -48.8    -1.6   -21.2
725.488   -46.9     2.1   -17.9
727.148    29.3   -10.5    12.6
728.809    28.0   -12.3    10.7
730.469   -12.1    -7.6   -12.7
732.129   -28.7    -2.9   -20.6
733.789   -39.4     0.2   -22.6
735.449   -29.1    -6.9   -16.7
737.109    26.8   -12.0     1.6
738.770    31.2   -12.3     2.1
740.430    12.4   -12.7    -5.1
742.090   -24.5    -7.4   -13.7
743.750   -34.1    -5.2   -23.9
745.410   -32.5    -4.4   -16.8
747.070    -1.2    -1.7     1.2
748.730    23.7    -6.7     0.4
750.391     3.5   -22.4    -8.7
752.051   -38.2    -2.3   -12.1
753.711   -31.3     6.6   -11.9
755.371   -10.5    -0.5   -12.7
757.031    11.6    -8.3    -5.9
758.691    16.8   -12.4    -1.2
760.352    -3.4   -20.8   -14.1
762.012   -32.7     0.8   -14.7
763.672   -24.1    12.0    -3.4
765.332     0.2    -1.5   -11.9
766.992    20.6   -18.6    -3.0
768.652    10.2   -16.2     7.1
770.312   -31.0   -17.8   -32.2
771.973   -38.7    -8.0   -25.0
773.633   -11.2    14.1    12.2
775.293    20.2    -0.9    -0.5
776.953    28.6   -22.4    -2.7
778.613    -2.8   -15.3    -4.2
780.273   -33.6   -11.5   -19.8
781.934   -41.5    -8.4   -17.2
783.594   -25.0     4.2    -3.1
785.254    29.8    -3.1     0.3
786.914    31.8   -12.2    11.7
788.574    -1.8   -18.0    -7.0
790.234   -38.2   -15.4   -30.8
791.895   -49.9    -1.9    -8.1
793.555     3.9     3.5    -6.0
795.215    17.6    -6.1    -5.9
796.875    34.6    -7.5    15.2
798.535   -15.6   -15.3   -23.6
800.195   -32.5   -17.5   -29.4
801.855   -41.4    -0.7   -18.0
803.516    10.5    -8.3    -8.2
805.176    31.4    -8.6     7.5
806.836    28.8     0.1     7.9
808.496     3.6    -9.1   -13.8
810.156   -39.0    -9.6   -24.8
811.816   -63.4    -7.7   -27.6
813.477    -7.8   -15.5    -6.8
815.137    23.5   -14.4     9.9
816.797    44.2    -1.2     8.0
818.457    20.7     3.7    -1.6
820.117    -4.6     0.0    -3.8
821.777   -55.3   -13.7   -37.2
823.438    -8.5   -18.2    -0.1
825.098    14.0   -10.7     7.9
826.758    50.4     5.6     3.5
828.418    24.9     5.8     5.8
830.078   -12.9     5.1     1.4
831.738   -52.6   -16.8   -35.5
833.398   -42.3   -36.7   -36.4
835.059     2.6    -2.0    13.7
836.719    45.2     9.4     7.8
838.379    20.0     4.2     0.0
840.039    -5.1     3.6    -7.8
841.699   -49.4   -11.9   -22.3
843.359   -41.2   -37.1   -29.6
845.020    -1.1   -18.6    -7.1
846.680    29.2    19.1    15.3
848.340    22.4    15.7    -0.5
850.000   -14.5    -5.6   -11.8
851.660   -32.2   -21.4   -14.1
853.320   -32.1   -33.5   -31.5
854.980     4.4    -3.1     6.7
856.641    12.2    15.4    15.7
858.301    12.1    13.3    -9.7
859.961     4.8    -3.6    -9.7
861.621   -26.7   -24.6   -13.1
863.281   -19.3   -28.0   -26.1
864.941   -11.6   -21.8   -14.8
866.602    -5.8     9.6   -10.5
868.262     8.7     1.6   -10.7
869.922     7.5     0.6    -6.7
871.582    -6.3   -13.4   -12.2
873.242   -11.0   -24.4   -20.3
874.902   -16.7    -1.9     1.2
876.562   -23.3     3.3    -8.2
878.223    -7.5    -4.3   -23.5
879.883    -9.3    -7.3   -18.4
881.543    14.5    -8.7    -4.8
883.203    11.7   -13.9    -7.1
884.863   -16.5   -12.4   -17.7
886.523   -28.2    -4.2   -13.3
888.184   -23.0   -13.9   -24.2
889.844     0.6    -7.5    -1.5
891.504    22.2     7.4    11.9
893.164    23.2     7.6    11.0
894.824     7.0    -7.6    -8.8
896.484   -28.5   -17.4   -23.6
898.145   -35.3   -18.1   -17.1
899.805   -11.5    -8.8    -8.7
901.465    14.6    -1.3    -2.6
903.125    30.0    13.4    14.3
904.785     3.0    -1.0   -10.2
906.445   -27.5   -21.8   -33.4
908.105   -45.7   -27.5   -20.9
909.766   -25.8   -10.9    -9.1
911.426    31.7    10.6    13.3
913.086    21.4    12.0    10.6
914.746     9.1     9.6     3.9
916.406   -28.2   -33.5   -26.5
918.066   -39.3   -42.5   -29.0
919.727    -0.7     7.1    -1.6
921.387     9.5    14.8     7.0
923.047    15.5    18.6     6.2
924.707     7.2     0.6    -3.1
926.367    -9.4   -16.1   -14.0
928.027   -34.6   -45.3   -32.9
929.688   -26.3   -23.6   -21.7
931.348   -13.2    11.9     4.9
933.008    10.5    16.8    -2.9
934.668    14.3    11.9    -6.4
936.328     1.5   -21.7    -5.9
937.988   -25.8   -26.8   -17.3
939.648   -27.7   -19.6   -18.8
941.309   -28.0    -8.1   -11.4
942.969     6.1    19.8    -4.7
944.629    11.2     1.1    -3.5
946.289     7.6   -25.4    -6.3
947.949    -2.9   -25.7    -9.7
949.609   -24.1   -13.4   -15.1
951.270   -33.9     0.3   -19.6
952.930   -24.8    10.0   -12.8
954.590    -1.3     2.1     4.2
956.250    24.4   -20.7    -0.9
957.910    10.7   -19.4   -14.8
959.570    -6.4    -8.6    -6.0
961.230   -51.1     2.0   -14.0
962.891   -25.4    -6.7   -19.3
964.551    30.9    -4.1    15.5
966.211    29.1    -3.6    15.6
967.871    32.1   -23.1   -14.7
969.531   -27.8    -1.1    -6.7
971.191   -48.4     7.2    -8.2
972.852   -56.8    -6.5   -34.8
974.512     6.0   -12.1     4.1
976.172    31.8    -1.5    13.4
977.832    32.1   -14.5    -5.3
979.492   -25.2    -8.3   -18.5
981.152   -55.9    -0.2   -27.8
982.812   -43.9    -9.8   -19.5
984.473    11.9   -12.2    -1.9
986.133    44.2    -8.3    11.9
987.793    33.8    -6.9    11.1
989.453    -7.0    -6.4    -7.4
991.113   -46.9    -9.7   -36.3
992.773   -41.6    -5.2    -8.1
994.434   -42.1    -4.4    -8.6
996.094    28.9   -10.6    -0.3
997.754    35.8   -14.8     3.2
999.414   -15.6    -0.8    -4.5
1001.074   -48.7    -9.5   -34.7
1002.734   -45.1   -12.0   -31.7
1004.395   -13.9     6.2    -0.3
1006.055    15.6     4.2     6.7
1007.715    19.9   -21.5    -9.1
1009.375    -1.2   -20.2    -6.0
1011.035   -24.3    -5.6    -7.0
1012.695   -39.4    -4.6   -30.9
1014.355   -10.3     1.2   -14.0
1016.016    27.8    -0.6    13.4
1017.676    16.5   -28.2   -15.6
1019.336   -12.6   -21.3   -10.8
1020.996   -32.6    -1.1    -7.4
1022.656   -33.7     4.0   -19.4
1024.316     6.4     2.9     1.3
1025.977     9.5    -9.1    -5.0
1027.637    -0.3   -27.6   -21.8
1029.297   -17.2   -28.3    -6.0
1030.957   -28.1    -2.0    -6.3
1032.617   -11.3     6.8    -9.5
1034.277     2.7    11.8     3.8
1035.938     7.9     0.0    -4.0
1037.598     5.3   -30.0   -15.4
1039.258   -14.5   -21.9    -2.9
1040.918   -23.9   -15.8   -16.3
1042.578   -14.6    -3.8   -17.7
1044.238    -6.3    21.3     7.2
1045.898    -2.5    17.3    -1.2
1047.559     6.8   -26.7   -21.8
1049.219   -12.4   -20.8     4.0
1050.879    -7.9    -6.1   -14.1
1052.539   -12.4     0.0   -12.4
1054.199   -12.5    12.8    -6.0
1055.859   -12.9    11.6    -7.1
1057.520     1.7   -25.4   -15.1
1059.180    -3.2   -10.5     1.4
1060.840    -4.3    -8.3    -7.3
1062.500   -11.8    -4.4   -10.8
1064.160   -22.9     8.0   -15.3
1065.820   -10.2   -10.9   -16.7
1067.480     5.0   -19.4    -3.5
1069.141     7.6   -17.9    -0.8
1070.801     1.5    -8.1    -4.3
1072.461   -22.7    -2.8    -4.5
1074.121   -28.0    -4.9   -26.8
1075.781   -16.7   -11.1   -19.3
1077.441     4.3   -11.9     6.4
1079.102    18.7   -11.3    -3.9
1080.762   -17.1    -7.0   -12.0
1082.422   -26.5    -3.8   -11.4
1084.082   -34.0    -4.8   -22.0
1085.742   -19.1   -20.1   -22.4
1087.402   -10.4   -14.7   -10.5
1089.062    28.4     2.7    12.1
1090.723     2.3    -9.2    -4.7
1092.383   -25.0   -12.1   -22.8
1094.043   -30.0    -8.2   -19.8
1095.703   -29.0   -12.5   -22.6
1097.363     0.6   -10.7   -11.0
1099.023    29.4     2.5    15.5
1100.684    -4.0    -6.9   -13.4
1102.344   -23.9   -13.7   -21.2
1104.004   -35.7    -9.5    -7.8
1105.664   -16.6   -10.7   -15.6
1107.324    21.3    -1.3     4.4
1108.984    12.2     4.3    11.1
1110.645     5.3    -3.2    -5.5
1112.305   -19.3   -23.1   -20.7
1113.965   -31.1    -4.0   -18.8
1115.625    -7.0    -6.2   -19.2
1117.285    21.5     2.2    12.7
1118.945    11.1    -7.2    -6.5
1120.605   -14.0   -27.9   -27.1
1122.266   -29.6   -19.1   -11.4
1123.926   -30.3    -1.0    -1.5
1125.586     4.2     1.5   -15.8
1127.246    13.0     1.0     4.5
1128.906    10.4    -1.9     6.1
1130.566    -3.2   -20.9   -10.5
1132.227   -30.6   -12.3    -7.8
1133.887    -8.8    12.7    -8.0
1135.547    -2.8    10.5    -9.0
1137.207    11.3     8.0    -4.0
1138.867     3.3    -8.3     3.0
1140.527    -2.1   -15.9    -5.0
1142.188   -23.7   -10.3   -16.0
1143.848   -24.7    -5.7   -15.1
1145.508    -0.1    17.7     2.1
1147.168    14.5     9.0     2.6
1148.828    -0.7   -27.6   -17.3
1150.488   -17.7   -35.9   -19.8
1152.148   -26.1   -23.8   -12.8
1153.809   -17.1    -2.5   -13.5
1155.469     2.9    19.4     0.9
1157.129     8.8    17.8     7.7
1158.789    12.2   -11.6    -2.7
1160.449    -2.8   -36.1   -16.9
1162.109   -17.3   -44.8   -26.6
1163.770   -21.3     7.6    -5.0
1165.430   -15.8    10.4    -6.7
1167.090     8.4    11.9    -6.1
1168.750     8.6     7.3    -4.3
1170.410     5.0   -10.9     4.1
1172.070    -9.7   -39.4   -23.7
1173.730   -14.0   -36.4   -23.9
1175.391   -26.8    10.9     1.8
1177.051   -10.4    13.6    -9.1
1178.711    11.5    -2.6    -5.0
1180.371    15.0   -13.7     3.6
1182.031     0.3   -25.5    -8.1
1183.691   -15.2   -26.7   -18.0
1185.352   -16.2   -13.4   -12.9
1187.012   -23.1    12.3    -8.1
1188.672   -18.4     7.5   -14.5
1190.332     9.4   -11.7     2.3
1191.992    13.4   -16.3    -3.4
1193.652     7.1   -13.0   -10.4
1195.312   -36.7    -0.6   -18.6
1196.973   -40.2    -5.6   -20.9
1198.633   -20.5    -9.2   -10.6
1200.293     7.6   -10.1     1.6
1201.953    21.7   -10.6   -10.6
1203.613    12.2   -13.1    -5.4
1205.273   -16.9    -0.4    -4.9
1206.934   -34.6    -9.8   -25.1
1208.594   -33.7   -23.5   -21.8
1210.254   -21.2   -15.7    -8.5
1211.914    19.8    -8.1   -14.1
1213.574    30.7    -3.2    -1.4
1215.234    -0.4     1.1     9.1
1216.895   -27.1    -7.6   -24.9
1218.555   -26.5   -26.8   -37.3
1220.215   -27.8   -21.6   -14.1
1221.875     8.0    -2.4    -3.7
1223.535    19.2    -0.8     6.0
1225.195     6.7    10.3     6.1
1226.855   -13.4     1.6    -9.5
1228.516   -29.9   -33.8   -26.0
1230.176   -18.7   -14.7   -12.1
1231.836    -2.9    -8.5   -11.5
1233.496    16.9    12.8    10.1
1235.156     0.6    15.1     0.5
1236.816    -9.3    -9.6   -15.5
1238.477   -25.8   -34.0   -16.0
1240.137   -18.7   -22.1   -19.9
1241.797    -2.9    -6.7   -12.1
1243.457    -0.6    18.6    12.4
1245.117    -0.7    25.6    12.4
1246.777     0.5   -11.2   -19.8
1248.438   -16.1   -33.8   -12.4
1250.098   -16.2   -27.2    -6.7
1251.758    -6.4    -8.7   -15.4
1253.418   -15.0     7.2   -10.0
1255.078    -9.5    22.2     2.8
1256.738    -3.1   -14.4   -14.1
1258.398    -7.1   -33.7   -24.6
1260.059     1.8   -23.2     0.9
1261.719     0.6   -15.9     2.0
1263.379   -19.6     8.5   -17.2
1265.039   -22.8    14.6    -7.1
1266.699   -18.7    12.4    -3.0
1268.359     5.4   -36.5   -21.2
1270.020    19.5   -30.6    -0.6
1271.680     7.4    -3.4     6.6
1273.340   -25.4     5.4   -27.3
1275.000   -28.7     3.7   -26.2
1276.660   -34.4     5.1    -6.0
1278.320    19.3   -29.7   -11.3
1279.980    37.5   -20.7    11.4
1281.641    34.1   -15.9    16.3
1283.301    -6.5     0.1   -20.8
1284.961   -36.1     1.1   -27.1
1286.621   -47.2    10.5    -6.2
1288.281   -11.2   -20.3   -28.0
1289.941    25.3   -30.9    -7.6
1291.602    18.1     4.2     4.7
1293.262     7.1    -3.9   -12.8
1294.922   -10.7    -3.1   -28.6
1296.582   -61.2     7.2   -11.9
1298.242   -26.7   -19.0   -26.5
1299.902    19.1   -30.3    -2.6
1301.562    38.7     5.7    22.3
1303.223    19.6     2.1    -8.3
1304.883   -57.7    -1.6   -20.5
1306.543   -62.0    -1.7   -23.2
1308.203   -37.2   -20.9   -26.2
1309.863    14.1   -22.3     0.4
1311.523    39.1    -3.7    13.4
1313.184    17.6     2.1     1.8
1314.844   -48.7     2.3   -22.0
1316.504   -54.9   -10.9   -33.4
1318.164   -21.0   -23.4   -12.8
1319.824    18.5   -10.1     6.7
1321.484    36.2    -3.6     5.9
1323.145    40.0    -1.6     8.1
1324.805   -11.2     6.0    -0.3
1326.465   -45.2    -9.8   -34.1
1328.125   -19.1   -23.7   -15.5
1329.785     5.2   -11.9     1.3
1331.445    23.7    -8.7     8.9
1333.105    25.8    -7.6     9.6
1334.766    -9.1     1.7    -8.2
1336.426   -13.1     5.8    -8.3
1338.086   -39.0   -10.6   -25.7
1339.746   -14.4   -25.9   -19.3
1341.406     9.8   -15.1     3.7
1343.066     7.7    -3.1     3.9
1344.727     0.0     1.7    -6.7
1346.387    -1.5     4.4    -9.2
1348.047   -25.7   -11.5   -15.0
1349.707   -12.8   -19.6   -20.9
1351.367    -2.5   -11.2    -8.3
1353.027    -3.6   -11.0    -4.0
1354.688     6.5    -9.5    -4.6
1356.348     5.0     2.5     1.5
1358.008   -11.0     4.8   -17.7
1359.668   -17.7   -17.3   -20.8
1361.328   -16.0   -22.5    -4.3
1362.988    -9.7   -24.1   -11.3
1364.648    -4.5   -14.1   -13.0
1366.309     5.0    15.3     7.4
1367.969     6.0    11.9    -7.0
1369.629    -6.6   -13.2   -11.0
1371.289   -23.5   -19.4    -4.6
1372.949   -23.7   -34.5   -31.4
1374.609    -3.7   -17.7    -6.4
1376.270     1.8    15.6    14.9
1377.930    10.0    12.5   -16.6
1379.590     5.1    -4.4   -23.8
1381.250   -22.5   -16.4    -1.8
1382.910   -31.1   -30.7   -12.1
1384.570     2.3     2.2     1.8
1386.230     3.4     3.1     4.0
1387.891     6.2    29.9    18.3
1389.551     9.3    17.8    -6.2
1391.211   -12.7   -20.4   -10.9
1392.871   -28.5   -28.5   -18.9
1394.531   -13.0   -32.3   -17.9
1396.191    -1.5    -5.3    -1.3
1397.852    10.8    22.6     3.5
1399.512     8.4    22.3     1.2
1401.172    -5.7    -1.6    -6.4
1402.832   -19.0   -27.4   -18.1
1404.492   -16.7   -36.9   -16.9
1406.152   -10.9   -10.1    -8.0
1407.812    -3.2    15.1    -6.0
1409.473     6.5    21.4    -6.5
1411.133    -7.4     0.6    -2.3
1412.793    -5.6   -24.5   -13.1
1414.453    -5.8   -38.1   -18.9
1416.113    -5.0   -24.8   -12.4
1417.773   -15.4    -1.4    -8.7
1419.434   -10.3     6.1   -18.4
1421.094   -15.6     1.9    -7.2
1422.754    -9.1    -2.4    -3.3
1424.414     5.8   -28.3   -12.9
1426.074    -3.1   -27.6   -15.9
1427.734   -18.7     0.9    -3.2
1429.395   -20.8    -4.7   -25.6
1431.055   -12.0   -13.2   -17.3
1432.715     4.5    -2.1    10.2
1434.375    17.2    -6.3     7.4
1436.035    -3.6   -16.5   -14.9
1437.695    -7.9    -8.0    -7.7
1439.355   -32.6     1.0    -8.6
1441.016   -13.5   -19.1   -23.5
1442.676    -2.6   -10.5    -1.8
1444.336    14.3     6.2    12.6
1445.996     3.7   -16.2   -16.2
1447.656     5.2   -16.3   -16.8
1449.316   -31.4    -5.9   -17.4
1450.977   -24.1   -15.4   -16.4
1452.637     3.2    -5.5     2.2
1454.297     9.7    -0.9     0.0
1455.957    17.5     2.7    -1.2
1457.617   -10.8    -6.4    -4.4
1459.277   -21.2   -12.9   -14.9
1460.938   -29.0   -25.2   -27.1
1462.598   -15.5    -2.1     0.8
1464.258    13.8    -0.1   -12.1
1465.918    16.4     0.8     6.8
1467.578     1.5     0.7    10.7
1469.238   -17.9    -9.1   -14.5
1470.898   -18.9   -28.4   -20.3
1472.559   -21.9   -13.7    -6.8
1474.219   -17.5     0.7    -8.4
1475.879    17.7    -7.4    -1.0
1477.539     2.6     8.0     6.7
1479.199    -0.5   -10.7   -17.9
1480.859    -8.7   -22.4   -20.3
1482.520   -19.4   -11.3    -6.6
1484.180   -16.2    -2.4   -11.6
1485.840   -14.2    -8.5   -15.2
1487.500    -9.4    -9.6    -8.4
1489.160    -3.3    -0.3    -4.5
1490.820     5.0   -11.8    -1.2
1492.480    -7.0    -7.2   -12.2
1494.141   -11.1    -9.1   -19.6
1495.801   -20.2   -17.9   -27.1
1497.461   -20.2     1.9    -0.7
1499.121     8.1    -7.0    -9.2
1500.781    11.6   -12.0   -13.3
1502.441    11.0    -8.7     3.1
1504.102    -4.8    -0.9    -9.2
1505.762   -26.4   -19.6   -28.2
1507.422   -36.8   -13.2   -17.6
1509.082    -9.0     0.1     1.0
1510.742     8.9    -3.8     1.0
1512.402    15.3   -10.2    -5.9
1514.062    11.9     1.3     4.1
1515.723    -8.1    -2.1    -5.1
1517.383   -37.1   -24.3   -33.5
1519.043   -15.0    -3.1    -4.5
1520.703    -3.7    -0.6    -0.1
1522.363     4.1    -7.0    -7.9
1524.023    18.3    -3.2     6.7
1525.684     7.9    -0.2     8.3
1527.344   -26.1   -14.8   -35.4
1529.004   -25.7   -17.0   -14.7
1530.664   -18.8    -0.2     5.0
1532.324    -0.7    -8.9    -9.8
1533.984    13.5   -10.5     1.9
1535.645     4.4     5.5     6.9
1537.305    -5.0     4.8    -9.5
1538.965   -16.8   -17.3   -33.7
1540.625   -23.9    -7.0     2.4
1542.285   -19.2     0.4    -7.2
1543.945    -6.6   -12.5   -22.3
1545.605     0.5   -10.9     5.3
1547.266     3.0    -7.7    -8.2
1548.926     0.0   -15.3   -23.6
1550.586   -18.2     5.9     0.9
1552.246   -21.4     7.5    -4.3
1553.906   -14.7    -7.4   -16.2
1555.566    -6.1   -21.2   -19.1
1557.227     3.7   -16.5   -12.0
1558.887     4.1   -15.7   -14.2
1560.547    -0.3    -1.9    -6.0
1562.207   -13.0     7.6   -10.2
1563.867   -24.5   -24.3   -22.0
1565.527   -24.3   -28.3   -17.2
1567.188    -7.3   -23.2    -6.5
1568.848    11.0   -11.8    -0.6
1570.508    13.7     2.9     1.5
1572.168    -3.8    18.7   -10.1
1573.828   -13.6    15.5   -11.5
1575.488   -36.4   -19.1   -19.3
1577.148     1.8   -32.5   -10.8
1578.809     9.3   -29.8    -3.6
1580.469    21.6    -0.6     5.5
1582.129    11.4    19.0     8.4
1583.789   -25.3    -1.8   -21.6
1585.449   -34.3    -9.8   -20.9
1587.109   -31.9   -28.2   -16.7
1588.770     0.8   -32.6    -5.5
1590.430    14.5   -24.6    -4.8
1592.090    17.5    16.6     4.5
1593.750   -14.0    17.2    -8.6
1595.410   -32.0    -3.1   -23.9
1597.070   -32.1   -25.9   -27.5
1598.730   -13.1   -26.8    -8.3
1600.391     9.0   -25.1     1.9
1602.051    24.7    -6.2     1.9
1603.711     0.1    19.3    -4.4
1605.371   -38.8     4.5   -20.1
1607.031   -17.9   -32.0   -18.3
1608.691     3.6   -26.4    -6.4
1610.352    13.9   -23.9    -5.0
1612.012    24.0    -0.9     4.1
1613.672    -4.9    14.1    -1.8
1615.332   -27.0    11.5   -14.0
1616.992   -17.3   -16.1   -16.3
1618.652     0.2   -27.9    -8.6
1620.312     9.1   -29.2    -6.7
1621.973    15.6    -8.8     7.3
1623.633     1.1    16.5     5.2
1625.293   -20.0    11.5   -17.3
1626.953   -27.3    -8.7   -21.1
1628.613     3.5   -14.4     6.4
1630.273     8.4   -24.2   -12.7
1631.934    10.6   -32.3   -18.5
1633.594     3.5    -1.7     9.6
1635.254   -26.9     9.2   -27.4
1636.914   -21.4    -9.1   -24.6
1638.574   -19.1    -9.8   -17.6
1640.234   -11.2   -13.4     2.1
1641.895    15.8   -30.8   -13.1
1643.555    15.3   -26.4   -12.5
1645.215   -17.4    13.1     2.7
1646.875   -26.9    14.3   -19.3
1648.535   -18.3    -0.7   -26.7
1650.195    -2.5    -9.7    -0.2
1651.855    11.9   -23.2    -7.4
1653.516     9.1   -33.5   -12.0
1655.176   -10.1    -5.5    -5.1
1656.836   -22.1    10.5    -7.9
1658.496   -10.1     0.3   -11.2
1660.156    -5.6    -1.3   -10.3
1661.816     9.8   -24.9   -10.8
1663.477     4.2   -32.1    -2.5
1665.137   -12.1   -15.6    -3.5
1666.797   -20.6     2.4   -20.6
1668.457   -22.1     9.0   -19.3
1670.117   -13.1    13.3     2.9
1671.777    10.5   -10.5    -5.0
1673.438     8.4   -41.0   -21.9
1675.098   -23.0    -1.4     0.0
1676.758   -23.7     0.8    -4.3
1678.418   -13.6     5.3   -21.9
1680.078   -13.6     5.7   -12.8
1681.738     4.5     0.0     3.8
1683.398     5.5   -11.8     2.6
1685.059    -9.6   -41.3   -24.0
1686.719   -19.5    -5.7    -7.3
1688.379   -11.7     5.4   -21.8
1690.039    -6.3     2.3   -21.8
1691.699    16.5   -10.4    11.6
1693.359     8.9   -16.0     5.8
1695.020    -7.4   -34.1   -28.2
1696.680   -17.8   -10.5    -8.6
1698.340   -23.1    22.9    -1.5

Event #16  ts=2026-09-25 13:03:02.912  [SELECTED]
  t[ns]  u1[mV]  u2[mV]  u3[mV]
  0.000   -12.1   -18.4   -22.0
  1.660     5.9   -24.4   -16.7
  3.320    -9.6    -6.8    12.8
  4.980   -16.4    -8.7   -23.2
  6.641   -17.5   -18.0   -29.8
  8.301   -14.5   -12.7   -11.4
  9.961     2.9    -0.4   -11.2
 11.621     1.8   -15.4    -0.7
 13.281    -3.8   -12.5     1.2
 14.941    -5.4   -10.2   -10.1
 16.602    -8.1    -3.9    -9.8
 18.262   -12.1    -2.9    -4.6
 19.922   -11.0    -6.3   -14.8
 21.582    -1.2    -8.4    -4.8
 23.242    -4.9    -7.3     4.3
 24.902    -6.8   -12.9   -14.7
 26.562    -4.1     4.8     4.3
 28.223    -8.2     7.9    -2.0
 29.883   -17.5   -28.6   -28.2
 31.543   -20.2    -7.9    -4.9
 33.203   -20.3    -1.6     6.1
 34.863    11.8   -11.5   -10.2
 36.523    11.5     0.8    -4.1
 38.184    -4.7    10.7     4.5
 39.844   -22.1   -13.8   -11.8
 41.504   -32.2   -25.8   -22.4
 43.164   -26.3    -7.5    -8.5
 44.824    13.3    -0.8     4.9
 46.484    23.0    -4.8     2.0
 48.145     9.3    -2.9   -13.7
 49.805     3.2     9.3    -0.7
 51.465   -36.5   -24.5   -28.8
 53.125   -30.7   -16.2   -23.2
 54.785   -10.3   -12.3   -12.5
 56.445    26.3     7.5    23.3
 58.105    28.5     1.9     1.4
 59.766     4.4   -11.8   -17.7
 61.426   -41.2     3.4    -8.5
 63.086   -43.5    -4.4   -15.3
 64.746   -24.1   -25.7   -18.6
 66.406    25.9     7.9    23.8
 68.066    39.4    16.1    16.1
 69.727    29.9     7.7     1.5
 71.387   -23.8   -10.0   -18.4
 73.047   -44.1    -4.0    -9.2
 74.707   -37.3   -18.2   -20.3
 76.367    -0.7   -30.2   -14.9
 78.027    25.7    -6.4    10.6
 79.688     7.3     5.5    -3.1
 81.348    -1.7    -0.8   -20.7
 83.008   -17.8   -15.5   -37.6
 84.668   -52.7   -12.9    -6.4
 86.328   -24.1   -24.8   -22.8
 87.988    26.7   -19.8     0.5
 89.648    25.5    24.3    17.3
 91.309    11.2    16.9   -10.2
 92.969   -43.0   -18.9   -18.1
 94.629   -47.0   -18.4   -16.6
 96.289   -31.6   -29.6   -22.8
 97.949    15.2   -14.9     2.6
 99.609    13.6     4.4     8.0
101.270     6.3    13.7    -5.4
102.930   -22.2    -0.1     0.1
104.590   -35.9   -22.2   -28.9
106.250   -10.9   -34.1   -22.3
107.910     2.5    -3.8    12.9
109.570     6.3     4.0     3.6
111.230    20.1     8.7    -7.6
112.891    -1.0    10.7     5.1
114.551   -21.8    -7.8   -17.9
116.211   -21.3   -45.5   -21.9
117.871   -12.3   -17.1     2.2
119.531     5.0     7.5    -4.3
121.191     4.7     9.4    -4.3
122.852     0.6    12.7     2.6
124.512     1.4    13.3     4.9
126.172    -6.2   -18.8   -15.9
127.832   -22.9   -35.4   -15.5
129.492   -18.5   -17.1   -16.4
131.152    -0.4     6.7    -6.3
132.812    -4.5    11.8     7.3
134.473     9.4    16.8     8.0
136.133     0.5   -25.2   -11.6
137.793   -24.3   -23.2   -18.0
139.453   -33.2   -20.6   -19.7
141.113   -20.7    -5.5   -12.3
142.773     8.5    18.1    10.1
144.434    26.8    15.0     9.1
146.094     4.9   -17.0   -18.5
147.754   -29.3   -26.5   -16.5
149.414   -29.8   -16.9    -9.2
151.074   -31.9   -19.0   -14.3
152.734    -6.0     1.4   -14.6
154.395    20.5    21.2    20.2
156.055    17.9    -2.3    -2.6
157.715   -18.0   -34.7   -22.4
159.375   -41.1   -10.1    -1.3
161.035   -31.8    -8.0   -25.8
162.695    -2.2    -0.7   -12.6
164.355    17.3    14.4    22.0
166.016    26.7    -5.2    -8.3
167.676     9.9   -27.1   -29.6
169.336   -36.6   -27.4   -18.9
170.996   -48.0    -4.4   -12.6
172.656     7.3     0.7     5.7
174.316     7.8     0.9     7.1
175.977    22.7    12.0    14.9
177.637    23.9    -9.2    -9.0
179.297   -22.9   -25.9   -13.0
180.957   -37.4   -19.0   -24.5
182.617   -23.0     4.7    -7.4
184.277    -3.2     9.2     4.8
185.938    13.4     0.1     1.0
187.598    30.5   -14.0    -5.9
189.258     2.7   -12.7     2.6
190.918   -25.2   -12.9   -21.0
192.578   -30.5   -17.4   -31.2
194.238   -22.9    13.1     4.7
195.898     6.5    -2.9     5.6
197.559    27.1   -25.2    -4.8
199.219     1.3    -6.6     2.5
200.879   -27.8    -2.0   -15.6
202.539   -32.3   -12.3   -23.2
204.199   -36.8   -13.8   -20.7
205.859     0.5   -12.5    -1.7
207.520     6.1   -15.6    -4.7
209.180   -55.1   -38.8   -21.6
210.840   -80.2   -48.7   -31.5
212.500  -159.9  -112.5   -83.5
214.160  -161.9  -121.9   -94.5
215.820  -134.9  -128.6  -123.3
217.480   -71.0  -104.0   -82.5
219.141   -53.3   -95.1   -78.7
220.801   -53.6   -80.1   -85.2
222.461   -59.1   -59.3   -76.7
224.121   -48.3   -28.2   -61.4
225.781   -37.1   -42.6   -67.6
227.441   -19.2   -64.4   -53.6
229.102     8.0    -5.3    -7.2
230.762    -1.8    -2.1   -24.5
232.422   -43.1   -24.2   -42.8
234.082   -38.9   -16.8   -11.0
235.742   -37.9   -17.0   -11.9
237.402    13.9   -30.0   -26.4
239.062    -2.1     3.2     2.4
240.723   -23.5    -0.3   -16.8
242.383   -30.2   -15.9   -35.1
244.043   -38.4   -26.7   -27.9
245.703    -5.8    -8.4    -3.8
247.363     5.2   -10.2   -10.6
249.023    21.8   -13.4   -20.3
250.684   -16.2     8.5     8.7
252.344   -36.5   -16.5   -28.6
254.004   -27.1   -28.4   -19.9
255.664   -26.2   -26.4    -6.4
257.324     2.1    -6.8    -5.2
258.984    27.2    -0.3    -2.7
260.645    23.3     3.7     0.0
262.305   -31.5    -1.7   -26.4
263.965   -35.7   -26.6   -18.8
265.625    -6.5   -19.3    -1.1
267.285    26.6    -2.9   -11.2
268.945    19.2     4.9    -4.6
270.605    -4.1    17.1     9.5
272.266   -24.5     1.1   -15.3
273.926   -42.9   -38.4   -45.0
275.586   -44.8   -37.8   -21.5
277.246    -8.6   -12.4    -0.9
278.906    29.2     5.2    -6.5
280.566    -7.4    20.9     6.0
282.227   -22.1     8.9    -3.6
283.887   -34.7   -36.7   -42.9
285.547   -38.2   -28.8    -7.5
287.207     9.5     3.9     1.0
288.867    21.0     1.4    -1.3
290.527    19.1    11.2     3.5
292.188   -17.8    -3.8   -18.1
293.848   -39.0   -38.0   -30.2
295.508   -37.5   -36.0   -21.3
297.168   -12.8   -11.3    -5.4
298.828    14.8    -1.5    -3.7
300.488    20.8    17.9     4.2
302.148    -8.4     4.0   -16.8
303.809   -27.6   -19.5   -21.4
305.469   -28.7   -39.5   -12.9
307.129    -6.9   -16.6   -16.0
308.789     4.1    -1.1    -5.9
310.449    -1.8     9.8     2.6
312.109    -1.5     9.5   -13.1
313.770   -10.9   -13.5   -18.5
315.430   -23.5   -35.7   -16.6
317.090   -12.0   -12.9    -0.6
318.750     2.8    -0.9    -1.3
320.410    -1.7     4.4    -9.5
322.070    -2.6    -2.1    -2.4
323.730    -8.3   -15.6    -9.4
325.391    -5.3   -22.2   -17.9
327.051   -13.9   -23.4   -25.6
328.711    -1.2     2.5     5.3
330.371    -3.3     8.2    -2.1
332.031    -8.3     0.6   -15.1
333.691   -11.6   -24.6   -12.8
335.352   -12.5   -26.3   -12.4
337.012     0.1   -19.3   -15.0
338.672    -0.9     4.6     7.2
340.332   -10.1    14.7     1.5
341.992   -15.5     7.3   -15.4
343.652   -10.5   -12.2   -13.1
345.312    -2.6   -22.3   -18.9
346.973    12.1   -20.6   -13.8
348.633    11.1     2.3     5.3
350.293   -24.7    17.4    -5.1
351.953   -15.4   -19.2   -22.7
353.613    -6.2   -22.6   -10.2
355.273     0.4   -29.1   -13.9
356.934    11.9    -7.6    -4.6
358.594    -2.3     6.2     2.4
360.254   -25.4     9.9   -12.7
361.914   -24.9    12.5   -18.9
363.574   -17.5   -24.4   -14.9
365.234    11.9   -23.1   -12.8
366.895    23.0   -22.7   -11.1
368.555     1.2     0.7    -0.1
370.215   -14.9    14.7     5.4
371.875   -26.8   -18.7   -28.1
373.535   -19.3   -19.8   -20.9
375.195     3.9   -25.4    -3.6
376.855    23.4   -18.8    -4.7
378.516    18.8    -8.1     1.7
380.176   -22.8    14.1    -5.5
381.836   -48.9   -13.4   -33.7
383.496   -41.2   -26.0   -21.8
385.156     2.1   -17.8     2.7
386.816    40.9   -14.6    -4.1
388.477    30.2    -5.1    -0.8
390.137    -8.6    12.5     0.8
391.797   -47.6    -6.0   -24.5
393.457   -50.5   -40.9   -33.1
395.117    34.9    -6.6    13.2
396.777    34.8     4.8     1.8
398.438    30.6     6.8    -0.4
400.098   -23.3     8.7    -6.3
401.758   -45.0   -10.8   -22.0
403.418   -52.3   -27.4   -35.7
405.078    17.7   -13.9     7.6
406.738    39.8    11.1    21.8
408.398    41.7    13.8    20.2
410.059    -6.9     3.2   -14.8
411.719   -49.2    -4.7    -8.4
413.379   -52.8   -21.5   -27.0
415.039    -4.7   -37.6   -18.7
416.699    25.4    13.5    27.7
418.359    27.4    21.0     9.3
420.020     5.0     2.6   -20.3
421.680   -29.0    -1.3    -8.0
423.340   -28.2   -36.8   -32.0
425.000    11.0   -24.9    -2.5
426.660    13.8   -17.5     9.9
428.320    20.2    -0.3    17.4
429.980   -13.2     6.8   -20.4
431.641   -20.0    -2.6   -21.6
433.301   -26.6    -5.0    -1.9
434.961   -12.8   -20.4   -17.0
436.621    -1.2   -29.8   -16.9
438.281    -0.3     6.9    -3.2
439.941   -12.3     1.6   -13.7
441.602   -24.6    -6.3   -15.9
443.262   -21.2    -4.6    -3.9
444.922    -5.3   -10.4    -8.6
446.582    12.0   -22.0    -4.2
448.242     9.8   -13.4    -2.7
449.902   -18.6    -9.6   -19.9
451.562   -31.8   -12.3   -23.9
453.223   -30.0     0.3    -3.4
454.883    10.4    -6.2    -2.0
456.543    31.5   -11.8    -0.2
458.203    14.7    -6.9     0.0
459.863   -12.7    -7.9   -17.4
461.523   -40.7   -23.4   -32.0
463.184   -26.2    -0.6    -1.1
464.844   -16.3    -3.5    -1.7
466.504    29.3     7.5    10.8
468.164    41.4     5.8    13.8
469.824   -11.2   -14.6   -25.2
471.484   -33.5   -21.1   -26.0
473.145   -63.6   -31.4   -25.4
474.805   -19.0    -1.0   -10.7
476.465    39.7    10.8    20.8
478.125    35.6    12.2    22.6
479.785    -1.3   -15.0   -14.6
481.445   -25.4   -33.4   -30.6
483.105   -57.2   -39.9   -34.0
484.766   -29.2    -2.3   -12.5
486.426    23.0    13.7     1.8
488.086    32.8    19.1    18.3
489.746    22.9     2.2     1.0
491.406     4.1   -16.6   -17.8
493.066   -41.1   -44.1   -35.3
494.727   -45.4   -16.3   -16.0
496.387   -15.9    -3.8   -12.5
498.047    26.1    20.8     6.8
499.707    15.5     9.6     9.1
501.367   -17.1   -47.7   -31.2
503.027   -28.6   -46.9   -31.0
504.688   -34.6   -18.5    -7.6
506.348   -26.1     4.3    -2.9
508.008    10.6     7.4   -12.1
509.668    20.1    11.9     9.2
511.328     5.9    -9.6     5.1
512.988    -5.3   -38.9   -26.0
514.648   -11.7   -34.2   -18.4
516.309   -28.6     1.8    -0.3
517.969   -32.5    12.2   -20.7
519.629   -14.7     6.6   -18.7
521.289    11.2    -7.1     8.2
522.949     9.4   -26.2   -10.3
524.609     5.0   -34.1   -15.1
526.270   -21.4    -3.0    -7.4
527.930   -41.0     6.9   -19.6
529.590   -28.4    -4.2   -18.9
531.250    -4.6    -5.1     1.1
532.910    28.3   -23.6    -6.5
534.570    10.8   -11.5     8.2
536.230     6.9   -10.2    14.0
537.891   -43.6   -12.5   -43.2
539.551   -40.6    -3.9   -27.0
541.211   -25.6     2.5    -1.8
542.871    46.3   -26.4    -2.5
544.531    48.4   -27.2    -2.4
546.191    22.0     3.7    16.8
547.852   -41.2   -10.7   -36.5
549.512   -54.2   -14.0   -28.8
551.172   -47.6     0.3    -6.2
552.832    52.3   -17.4     3.6
554.492    49.9   -16.4    12.8
556.152    33.6   -10.3     4.0
557.812    -9.2     7.8    -9.9
559.473   -48.0    -8.9   -34.0
561.133   -60.8   -21.2   -31.6
562.793     8.7     1.9     2.5
564.453    40.6    -8.2    17.0
566.113    42.2    -7.6    14.8
567.773    25.8    -4.1     0.7
569.434   -41.3    -4.2   -24.7
571.094   -60.4    -5.4   -27.4
572.754    14.8    -5.7     6.3
574.414    35.6    -7.1    11.7
576.074    34.7    -3.1    10.9
577.734    -9.6   -11.7   -16.8
579.395   -40.5    -8.1   -27.2
581.055   -52.2   -10.0   -32.7
582.715   -14.9    -9.9   -11.2
584.375    31.9   -11.3    -3.7
586.035    38.8    -6.5     8.8
587.695   -19.2    -5.7   -11.0
589.355   -40.4    -9.1   -18.5
591.016   -31.9    -3.5   -17.5
592.676   -21.2    -1.1   -10.4
594.336     8.3     0.0     4.1
595.996    18.5   -28.1   -22.1
597.656    -5.5   -15.7     0.8
599.316   -26.2     2.8    -1.2
600.977   -17.7    -3.4   -28.7
602.637   -17.9    -3.5   -29.3
604.297     3.0     5.6    -1.2
605.957    14.5   -31.5   -12.0
607.617    -3.0   -33.8   -11.4
609.277   -18.0     3.0   -14.5
610.938   -17.8     4.3   -12.9
612.598   -14.0     4.7     2.2
614.258     3.1     1.1     5.9
615.918     6.8   -24.8    -1.1
617.578     0.8   -22.2    -5.4
619.238   -31.8   -18.0   -23.3
620.898   -24.9     0.2   -20.2
622.559   -15.1    18.5    -3.8
624.219    18.4   -18.3    -7.6
625.879     4.6   -26.4   -14.3
627.539   -28.7   -18.7     0.4
629.199   -35.4   -21.5   -20.9
630.859   -17.6   -10.7   -23.6
632.520     8.9    27.8     7.9
634.180    13.2   -11.0   -14.1
635.840     5.0   -26.2    -3.8
637.500   -13.2   -21.0    -9.2
639.160   -21.2    -9.5   -16.5
640.820   -23.5     4.5   -11.5
642.480    -0.5    18.4     4.0
644.141     8.9    10.9    -6.0
645.801    14.5   -20.1     0.1
647.461    -0.4   -23.3    -9.0
649.121   -29.9   -20.5   -25.0
650.781   -36.6     0.8   -14.3
652.441   -22.3     4.3     0.8
654.102     8.2    -0.1    -7.9
655.762    23.3    -6.5    -9.2
657.422    14.0   -13.2     6.1
659.082   -22.2   -14.9   -14.7
660.742   -35.5   -16.3   -30.4
662.402   -24.6     3.1    -2.4
664.062   -10.1    -4.0   -11.9
665.723    11.1   -18.3   -18.4
667.383    24.6    -6.8    20.5
669.043     7.8     1.9    16.3
670.703   -29.0   -20.3   -43.7
672.363   -41.8   -22.8   -37.4
674.023   -21.2     8.2    15.0
675.684    10.0   -20.2   -27.5
677.344    23.1   -22.0   -15.8
679.004   -10.1    11.8    -0.2
680.664   -28.8   -20.5   -37.3
682.324   -31.3   -23.6   -35.6
683.984   -38.8   -20.2   -15.4
685.645     1.5    -8.0    -9.0
687.305    17.1   -15.7   -10.1
688.965    29.5    -3.9     8.1
690.625    -7.2    10.0    -4.5
692.285   -37.4   -26.0   -27.5
693.945   -32.1   -25.5   -18.5
695.605   -32.1   -24.7   -19.6
697.266    -3.1    -9.9   -11.9
698.926    25.6     8.0    18.7
700.586    24.7    13.9    14.0
702.246    -8.8    -6.4   -25.3
703.906   -37.1   -15.0   -18.8
705.566   -39.4   -26.5   -26.6
707.227    -3.2   -22.3   -15.3
708.887    11.2   -12.1    -3.3
710.547    23.9    20.5     6.5
712.207     3.2   -10.5   -21.2
713.867   -32.7   -14.7   -10.9
715.527   -33.5   -14.1   -11.0
717.188   -10.0   -36.1   -25.5
718.848     7.3   -18.5    -6.6
720.508     9.1    24.7    19.5
722.168   -12.2   -12.4   -18.7
723.828    -8.0   -16.3   -17.9
725.488   -22.7   -21.7   -20.7
727.148   -13.2   -24.6    -9.5
728.809    -9.0    -2.2    -2.5
730.469    -1.4    17.1    -1.2
732.129     2.3    14.5    -3.6
733.789   -19.8   -17.9   -18.3
735.449   -13.3   -30.0   -25.3
737.109   -16.5   -26.5    -5.5
738.770     1.3     2.7     5.2
740.430     1.9     8.0   -10.2
742.090   -19.3     5.7   -10.6
743.750   -16.1     6.0    -1.8
745.410     1.1   -26.1   -17.3
747.070     1.6   -33.9   -10.8
748.730    -7.1    -7.3     3.3
750.391    -7.9    17.5    -3.6
752.051   -11.1     9.7   -18.4
753.711    -5.3   -12.6    -0.3
755.371     4.2   -21.1     3.9
757.031    13.4   -31.0   -11.0
758.691    -2.2   -13.4   -13.0
760.352    -7.1    25.4    11.3
762.012   -21.4    24.4    -4.8
763.672    -1.8   -21.7   -18.6
765.332     5.7   -24.0     5.1
766.992     3.8   -25.9    -3.5
768.652     7.5   -15.5   -10.8
770.312   -19.4    22.5     0.4
771.973   -24.4    24.1   -14.4
773.633   -17.3   -30.2    -8.3
775.293   -19.0   -29.3    -8.6
776.953    15.7   -28.8    -1.5
778.613    20.1    -1.5     6.1
780.273    -1.0     9.8     4.1
781.934   -32.3    15.1   -29.9
783.594   -26.2    -2.4    -5.3
785.254     0.6   -30.9    -6.4
786.914    17.4   -46.7   -20.8
788.574     6.3    12.6    19.5
790.234     2.7    13.8    18.5
791.895   -31.1    -3.8   -23.0
793.555   -25.9    -7.0   -13.5
795.215     6.5   -19.9    -4.1
796.875    22.5   -44.0   -18.9
798.535     4.1   -15.7     6.0
800.195   -18.0    27.5    -2.2
801.855   -29.6     0.4   -29.6
803.516   -29.5    -8.5   -18.6
805.176    -5.0   -10.7     0.0
806.836    23.8   -38.5     4.2
808.496    16.6   -33.8    -0.5
810.156   -17.1    12.2   -15.3
811.816   -33.2    16.3   -21.2
813.477   -41.0    12.4   -15.3
815.137    -6.8   -11.1    -7.7
816.797    21.1   -27.9     2.1
818.457    19.7   -19.4    10.9
820.117     4.0    -8.5    -5.6
821.777   -34.6     4.6   -24.7
823.438   -31.8    15.4   -13.2
825.098    13.1   -29.3    -3.5
826.758    18.1   -20.0     2.7
828.418    18.1   -21.8     3.7
830.078   -21.0    -2.6   -19.3
831.738   -39.6    -1.5   -37.1
833.398   -24.7     9.3    -8.4
835.059   -12.3     6.9     8.1
836.719    28.3   -35.4   -13.4
838.379    24.6   -28.9    -1.1
840.039   -22.1    10.0    -5.4
841.699   -37.3    -1.3   -41.8
843.359   -24.9     1.6     3.1
845.020   -10.6     3.4    12.9
846.680    35.7   -32.1    -9.9
848.340    22.0   -26.9     3.7
850.000   -16.1    14.6    -4.5
851.660   -30.4     9.0   -27.1
853.320   -40.6    -8.6   -29.6
854.980   -19.2    -8.3    -3.4
856.641    18.2   -16.4    -0.6
858.301    22.3   -15.8    10.9
859.961     7.3    -2.9     2.7
861.621   -26.3     6.2   -17.2
863.281   -34.1     5.6   -18.0
864.941   -15.9   -20.3   -23.0
866.602    10.6   -22.6    -4.2
868.262    22.6   -12.4    17.5
869.922    11.1    -6.2   -18.8
871.582    -9.7    -4.6   -24.1
873.242   -43.9     5.4   -13.3
874.902   -44.5    -1.7   -13.5
876.562     1.3   -38.5   -17.6
878.223    16.6     8.6     7.7
879.883    15.5     7.3    11.6
881.543    -9.6    -6.1   -15.0
883.203   -17.8    -3.8   -13.8
884.863   -35.9    -6.7    -9.3
886.523   -11.5   -30.8   -21.5
888.184     6.3   -14.6    -7.2
889.844    16.7     7.7     8.8
891.504     3.3     9.0     2.7
893.164   -16.4    -6.5   -22.2
894.824   -31.2   -14.9   -26.2
896.484   -37.4   -20.3   -15.2
898.145   -14.4   -16.3    -0.9
899.805    11.6   -14.9   -15.2
901.465     4.9    12.2     1.9
903.125    -5.7    16.6     8.1
904.785   -21.7   -18.6   -28.3
906.445   -27.8   -34.2   -30.7
908.105   -13.6    -8.4     3.0
909.766     2.8     0.5     3.1
911.426     7.3    -4.3   -13.4
913.086     3.2    13.9    10.7
914.746    -9.7    -6.4   -17.9
916.406   -26.4   -36.8   -29.4
918.066   -17.5     0.2     4.3
919.727     7.1    -5.9   -17.9
921.387    10.4    -7.2   -14.9
923.047     3.2     1.2     6.8
924.707    -5.6     3.3    -6.6
926.367   -22.5   -31.6   -28.9
928.027   -17.8    -9.7    -3.4
929.688   -12.9     3.6    -7.5
931.348     3.2    -0.6   -17.7
933.008     3.9     0.7     3.1
934.668    -8.2    -4.5     1.1
936.328    -6.9   -21.0   -25.3
937.988    -6.1   -16.6    -9.0
939.648   -24.0    -4.8   -12.3
941.309   -10.3    -1.5   -11.6
942.969     5.8     1.7    13.5
944.629     6.1    -1.1     1.9
946.289   -10.4   -18.4   -12.0
947.949    -8.5   -11.6    -1.9
949.609   -17.1    -2.7    -5.1
951.270   -17.7   -12.8   -25.0
952.930    -9.5     6.0    12.7
954.590     3.2   -16.3   -26.5
956.250     0.3   -26.7   -24.5
957.910    -4.7     1.4    13.0
959.570   -13.5   -16.4   -27.7
961.230   -12.9   -11.4   -19.8
962.891   -20.2    -0.1     1.4
964.551     5.2   -19.0   -18.2
966.211     6.9   -32.3   -17.7
967.871     3.1     2.9     5.4
969.531    -1.0     6.3     2.4
971.191   -19.8    -6.0   -14.1
972.852   -25.7    -7.0   -12.5
974.512     0.0   -24.5   -11.6
976.172     3.5   -21.4    -3.0
977.832    12.9     5.7     0.5
979.492   -26.9     1.3    -6.7
981.152   -24.7     0.0    -6.2
982.812   -22.6   -12.6   -18.5
984.473   -13.7   -27.7   -24.9
986.133     6.0    -3.1     4.6
987.793    22.4    11.6     4.2
989.453    -6.8     2.4   -12.2
991.113   -30.0     2.2    -9.6
992.773   -31.0   -10.7   -19.0
994.434   -17.1   -39.4   -20.4
996.094    24.3     1.9     6.9
997.754    29.2    20.1    18.4
999.414    14.4    24.7     5.7
1001.074   -36.4   -16.5   -16.1
1002.734   -31.2   -27.0   -10.2
1004.395     5.1   -26.7   -16.2
1006.055     8.7   -26.9   -13.6
1007.715    21.7    10.1    11.1
1009.375   -15.3    19.2   -10.9
1011.035   -35.9   -26.2   -20.9
1012.695   -32.1   -37.3   -18.8
1014.355    10.4   -28.6   -11.3
1016.016    32.0    -8.4     7.4
1017.676    13.1    16.8     9.7
1019.336   -12.2    14.8   -21.9
1020.996   -31.5     0.0   -18.6
1022.656   -36.9   -25.7   -17.1
1024.316     1.0   -41.7   -14.1
1025.977    26.8   -13.3    14.5
1027.637    -7.9    20.1   -10.6
1029.297   -14.8    12.5   -25.6
1030.957   -44.1    -5.3    -4.8
1032.617    -1.5   -34.7   -15.7
1034.277    30.5   -40.3    -6.7
1035.938    26.0   -14.1    12.5
1037.598     3.0    17.3     0.9
1039.258   -39.1     6.1   -22.8
1040.918   -42.1    -8.1   -12.4
1042.578   -33.1    -8.5    -8.4
1044.238    34.7   -22.5     4.9
1045.898     0.8     1.8    -0.7
1047.559    -3.9     3.0    -3.0
1049.219   -44.5     5.5   -16.1
1050.879   -34.1    -5.0   -26.3
1052.539   -17.7   -12.6   -17.7
1054.199    29.4   -21.1     0.0
1055.859    16.3    -8.0    -3.9
1057.520   -32.9    -9.7   -30.3
1059.180   -66.4     4.8   -26.6
1060.840   -27.5    -1.1   -16.3
1062.500    -8.4    -2.6    -8.5
1064.160    35.2    -3.8    19.7
1065.820     1.4    -0.5    -9.2
1067.480   -27.6   -18.5   -35.0
1069.141   -62.3    -7.3   -28.8
1070.801   -21.8     2.6    -0.1
1072.461    50.5   -20.4    -0.8
1074.121    51.2   -19.5     8.4
1075.781    -6.7    -5.7    -1.1
1077.441   -50.7   -13.9   -34.9
1079.102   -59.7    -8.8   -33.8
1080.762   -32.5     7.2     0.8
1082.422    14.5     3.1     0.3
1084.082    49.1   -23.1     4.4
1085.742    15.7   -17.3    17.7
1087.402   -40.0    -8.0   -30.7
1089.062   -50.1   -12.5   -33.5
1090.723     1.3     6.2     5.7
1092.383     9.3     3.7    -0.7
1094.043    41.5   -28.2     6.3
1095.703    17.0   -22.1    12.6
1097.363   -44.8   -15.0   -32.9
1099.023   -40.7     3.0   -28.9
1100.684    -4.9    14.1     2.1
1102.344    25.5    -8.3    -6.3
1104.004     9.0   -20.1     5.8
1105.664     5.1   -25.6     2.0
1107.324   -29.1     0.0   -19.9
1108.984   -28.3    12.6    -6.8
1110.645   -22.2     7.8    -8.5
1112.305     2.4   -37.8   -16.0
1113.965    -0.6   -28.4     4.0
1115.625     2.0    -3.8    -7.2
1117.285   -14.6     4.7   -13.5
1118.945   -25.4    25.4     1.1
1120.605   -10.2     2.2    -9.9
1122.266    -5.0   -26.3   -20.7
1123.926   -10.6   -22.0    -3.9
1125.586    -0.2    -8.3    -6.0
1127.246     9.6    23.5     3.2
1128.906    -2.3    22.1   -11.4
1130.566   -15.5   -24.7   -19.7
1132.227   -13.6   -48.4   -23.9
1133.887   -24.3   -30.7   -18.0
1135.547   -12.9    -1.3    -7.7
1137.207    13.7    31.0    14.9
1138.867     1.7     5.4   -11.5
1140.527     0.0   -17.7   -22.7
1142.188   -24.4   -49.4   -20.4
1143.848   -17.8   -19.9   -17.3
1145.508    -1.6    27.9     4.3
1147.168     8.4    39.5    14.6
1148.828    17.7    29.7     8.9
1150.488    -4.5   -24.6   -18.9
1152.148   -17.5   -46.6   -18.5
1153.809   -24.8   -32.9   -17.0
1155.469   -18.8   -11.5   -23.5
1157.129     1.7    30.3    -8.4
1158.789    18.9    24.2     9.5
1160.449    14.3   -29.5   -20.9
1162.109    -5.0   -36.3    -7.0
1163.770   -33.9   -23.9   -14.1
1165.430   -38.7   -13.9   -27.8
1167.090     1.6    19.6     7.4
1168.750    15.6    21.8    16.6
1170.410    18.0   -22.6   -16.3
1172.070   -20.0   -17.1    -7.8
1173.730   -21.5   -13.8    -5.6
1175.391   -48.3    -8.8   -20.0
1177.051   -12.8     3.3     1.9
1178.711    19.2    -0.4     0.0
1180.371    26.5   -18.9   -11.1
1182.031    23.7   -11.9     9.8
1183.691   -11.8     1.5     1.7
1185.352   -47.9    -9.6   -30.9
1187.012   -56.8   -19.5   -36.3
1188.672     8.3   -11.7     1.6
1190.332    39.3   -14.5     0.6
1191.992    23.8     2.6     9.3
1193.652    -3.1    16.8     0.0
1195.312   -50.3    -9.5   -39.4
1196.973   -48.8   -18.3    -4.9
1198.633    13.5   -20.8   -10.8
1200.293    58.5     1.3    11.5
1201.953    37.1    25.5    26.1
1203.613   -12.8     9.4   -14.2
1205.273   -58.9   -27.4   -43.4
1206.934   -59.1   -31.6   -21.0
1208.594    -1.0   -28.8   -11.9
1210.254    39.2    -7.8    10.9
1211.914    42.6    12.5    26.6
1213.574     5.5    27.3     2.7
1215.234   -62.1   -30.3   -23.2
1216.895   -62.1   -35.0   -24.8
1218.555    32.5   -19.2     8.6
1220.215    43.3    -0.6     7.8
1221.875    41.2    11.6    13.4
1223.535    -9.5    12.0    -7.8
1225.195   -47.6   -42.0   -31.4
1226.855   -45.4   -37.8   -26.4
1228.516    15.0   -20.2    -0.9
1230.176    27.7    -5.8     4.9
1231.836    18.5    13.6    -3.2
1233.496   -12.8    12.6    -4.5
1235.156   -34.7   -10.7   -20.5
1236.816   -30.4   -30.2   -22.8
1238.477     4.9   -14.4     3.1
1240.137     5.8    10.0    -3.2
1241.797     5.9     8.6    -4.3
1243.457   -15.5    -1.1    -6.5
1245.117   -24.0   -15.2   -21.6
1246.777    -7.8   -18.1    -9.7
1248.438    -6.4    -7.1     4.2
1250.098     7.5     1.7    -9.7
1251.758    -7.8     4.2    -1.1
1253.418   -29.2   -11.7   -18.2
1255.078   -14.5   -18.3   -16.9
1256.738    -2.7    -0.9     7.3
1258.398     1.9    -0.4   -13.4
1260.059     4.3    -7.7   -18.5
1261.719   -23.9    -0.8    -1.9
1263.379    -9.3    -8.5   -16.4
1265.039     7.3   -17.2    -5.9
1266.699    -0.1    -4.4     4.4
1268.359    -4.6    -0.2    -8.9
1270.020   -21.1   -11.6   -12.8
1271.680   -21.9    -7.8    -5.8
1273.340     0.0   -11.2    -9.7
1275.000     2.9    -0.9     3.9
1276.660    -6.4     5.0    -1.9
1278.320    -3.8    -8.9   -17.0
1279.980   -12.1   -10.0    -1.6
1281.641    -0.7   -13.7   -15.0
1283.301     3.0   -14.7   -11.0
1284.961    -0.1    11.0     9.1
1286.621   -20.2   -16.8   -27.4
1288.281   -24.9   -25.2   -29.9
1289.941     0.3    -7.9    -3.7
1291.602     7.8    -8.1   -12.1
1293.262    12.2     1.5    -3.1
1294.922    -3.9    13.3     1.3
1296.582   -25.4    -7.4   -19.0
1298.242   -32.1   -29.8   -26.3
1299.902   -14.2   -23.9   -14.2
1301.562    30.2     1.2     2.9
1303.223    19.2     6.5     8.2
1304.883     9.7    13.1     2.7
1306.543   -32.1    -5.2   -25.2
1308.203   -49.5   -18.8   -35.6
1309.863   -14.6   -30.4    -8.0
1311.523    33.5     7.8    -0.4
1313.184    33.5    13.2     2.8
1314.844   -17.1    18.8    -0.8
1316.504   -48.7   -13.4   -26.6
1318.164   -47.7   -35.6   -37.0
1319.824    -6.2   -30.9    -0.3
1321.484    23.5    -8.6     7.2
1323.145    23.9    12.6    -0.4
1324.805   -27.1    23.4     5.9
1326.465   -46.2   -20.1   -29.7
1328.125   -53.0   -41.7   -47.9
1329.785     3.0   -30.6     5.2
1331.445    43.2    10.6    17.8
1333.105    24.3     5.8   -13.7
1334.766   -38.0    16.9    -8.7
1336.426   -61.2     4.9   -15.6
1338.086   -19.8   -51.0   -29.5
1339.746    21.6   -18.3    16.6
1341.406    41.3    18.5    18.0
1343.066   -17.2     9.9   -16.1
1344.727   -42.5     3.7   -19.7
1346.387   -42.9   -19.2   -23.6
1348.047   -25.5   -34.8   -23.3
1349.707    41.9   -10.8    16.7
1351.367    34.3     4.6     4.2
1353.027    11.2    14.6    -6.4
1354.688   -51.6   -13.1   -22.7
1356.348   -33.9   -30.7   -30.4
1358.008   -29.5   -29.6   -29.5
1359.668    34.6    -5.4    14.8
1361.328    30.9    -5.0    -7.9
1362.988   -23.6    12.2    -5.4
1364.648   -48.1    15.2    -8.3
1366.309   -45.0   -15.0   -36.0
1367.969   -25.7   -34.9   -36.9
1369.629    29.6     2.0    18.7
1371.289    26.5    -5.6    13.5
1372.949    -9.6   -10.9   -26.8
1374.609   -46.5    23.0    -6.5
1376.270   -39.7     6.7   -12.5
1377.930     9.3   -30.6   -14.1
1379.590    27.0   -15.3     8.1
1381.250    25.1    -5.2     6.9
1382.910    -3.7    -7.4    -5.8
1384.570   -41.9    -0.8   -25.9
1386.230   -22.0     6.4    -6.3
1387.891    12.9   -10.2     1.4
1389.551    20.3   -14.3    -3.4
1391.211     9.4   -21.5    -7.4
1392.871   -22.7    -7.2    -2.8
1394.531   -39.1     1.1   -17.6
1396.191   -12.5    -6.8   -19.3
1397.852     3.6     0.0     6.3
1399.512     6.2   -27.3   -17.5
1401.172   -14.2   -26.1   -18.3
1402.832   -34.2    -9.3   -10.0
1404.492   -27.4     7.6    -9.4
1406.152    -6.3    -4.0   -14.9
1407.812    20.6    -1.4    10.2
1409.473    17.1    -3.1     6.7
1411.133    -0.6   -16.3    -8.7
1412.793   -29.5   -12.7   -24.3
1414.453   -33.8     7.0     0.1
1416.113     6.0     1.8    -3.2
1417.773    24.8   -11.8   -12.8
1419.434    17.6    -9.4     4.6
1421.094   -35.3   -16.8   -11.2
1422.754   -35.2   -24.8   -21.8
1424.414   -16.3    -3.6    -8.9
1426.074     5.0    15.6    -0.9
1427.734    27.6    -6.0    -5.0
1429.395    18.1   -16.1    -3.6
1431.055   -21.7   -14.9   -19.4
1432.715   -27.4   -10.1   -18.4
1434.375   -23.1     4.2    -2.0
1436.035     1.0     1.7    -9.4
1437.695    26.0    -1.9     6.6
1439.355     9.5   -11.6     0.7
1441.016   -19.9   -24.2   -33.5
1442.676   -31.6   -18.8   -21.5
1444.336   -13.3     9.3     0.3
1445.996    22.9   -13.4   -14.1
1447.656    14.7   -12.8     2.1
1449.316     7.1     1.9    13.7
1450.977   -27.9   -29.3   -36.0
1452.637   -21.0    11.9     7.5
1454.297   -23.1    10.7     6.8
1455.957    14.1    -5.4   -16.2
1457.617    14.1   -12.5    -0.2
1459.277    -0.5    -9.0     1.6
1460.938   -16.1   -13.9   -12.4
1462.598   -30.8   -16.0   -16.2
1464.258   -19.6     9.4    -2.0
1465.918     8.0     2.0     0.0
1467.578     3.2   -15.1    -8.0
1469.238    -7.3   -19.4   -11.5
1470.898   -15.0   -12.5   -11.2
1472.559   -26.1    -5.5   -14.8
1474.219   -13.3    -2.0   -13.6
1475.879    -2.2     0.3    -3.7
1477.539     8.8     1.5     2.4
1479.199     9.1   -18.6    -2.4
1480.859   -23.2   -21.5   -23.3
1482.520   -23.9   -20.9   -24.0
1484.180   -25.6    -1.1    -0.8
1485.840    -4.8    -1.9   -11.2
1487.500    12.5    -2.6   -12.1
1489.160     6.3    -4.7    13.8
1490.820     0.8    -5.0    10.8
1492.480   -20.8   -31.3   -31.8
1494.141   -21.1   -21.9   -17.5
1495.801   -17.4     8.0   -15.1
1497.461     0.7    -7.2   -23.0
1499.121     8.8    -2.1     3.8
1500.781    12.6   -11.9    -3.5
1502.441   -14.8   -35.1   -33.4
1504.102   -39.7   -16.9    -7.3
1505.762   -30.1     4.5   -12.8
1507.422     8.6    -1.3    -4.5
1509.082    18.5     2.2    11.9
1510.742    22.1    -1.8     3.8
1512.402   -25.1   -28.0   -15.9
1514.062   -48.8   -15.2   -26.0
1515.723   -30.4    -2.3   -23.5
1517.383     8.2    10.7    10.7
1519.043    27.9     8.6    10.1
1520.703    21.2   -16.0    -4.0
1522.363    -8.0   -16.6    -3.7
1524.023   -43.6   -23.4   -24.4
1525.684   -45.4   -19.5   -35.7
1527.344    -9.4    15.7     6.1
1529.004    30.6    20.1    18.0
1530.664    43.2   -10.8     1.2
1532.324    -4.1   -17.7    -8.4
1533.984   -24.4   -18.8   -12.5
1535.645   -61.3   -22.5   -34.0
1537.305   -23.1    -2.1   -12.0
1538.965    34.9    21.4    17.1
1540.625    44.3     2.0    15.4
1542.285    26.9   -15.1     0.1
1543.945   -11.6   -26.4   -17.7
1545.605   -50.3   -22.0   -24.9
1547.266   -25.2    -1.2   -16.4
1548.926   -10.1    -3.4   -13.5
1550.586    36.0     5.6    16.6
1552.246    29.5    -2.5    11.4
1553.906   -15.1   -27.5   -27.8
1555.566   -58.0   -20.5   -29.0
1557.227   -56.1   -15.6   -24.0
1558.887     1.9    -4.0   -13.7
1560.547    31.6   -11.2    -2.9
1562.207    28.1    11.3    26.2
1563.867     0.8    -1.9   -12.0
1565.527   -48.9   -35.4   -47.9
1567.188   -36.4     2.9     4.1
1568.848    22.3    -6.9   -11.3
1570.508    25.6   -19.7   -14.0
1572.168    22.1     6.1    19.8
1573.828    -6.1     7.6     7.9
1575.488   -15.3    -6.2   -19.9
1577.148   -40.2   -30.9   -36.5
1578.809   -15.0     5.0     6.5
1580.469    19.0   -13.4   -14.2
1582.129    11.0    -0.5     8.6
1583.789     8.5     8.3    11.6
1585.449   -10.5     2.3   -13.1
1587.109   -36.1   -14.6   -19.0
1588.770   -23.7   -13.0    -9.1
1590.430    -0.4   -19.3   -12.7
1592.090    21.3    -3.6     7.6
1593.750    -3.8     1.9    -7.1
1595.410   -13.5     4.9   -10.6
1597.070   -13.2   -10.2    -4.7
1598.730   -18.0   -17.5   -17.9
1600.391   -15.1   -32.7   -20.7
1602.051     1.1     5.9    15.8
1603.711    -5.7    -1.8   -16.9
1605.371    -1.7     2.2    -7.3
1607.031   -14.5     1.9     8.4
1608.691   -14.6   -36.9   -33.4
1610.352   -13.3   -42.3   -28.7
1612.012    -9.2   -18.9    -1.2
1613.672    -3.3     6.6   -14.4
1615.332   -10.1   -11.7   -23.0
1616.992   -15.5     3.4    -3.4
1618.652   -10.8     2.5    -0.4
1620.312    -4.5   -29.5   -16.7
1621.973   -19.1     2.4    -2.4
1623.633   -19.2     7.9    -5.7
1625.293   -16.0    10.0    -7.3
1626.953   -10.0    -3.3   -16.1
1628.613    -0.7    -7.6    -9.4
1630.273     4.6   -17.8    -4.6
1631.934    -1.7   -18.2    -8.1
1633.594   -22.5     0.2   -11.5
1635.254   -18.5     8.6     4.8
1636.914     7.1   -10.2   -16.0
1638.574     9.2   -23.2   -17.1
1640.234     6.8   -20.7    -0.3
1641.895     4.1    -2.3     5.6
1643.555   -28.5    -9.6   -19.0
1645.215   -29.3     0.2   -12.5
1646.875   -17.8     1.0    -8.6
1648.535    -2.1   -14.5    -4.1
1650.195     9.8   -27.6    -7.4
1651.855    12.3     2.1    11.6
1653.516     7.4     8.5     8.0
1655.176   -34.8    -5.2   -32.4
1656.836   -38.5   -12.8   -30.3
1658.496   -23.9   -11.1    -5.9
1660.156    15.1   -19.5   -12.3
1661.816    23.3   -18.5   -11.0
1663.477     2.7     3.3     7.1
1665.137   -20.4    15.0    -5.7
1666.797   -23.6   -13.4   -24.1
1668.457   -28.8   -22.8   -15.9
1670.117   -14.1   -19.3   -13.8
1671.777    16.5   -13.2    -9.5
1673.438    20.8    -6.7     3.4
1675.098    -8.2     8.1    -7.0
1676.758   -10.2     5.2   -12.7
1678.418   -32.5   -19.6   -12.7
1680.078   -25.8   -27.4   -21.1
1681.738    13.0   -14.7    -1.5
1683.398     5.5     9.1    -3.5
1685.059     3.5     7.4   -14.8
1686.719   -14.1    -7.8   -14.7
1688.379   -33.0   -12.4    -7.2
1690.039   -21.4   -29.4   -25.1
1691.699    -6.9   -30.6   -22.8
1693.359     7.7    11.8    13.2
1695.020     8.0    11.3     2.4
1696.680    -3.7    -8.4   -12.2
1698.340    -8.3    -3.5    -6.4

Event #17  ts=2026-09-25 13:03:03.591  [SELECTED]
  t[ns]  u1[mV]  u2[mV]  u3[mV]
  0.000   -15.9   -11.9     7.7
  1.660     2.5   -26.2   -22.7
  3.320    -1.2    -9.7     6.4
  4.980   -13.3   -14.1   -22.0
  6.641   -27.0    -3.9   -14.0
  8.301   -17.3    14.3    -2.7
  9.961     2.8    -2.0    -3.1
 11.621    26.2   -17.4    -9.5
 13.281    16.2   -14.5    -0.5
 14.941   -17.4    -8.4   -14.5
 16.602   -37.3   -12.4   -26.3
 18.262   -14.4    -1.9    -0.8
 19.922    25.2    -5.9    11.9
 21.582    36.8    -9.6    14.5
 23.242    19.0   -14.3    -1.8
 24.902   -20.7   -11.3   -15.9
 26.562   -53.5    -5.5   -26.9
 28.223   -37.8    -7.0   -25.8
 29.883    -9.5   -11.4   -17.7
 31.543    54.7     7.9    31.3
 33.203    40.6    -0.7     7.1
 34.863   -33.5   -26.8   -32.0
 36.523   -62.4   -10.1   -13.4
 38.184   -56.7    -4.1   -18.6
 39.844    17.5    -8.5   -11.4
 41.504    30.1    -2.3     5.2
 43.164    44.8    10.5    18.7
 44.824   -15.4   -35.9   -32.9
 46.484   -63.3   -17.6   -23.7
 48.145   -73.5    -6.6   -15.3
 49.805    17.3    -4.1   -10.5
 51.465    42.8     4.2    21.3
 53.125    45.4     6.4    14.8
 54.785   -10.0   -29.1   -20.9
 56.445   -58.2   -25.0   -31.9
 58.105   -58.1    -8.9   -30.0
 59.766   -17.1    -1.1    -7.6
 61.426    31.0     9.3    23.0
 63.086    42.6    -2.6     2.0
 64.746   -22.7   -26.7   -20.6
 66.406   -42.9   -20.3   -10.6
 68.066   -56.1   -13.5   -30.7
 69.727    -2.0     7.9    -2.4
 71.387    32.3    -3.8     8.1
 73.047    31.8    -3.6    10.0
 74.707     6.4   -26.7   -13.0
 76.367   -35.7    -6.7   -17.5
 78.027   -37.2     0.3   -11.0
 79.688   -30.6    -7.6   -31.9
 81.348    11.9     3.2     9.3
 83.008    18.3    -7.4     3.6
 84.668     1.6   -29.0   -16.7
 86.328   -19.9     3.9    -6.9
 87.988   -33.0     6.0   -16.0
 89.648   -18.0     0.0   -17.0
 91.309     8.2    -7.9    -3.4
 92.969     3.9   -18.4    -4.9
 94.629     6.6   -23.6    -6.3
 96.289     1.7    -7.4     0.7
 97.949   -21.6    11.3    -9.9
 99.609   -20.0    -6.1   -13.8
101.270   -20.2    -5.9   -14.5
102.930    -8.2   -22.5    -8.9
104.590     0.1   -30.0   -15.4
106.250    14.6     3.1    16.9
107.910    -4.0    16.7   -21.0
109.570   -10.5    10.6   -17.4
111.230   -27.2    -4.9    -1.6
112.891   -23.1   -18.0   -13.4
114.551     7.3   -33.8    -8.3
116.211    10.3     1.6    14.2
117.871     9.4    35.1    11.7
119.531   -12.3     3.1   -33.3
121.191   -31.8    -5.6    -8.2
122.852   -18.5   -39.2   -21.5
124.512     6.6   -41.6   -22.0
126.172    10.6    17.0    24.9
127.832     2.1    31.6     4.8
129.492    -8.5     8.3   -23.3
131.152   -34.5   -22.7   -11.6
132.812     0.0   -36.0    -7.7
134.473    11.3   -27.4   -13.1
136.133     8.2    15.7     8.8
137.793    -0.8    28.0     3.5
139.453   -22.3    -7.3   -20.9
141.113   -22.4   -24.5   -19.4
142.773    -9.1   -32.4    -9.3
144.434     8.8   -15.5     0.5
146.094    11.0     7.4     9.0
147.754    -8.8    15.7   -10.7
149.414   -33.0     6.0   -24.1
151.074   -16.5   -23.7   -13.3
152.734    -8.3   -28.7   -10.8
154.395    24.6   -18.9     3.8
156.055     1.9    10.6    11.2
157.715   -33.3     0.4   -23.5
159.375   -34.4    -5.3   -31.2
161.035   -24.9   -12.9   -14.5
162.695   -10.8    -9.0     6.8
164.355    30.3   -21.8    -5.2
166.016    -7.0     8.5     5.6
167.676   -22.6    12.7     4.4
169.336   -47.3   -18.9   -38.3
170.996   -24.4   -12.7   -10.5
172.656    19.6     0.1    14.7
174.316    37.2    -6.6     6.1
175.977    33.3    -6.6     3.4
177.637   -45.0    -1.6   -24.2
179.297   -56.2   -19.9   -35.8
180.957    -7.8   -18.0   -13.9
182.617    20.2    -3.8     8.2
184.277    45.4    10.1    25.3
185.938    -7.6    -3.9   -21.3
187.598   -58.4   -28.9   -35.3
189.258   -61.3   -22.2   -19.2
190.918   -14.8   -13.2   -14.5
192.578    27.7    -2.7    -6.5
194.238    36.7     1.7    13.4
195.898    23.3    19.9    26.5
197.559   -30.3   -30.2   -44.9
199.219   -55.7   -26.3   -12.5
200.879     5.8    -8.1    -5.8
202.539    10.3   -18.5   -14.2
204.199     5.0   -34.2    -2.1
205.859   -75.5  -106.4    19.0
207.520  -127.0  -202.9   -39.3
209.180  -143.3  -219.9   -30.8
210.840  -106.3  -169.1     4.7
212.500   -49.6  -132.7    -9.7
214.160   -25.0  -105.6     8.7
215.820   -36.6   -76.2    -0.5
217.480   -44.1   -83.3   -16.2
219.141   -56.0   -76.2   -28.2
220.801   -36.6   -33.4    -2.6
222.461   -13.7   -24.9    -6.0
224.121    -0.4   -26.4     1.1
225.781   -13.1   -16.4    -8.8
227.441   -25.1   -24.4   -14.9
229.102   -21.5   -23.0    -8.6
230.762   -19.5   -16.4    -5.3
232.422   -11.6   -14.4   -13.0
234.082   -13.6   -16.5    -0.4
235.742    -5.2   -22.9    -6.7
237.402     3.6   -23.5   -16.0
239.062   -14.5     0.6    -2.7
240.723   -16.8   -12.2   -11.9
242.383   -19.3   -19.1   -18.6
244.043   -13.3   -27.9   -21.5
245.703    -6.0    -8.7     5.1
247.363    -5.3    -8.5     3.5
249.023    -2.3     2.6     0.9
250.684    -1.3     5.1     1.9
252.344   -23.7   -21.9   -24.9
254.004   -20.3   -27.2   -22.2
255.664    -7.7    -5.3    -0.5
257.324    -0.3   -10.9    -8.8
258.984     8.0   -12.5   -18.1
260.645     0.4    -7.5    -1.6
262.305   -16.6   -14.4   -10.8
263.965   -17.1   -17.4   -17.6
265.625   -10.9    -9.3    -2.7
267.285    -3.9    -2.5    -0.7
268.945    -0.1    -5.4    -5.2
270.605     1.0    -9.1    -5.1
272.266   -11.3   -17.5   -11.0
273.926   -23.8   -14.3    -6.9
275.586   -10.8    -4.4     2.9
277.246   -13.8    -4.4    -9.0
278.906    -1.5   -12.4    -2.9
280.566    -5.7   -15.2    -3.6
282.227   -15.2   -24.3   -18.1
283.887    -9.2   -28.2   -23.0
285.547    -8.2    10.0    12.2
287.207   -13.1     5.8   -16.5
288.867   -15.6   -16.5   -29.0
290.527   -17.6   -24.7    -8.0
292.188   -14.5   -17.9     6.0
293.848     3.0   -27.9   -14.8
295.508     2.4   -18.0   -13.9
297.168    -4.5    22.1     1.4
298.828    -6.2    -0.2   -12.2
300.488   -25.5   -30.2   -15.6
302.148    -5.8   -33.1   -13.7
303.809     1.2   -23.4    -7.3
305.469    -0.6     3.1    -1.8
307.129    -6.7    14.3    -5.3
308.789   -10.4     4.8   -12.4
310.449   -25.3    -7.9   -15.5
312.109    -7.0   -48.3   -19.0
313.770    -4.8   -41.3   -12.8
315.430     4.9    12.0     5.5
317.090    -2.0    17.6     2.4
318.750   -12.8     5.6   -24.7
320.410   -32.6   -10.2   -20.9
322.070   -17.5   -36.9   -15.8
323.730    -4.4   -40.3    -5.2
325.391    12.5   -16.6     2.7
327.051     4.6    20.2     3.4
328.711   -26.8     7.5   -17.6
330.371   -16.7   -22.0   -24.8
332.031    -9.1   -37.7   -11.7
333.691    -9.5   -41.0    -0.2
335.352    13.8   -15.1    -8.4
337.012   -13.5    30.0    -1.4
338.672   -27.5    26.7   -13.6
340.332   -25.9   -22.8   -22.9
341.992     1.7   -38.3   -10.5
343.652    15.2   -26.2    -0.7
345.312    12.9    -3.9    -6.8
346.973    -7.5     7.6   -11.9
348.633   -34.2     8.1   -17.9
350.293   -20.5   -15.4   -13.7
351.953    -7.7   -22.3    -3.3
353.613    15.7   -33.0   -13.5
355.273     4.3     0.1    10.9
356.934    -1.8    15.8     8.8
358.594   -28.3     0.6   -36.1
360.254   -27.5   -10.8   -18.7
361.914   -18.3   -15.1     0.6
363.574    23.1   -36.6   -23.2
365.234    20.2   -19.8    -9.2
366.895   -23.9    22.4     9.4
368.555   -28.2    16.8    -9.3
370.215   -27.3   -16.7   -12.2
371.875    -8.2    -9.5     6.2
373.535    17.9    -7.5     9.9
375.195    15.4   -26.8   -26.8
376.855   -21.4     2.4    -4.0
378.516   -32.9    17.6    -4.9
380.176   -21.1   -18.9   -29.0
381.836   -15.0   -17.8   -22.8
383.496    10.7    -8.0     6.9
385.156     4.6   -19.7   -20.7
386.816   -12.8    -3.8    -9.9
388.477   -18.3     1.3    -1.9
390.137   -29.3     3.8   -18.4
391.797   -16.7   -10.3   -20.2
393.457    11.5   -18.9     4.5
395.117     7.8   -15.9    -2.8
396.777    -8.2   -11.6   -15.2
398.438   -17.5     3.6   -11.1
400.098   -18.9     3.2   -17.3
401.758   -11.5     6.3   -10.4
403.418     2.3   -11.1     2.4
405.078     6.6   -23.8   -14.6
406.738   -13.0   -14.8   -16.1
408.398   -22.4     3.5    -1.2
410.059    -7.8     1.1   -14.6
411.719     6.5    -4.8    -0.1
413.379     3.2    -5.5    -0.4
415.039    -2.2   -17.5   -12.2
416.699   -15.9   -32.0   -24.8
418.359   -26.1    -0.3     0.6
420.020     0.3     7.2    -7.1
421.680     9.5    -6.3   -13.4
423.340    -0.2    -6.4     2.8
425.000    -9.8   -20.9   -13.1
426.660   -18.1   -29.7   -24.2
428.320   -25.6    -6.6   -11.6
429.980   -15.9     4.6    -3.6
431.641    11.9     5.9    -6.6
433.301     5.2   -12.4   -10.2
434.961   -22.1   -19.2    -6.0
436.621   -19.6   -22.3   -12.2
438.281    -6.0    -3.5   -16.9
439.941    -4.4    -4.3   -17.9
441.602    -4.1    10.6     8.5
443.262    -4.1    12.0     9.9
444.922     1.6   -25.7   -23.0
446.582   -16.3   -28.6   -11.7
448.242   -15.3    -9.0     7.0
449.902   -11.3    -3.6   -20.6
451.562    -9.8    -1.8   -15.7
453.223    -3.4     6.3     1.9
454.883    -1.6   -20.5   -20.9
456.543    -6.3   -31.7   -19.0
458.203   -14.3    -6.4     8.5
459.863   -12.4     1.3   -10.8
461.523   -11.4    -7.9   -19.9
463.184   -10.4     0.3     0.2
464.844    -0.3    -7.8   -10.7
466.504     3.6   -31.9   -11.7
468.164    -6.7    -8.5     1.2
469.824   -17.5     0.1    -7.4
471.484   -18.4    -3.7   -24.1
473.145   -14.0    -7.6    -3.1
474.805    -1.1    -6.0    -5.9
476.465    13.1   -15.0    -3.0
478.125    -8.4    -6.8    -5.2
479.785   -23.4    -9.0   -21.4
481.445   -25.3    -7.0   -13.7
483.105   -18.3    -1.9    -5.2
484.766     8.6   -13.0   -10.9
486.426    12.7   -12.3    -2.6
488.086     2.7    -1.0     6.7
489.746    -8.8   -13.3   -14.5
491.406   -30.8    -4.0    -5.4
493.066   -29.9    -4.2    -4.8
494.727   -11.3     6.9     0.2
496.387     7.8   -16.0    -9.5
498.047     7.6    -1.5     6.6
499.707   -11.2    -4.1    -7.1
501.367   -34.9   -21.9   -27.9
503.027   -22.1    -7.3    -8.8
504.688    -6.2     5.8     3.5
506.348     5.8    -1.5     1.2
508.008    13.2   -16.7   -10.4
509.668    -4.3     0.8     0.8
511.328   -29.2    -9.1   -11.2
512.988   -23.6   -15.8   -17.3
514.648    -9.4    -4.6    -2.3
516.309     8.8     0.2     3.2
517.969    17.2    -4.2    -2.8
519.629   -12.2    -5.4    -7.1
521.289   -24.8    -9.4   -16.8
522.949   -26.9   -10.6   -11.9
524.609    -8.1   -17.0    -6.8
526.270     4.9   -11.7   -17.7
527.930     9.6     0.0     2.4
529.590     4.0     0.8    11.7
531.250   -24.9   -13.8   -27.5
532.910   -21.3    -3.2   -14.7
534.570   -14.4    -1.0     3.3
536.230    10.3   -32.8   -19.0
537.891     0.1   -18.3     2.6
539.551   -17.5    16.8    -1.8
541.211   -20.7     0.7   -28.8
542.871   -16.7    -7.9    -6.3
544.531   -11.5     0.8    10.1
546.191     6.2   -23.8    -6.8
547.852    -7.8   -24.4   -18.3
549.512   -20.1     0.0    -0.3
551.172   -20.2    13.8   -13.2
552.832   -14.2    -9.6   -13.2
554.492   -13.1    -9.6   -13.9
556.152    12.4   -22.7   -10.6
557.812   -10.3   -29.3   -21.3
559.473   -25.0     0.9   -16.6
561.133   -25.3     6.6    -3.7
562.793   -18.3    24.5    -8.0
564.453    10.1   -22.6   -16.3
566.113    16.1   -25.3    -6.1
567.773     4.6   -32.1    -6.4
569.434   -16.6    -5.5    -8.6
571.094   -35.7    13.1   -22.4
572.754   -15.5    19.1    -6.0
574.414    -9.3     1.6    -9.0
576.074    17.0   -25.2    -2.7
577.734    20.4   -37.6   -12.3
579.395     4.5   -21.0    -5.6
581.055   -39.9     9.9   -17.6
582.715   -31.3    10.6   -25.1
584.375    -4.8    -0.6    -5.6
586.035    30.7   -28.3    11.9
587.695    38.0   -33.3    -0.2
589.355    -1.4   -17.6   -13.0
591.016   -35.5     6.9    -7.5
592.676   -57.0    13.3   -23.9
594.336   -42.3     7.8   -21.8
595.996    -0.9   -14.3    -6.3
597.656    43.0   -22.8     3.6
599.316    -1.2    -4.3   -10.9
600.977   -12.8     6.1   -11.8
602.637   -53.5    15.8   -18.4
604.297   -42.7    -1.5   -16.5
605.957     7.7   -33.1   -13.9
607.617    26.9   -31.2   -12.2
609.277    49.9   -18.6    23.9
610.938    -4.5    18.2   -12.0
612.598   -47.1     9.9   -40.2
614.258   -62.9    -7.5   -22.7
615.918   -29.2   -21.5    -7.1
617.578    22.1   -42.5   -12.6
619.238    52.2   -29.4     5.0
620.898    17.8    30.4    22.6
622.559   -18.7    27.0    -9.0
624.219   -60.0   -19.6   -43.4
625.879   -38.3   -21.1     0.6
627.539     4.0   -27.6     1.2
629.199    41.1   -38.8   -12.0
630.859    25.6    17.9    15.4
632.520    -3.9    40.2    17.7
634.180   -42.3     0.1   -35.0
635.840   -42.5   -30.9   -29.7
637.500   -11.8   -27.2     1.7
639.160    22.4   -24.9    -3.7
640.820    23.0    10.7     8.9
642.480     3.2    25.4    12.3
644.141   -15.4    31.0     1.9
645.801   -36.1     5.2   -29.0
647.461   -13.4   -38.1   -15.4
649.121    10.0   -37.1    -7.0
650.781    17.8   -31.4    -4.3
652.441    -2.0    16.0    -2.1
654.102   -22.6    21.0   -15.6
655.762   -24.4     7.8   -23.2
657.422    -8.2   -20.5     2.7
659.082     9.7   -28.4    -1.7
660.742    10.6   -31.4   -12.1
662.402    -7.0   -15.3   -14.6
664.062   -21.4    11.9   -16.8
665.723   -19.9    -4.4   -24.7
667.383    -4.2    -9.7   -10.4
669.043    19.9    -9.8     9.3
670.703   -10.4   -28.2   -28.3
672.363   -18.6   -27.3   -26.2
674.023   -48.4     7.2    -6.3
675.684   -11.0     1.3   -13.8
677.344    11.7    -8.3   -11.9
679.004    32.1    -5.6    10.1
680.664    31.2     0.6    18.9
682.324   -15.0   -30.6   -25.9
683.984   -56.4     1.0   -17.3
685.645   -47.3     3.6   -13.7
687.305    -0.7     0.2    -3.7
688.965    36.0    -3.9     4.1
690.625    16.1    -7.3     1.2
692.285     4.1   -10.0    -0.6
693.945   -45.3   -24.3   -30.6
695.605   -57.5   -20.3   -33.5
697.266   -38.6    -8.0   -24.3
698.926    26.2    13.0    18.0
700.586    44.6     0.3     6.3
702.246    22.4   -13.2   -12.3
703.906   -27.1   -21.5   -16.7
705.566   -61.8   -20.3   -32.5
707.227   -52.2   -21.1   -30.9
708.887    -0.7    -6.2    -1.8
710.547    45.3    18.0    20.2
712.207    28.1    -9.8   -11.6
713.867   -47.6   -16.4   -13.9
715.527   -49.6   -15.3   -29.3
717.188   -40.6   -21.8   -36.1
718.848     3.1    -4.5     2.1
720.508    25.9    18.3    16.3
722.168    25.6     9.3     2.2
723.828   -23.9   -19.0    -9.5
725.488   -38.9   -12.5   -18.7
727.148   -40.7   -12.8   -22.0
728.809    -8.0    -5.5   -12.7
730.469     7.1     6.6     4.9
732.129    19.6     6.1     6.7
733.789     0.3   -14.9    -4.5
735.449   -23.7   -14.2   -21.0
737.109   -21.6   -12.1   -21.1
738.770   -14.4    -7.3    -6.7
740.430   -15.7     1.5    -3.2
742.090     1.0   -16.4   -14.2
743.750     2.0    -7.6     3.9
745.410    -1.1    -8.8     3.8
747.070    -0.2    -3.3     0.5
748.730   -13.5    -5.3   -16.8
750.391   -13.8    -1.6   -18.5
752.051   -16.6    -1.6    -6.9
753.711   -14.5   -18.3   -14.6
755.371    -8.4   -23.9    -9.6
757.031     7.8    -0.3    -3.4
758.691    -3.3    -3.6   -14.3
760.352   -19.0    -7.3   -25.0
762.012   -24.7    -4.2   -15.1
763.672   -30.4   -16.8   -15.0
765.332     3.6   -21.1   -13.9
766.992    13.4    -9.4    -4.1
768.652     4.7     6.9    -0.1
770.312   -10.5    -2.8    -8.3
771.973   -19.8   -10.8   -12.3
773.633   -38.4   -15.8   -19.2
775.293   -16.3   -18.2   -18.0
776.953    18.1    -5.4     4.9
778.613    25.1     8.1    12.4
780.273    -2.6     0.3   -13.2
781.934   -34.3   -12.2    -7.8
783.594   -32.2   -12.3   -18.3
785.254   -19.8   -22.9   -25.5
786.914     6.7   -17.2    -0.3
788.574    20.0    11.2    13.8
790.234    23.9     8.8    12.3
791.895   -11.1   -10.1   -18.1
793.555   -43.9    -8.8    -8.2
795.215    10.7   -27.4   -13.9
796.875    15.1   -25.4     0.2
798.535    27.1    16.6    20.3
800.195    10.9     6.7     2.6
801.855   -11.0   -12.6   -34.7
803.516   -48.7   -16.6    -9.3
805.176   -24.4   -10.4   -16.7
806.836     3.0   -25.2   -18.8
808.496    33.2     4.3    13.4
810.156    24.3    16.2    13.4
811.816    -1.6     7.8    -1.1
813.477   -51.4   -21.4   -31.8
815.137   -39.6   -17.4   -22.2
816.797     8.4    -8.5     0.3
818.457    35.4    -0.9     3.9
820.117    -1.3     4.9    -4.0
821.777   -25.4    -3.8   -13.9
823.438   -50.6   -22.1   -35.5
825.098   -46.8   -25.7   -23.3
826.758    13.9    -9.3     0.8
828.418    34.2     2.2    10.3
830.078    22.9     4.4    -2.1
831.738    -8.5    -3.2   -19.1
833.398   -45.9   -11.7   -26.3
835.059   -50.4   -18.2   -13.7
836.719   -12.0   -19.7    -4.3
838.379    20.7   -13.1    -4.5
840.039    11.1     4.5     6.8
841.699   -15.6    -4.7   -19.0
843.359   -33.9   -19.0   -36.9
845.020   -47.9   -12.2   -16.5
846.680   -32.4    -5.4     0.9
848.340    30.3   -15.2    -1.5
850.000    42.9    -7.9    -1.6
851.660   -15.4    -0.8    -0.6
853.320   -34.7   -12.5   -29.5
854.980   -39.2   -13.9   -24.5
856.641     2.1    -8.3     1.3
858.301    10.8    -6.9     4.7
859.961    33.0   -14.8    -2.0
861.621   -11.9    -1.1   -10.4
863.281   -20.9    -0.3   -13.6
864.941   -41.7    -7.4   -18.0
866.602   -27.0   -16.3   -26.8
868.262    17.4   -13.3     6.8
869.922    26.8    -1.4    17.4
871.582     1.1   -12.5   -23.8
873.242   -30.4    -7.9   -14.4
874.902   -41.9    -0.3    -7.7
876.562   -37.8     7.2   -12.0
878.223   -19.4   -13.8   -28.3
879.883    12.8   -21.5     0.7
881.543    18.1     5.2    15.4
883.203    -8.8   -14.2   -26.4
884.863   -22.9    -9.4   -22.9
886.523   -36.6     9.0    -3.7
888.184   -10.4   -12.2   -25.7
889.844    12.1   -33.6   -19.4
891.504     6.1     6.5    12.4
893.164    -7.0    -7.6   -24.7
894.824    -8.8    -7.5   -25.8
896.484   -33.2    10.6    -6.3
898.145   -12.7   -11.8   -14.4
899.805    -9.7   -23.1   -20.3
901.465    13.6   -13.2     0.1
903.125   -11.5     3.9   -16.2
904.785   -13.9     6.5   -10.9
906.445   -21.6    -1.5   -14.2
908.105   -24.0   -10.6   -14.7
909.766    -2.5   -27.7    -8.9
911.426     3.3   -27.4    -9.3
913.086    11.2    -5.5    -1.7
914.746    -5.5     5.4   -12.2
916.406   -17.0    12.6    -0.7
918.066   -16.8    -4.2   -15.7
919.727   -11.0   -27.6   -19.8
921.387   -10.5   -27.4   -21.0
923.047     8.9    -7.7    -0.6
924.707     3.3     0.7   -10.0
926.367   -10.7    13.4    -5.9
928.027   -16.9     4.8    -9.6
929.688   -19.1   -32.9   -29.3
931.348    -7.5   -33.7   -12.0
933.008     3.4   -10.9    12.2
934.668     5.9     7.7    -7.3
936.328     2.1    17.9    -9.5
937.988   -14.8     8.5    -7.6
939.648   -21.9   -28.4   -21.4
941.309   -17.2   -43.8   -34.5
942.969    -0.7    11.9    10.7
944.629     0.2    13.4     1.8
946.289    -3.3     5.6    -9.1
947.949    -8.4    -0.6   -17.5
949.609   -24.0   -21.8   -17.4
951.270    -9.0   -22.8    -7.6
952.930    -2.1    -4.8    -8.7
954.590    -1.3     1.4    -1.4
956.250     1.2    19.1     6.6
957.910    -5.9     3.7    -2.4
959.570    -9.2   -34.0   -20.4
961.230    -4.3   -20.9     3.2
962.891    -8.0    -9.0     3.2
964.551    -5.3     2.5   -10.6
966.211    -3.1    15.1     6.0
967.871   -12.6     9.4    -0.3
969.531    -2.4   -27.7   -22.8
971.191    -4.3   -38.7   -16.6
972.852   -10.4    -7.1     2.7
974.512    -5.0    12.2    -8.6
976.172   -15.9     0.8   -10.9
977.832    -5.8    -9.8    -5.8
979.492    -1.2   -18.0   -14.2
981.152    -0.9   -35.0   -15.0
982.812    -9.8     2.6    -1.8
984.473   -14.4    10.5   -11.8
986.133   -22.7     3.8   -10.8
987.793   -18.0     5.4   -13.0
989.453    13.5   -22.2    -7.2
991.113     8.1   -23.6    -3.4
992.773    -4.1   -12.7   -10.5
994.434   -23.4     4.8   -11.0
996.094   -32.4    15.0   -12.8
997.754     4.9   -18.3    -9.0
999.414    24.6   -30.0     0.6
1001.074    24.0   -30.3     1.2
1002.734     9.8    -5.8     0.9
1004.395   -32.6    -4.5   -24.2
1006.055   -42.5     1.7   -20.8
1007.715   -32.9     3.8   -15.0
1009.375    16.7   -16.2     0.7
1011.035    36.0   -17.0     5.2
1012.695   -22.3    -3.4    -7.7
1014.355   -20.9    -2.5    -8.6
1016.016   -49.0    -6.1   -26.6
1017.676   -42.5   -12.1   -27.0
1019.336   -10.6    -3.1    -0.1
1020.996    37.8    -2.9    10.8
1022.656    46.9   -10.4     3.7
1024.316     2.2   -12.8    -8.0
1025.977   -60.0   -13.1   -29.1
1027.637   -64.3   -13.2   -32.1
1029.297    -9.8    -7.0   -14.9
1030.957    33.2     1.6     4.7
1032.617    44.0     6.0    25.5
1034.277    10.2    -4.4     2.1
1035.938   -48.4   -28.4   -42.0
1037.598   -62.3   -24.1   -33.3
1039.258   -38.1    -3.8   -10.6
1040.918    50.4     3.9    10.7
1042.578    52.6    10.2    17.5
1044.238    13.3    -1.2     8.5
1045.898   -52.7   -47.8   -52.7
1047.559   -61.2   -29.9   -22.1
1049.219   -32.1     4.1     2.9
1050.879    21.3     8.7    -8.2
1052.539    36.4    10.0    13.2
1054.199    24.4    14.0    23.9
1055.859   -22.5   -30.3   -26.0
1057.520   -50.0   -44.2   -41.9
1059.180   -37.0    -8.6    -5.8
1060.840     5.0    17.3     1.8
1062.500    30.9    12.7    -1.1
1064.160    20.9     7.7     9.8
1065.820   -19.9   -29.1   -16.5
1067.480   -32.0   -45.9   -35.2
1069.141   -29.5   -16.0   -12.5
1070.801   -19.4     7.6     1.7
1072.461    14.5     7.8    -2.6
1074.121    14.8    -7.3     3.6
1075.781    10.7   -11.4     3.6
1077.441   -17.8   -31.0   -24.5
1079.102   -22.6   -15.9   -12.9
1080.762   -17.1    -1.7   -10.4
1082.422    -0.5    16.4    -3.2
1084.082     5.2     1.8     3.5
1085.742     5.6   -22.3   -10.2
1087.402     2.1   -31.7   -17.2
1089.062   -17.0     3.9     2.1
1090.723   -16.8    12.0    -6.6
1092.383   -24.8    -3.1   -16.1
1094.043   -24.1    -3.9   -16.1
1095.703     4.5   -18.6    -1.4
1097.363    25.3   -29.2   -12.2
1099.023    16.9   -15.5    -1.2
1100.684   -17.3    16.4     2.0
1102.344   -37.3   -10.7   -33.5
1104.004   -26.9   -17.9   -21.8
1105.664     2.3   -13.8     9.1
1107.324    37.4    -5.8     5.5
1108.984    34.4    -6.3     5.9
1110.645   -36.7     6.2   -16.7
1112.305   -46.3   -10.7   -24.0
1113.965   -21.7   -26.6   -22.9
1115.625     4.3   -19.2    -7.7
1117.285    25.9    -3.1    11.9
1118.945    23.1    15.3     6.3
1120.605   -17.6     2.8   -18.6
1122.266   -41.0    -9.7   -15.0
1123.926   -34.3   -23.7   -28.3
1125.586     4.8   -26.8   -14.1
1127.246    16.9   -15.7    -3.4
1128.906    19.9    17.5    13.8
1130.566    -5.8     0.4   -23.0
1132.227   -24.6   -13.5   -33.3
1133.887   -36.0   -12.1    -3.3
1135.547   -15.4   -18.3   -22.0
1137.207    16.9   -18.0    -5.4
1138.867    14.3    14.5    19.0
1140.527    -6.3    12.8    -6.4
1142.188   -22.2   -22.5   -25.5
1143.848    -9.0   -13.1    -7.0
1145.508    11.9   -16.9   -17.2
1147.168     7.2   -17.9   -19.8
1148.828   -12.0     8.9     3.2
1150.488   -13.4    -8.0   -22.4
1152.148   -13.2   -14.9   -11.1
1153.809   -12.5   -12.7    -9.0
1155.469     3.8   -11.5   -10.7
1157.129    -6.5   -15.8    -8.5
1158.789   -20.8   -11.8   -12.4
1160.449   -25.4   -13.4   -20.2
1162.109     6.7     2.4    -2.9
1163.770    11.9     5.3     0.5
1165.430    -6.0    -7.9    -9.8
1167.090   -18.0    -2.4    -3.6
1168.750   -25.1   -20.8   -21.5
1170.410   -19.6   -25.9   -22.7
1172.070    -9.7    -9.6    -7.0
1173.730    17.8    16.2     7.2
1175.391    11.8    -3.7   -10.1
1177.051   -19.5    -8.6    -6.0
1178.711   -30.1   -15.9    -6.3
1180.371   -20.2   -24.1   -25.6
1182.031   -10.7   -16.8   -19.6
1183.691    11.4    12.3    10.2
1185.352     1.7    -4.8   -16.2
1187.012   -10.2   -19.2   -23.0
1188.672   -25.5   -21.0    -7.6
1190.332   -28.5   -18.9    -9.9
1191.992    -8.2   -11.7   -15.4
1193.652    12.3     3.2    -2.2
1195.312     5.6     5.4    -3.3
1196.973   -12.1   -23.8    -4.6
1198.633    -8.4   -17.5     1.1
1200.293   -18.4   -18.4   -20.0
1201.953   -15.2    -7.4   -16.4
1203.613   -14.9     8.9    -8.7
1205.273    -2.9    -9.9   -11.5
1206.934    -5.7   -13.6     5.4
1208.594    -2.9   -13.4    -7.0
1210.254    -4.6   -19.8   -20.1
1211.914   -11.9   -11.4    -7.5
1213.574   -25.2     4.0    -9.8
1215.234   -24.2    -9.3   -24.4
1216.895   -10.0   -15.8   -23.8
1218.555     8.9     1.4    17.5
1220.215    11.9   -12.0   -15.3
1221.875    -2.9    -8.4   -12.3
1223.535   -34.7     2.3   -11.0
1225.195   -30.9    -4.5   -15.6
1226.855    -0.6   -18.6    -4.0
1228.516     4.9    -2.6     9.2
1230.176    17.0     4.1    -0.9
1231.836     6.6    -5.3   -15.7
1233.496   -38.5    -9.9   -22.9
1235.156   -35.0   -15.2   -18.7
1236.816    -7.4   -10.6    -8.2
1238.477    34.0     6.6    12.6
1240.137    35.7    14.6     7.6
1241.797    -2.3    -4.7   -13.4
1243.457   -37.6   -28.0   -31.1
1245.117   -37.2   -19.2   -13.3
1246.777    -7.2    -0.5     3.3
1248.438    17.4     5.0     9.0
1250.098    32.5     7.8     7.8
1251.758   -10.5    -4.7   -11.4
1253.418   -27.9   -20.4   -17.6
1255.078   -41.2   -31.0   -31.6
1256.738   -28.2   -16.6   -21.2
1258.398     2.1    10.1     9.6
1260.059    30.0     6.6     4.8
1261.719    21.2    -5.6    -8.0
1263.379    -0.5    -8.1    -6.9
1265.039   -39.5   -32.5   -32.7
1266.699   -34.1   -26.4   -26.9
1268.359   -15.0    -0.6     2.2
1270.020    15.7    15.1    10.1
1271.680    19.0   -10.7   -13.3
1273.340   -12.1   -15.4   -11.5
1275.000   -26.5   -19.6   -10.2
1276.660   -29.5   -18.8   -16.1
1278.320    -3.5     7.4    -3.7
1279.980    14.2     8.1     7.1
1281.641    22.0    -3.6     5.9
1283.301     4.7   -20.2   -20.8
1284.961   -15.3   -23.5   -21.9
1286.621   -34.5    -5.7    -8.0
1288.281   -41.8    -2.9   -11.1
1289.941    -7.4    -6.2   -19.3
1291.602    23.0     6.3    19.4
1293.262    26.5   -13.3   -17.3
1294.922    20.3   -22.7   -19.7
1296.582   -48.5   -10.6    -4.5
1298.242   -10.9   -10.8   -20.3
1299.902   -10.2   -12.3   -20.5
1301.562    14.1     6.2    21.3
1303.223    37.3     9.6    20.8
1304.883     4.3   -27.8   -19.3
1306.543   -24.2   -16.4   -13.4
1308.203   -46.9    -5.2   -24.6
1309.863   -10.8   -13.0   -18.4
1311.523    17.4    -2.6     9.0
1313.184    36.4     8.1    12.9
1314.844   -20.5   -23.5   -20.1
1316.504   -42.6   -21.2   -19.5
1318.164   -50.5   -10.9   -17.2
1319.824    -5.7    -5.6    -6.6
1321.484    28.6     3.1    13.4
1323.145    34.5    -1.9     3.6
1324.805    18.8    -6.7    -1.6
1326.465   -22.1   -20.8   -19.2
1328.125   -51.8   -17.1   -31.2
1329.785    -6.6     7.3     7.2
1331.445    39.2     6.1    10.1
1333.105    37.3    -9.6    -7.9
1334.766    11.4   -17.7    -8.8
1336.426   -31.7   -11.2    -6.1
1338.086   -43.4   -15.5   -35.9
1339.746   -30.0    -8.6   -27.3
1341.406     1.4    11.9    11.1
1343.066    31.4    -9.9     2.8
1344.727    19.4   -24.9   -13.5
1346.387   -36.2    -1.7    -6.4
1348.047   -44.3    -2.4   -17.5
1349.707   -18.4    -1.6   -18.1
1351.367    17.9     2.6    14.0
1353.027    26.1   -10.7     4.2
1354.688    18.2   -24.8   -10.7
1356.348    -7.7   -17.8   -19.4
1358.008   -34.4     2.8    -7.4
1359.668   -16.8     3.2   -12.0
1361.328   -10.8     0.6   -12.4
1362.988    11.7   -17.4     2.3
1364.648     2.9   -16.2     0.2
1366.309     1.4   -15.0    -5.6
1367.969   -21.0    -0.9   -19.3
1369.629   -16.6    11.8    -4.5
1371.289    -6.9    -0.1   -10.8
1372.949     0.4   -18.1   -18.0
1374.609     3.0   -10.5     8.6
1376.270    -5.8    -0.3    -9.0
1377.930   -11.7    -1.4   -24.0
1379.590   -17.3    10.7     0.7
1381.250   -13.7     5.7    -0.8
1382.910    -2.4   -29.2    -5.2
1384.570     2.0    -4.5    11.3
1386.230    -3.6    10.8     6.3
1387.891    -4.2     0.0   -16.2
1389.551   -21.6     7.9    -0.3
1391.211   -10.3   -27.1   -20.4
1392.871    -2.9   -31.7   -18.4
1394.531    -3.3    -1.8     4.2
1396.191     3.6     7.9    -3.7
1397.852     3.7    -1.4   -12.7
1399.512    -6.1    -3.5    -7.4
1401.172   -20.4    -4.4   -12.0
1402.832   -12.1   -24.5    -8.4
1404.492    -7.5   -12.1    -3.6
1406.152    -1.9    -2.8    -9.0
1407.812   -10.7     5.0    -2.0
1409.473    -8.8   -12.9   -20.2
1411.133   -15.1   -16.7   -22.0
1412.793    -6.5   -13.6    -4.4
1414.453    -1.5    -1.1     2.1
1416.113    -2.6    -6.4    -9.5
1417.773    -4.6    -4.7   -13.9
1419.434    -7.5    -4.2    -6.8
1421.094    -6.9   -14.4   -15.2
1422.754    -8.9    -9.0    -7.3
1424.414    -4.8    -0.7     3.3
1426.074   -10.5   -15.0   -12.7
1427.734     0.0   -11.1   -16.8
1429.395    -7.7     0.2    -5.4
1431.055    -7.4    -8.0   -14.1
1432.715    -1.5    -9.6   -10.8
1434.375    -5.7    -6.5    -3.5
1436.035    -8.8    -9.5    -9.5
1437.695    -4.3   -12.0   -16.9
1439.355    -8.9    -8.3   -14.2
1441.016   -16.1    -6.3   -14.5
1442.676    -2.3     0.8    -3.0
1444.336    -5.6    -7.9   -10.0
1445.996    -9.5   -16.3    -9.9
1447.656    -7.3    -1.4    -5.0
1449.316    -3.0    -4.7   -15.6
1450.977    -1.6    -3.5    -2.8
1452.637    -8.3     3.5     7.2
1454.297    -7.0    -6.3   -18.5
1455.957    -2.4   -23.5   -16.1
1457.617    -8.5     1.2     4.3
1459.277    -3.7     0.8   -16.6
1460.938    -1.1   -13.4   -24.1
1462.598    -2.2     3.5     9.8
1464.258     1.8   -22.5   -20.3
1465.918    -3.6   -24.3   -20.6
1467.578   -20.8    -6.8    -5.9
1469.238    -8.0     2.6    -3.4
1470.898    -4.1    -9.0   -19.9
1472.559   -12.3   -10.2    -6.8
1474.219    -9.8     0.8    -1.8
1475.879   -12.1   -13.0   -36.5
1477.539   -10.9    -7.2   -13.7
1479.199    -9.8     1.3    -5.7
1480.859   -10.2    -9.4   -10.7
1482.520    -1.8   -15.1   -10.5
1484.180     1.3   -15.4    -2.8
1485.840   -13.9    -2.0   -11.0
1487.500   -15.5    -9.6   -10.3
1489.160    -4.5   -14.2    -8.8
1490.820     6.8    -8.7    -5.9
1492.480     8.0    -8.9    -3.2
1494.141    -1.9   -12.1    -8.1
1495.801   -26.6    -1.4   -13.0
1497.461   -16.8    -6.4    -3.3
1499.121     1.9   -13.6   -10.3
1500.781     8.6   -15.1   -16.2
1502.441    -1.5    -2.0     3.1
1504.102   -14.7     0.6     3.9
1505.762   -15.5    -9.8   -22.3
1507.422   -30.0    -2.2    -7.9
1509.082   -14.3    -6.2    -4.9
1510.742    12.2   -11.4    -6.4
1512.402    12.0     0.2     1.8
1514.062    -9.5    14.2    -0.2
1515.723   -20.9   -15.9   -27.7
1517.383   -29.9   -18.3   -17.3
1519.043     4.2   -17.0     0.0
1520.703    24.9   -11.0     5.7
1522.363    13.7     8.2    -3.5
1524.023   -14.1     9.9    -8.1
1525.684   -31.4     5.4   -10.8
1527.344   -26.2   -35.3   -26.5
1529.004     3.5   -32.8    -9.4
1530.664    12.6    -4.4    12.8
1532.324    26.5    21.9    17.3
1533.984   -38.2    -0.1    -7.8
1535.645   -34.5     0.3   -11.0
1537.305    -3.1   -45.1   -32.1
1538.965    10.8   -41.2   -21.6
1540.625    20.3   -17.3     0.9
1542.285    15.0    37.5    14.8
1543.945   -32.8    -7.8   -32.1
1545.605   -37.5   -10.4   -24.1
1547.266   -33.5   -29.0    -7.5
1548.926     1.1   -43.2   -18.1
1550.586    20.3     0.4    13.6
1552.246    19.7    28.2    19.5
1553.906   -13.4    34.9   -15.6
1555.566   -34.6   -14.1   -29.2
1557.227   -19.1   -38.3    -5.6
1558.887    24.3   -39.2   -10.2
1560.547    19.6   -13.4     6.3
1562.207     3.3    26.8     5.8
1563.867   -26.9    29.7   -18.6
1565.527   -38.9   -15.0   -19.5
1567.188    -3.5   -36.0   -14.0
1568.848    26.9   -34.5     1.9
1570.508    19.1    -1.6    12.8
1572.168   -14.1    25.8   -13.5
1573.828   -40.8     9.0   -27.7
1575.488   -31.4   -14.0   -14.7
1577.148    31.4   -36.0    -4.2
1578.809    31.6   -33.9    -8.6
1580.469    -1.2    11.7     5.7
1582.129   -39.1    11.4   -23.5
1583.789   -57.5    -6.7   -35.1
1585.449   -22.3    -7.3    -7.0
1587.109    28.3   -20.1     9.3
1588.770    38.8   -28.0     0.1
1590.430    13.2    -4.3     3.8
1592.090   -56.8     6.9   -33.0
1593.750   -57.7    -9.8   -41.6
1595.410   -17.9   -10.0    -9.6
1597.070    42.1   -10.4    24.9
1598.730    42.3   -16.5     0.8
1600.391   -36.5    -0.8   -18.9
1602.051   -51.4     1.4   -29.3
1603.711   -61.1    -5.9   -34.0
1605.371    24.3   -11.1     7.0
1607.031    39.6   -10.2    11.1
1608.691    17.7    -6.5     6.8
1610.352   -37.8    -7.9   -29.0
1612.012   -62.9   -12.1   -44.8
1613.672   -44.1     1.5   -13.0
1615.332     8.9    -5.1     4.0
1616.992    43.3   -21.1     1.3
1618.652    37.3    -9.8    16.6
1620.312   -25.6     0.5   -16.0
1621.973   -42.2   -10.8   -38.0
1623.633   -51.1   -13.0   -35.1
1625.293   -20.3     4.5    -4.0
1626.953     4.0    -1.9     0.7
1628.613    44.0   -20.7     9.6
1630.273   -29.2    -3.6   -28.8
1631.934   -31.6    -7.2   -29.7
1633.594   -46.5   -11.3   -22.1
1635.254   -23.1    -2.3    -8.3
1636.914     6.0   -13.1   -10.9
1638.574    26.3   -18.8    -1.7
1640.234    10.7    -6.0     2.5
1641.895   -10.2     2.5    -6.8
1643.555   -28.4     1.9   -19.0
1645.215   -11.4    -7.8   -19.0
1646.875   -13.1   -18.3   -13.6
1648.535     0.3   -22.4     7.3
1650.195     9.5    -8.8    -7.9
1651.855    -1.8    11.9    -7.4
1653.516   -23.4    12.9    -7.6
1655.176   -20.5   -11.5   -17.9
1656.836   -15.2   -30.0   -12.9
1658.496    -4.7   -18.1   -10.0
1660.156    10.5    -3.4    -4.3
1661.816     8.3    18.6     0.0
1663.477    -0.3    23.2     0.6
1665.137   -28.8   -13.4   -18.1
1666.797   -34.4   -34.1   -25.4
1668.457   -14.5   -25.0    -7.8
1670.117    -1.3    -4.1     4.5
1671.777    11.5     7.4     2.4
1673.438    -6.3     9.6    -6.0
1675.098   -27.2   -12.3   -15.9
1676.758   -33.4   -19.8   -15.0
1678.418   -10.8   -29.6   -12.5
1680.078    -5.5    -1.9     0.6
1681.738    17.1    27.1    13.6
1683.398    20.0    19.8     2.6
1685.059   -14.9    -4.0   -15.6
1686.719   -22.3   -21.0   -31.0
1688.379   -19.0   -22.3   -10.9
1690.039   -12.5   -24.7   -14.3
1691.699     9.4    11.8     0.2
1693.359     2.7    23.6    11.5
1695.020    -5.5     3.1   -14.8
1696.680   -21.1   -39.2   -29.1
1698.340   -14.5   -22.4     3.6

Event #18  ts=2026-09-25 13:03:03.971  [SELECTED]
  t[ns]  u1[mV]  u2[mV]  u3[mV]
  0.000     6.4   -17.1   -23.8
  1.660    12.8   -15.0     9.9
  3.320    28.6   -26.6    -7.7
  4.980     0.8     9.2     5.0
  6.641   -37.9    14.6   -17.7
  8.301   -46.2     1.3   -33.9
  9.961   -15.6   -15.8    -1.8
 11.621    32.2   -14.0    -1.8
 13.281    30.7   -15.4    -0.9
 14.941    24.1    -6.4     8.9
 16.602   -49.8    -8.4   -36.8
 18.262   -38.1   -12.7   -23.8
 19.922     4.3    -5.8     2.6
 21.582    11.0   -11.1    -4.3
 23.242    37.2   -18.4    -0.7
 24.902    -9.5    11.9    14.8
 26.562   -48.2   -25.5   -54.7
 28.223   -38.1    -7.4    -3.3
 29.883    -2.7     8.6    18.2
 31.543    36.3   -15.5    -9.9
 33.203    34.6   -23.0   -10.4
 34.863   -12.0    15.7    13.3
 36.523   -38.5    -3.2   -22.1
 38.184   -47.5   -28.6   -42.7
 39.844   -15.6     3.4     9.8
 41.504    27.4    -0.7     8.2
 43.164    19.5   -14.3    -6.6
 44.824    -8.6     1.5     1.0
 46.484   -40.0    -6.5   -25.8
 48.145   -16.9   -10.5   -14.9
 49.805     3.3    -5.7     2.4
 51.465    14.3    -9.3     4.2
 53.125    18.2   -11.4    -0.6
 54.785   -13.4    -5.5    -9.0
 56.445   -36.0    -3.3   -17.8
 58.105   -32.6     2.0   -12.5
 59.766     9.5   -12.7    -8.8
 61.426     7.1   -23.1    -7.3
 63.086     7.1   -20.6    -3.9
 64.746   -14.9    -5.1    -9.6
 66.406   -30.9    -6.7   -32.3
 68.066   -21.0     3.5   -11.3
 69.727     0.8    13.2    13.4
 71.387    10.5   -39.1   -28.9
 73.047    -9.6   -15.7    -0.3
 74.707   -29.8     9.6     7.1
 76.367   -18.3    -7.2   -32.7
 78.027   -13.5    -6.8   -25.3
 79.688    14.8   -12.8   -11.8
 81.348     4.4   -40.2   -28.4
 83.008   -11.7   -36.4   -16.2
 84.668   -33.5     6.1    -7.8
 86.328   -16.4    -3.2   -30.7
 87.988    12.4     8.7    19.4
 89.648    15.6    -6.4     5.4
 91.309     6.3   -33.9   -18.1
 92.969   -27.3    -9.3     0.6
 94.629   -35.8     5.4   -14.7
 96.289   -25.5    -4.2   -29.1
 97.949    -6.4     0.6     1.5
 99.609    23.0   -10.6    -2.6
101.270    23.2   -30.7   -21.9
102.930   -17.9    -1.2     8.4
104.590   -38.2    -2.6   -28.7
106.250   -13.7    -9.4    -1.2
107.910    -7.0    -4.0     8.0
109.570    26.8    -5.3     1.2
111.230    23.4   -25.4   -26.4
112.891   -27.0    13.6    12.5
114.551   -31.1    13.9    -3.0
116.211   -25.1   -23.0   -26.3
117.871    -5.9    -3.3    14.5
119.531    28.7   -10.4    -0.7
121.191    29.8   -20.8   -17.8
122.852   -28.6    13.7     1.9
124.512   -38.7     9.2    -7.2
126.172   -33.9   -20.0   -32.0
127.832    -3.8   -18.6     4.3
129.492    29.3    -7.5     5.9
131.152    24.7     0.2    -0.7
132.812   -24.9     5.5   -13.5
134.473   -44.3    -5.0   -18.9
136.133   -33.4   -13.6   -15.8
137.793   -18.3   -22.1   -11.0
139.453    26.3    -9.6     2.9
141.113    25.4    13.2    16.6
142.773   -12.4     8.8   -15.3
144.434   -35.2   -21.5   -35.9
146.094   -30.6   -13.7    -2.9
147.754    11.5   -27.9   -13.6
149.414    24.6   -23.0    -7.5
151.074    20.9    14.2    19.4
152.734    -7.0    29.3    -1.1
154.395   -37.0   -29.8   -25.7
156.055   -32.3   -25.3    -8.4
157.715    -6.6   -15.1     2.2
159.375    23.0    -5.3     1.7
161.035    -0.7    25.5     7.2
162.695    -8.7    15.1   -12.4
164.355   -33.1   -19.2   -36.6
166.016   -31.5   -22.9    -6.5
167.676   -15.8   -11.2    -0.7
169.336    16.4   -14.2    -8.2
170.996    24.6    12.3    15.2
172.656   -25.4    -1.5   -43.0
174.316   -34.9   -21.8   -36.8
175.977   -21.9   -18.9     0.4
177.637    -0.1   -16.6   -18.7
179.297     7.5   -12.4   -13.1
180.957    14.5    -3.6     2.3
182.617   -16.1   -22.2   -46.0
184.277   -22.6   -26.6   -44.7
185.938   -28.8    -8.8    13.3
187.598     6.1   -23.6   -37.2
189.258     7.7   -24.1   -36.5
190.918     9.2    13.3    28.2
192.578    -0.8    -6.9   -31.3
194.238   -32.6   -33.0   -24.0
195.898   -39.0    -7.1    10.0
197.559    -6.0    -9.9   -18.3
199.219     8.4   -20.6   -21.5
200.879   -21.6    -2.8    11.3
202.539   -74.8   -28.9   -27.2
204.199  -129.0  -147.3  -103.4
205.859  -131.2  -166.4   -83.0
207.520   -91.0  -147.8   -85.2
209.180   -78.4  -129.6   -85.5
210.840   -51.3   -78.0   -65.7
212.500   -34.5   -66.9   -61.7
214.160   -44.7   -79.0   -56.1
215.820   -61.5   -62.2   -44.0
217.480   -53.7   -49.8   -49.0
219.141   -16.4   -19.8   -22.7
220.801    15.5    -2.7    -9.4
222.461     9.4   -10.2    -9.2
224.121   -27.2   -30.3   -20.3
225.781   -35.2   -30.4   -24.6
227.441   -34.6   -32.5   -35.8
229.102   -23.9   -21.8   -25.6
230.762    16.8    -4.6    -5.6
232.422    17.3     0.2     0.0
234.082   -26.0   -17.1    -3.0
235.742   -32.0   -19.8   -16.1
237.402   -39.3   -25.0   -26.3
239.062   -21.8   -13.3   -20.8
240.723    21.0     5.5     0.8
242.383    18.3    -4.2    -3.8
244.043    12.8   -23.3   -15.2
245.703   -30.7    -6.8     0.4
247.363   -40.4   -26.7   -34.8
249.023   -30.8   -25.5   -32.3
250.684    -6.2     1.8     5.3
252.344    10.7     2.7    -9.4
254.004    17.1   -13.8    -4.0
255.664   -22.9   -10.6    -6.9
257.324   -34.0   -25.4   -30.6
258.984   -25.7   -26.9   -23.5
260.645   -16.7     6.0     3.6
262.305     4.8    -6.3   -14.6
263.965    13.5    -8.5     0.9
265.625    -7.1    -0.9    -6.1
267.285   -17.9   -21.4   -39.0
268.945   -32.1   -19.6   -12.7
270.605   -17.9    -5.1    -5.6
272.266    10.3   -13.8   -24.0
273.926     6.6    12.3    15.5
275.586    -1.4     1.1    -5.6
277.246   -12.2   -27.0   -30.2
278.906   -30.3   -18.3    -6.6
280.566   -14.1   -19.8   -18.7
282.227    -2.4   -15.1   -20.1
283.887     4.3    10.4     2.9
285.547    -0.1     6.1     3.6
287.207     1.4   -17.7   -14.9
288.867   -23.2   -15.7   -13.2
290.527   -28.2   -15.7   -20.6
292.188   -16.5   -14.7   -17.4
293.848     5.5     8.4     7.6
295.508     6.7     8.0     0.0
297.168    -2.4   -15.8   -14.9
298.828    -3.0   -17.9   -10.1
300.488   -28.7   -24.9   -23.9
302.148   -12.2     7.8     4.0
303.809    -5.2    12.8     5.6
305.469     9.6   -10.6   -14.4
307.129     2.4   -13.3    -1.9
308.789    -7.2   -19.5    -4.3
310.449   -21.9   -29.6   -33.9
312.109   -25.4    -6.2    -7.6
313.770   -16.1    19.3     8.6
315.430     9.2     3.0   -16.7
317.090    11.9   -13.9     5.3
318.750     5.3   -13.0    12.0
320.410   -22.4   -25.4   -23.0
322.070   -30.6   -14.5   -24.9
323.730   -26.1     5.9    -1.6
325.391     2.7     4.8    -8.1
327.051    12.3   -10.4     4.4
328.711     1.8    -2.9    11.5
330.371   -28.6   -20.1   -33.2
332.031   -23.4   -21.8   -17.9
333.691   -23.7     2.3     6.8
335.352    -3.7     5.8   -13.3
337.012     3.0   -19.4   -23.0
338.672     0.4   -10.3    13.7
340.332   -17.7   -23.9   -29.8
341.992   -28.7    -6.3    -9.3
343.652   -21.5    14.2     6.3
345.312     1.6    -0.7   -16.7
346.973     8.3   -16.7    -1.4
348.633     3.2    -3.9    12.7
350.293    -5.3   -15.1   -30.8
351.953   -26.9   -18.7   -23.2
353.613   -14.0     9.9     3.3
355.273     2.3   -17.9   -35.8
356.934     4.2   -16.6    -3.1
358.594    -9.0    -4.9    -2.3
360.254   -12.6   -17.0   -22.5
361.914   -14.3    -6.0    -7.6
363.574   -13.5    16.3    16.5
365.234     6.4   -24.5   -32.5
366.895     2.6   -26.7   -33.1
368.555   -12.2    -2.0     8.9
370.215    -5.4   -16.0   -21.2
371.875    -6.0    -2.4    -7.0
373.535    -9.3     0.1    -3.2
375.195    -0.3   -17.1   -19.5
376.855     3.0   -17.7   -10.8
378.516   -13.6    -5.0    -4.5
380.176   -19.9    -4.6    -8.4
381.836   -13.0    -1.1    -7.9
383.496   -11.1    -1.8    -4.3
385.156    -3.4   -15.0    -6.8
386.816    -1.9   -19.2    -4.1
388.477    -9.8    -9.1   -16.7
390.137   -18.4    -7.0   -16.6
391.797   -23.1     1.8     4.0
393.457     4.3    -2.8    -4.8
395.117     8.7   -29.0   -18.8
396.777     7.1   -24.2   -15.5
398.438    -9.6     0.0     6.8
400.098   -27.2   -18.1   -30.6
401.758   -13.6    -0.4    -0.7
403.418     0.0     8.2     5.9
405.078    -0.7   -14.9   -19.1
406.738     7.0   -21.4    -7.3
408.398    -9.8     5.5     8.4
410.059   -28.5    -7.0   -22.6
411.719   -22.1   -14.2   -14.1
413.379    -7.3    10.4     8.6
415.039    14.3   -25.9    -8.0
416.699     8.2    -7.1     9.6
418.359    -5.1    -3.2     3.1
420.020   -28.7   -12.0   -27.3
421.680   -27.6   -17.9   -11.8
423.340     4.1    -5.6   -15.5
425.000    12.8   -14.2   -11.5
426.660    15.9    -8.2     0.4
428.320   -12.8    -3.8   -14.9
429.980   -20.1   -13.4   -36.7
431.641   -27.0    -8.4     4.0
433.301   -15.7    -1.9    -3.2
434.961     5.5   -16.3   -30.5
436.621     9.9     6.5    18.1
438.281     9.9    16.1    27.9
439.941   -11.4   -21.6   -34.8
441.602   -31.3   -13.4    -5.8
443.262   -28.7     0.9    -0.2
444.922   -10.1   -10.4   -11.5
446.582    11.9     6.0    13.4
448.242     3.8    18.3    14.4
449.902    -7.1   -16.3   -28.7
451.562   -28.4   -21.0   -15.2
453.223   -29.7    -6.1    -6.2
454.883    -5.6   -20.0   -22.5
456.543    10.4    -5.9    -6.6
458.203    10.2    18.0    16.1
459.863    -1.5    -7.2   -10.7
461.523   -20.5   -21.3   -15.7
463.184   -21.3   -17.9   -12.3
464.844   -25.8   -20.1   -19.9
466.504     4.8     8.4    -2.1
468.164     4.4    -2.0    -3.6
469.824     4.3    -2.0    -2.7
471.484    -5.8   -10.2    -5.3
473.145   -21.4   -24.4   -23.1
474.805   -21.1   -29.2   -25.5
476.465   -19.3    -3.1    -9.3
478.125     1.6     4.3    -6.3
479.785     4.5    -8.4   -13.4
481.445     6.4    -5.4     6.7
483.105   -12.2   -23.7   -28.7
484.766   -22.4   -16.6   -17.3
486.426   -22.8     5.7    13.0
488.086   -13.3     3.6   -13.0
489.746    13.5   -13.5   -22.4
491.406    26.3     0.1    18.3
493.066     6.0     1.3     9.5
494.727   -23.0   -33.5   -42.3
496.387   -39.1    -3.0    -2.0
498.047   -39.1    -0.9    -2.2
499.707    -0.2     1.0   -12.5
501.367    25.1   -11.2     3.9
503.027    15.0     2.1    10.2
504.688   -18.0   -17.8   -27.5
506.348   -33.9   -22.3   -21.9
508.008   -40.3    -4.4   -15.6
509.668   -19.3    -8.7   -25.7
511.328    26.7    -0.2    22.9
512.988    30.3     5.2    20.8
514.648    22.1    -6.8   -11.3
516.309   -45.3   -11.5   -18.1
517.969   -55.8   -14.9   -21.8
519.629   -11.8   -25.0   -20.9
521.289    29.0     9.0    23.5
522.949    34.6     8.8     9.2
524.609     6.0    -7.7   -22.4
526.270   -30.5   -13.7   -13.5
527.930   -53.5   -21.7   -26.2
529.590     0.1   -16.7   -18.0
531.250    25.8     8.2     8.6
532.910    34.2    15.9    16.2
534.570    12.3    -5.8    -8.9
536.230   -50.1   -20.7   -25.2
537.891   -55.6   -25.1   -25.7
539.551   -23.2   -19.5   -16.8
541.211    20.7     3.9    13.9
542.871    29.2    11.5    11.8
544.531     9.4     3.7    -3.2
546.191   -19.8   -14.0   -16.9
547.852   -42.4   -32.1   -39.9
549.512   -39.7   -32.1   -31.2
551.172     1.8     4.2    10.0
552.832    21.3    10.1     3.1
554.492     2.6    -2.1    -0.5
556.152   -20.1    -4.3    -1.3
557.812   -28.3   -21.6   -26.8
559.473   -31.5   -37.1   -37.6
561.133    -9.5    -2.9     7.9
562.793    11.6     9.2   -10.7
564.453     7.0    -5.3   -20.0
566.113   -14.5   -12.4     7.9
567.773   -16.8   -21.4   -25.1
569.434   -16.5   -23.8   -27.3
571.094    -9.5    23.3    19.8
572.754    -7.6    26.6    18.9
574.414     1.9   -28.3   -22.4
576.074    -8.8   -19.3    -3.2
577.734    -6.3   -15.8   -17.7
579.395    -6.1   -15.3   -11.6
581.055    -5.3    13.3     8.5
582.715   -14.0    -0.4   -27.5
584.375   -12.8   -24.9    -2.8
586.035    -8.4   -25.1     6.4
587.695    -0.9   -23.0   -21.9
589.355     2.7     3.0    -9.1
591.016    -4.2    21.2    11.8
592.676   -12.6    13.3   -10.3
594.336   -24.2   -29.5   -27.5
595.996    -0.6   -17.2     8.1
597.656     8.8   -18.7   -34.6
599.316     3.8   -11.0   -19.2
600.977    -6.6    28.0    26.9
602.637   -13.0    -1.5   -21.3
604.297   -13.7   -42.0   -29.2
605.957    -7.1   -14.3    24.4
607.617     9.9   -15.2   -15.7
609.277     1.3    -7.4   -17.5
610.938   -17.1    32.1    17.5
612.598   -10.8   -15.5   -29.6
614.258    -4.6   -33.8   -35.0
615.918    -7.4   -20.4     5.6
617.578     5.4    -7.9    -9.2
619.238     0.5    -8.9   -18.3
620.898   -17.6    20.5    -2.4
622.559   -12.5    -2.1   -11.9
624.219     0.9   -27.8   -13.8
625.879     0.7   -27.0    -7.5
627.539     7.7   -17.9    -5.9
629.199   -21.9     3.9    -8.6
630.859   -23.2     4.2   -19.1
632.520   -12.0    -2.8   -13.5
634.180    -2.6    -4.3     2.5
635.840     5.9   -22.2   -18.1
637.500   -18.4   -15.9    -6.1
639.160   -24.4   -10.3     0.0
640.820   -25.2    10.9     6.0
642.480   -10.0   -12.8   -23.0
644.141    -3.0   -14.3   -20.4
645.801     7.4   -21.6   -13.4
647.461     1.3   -29.6   -26.5
649.121   -25.0   -17.9    -8.8
650.781   -23.5    11.3     3.3
652.441     2.0    -6.8   -23.9
654.102    12.7    -6.2    -9.0
655.762    13.1     7.2    19.1
657.422    -2.1   -12.7    -5.1
659.082   -28.8   -26.4   -18.4
660.742   -32.3     2.6    -3.3
662.402   -12.5    16.1    -8.3
664.062     7.7     3.1    -8.1
665.723    20.7     2.5     4.0
667.383    -8.9   -24.5   -24.1
669.043    -5.3   -26.2   -24.0
670.703   -29.4    -9.5    -3.6
672.363   -28.8    -5.3   -17.1
674.023    -6.4    10.5   -11.9
675.684    13.0    11.9     8.1
677.344    12.3     5.4     4.2
679.004   -12.7   -49.1   -24.1
680.664   -17.3   -20.5    17.6
682.324   -21.2     7.6   -22.6
683.984     0.5     9.7   -18.9
685.645     6.2    22.9    19.6
687.305     3.3     3.1    13.4
688.965    10.3   -24.7   -16.1
690.625   -14.7   -35.4    -6.4
692.285   -23.6   -11.1     9.6
693.945    -9.4     9.6   -22.9
695.605    -2.2    10.3   -13.4
697.266     5.0     0.4    11.7
698.926    -1.3   -54.2   -23.7
700.586    -9.2   -37.7   -17.5
702.246   -23.8    14.5     5.2
703.906   -18.9    23.6    -2.3
705.566    -8.1     7.9   -19.9
707.227     0.9     1.2   -12.9
708.887     4.2   -40.6    -8.3
710.547     5.4   -35.0    -6.7
712.207   -13.2    -1.8    -6.0
713.867   -19.9     6.6    -7.6
715.527   -16.0    19.9   -10.4
717.188    -5.9     1.4    -7.0
718.848     7.2   -37.8   -12.6
720.508    15.6   -36.8    -2.5
722.168     6.6   -12.8     9.9
723.828   -16.9     9.8    -8.8
725.488   -29.2    11.2   -17.3
727.148     2.6    -3.3     8.7
728.809    20.7   -29.4    -7.7
730.469    26.6   -51.5   -20.1
732.129   -12.3     9.4    15.1
733.789   -42.3    19.1   -24.8
735.449   -45.5    -7.8   -44.0
737.109    -4.7    -2.8     9.3
738.770    29.3   -13.2     2.8
740.430    37.3   -33.0   -11.0
742.090   -15.0     6.4     8.1
743.750   -46.5    12.1   -20.7
745.410   -45.6    -6.9   -33.4
747.070   -16.0   -11.9    -2.4
748.730    18.5    -8.4    10.3
750.391    46.6   -21.9     1.3
752.051    -7.1     2.7     4.5
753.711   -30.7     8.9   -10.4
755.371   -55.6   -13.3   -40.8
757.031   -23.7    -8.3     0.4
758.691     3.8    -8.0     7.0
760.352    41.8   -12.5     1.6
762.012    10.4     8.0    14.8
763.672   -40.5     0.0   -27.2
765.332   -58.0   -13.2   -48.6
766.992   -14.3    -3.3    13.2
768.652    21.9     0.3    19.7
770.312    49.9   -12.4    -4.0
771.973     3.5     7.4    11.4
773.633   -33.0     7.2    -5.5
775.293   -45.8   -23.0   -45.1
776.953   -30.9   -20.8   -17.8
778.613   -13.8    -7.0     3.6
780.273    34.8     0.1     6.6
781.934     0.5    -1.9    -1.9
783.594   -36.2     4.7    -8.1
785.254   -41.4     0.1   -12.4
786.914   -38.1   -24.6   -37.5
788.574   -15.1   -15.9   -16.7
790.234    21.7     6.5    18.6
791.895    15.8    -0.7    -1.5
793.555   -11.9    -6.0   -13.1
795.215   -32.1   -13.2   -18.2
796.875   -19.0   -13.7   -10.1
798.535    -2.0    -7.8    -7.7
800.195    13.3    -8.4    -6.9
801.855     0.8     0.0     5.2
803.516   -22.2     4.6    -3.9
805.176   -18.8   -26.9   -27.5
806.836    -1.3   -14.9    -0.9
808.496    13.8     5.5     4.7
810.156    10.5     1.8    -2.0
811.816    -9.1   -20.8   -20.7
813.477   -34.8     5.8     3.6
815.137   -19.4    -8.9   -19.3
816.797    10.1   -14.2    -6.5
818.457    13.9    10.8    14.7
820.117     1.5   -11.7   -16.5
821.777   -34.5   -22.9   -22.5
823.438   -34.9     6.5    -5.5
825.098   -16.5     0.7   -11.7
826.758     2.4    -1.9   -11.5
828.418    32.0    -0.7    12.8
830.078   -10.2   -13.0   -14.9
831.738   -48.3   -20.8   -23.7
833.398   -48.0    -8.5   -16.7
835.059     0.4     1.1    -5.1
836.719    -2.3     1.9    -7.4
838.379    41.7     4.5    22.8
840.039    40.2     3.4    20.8
841.699   -32.4   -35.9   -41.0
843.359   -54.5   -10.5    -8.6
845.020   -30.5     2.2   -13.7
846.680    10.2     0.3   -15.9
848.340    36.4    12.8    34.7
850.000    37.4    14.3    35.2
851.660   -29.9   -47.7   -47.5
853.320   -60.0    -6.3    -3.9
854.980   -36.4    14.4    -7.5
856.641    15.3    -0.3   -21.5
858.301    34.7     9.3    35.2
859.961    26.5     9.9    28.9
861.621   -16.1   -51.2   -51.0
863.281   -55.1   -13.4    -8.5
864.941   -38.3    19.8    -4.8
866.602   -10.2    15.9   -13.5
868.262    32.2     0.7     3.3
869.922    15.5   -15.3     7.2
871.582   -10.0   -35.4   -20.6
873.242   -42.4    -8.0   -21.4
874.902   -28.2    11.8    -9.5
876.562    -3.7     9.6    -2.1
878.223    15.9    -2.8     5.1
879.883    21.4   -20.6    -1.7
881.543     1.6   -23.8    -5.3
883.203   -13.0   -11.7   -13.3
884.863   -31.6     7.7   -17.2
886.523   -39.0     6.8   -14.2
888.184    19.7   -19.8     0.0
889.844    20.6   -20.6     1.5
891.504    20.2   -34.4   -11.6
893.164     2.0   -13.7     0.7
894.824   -16.2    16.5    -6.5
896.484   -30.8    -2.6   -31.9
898.145   -16.2    -6.5    -3.3
899.805    -1.6   -12.9     0.3
901.465    21.5   -23.4    -6.8
903.125    28.3   -17.5    -2.4
904.785     3.5    15.1    17.0
906.445   -32.9     5.0   -31.9
908.105   -44.8   -19.2   -41.3
909.766   -26.6   -19.0     0.2
911.426    11.6   -25.1    -0.9
913.086    46.0   -13.9    -1.5
914.746    12.4    21.8    11.6
916.406   -43.2    -0.5   -28.7
918.066   -57.4   -19.9   -36.8
919.727   -51.3   -28.4   -24.3
921.387    23.8   -30.6    -5.9
923.047    43.2   -12.0    10.5
924.707    18.0    25.7    11.1
926.367     4.2    22.6    -8.0
928.027   -61.5   -20.1   -21.0
929.688   -58.4   -19.1   -20.6
931.348   -15.5   -25.9   -16.6
933.008    47.5     4.8    24.8
934.668    33.9    28.9    25.2
936.328   -17.0     1.9   -32.2
937.988   -41.5   -16.0   -38.2
939.648   -46.9   -24.3   -16.1
941.309   -22.2   -23.6   -12.0
942.969    35.1   -21.0     4.6
944.629    22.8    21.3    14.4
946.289     0.6    19.1    -8.3
947.949   -45.5    -9.9   -33.0
949.609   -38.7   -16.8    -9.5
951.270   -37.4   -17.4   -10.7
952.930    32.0   -21.0    -5.0
954.590    17.1    14.1     6.2
956.250   -24.1     0.6   -12.8
957.910   -30.8     2.8   -18.5
959.570   -27.2    -4.8   -15.0
961.230    -0.5   -25.2   -11.1
962.891     3.3   -28.0    -7.6
964.551    18.6    -4.4     9.9
966.211   -12.1     1.8   -15.4
967.871   -30.1     3.0   -16.6
969.531   -20.0     3.5    -4.3
971.191    -9.8    -3.6    -2.3
972.852     9.6   -28.3   -11.5
974.512    10.3   -17.4     6.6
976.172    -4.7    -5.2    -1.6
977.832   -31.3    -3.0   -30.6
979.492   -16.7    16.2     7.0
981.152     6.6     1.6     4.1
982.812    25.0   -27.0    -9.5
984.473    13.5   -27.5    -2.3
986.133   -26.5   -12.7   -11.9
987.793   -39.3   -10.4   -30.8
989.453   -30.3    -3.2   -22.9
991.113   -15.5    18.4    10.1
992.773    23.7    -0.1    -5.2
994.434    14.1   -26.2    -3.5
996.094   -36.8   -12.8   -15.9
997.754   -44.2   -15.9   -27.1
999.414   -40.3    -9.0   -29.0
1001.074    -0.2    22.8     7.4
1002.734    27.4    -6.1   -10.8
1004.395    28.6   -26.2   -10.3
1006.055     8.7   -24.2    10.7
1007.715   -33.0   -19.1   -38.8
1009.375   -55.8   -13.7   -37.4
1011.035   -25.2    18.8     5.5
1012.695    18.7    10.7     2.6
1014.355    42.4   -14.2   -12.5
1016.016    22.6   -19.2    10.1
1017.676   -18.4   -10.9   -15.9
1019.336   -42.5   -16.1   -39.0
1020.996   -46.6     3.7    -5.9
1022.656     2.4    11.4     8.8
1024.316    39.2   -10.5   -12.9
1025.977    39.7   -22.3    -9.0
1027.637    -6.6    -2.1     7.1
1029.297   -29.7   -11.8   -15.6
1030.957   -46.1   -13.3   -34.0
1032.617   -30.6     6.8     5.7
1034.277    10.1    -2.3    -3.7
1035.938    39.9   -14.1    -9.5
1037.598     6.7    -0.9    12.2
1039.258   -15.8    -9.6    -8.1
1040.918   -25.0   -12.4   -25.5
1042.578   -36.8   -10.1   -32.2
1044.238   -18.8     2.1    -5.9
1045.898    13.9   -12.9    -3.0
1047.559    28.7   -20.5     3.2
1049.219     4.4     0.9    -6.7
1050.879   -31.1    -4.3   -22.1
1052.539   -44.3    -7.5   -20.2
1054.199   -24.8   -11.6   -13.5
1055.859     3.9   -18.2    -9.6
1057.520    11.4   -19.4    -1.9
1059.180    18.0    -0.8     7.7
1060.840   -21.5    -5.6   -13.1
1062.500   -34.1    -7.2   -10.4
1064.160   -33.8    -3.9   -10.1
1065.820    -3.5   -23.9   -23.0
1067.480    10.5     2.2    12.5
1069.141    12.1     6.0    14.6
1070.801     2.4    -9.3   -12.9
1072.461   -19.2    -2.4   -11.3
1074.121   -28.3     4.8    -3.5
1075.781   -14.0   -25.5   -22.2
1077.441    -6.5   -27.0   -25.1
1079.102     9.9     0.2    11.1
1080.762   -16.8    -5.9   -22.2
1082.422   -21.4   -14.1   -23.4
1084.082   -14.6    -7.0    -0.4
1085.742    -6.9    -0.4     4.5
1087.402     5.0   -23.5   -13.6
1089.062     8.2   -18.3    -7.9
1090.723    -5.4    10.3     2.6
1092.383   -29.4    -2.0   -24.4
1094.043   -24.0   -13.3   -16.9
1095.703     1.1    -6.9     3.3
1097.363     6.6   -13.0   -19.1
1099.023     7.8   -14.3    -4.3
1100.684    -8.5     3.5     6.0
1102.344   -24.1    -3.8   -27.2
1104.004   -26.0    -8.8   -18.0
1105.664   -17.6    -3.9     9.6
1107.324    12.1   -21.3   -19.7
1108.984    18.5   -11.4    -1.6
1110.645   -23.0     8.7   -10.8
1112.305   -30.7   -16.5   -43.3
1113.965   -29.3   -21.4   -36.4
1115.625   -15.6    -0.6    15.2
1117.285    20.8   -27.1   -12.2
1118.945    33.3   -31.4   -20.6
1120.605   -25.1    18.9     5.0
1122.266   -39.8    -4.5   -29.3
1123.926   -39.3   -13.0   -34.4
1125.586   -13.2    -8.3     1.1
1127.246    12.8   -14.2     4.8
1128.906    24.9   -23.9    -7.4
1130.566    -3.1     9.4    -0.8
1132.227   -34.6     7.6   -12.8
1133.887   -38.1    -8.7   -25.9
1135.547   -18.9   -20.3   -14.5
1137.207    -0.4   -18.2    -3.0
1138.867    23.0   -10.4    -0.9
1140.527     6.3     4.1    -9.9
1142.188     1.1     4.3    -9.7
1143.848   -24.1     7.1   -16.3
1145.508   -23.4    -6.7    -6.7
1147.168   -16.1   -15.2    -5.1
1148.828     8.3   -26.9    -8.8
1150.488    19.0   -11.6    -0.8
1152.148    13.4     4.9     6.6
1153.809   -31.8    -2.8   -31.7
1155.469   -29.8    -4.3   -21.7
1157.129   -24.6    -8.0    -1.3
1158.789    -2.8   -23.7    -5.4
1160.449    19.2   -33.7   -20.2
1162.109     1.6    12.3    13.4
1163.770    -7.2    19.1    13.5
1165.430   -25.4   -10.6   -31.9
1167.090   -14.7   -11.0    -7.4
1168.750   -13.5    -5.3     8.5
1170.410     2.6   -32.7   -18.3
1172.070     9.8   -20.9    -7.7
1173.730     1.2    14.3    12.2
1175.391   -11.6    16.3   -10.9
1177.051   -21.7   -15.0   -28.0
1178.711   -16.7   -13.4    -2.1
1180.371    -9.2   -13.8    -5.6
1182.031     7.9   -24.5   -13.1
1183.691     5.8    -8.3     1.4
1185.352     1.2    10.2   -10.8
1187.012    -2.6     8.4   -13.4
1188.672   -28.8    -5.3    -7.1
1190.332   -16.4   -21.2   -15.0
1191.992     8.3    -4.9     5.8
1193.652     2.1     2.7    10.3
1195.312     3.8     3.1    -8.7
1196.973    -3.9    -4.0   -19.9
1198.633   -17.0     0.0    -5.3
1200.293   -25.0   -16.4   -14.0
1201.953    -9.1   -32.7   -21.6
1203.613     3.2   -17.8    -5.4
1205.273    10.3    13.1    10.0
1206.934     7.7     6.7    -5.3
1208.594    -4.1    -4.1   -14.1
1210.254   -24.7    -2.1    -4.8
1211.914   -27.8   -16.8   -19.3
1213.574    -7.5   -29.5   -20.4
1215.234    11.4     6.2    15.9
1216.895     1.1     4.9    -9.2
1218.555    -6.7    -1.4   -17.2
1220.215   -27.7    -7.3   -16.6
1221.875   -33.4   -17.9   -14.4
1223.535    -2.7   -27.2   -10.5
1225.195     5.6   -14.9    -0.7
1226.855     9.5    13.0     1.3
1228.516     6.7    15.8     1.5
1230.176   -14.1    -1.5   -12.4
1231.836   -30.5   -22.5   -30.0
1233.496   -24.0   -25.2   -16.2
1235.156   -11.6   -13.6     0.4
1236.816    15.2    -9.5   -18.3
1238.477     8.6     9.4     2.4
1240.137    -7.6    19.9     6.6
1241.797   -31.7   -14.9   -26.3
1243.457   -29.8   -39.3   -39.1
1245.117    -2.3   -11.6    10.5
1246.777     8.4     8.2    11.9
1248.438     4.0   -12.7   -16.7
1250.098   -14.9    17.4     9.1
1251.758   -16.3    16.3     8.4
1253.418   -20.7   -41.0   -31.7
1255.078   -15.3   -36.0   -18.1
1256.738     6.8     5.7    13.5
1258.398     4.0    -5.6   -16.9
1260.059     0.2    -2.5   -13.4
1261.719   -11.2     8.8    -2.4
1263.379   -19.9   -14.9   -21.9
1265.039    -8.3   -30.9    -9.0
1266.699    -1.4   -19.9     3.0
1268.359    -3.7     3.3   -12.3
1270.020    -9.6    11.2     3.3
1271.680    -8.4    13.1     8.4
1273.340    -3.0    -7.1   -16.3
1275.000   -10.6   -24.0   -24.1
1276.660   -12.2   -12.5    12.6
1278.320    -0.4   -13.0   -23.2
1279.980    -6.9     1.0   -13.5
1281.641   -16.0    21.6    17.7
1283.301   -16.0    15.7    10.9
1284.961     4.1   -42.7   -37.6
1286.621    -4.3   -16.3     4.3
1288.281   -15.8   -15.4   -31.4
1289.941    -6.0    -3.7   -14.5
1291.602    -7.5     3.2    -4.6
1293.262    -4.0     1.7    -7.4
1294.922    -2.5   -42.4   -35.9
1296.582    -1.7   -40.3   -27.5
1298.242   -10.6     3.2     1.9
1299.902   -15.2    -5.7   -16.7
1301.562   -13.9     3.9    -9.3
1303.223     5.5     0.3     1.6
1304.883    10.7   -10.1     1.4
1306.543    -4.4   -34.4   -15.1
1308.203   -11.1   -26.2   -15.5
1309.863   -29.0    -2.4   -10.0
1311.523   -15.1    14.2    -4.5
1313.184    -1.8     3.8   -11.2
1314.844     8.8   -12.5    -3.7
1316.504    -4.8   -21.5    -8.8
1318.164    -3.2   -20.5    -8.3
1319.824   -27.8   -23.5   -29.9
1321.484   -19.5    25.2     7.1
1323.145    -3.6    19.4    -2.8
1324.805    14.5   -23.1   -21.3
1326.465    10.5   -14.8     1.9
1328.125    -4.2    -8.1     5.0
1329.785   -22.9   -24.9   -23.7
1331.445   -22.8    12.0     0.1
1333.105    -7.7    32.6    10.1
1334.766    12.6    -2.5   -11.2
1336.426    16.7   -34.0   -14.5
1338.086     3.5   -18.8     5.0
1339.746   -25.6   -13.1   -31.7
1341.406   -29.9   -12.1   -30.5
1343.066   -14.4    14.2     1.6
1344.727   -11.8    12.3     2.0
1346.387    25.3   -20.4     2.1
1348.047     7.1   -13.9    -4.6
1349.707   -30.8    -9.2   -24.5
1351.367   -33.8    -4.1   -15.0
1353.027   -22.4    -1.1    -8.2
1354.688    -5.6    -4.6   -15.3
1356.348    19.5    -5.3    11.4
1358.008    10.0    -6.1    -4.8
1359.668   -12.1   -15.9   -21.3
1361.328   -29.7    -1.4    -3.3
1362.988   -24.2    -1.9   -14.4
1364.648   -13.3   -18.2   -29.5
1366.309    15.7   -20.6    -8.6
1367.969    18.2    10.6    27.9
1369.629     8.0    -6.4   -13.7
1371.289   -12.6   -21.0   -34.6
1372.949   -46.1     9.5     4.6
1374.609    -5.1   -33.7   -26.6
1376.270     4.1   -38.6   -28.4
1377.930    23.7    12.9    21.9
1379.590    10.0     8.3    -3.3
1381.250    -8.8    -5.7   -22.4
1382.910   -39.8   -10.5   -12.3
1384.570   -38.0   -10.1   -11.1
1386.230     4.6   -27.4   -12.4
1387.891    17.1   -16.7    -9.2
1389.551    11.1    15.9     7.7
1391.211   -13.5     7.6   -10.2
1392.871   -28.5   -12.2   -19.2
1394.531   -19.4   -33.8   -18.1
1396.191    11.4    -8.9     3.7
1397.852    13.1    -6.2     6.1
1399.512    19.9    11.4     6.0
1401.172   -10.8     9.3    -7.4
1402.832   -18.7     3.1    -5.4
1404.492   -28.1   -17.4   -14.3
1406.152    -1.6   -35.0   -13.9
1407.812    21.7    16.6    23.4
1409.473    -2.3     4.1   -29.2
1411.133    -1.3     4.7   -30.3
1412.793   -22.3    -7.0   -21.8
1414.453   -25.3    -7.7     7.1
1416.113   -12.4   -35.4   -19.9
1417.773     3.8   -32.9   -17.5
1419.434     5.9    20.1    21.4
1421.094    -1.8    27.4    -3.4
1422.754   -23.5   -18.3   -23.8
1424.414   -30.0   -19.4   -18.4
1426.074    -0.8   -20.7   -12.3
1427.734     9.9   -28.5   -11.2
1429.395     0.0     5.8     7.5
1431.055   -10.6    21.0    -2.8
1432.715   -23.1   -10.3   -18.8
1434.375   -24.4   -22.2   -12.4
1436.035   -11.0   -23.8    -8.5
1437.695    12.5     3.6     5.7
1439.355     9.0     8.7     9.0
1441.016   -10.4     2.0   -19.6
1442.676   -34.1   -16.0   -17.8
1444.336   -29.4   -19.1    -7.4
1445.996     1.5   -27.6   -15.0
1447.656    22.6   -15.8    -9.1
1449.316     7.4    29.6    26.3
1450.977    -5.1    19.6     0.7
1452.637   -35.4   -25.8   -43.7
1454.297   -30.5   -16.9     3.8
1455.957    -3.1   -15.4     4.2
1457.617    21.7   -19.7   -19.7
1459.277    10.1    12.4     2.5
1460.938    -6.5    33.3    14.5
1462.598   -24.3   -36.2   -38.0
1464.258   -26.2   -44.7   -31.2
1465.918   -12.3   -10.1     4.8
1467.578    -0.6    -6.6     1.0
1469.238     2.9    16.0    -0.4
1470.898    -5.4    14.5     0.9
1472.559    -8.3     1.2    -8.1
1474.219   -16.5   -33.9   -20.5
1475.879   -18.3   -27.2   -13.9
1477.539   -11.5   -11.4    -6.8
1479.199     0.7    14.9    -2.4
1480.859    -5.7     0.0   -18.1
1482.520    -7.6   -14.4   -12.3
1484.180    -3.8   -13.5     5.6
1485.840    -7.6   -32.5   -28.1
1487.500   -14.3   -20.2   -18.0
1489.160   -13.2    18.7    -2.3
1490.820   -11.6    18.0    -6.1
1492.480    12.1   -27.9   -21.2
1494.141    13.2    -4.7    19.6
1495.801     6.0     2.0    15.6
1497.461   -20.6   -27.1   -34.6
1499.121   -42.4    -1.8   -10.9
1500.781   -17.3     5.8    -3.6
1502.441    21.4   -23.9   -17.8
1504.102    24.3     7.6    23.4
1505.762    22.4     7.2    21.4
1507.422   -46.2   -24.5   -24.2
1509.082   -42.7   -24.8   -24.9
1510.742   -12.1    -2.7   -10.0
1512.402    11.0    -7.0    -3.2
1514.062    33.4     5.7    15.6
1515.723    11.5     1.7    -4.7
1517.383   -39.9   -19.9   -25.8
1519.043   -47.8   -19.0   -14.8
1520.703   -31.7   -17.8   -30.3
1522.363    17.3    -2.6     9.3
1524.023    27.8     8.6    25.8
1525.684    21.8     0.7   -14.4
1527.344   -25.6   -24.0   -36.4
1529.004   -46.3   -18.4   -16.1
1530.664   -42.2   -17.8   -17.2
1532.324    -4.1   -29.3   -38.8
1533.984    30.9    23.2    37.0
1535.645    29.7    32.0    28.3
1537.305    -3.4   -24.1   -44.0
1538.965   -40.9   -21.1    -4.4
1540.625   -13.4   -24.5   -29.2
1542.285     5.8     6.3     7.1
1543.945     3.8    -3.6    -4.6
1545.605    16.5     9.8    -1.7
1547.266    -3.9   -32.1   -28.3
1548.926   -28.5   -22.2   -14.7
1550.586   -26.2   -15.0    -9.9
1552.246   -10.4    -9.6   -13.3
1553.906    -4.4    10.2     0.0
1555.566     7.2     2.0     4.8
1557.227    10.1    -9.3     0.0
1558.887   -10.9   -26.3   -19.9
1560.547   -19.9   -20.9   -21.1
1562.207   -25.8     6.8    -8.0
1563.867   -14.2     2.4   -12.4
1565.527     4.4   -11.3    -6.0
1567.188    10.9    -2.5     6.2
1568.848    21.1    -4.3     8.3
1570.508    -7.5   -25.7   -25.6
1572.168   -39.7   -13.0   -18.4
1573.828   -37.8     7.5    -4.3
1575.488   -17.3    -6.9   -16.1
1577.148    34.4    -2.9    15.3
1578.809    35.1     3.0    19.3
1580.469   -15.9   -21.8   -27.8
1582.129   -49.4   -26.5   -31.3
1583.789   -63.7   -11.5   -12.5
1585.449     0.7   -12.3   -13.3
1587.109    34.3    -5.9     0.6
1588.770    42.3    10.4    17.5
1590.430    29.0     9.1     9.5
1592.090   -36.4   -24.6   -33.9
1593.750   -53.2   -14.2   -19.1
1595.410   -58.2   -12.4   -16.9
1597.070    56.1     6.0    23.8
1598.730    58.7    13.4    25.9
1600.391    17.1    -4.3   -11.7
1602.051   -49.4   -26.6   -22.8
1603.711   -71.0   -19.6   -23.2
1605.371    -9.1   -14.4   -12.6
1607.031    39.2     9.3    24.6
1608.691    49.6    20.7    23.1
1610.352    16.5   -10.4   -22.5
1612.012   -21.4   -26.5   -26.1
1613.672   -65.8   -20.7   -13.7
1615.332   -42.2   -19.6   -30.3
1616.992    27.7     3.3     6.7
1618.652    47.8    26.1    34.6
1620.312    21.4    -2.3    -4.4
1621.973    -8.2   -23.0   -26.1
1623.633   -59.5   -14.2   -15.6
1625.293   -45.9   -12.6   -13.9
1626.953    14.4    -2.2    -7.6
1628.613    31.5    13.4    10.7
1630.273     8.0   -11.1    -9.9
1631.934   -34.4   -20.9   -23.7
1633.594   -46.7   -14.4   -20.9
1635.254    11.9    -0.2    -2.5
1636.914    26.3     4.3     3.3
1638.574    28.1     2.1     3.5
1640.234    -8.0   -14.6   -13.0
1641.895   -33.2   -13.5    -6.9
1643.555   -25.5   -10.5   -15.0
1645.215   -12.1    -8.8   -18.1
1646.875    13.6     0.6     0.0
1648.535     8.4    -5.8    -6.5
1650.195   -11.2   -24.1   -21.6
1651.855   -29.0   -22.8   -18.4
1653.516   -24.0     2.6     1.4
1655.176    -2.8    -6.0   -16.3
1656.836     8.0    -3.8    -0.9
1658.496     2.9    -1.5     4.0
1660.156    -4.7   -17.4   -15.4
1661.816   -20.6   -11.2    -6.7
1663.477   -23.8     2.7     5.3
1665.137   -11.4     8.1   -10.1
1666.797    10.4   -11.4   -14.9
1668.457    -3.9    -7.4    -1.5
1670.117   -17.0   -27.3   -25.8
1671.777   -21.3   -14.7    -8.1
1673.438   -14.4    10.0     3.3
1675.098     9.7    -9.7    -7.7
1676.758     6.9   -10.3    -3.9
1678.418    -2.4   -11.3   -11.2
1680.078   -19.2   -25.5   -23.4
1681.738   -23.7   -11.9    -3.5
1683.398   -13.2    11.1    -0.5
1685.059    -3.2    10.0    -5.8
1686.719    -4.6    -7.0    -4.2
1688.379    -1.9   -10.7    -5.9
1690.039   -11.9   -24.1   -22.9
1691.699   -17.8   -26.0   -21.1
1693.359    -8.8     9.5    -4.2
1695.020    -8.2   -11.2     4.0
1696.680    -6.6   -12.9     4.5
1698.340    -2.0    -3.8    -0.4

Event #19  ts=2026-09-25 13:03:04.212  [SELECTED]
  t[ns]  u1[mV]  u2[mV]  u3[mV]
  0.000     0.3   -17.1    -1.2
  1.660    17.1   -23.1    -9.8
  3.320   -17.5   -10.0    -3.0
  4.980   -43.7   -13.9   -32.0
  6.641   -20.6   -10.3   -15.1
  8.301   -14.1    -7.6    -7.5
  9.961    38.8   -11.9    -3.5
 11.621    40.8   -18.0    -7.5
 13.281    -6.5    -5.3    -0.9
 14.941   -52.8    -5.7   -30.5
 16.602   -55.6    -9.7   -39.0
 18.262   -18.5   -19.2   -15.9
 19.922    19.6     0.2    15.0
 21.582    34.6    -6.1     0.2
 23.242    23.0    -6.3    -5.4
 24.902   -50.4    -3.1   -27.5
 26.562   -49.1   -15.3   -28.9
 28.223   -44.3   -26.1   -29.1
 29.883     2.3   -13.6     2.0
 31.543    30.4    -7.6    13.1
 33.203    24.0     1.1    -1.0
 34.863   -12.9     8.8    -4.0
 36.523   -45.8   -17.9   -33.9
 38.184   -47.5   -23.5   -28.7
 39.844   -26.2   -20.2   -10.6
 41.504    27.1    -6.9     2.1
 43.164    33.6     2.9     3.9
 44.824   -21.3     2.3    -9.2
 46.484   -39.1   -19.8   -33.8
 48.145   -38.5   -21.3   -31.8
 49.805    -4.6   -13.2     6.1
 51.465    18.0   -12.8    -0.6
 53.125    21.6    -9.4    -5.7
 54.785    -7.7    17.9     0.6
 56.445   -34.4   -25.4   -29.0
 58.105   -28.9   -33.8   -28.6
 59.766     2.1   -14.9     7.7
 61.426     5.4    -8.2     7.8
 63.086    10.7    -4.2   -11.5
 64.746     1.7     9.6   -10.1
 66.406   -15.7     9.7    -1.3
 68.066   -14.3   -12.9   -13.6
 69.727   -14.9   -31.3   -17.6
 71.387    -6.4   -22.1    -8.5
 73.047     4.4     1.6    -1.2
 74.707     5.2     1.4    -0.7
 76.367   -10.1    12.9    -7.9
 78.027    -8.5    -4.4   -11.1
 79.688    -3.4   -20.0   -12.5
 81.348     1.5   -29.0    -9.5
 83.008    -8.1   -21.0   -13.2
 84.668   -18.7     1.2    -4.7
 86.328   -13.4    18.5    -1.2
 87.988    -3.6    -3.2   -10.7
 89.648     7.9    -9.5    -6.7
 91.309     3.8   -18.5     0.1
 92.969    -5.1   -31.1   -20.1
 94.629   -19.4   -21.0   -25.8
 96.289    -9.5    20.9    -1.5
 97.949    -0.9     7.4   -12.9
 99.609     9.2   -15.8    -3.9
101.270    14.4   -13.2    -0.5
102.930   -11.2   -27.9   -13.0
104.590   -21.5   -19.8   -23.1
106.250   -16.3    24.0     4.1
107.910    -5.6    22.3     1.4
109.570    15.3    -8.4    -4.0
111.230     3.3   -22.4     0.8
112.891    -8.5   -26.1   -20.7
114.551   -21.4   -16.9   -13.4
116.211   -21.6    -5.1    -9.9
117.871    -6.7    19.6    -8.8
119.531    10.1     2.3     7.8
121.191     5.9   -10.7     4.2
122.852    -2.0   -39.5   -22.1
124.512   -13.5   -27.2   -13.9
126.172   -24.7     6.1     0.0
127.832   -16.0    16.7   -13.1
129.492    -1.1     1.2   -10.5
131.152    -2.0   -16.1    -2.6
132.812     0.2   -29.1   -14.7
134.473     2.7   -25.4    -9.6
136.133   -13.2    13.9    -1.3
137.793   -19.2    23.4    -9.4
139.453   -21.1    -7.0   -14.0
141.113   -12.9    -8.5    -9.6
142.773     9.6   -30.2    -3.7
144.434     9.1   -31.1    -4.8
146.094    -1.4     0.2    -7.5
147.754   -19.0    17.4    -5.7
149.414   -32.3     5.3    -9.2
151.074    -4.7   -31.6   -19.0
152.734     8.6   -27.1    -2.6
154.395     9.3   -25.5     0.9
156.055    15.4     2.2    12.5
157.715   -14.1     3.2   -20.9
159.375   -40.9     2.6   -21.2
161.035   -34.2     1.1    -8.7
162.695     0.2   -41.4   -15.1
164.355    13.3   -11.5     6.7
166.016     5.7    21.2     1.3
167.676     6.3    22.0     1.7
169.336   -25.4     1.3   -28.6
170.996   -37.0   -10.9   -13.5
172.656   -22.4   -16.8    -0.2
174.316     8.3   -29.1   -23.2
175.977    20.0   -18.2    -3.8
177.637    11.8    15.7    19.0
179.297   -16.2     0.1   -30.0
180.957   -19.3    -4.9   -33.0
182.617   -27.3   -12.0    -4.1
184.277    -7.8   -20.6    -8.9
185.938    18.8   -25.2    -6.5
187.598    13.3     5.0    12.4
189.258   -17.1    12.0   -13.0
190.918   -20.3    -2.2   -20.4
192.578   -24.6   -12.0   -12.2
194.238     7.4   -23.8   -13.2
195.898    11.6   -23.9   -11.3
197.559    -1.0     5.5     2.1
199.219   -19.9     0.5   -17.5
200.879   -15.7     0.6    -9.0
202.539    -5.3    -5.8    -8.5
204.199     4.3   -13.4   -11.8
205.859   -12.0   -24.5    -4.3
207.520   -14.0   -15.8    -0.6
209.180   -12.2   -10.0   -21.8
210.840   -21.7    -0.2   -10.0
212.500   -40.6   -12.8   -13.7
214.160   -65.5   -75.4   -62.0
215.820  -100.1  -126.0   -96.4
217.480  -124.1  -134.1  -109.7
219.141  -115.4  -140.5  -116.7
220.801  -104.1  -119.0  -107.8
222.461   -55.5   -61.7   -74.0
224.121   -33.9   -53.5   -61.6
225.781   -42.6   -79.6   -68.7
227.441   -58.3   -64.0   -50.1
229.102   -65.0   -46.8   -42.5
230.762   -31.7   -18.4   -34.2
232.422    11.9    -8.9   -22.0
234.082    15.8     3.0   -10.0
235.742    -2.2   -26.7   -24.0
237.402   -31.7   -40.8   -39.2
239.062   -51.0   -35.1   -32.9
240.723   -25.8     0.8    -7.5
242.383    16.3     3.6    -6.4
244.043    26.9     0.7    -6.6
245.703   -15.2   -28.7   -10.1
247.363   -20.5   -31.7   -17.0
249.023   -44.6   -32.4   -39.5
250.684   -34.2    -1.7    -3.8
252.344    -0.9    13.9     6.0
254.004    24.5     1.6   -17.8
255.664     0.6   -18.8    -7.8
257.324   -19.9   -20.7    -6.4
258.984   -33.7   -23.8   -33.3
260.645   -17.3     6.7    -6.5
262.305   -14.5     9.0    -4.4
263.965    23.7   -26.7   -18.2
265.625     7.9   -38.8   -19.4
267.285   -23.8   -13.5   -10.3
268.945   -32.3    -8.9   -14.4
270.605   -22.8    -0.7   -17.4
272.266    -0.1     4.9    -1.3
273.926    13.1   -10.9    -4.2
275.586     6.7   -30.3   -11.9
277.246   -14.7   -24.2   -16.3
278.906   -30.7     4.8    -9.5
280.566   -28.1    11.3   -12.0
282.227    -6.3    -0.1    -7.9
283.887     7.3   -16.5   -10.0
285.547     6.1   -23.5   -10.1
287.207    -2.1   -20.3    -5.7
288.867   -24.0   -10.4   -22.2
290.527   -28.1     8.6    -8.8
292.188   -12.6    15.0     3.1
293.848     2.6   -10.7    -8.0
295.508     8.0   -33.0   -12.6
297.168   -16.9    -4.4    -5.3
298.828   -27.9     1.9   -26.9
300.488   -30.2     2.4   -27.8
302.148    -3.5    -5.6     2.9
303.809    18.5   -29.9   -10.5
305.469    12.3   -27.5    -8.2
307.129     1.5   -17.7    -2.8
308.789   -27.4     2.8   -22.6
310.449   -31.1    -5.7   -23.0
312.109    -4.0   -16.5    -0.2
313.770    17.3   -20.6    -0.8
315.430     0.0    -7.7   -10.1
317.090    -4.7     2.8    -5.7
318.750   -35.3    -0.8   -17.6
320.410   -30.3   -12.2   -19.0
322.070     4.0   -23.7    -9.1
323.730    10.0   -20.3     0.4
325.391    17.8    -8.3     5.5
327.051     3.4     8.0    -2.1
328.711   -32.3    -0.6   -19.3
330.371   -39.7   -16.7   -20.6
332.031   -21.7   -19.4   -11.2
333.691    24.3   -17.0    -3.1
335.352    25.6   -13.1    -1.1
337.012    -9.6    13.8    -1.8
338.672   -35.2    -9.6   -28.5
340.332   -47.7   -29.0   -34.5
341.992    -9.0   -17.9    -0.6
343.652    11.7   -14.4    -4.9
345.312    31.6    -1.2    -0.2
346.973    26.6    14.2    13.7
348.633   -29.2    -1.9   -21.3
350.293   -32.8   -35.4   -17.7
351.953   -34.6   -34.2   -20.0
353.613    20.3   -11.4    -1.6
355.273    27.0    -4.5    -2.9
356.934    10.5    19.2    11.2
358.594   -31.9    -1.1   -18.9
360.254   -41.4   -36.0   -26.1
361.914    -8.2   -28.1    -9.8
363.574    16.8    -9.8    -3.1
365.234    22.1     8.5     4.5
366.895    -2.5    17.0     3.0
368.555   -11.1    12.4   -10.0
370.215   -23.1   -13.6   -20.2
371.875   -26.6   -31.5   -10.9
373.535     1.7   -17.9   -13.1
375.195    10.8     5.0     3.6
376.855     1.6    25.3     5.7
378.516    -0.3     9.6   -13.5
380.176   -19.2   -23.6   -13.6
381.836   -26.4   -24.8    -8.2
383.496    -5.1   -21.4   -13.6
385.156     3.1    -6.2    -8.1
386.816    -9.8    17.2     3.0
388.477   -15.3   -11.5   -13.6
390.137    -9.9   -19.1    -9.8
391.797    -6.7   -14.0    -6.2
393.457    -8.0   -13.0   -11.1
395.117    -7.8     0.3   -14.6
396.777    -8.5     7.9    -5.5
398.438    -6.8    -9.3    -3.3
400.098     2.4   -18.2    -9.6
401.758     2.1   -14.3   -10.3
403.418    -9.6    -5.1    -4.9
405.078   -15.9    -4.2   -11.6
406.738    -9.1   -13.1   -20.1
408.398   -12.2   -13.2   -12.4
410.059    -1.1    -1.0     4.4
411.719     7.7    -8.9    -6.7
413.379   -10.6   -12.7   -12.2
415.039   -19.5    -2.0    -0.8
416.699   -16.1    -3.7    -6.6
418.359   -11.8   -21.2   -19.6
420.020     6.9    -8.8     6.2
421.680    13.3     5.7    17.5
423.340    -3.5   -10.3   -23.4
425.000   -22.9   -10.3    -9.5
426.660   -16.2   -10.3    -9.8
428.320    -4.9   -25.5   -24.6
429.980     3.5    -6.4    -0.5
431.641    -7.5    -1.3   -14.3
433.301   -11.2   -14.1   -24.3
434.961   -21.6   -25.0   -12.1
436.621   -11.9    -9.5    -7.8
438.281    -6.9   -14.7   -13.7
439.941     3.5    -0.6    -1.7
441.602     1.0     5.5     3.1
443.262   -11.6     1.0   -10.9
444.922   -16.9   -24.3   -12.0
446.582    -7.5   -22.9   -16.4
448.242    -3.7   -21.2   -14.3
449.902     1.8     7.9     5.6
451.562   -21.5    -1.8   -17.2
453.223   -19.8    -3.2   -16.9
454.883   -12.5   -15.3    -3.6
456.543    17.8   -11.8     8.0
458.203    16.0     5.5    10.6
459.863    -6.5    10.9     0.7
461.523   -15.5     3.1   -17.2
463.184   -13.5   -15.4   -17.7
464.844    -8.2   -19.8    -3.0
466.504     7.0   -22.6     0.0
468.164    -6.4     8.0    -5.2
469.824   -17.4    14.9     0.1
471.484   -21.6    21.0    -0.3
473.145    -7.9   -28.2   -24.9
474.805    -3.1   -21.6     0.1
476.465    11.6    -7.2     7.2
478.125     9.6    -7.6    -4.3
479.785   -11.6     0.2   -18.9
481.445   -30.4     2.8   -11.0
483.105     1.9   -25.3   -14.0
484.766    21.6   -18.3    -1.0
486.426    17.4    -4.4     3.9
488.086    -3.1     6.9    -3.6
489.746   -33.6     3.0   -15.8
491.406   -34.3   -12.8   -18.9
493.066    -8.8   -15.7   -11.4
494.727    18.5   -17.2    -2.2
496.387    17.4    -4.8     0.1
498.047    -6.3     4.9    -6.5
499.707   -35.7     0.9   -17.3
501.367   -35.0   -16.9   -21.0
503.027     7.9   -20.3    -2.6
504.688    23.6    -4.5     2.6
506.348     4.0    -2.9    -9.9
508.008   -10.6     1.6   -11.3
509.668   -29.4     3.5    -8.6
511.328   -21.3   -15.6   -15.6
512.988    16.4   -17.5    -2.0
514.648    10.8   -14.9     0.0
516.309    -3.4     1.1   -13.2
517.969   -30.3     5.8   -11.2
519.629   -33.1     6.9   -10.0
521.289    -5.2   -17.8   -11.0
522.949    24.8   -23.5    -1.7
524.609    23.6   -11.6     1.6
526.270    -5.0    -0.8    -3.6
527.930   -37.6    -4.5   -14.7
529.590   -17.6    -2.9    -7.5
531.250    14.2    -8.6    -6.6
532.910    29.0   -12.4     8.3
534.570    20.4    -9.4     7.8
536.230   -48.4    -4.5   -21.2
537.891   -48.2    -0.7   -10.4
539.551   -27.9    -0.1    -5.1
541.211    42.6    -9.2     6.2
542.871    32.7    -3.5    14.9
544.531   -39.8   -21.6   -34.8
546.191   -57.8   -23.4   -33.5
547.852   -43.7     0.7    -6.2
549.512    18.5     2.8    -1.0
551.172    52.6    -3.0     7.5
552.832    51.0    -1.5    16.0
554.492    -0.9    -5.2    -0.6
556.152   -72.1   -32.8   -41.8
557.812   -63.3   -15.6   -24.1
559.473     7.0     6.8     4.6
561.133    61.4     4.9    18.5
562.793     7.9   -11.7    -7.0
564.453   -12.7   -15.3   -15.6
566.113   -78.3   -33.7   -40.3
567.773   -63.5   -22.2   -28.8
569.434    35.9     6.8    12.9
571.094    51.9    16.6    21.5
572.754    32.0     3.4     2.6
574.414   -34.5   -23.7   -29.1
576.074   -77.1   -34.3   -27.0
577.734   -57.8   -25.0   -18.7
579.395    30.9     7.2     0.9
581.055    54.7    16.7    10.7
582.715    50.1    19.3    25.8
584.375   -36.5   -33.0   -40.1
586.035   -59.4   -27.2   -21.8
587.695   -26.4     0.8    -4.0
589.355    28.1    -3.8   -14.9
591.016    39.0    10.2    12.8
592.676    22.1    19.5    29.0
594.336     8.2     6.8     2.2
595.996   -51.8   -32.2   -26.2
597.656   -46.6    -3.3    -0.8
599.316     3.5     0.6   -14.9
600.977    24.9     3.0     5.0
602.637    14.7     7.9     8.0
604.297   -15.0   -19.5   -12.9
605.957   -27.5   -21.1   -14.5
607.617   -31.5   -12.0   -17.0
609.277   -15.4    -9.8   -19.9
610.938    14.3    -0.8     6.8
612.598    11.3    -3.1     0.1
614.258     7.8    -5.6    -5.3
615.918   -16.4    -4.2    -3.9
617.578   -26.7   -23.5   -28.2
619.238   -28.8   -20.0   -25.2
620.898   -22.5    -6.3    -4.5
622.559    11.7    -3.4    -0.6
624.219    25.2    -8.5    -2.2
625.879     4.6    10.8     7.6
627.539   -17.1    -2.7    -7.2
629.199   -35.6   -31.5   -44.5
630.859   -30.6   -20.4   -16.0
632.520     0.2    -2.1     7.0
634.180    28.2     6.3     5.5
635.840    16.7     9.4    -0.6
637.500     0.4     4.5    -3.0
639.160   -37.9   -27.6   -32.5
640.820   -33.6   -29.8   -32.3
642.480     1.7     0.8    10.8
644.141    27.5    10.6    -1.4
645.801    27.5    10.5    -1.5
647.461    -8.9    -5.6   -15.3
649.121   -28.4   -22.7   -11.9
650.781   -14.8   -21.4   -19.7
652.441    -3.1    -3.6    -2.2
654.102    15.9    14.8    12.7
655.762    17.4     4.5     2.1
657.422    -6.9   -18.7   -21.4
659.082   -24.8   -19.6   -17.7
660.742   -15.8    -4.8    -8.6
662.402    -0.8   -11.3   -12.7
664.062     9.8     2.3    10.3
665.723    -1.2     6.1     8.3
667.383   -11.9   -10.5   -25.0
669.043   -13.3   -12.3    -5.4
670.703    -5.2     6.6     5.5
672.363     4.5    -3.4   -12.5
674.023     6.4    -9.7   -10.4
675.684   -15.8    -8.7     0.9
677.344   -23.9   -20.0   -27.1
679.004   -14.2   -21.8   -23.6
680.664     6.3     7.7    12.8
682.324     7.8     1.0    -5.4
683.984     2.1   -13.8   -16.9
685.645   -20.9   -17.6   -12.4
687.305   -14.7   -14.6    -7.7
688.965   -16.5   -17.9    -9.2
690.625    18.1    10.7    -0.9
692.285    13.2     0.6    -9.0
693.945     5.7   -11.1    -9.4
695.605   -33.5   -28.2   -16.3
697.266   -22.7   -14.0   -14.1
698.926   -14.6    -8.5    -6.6
700.586    26.4    21.2    14.7
702.246    30.7     9.4    -3.9
703.906   -10.9   -16.5    -7.7
705.566   -27.3   -23.6    -7.8
707.227   -35.8   -23.2   -20.3
708.887   -21.3   -13.5   -16.2
710.547     4.2    13.0     8.2
712.207    20.7    -4.1    -8.5
713.867    11.6   -10.7    -6.0
715.527   -25.9   -16.4    -5.0
717.188   -28.9   -27.6   -19.6
718.848   -14.0    -6.4   -12.0
720.508    -4.5    16.8     3.5
722.168     8.4    -8.0    -8.8
723.828    15.5   -11.3    -8.6
725.488     3.2    -5.0    -5.1
727.148   -38.0   -11.3   -22.1
728.809   -40.9   -13.6   -23.3
730.469     5.4     0.3    -2.2
732.129    27.1    -6.7    -3.8
733.789    13.3    -8.7     2.7
735.449    -5.7    -2.9     3.5
737.109   -19.9    -3.8   -12.7
738.770   -37.5   -10.2   -24.2
740.430   -28.7   -18.4   -23.0
742.090     1.2   -10.8     3.6
743.750    17.5     3.2    12.4
745.410     9.3     2.0   -17.3
747.070   -15.0    -7.0   -25.2
748.730   -35.7   -11.5    -7.2
750.391   -25.9   -26.4   -16.9
752.051    11.7    -5.7   -11.2
753.711    30.1    20.9    19.9
755.371    26.7    21.2    21.9
757.031   -18.6   -11.8   -18.2
758.691   -42.1   -18.7   -24.1
760.352   -40.2   -24.5   -26.5
762.012    18.4    -6.2    15.5
763.672    26.7    26.3    25.1
765.332    19.7    23.4     0.6
766.992   -16.6   -13.4   -28.8
768.652   -47.3   -35.7   -26.4
770.312   -34.6   -27.7   -21.0
771.973     1.3    -8.0    -2.6
773.633    16.7    19.5     2.4
775.293    19.7    13.8    -6.3
776.953     4.2    -0.4    -6.1
778.613   -27.9   -24.4   -15.9
780.273   -34.5   -38.4   -33.2
781.934   -12.3   -16.1    -7.3
783.594    18.0    19.5    -2.5
785.254    16.0    11.0    -8.6
786.914   -16.2    -9.7    -3.7
788.574   -23.4   -27.1   -13.9
790.234   -15.1   -40.5   -25.1
791.895    -9.3   -20.3    -9.4
793.555   -13.7    23.0     1.7
795.215     2.6     3.5    -5.9
796.875     4.8   -18.0    -3.2
798.535    -4.2   -25.4   -12.3
800.195    -5.8   -23.9   -18.2
801.855   -13.6    -5.5   -10.5
803.516   -14.8    17.1    -4.2
805.176   -13.7     6.4    -7.3
806.836     6.5    -8.3    -4.8
808.496    13.9   -25.4   -14.5
810.156    -4.9   -15.3    -2.5
811.816   -13.4    -0.4    -4.4
813.477   -20.5     4.0   -17.9
815.137   -20.3     1.2     0.5
816.797    -2.9    -1.9     7.9
818.457    27.2   -26.6    -9.3
820.117    15.3   -30.2   -14.9
821.777   -37.1     5.4     1.2
823.438   -36.7     9.3   -10.2
825.098   -35.1    -5.5   -32.4
826.758    18.8     0.5    19.5
828.418    28.5   -16.2    -4.4
830.078    29.0   -21.0    -9.3
831.738   -24.0    -1.5     2.0
833.398   -52.8     7.6   -19.8
835.059   -31.0    -8.9   -28.4
836.719     0.4    -2.3     1.1
838.379    33.6    -0.2    18.4
840.039    37.0    -9.1     8.0
841.699   -28.9    -0.3    -1.0
843.359   -36.4     0.9    -2.5
845.020   -50.4     1.8   -32.9
846.680     2.7    -6.1     1.8
848.340    30.3    -2.8    15.7
850.000    36.5   -21.1     3.5
851.660    -6.2   -13.9   -10.5
853.320   -16.8    -9.0   -12.1
854.980   -53.4     3.5   -29.0
856.641   -30.9    -1.8   -12.2
858.301    29.2    -2.5     6.0
859.961    39.8   -17.0     4.2
861.621    24.4   -18.3     4.6
863.281   -31.1    -8.0   -18.0
864.941   -48.1     1.8   -29.7
866.602   -43.4    11.2   -18.9
868.262    13.6   -10.9    -1.7
869.922    43.8   -28.5     3.8
871.582   -19.3     0.9     2.2
873.242   -40.9    -1.3   -21.5
874.902   -42.7    -4.2   -29.7
876.562   -28.2     2.8   -18.4
878.223    -2.8    -4.3     4.3
879.883    30.5   -29.2    -2.0
881.543    18.9   -14.1    -1.1
883.203    -2.3    -1.3     1.6
884.863   -46.8     6.5   -25.6
886.523   -34.2    -4.4   -31.1
888.184     3.1   -12.9     2.8
889.844    31.0   -21.1    14.4
891.504    38.3   -22.5     5.8
893.164   -22.5     7.2   -12.8
894.824   -32.6    10.0   -11.6
896.484   -31.2     4.3   -20.8
898.145    -5.5   -22.6   -17.6
899.805    29.2   -20.8     8.0
901.465    23.5   -14.5    18.7
903.125    -8.2    -1.5   -16.6
904.785   -33.3     6.5   -19.0
906.445   -38.5     7.0   -17.4
908.105   -17.6   -26.5   -20.2
909.766    22.3   -26.9     3.4
911.426    32.8    -0.9    26.2
913.086     7.3     5.4    -2.3
914.746   -29.0    -8.1   -34.4
916.406   -34.5     2.0    -9.1
918.066     5.2   -16.0   -12.2
919.727    13.3   -26.7   -12.2
921.387    20.7   -12.7     8.8
923.047   -10.5     4.2    -9.6
924.707   -33.0   -11.7   -28.0
926.367   -35.0   -12.6   -29.0
928.027   -11.8    -8.0    -7.3
929.688    21.0   -14.0     0.6
931.348    15.1   -14.5     2.5
933.008     4.6    -0.4     5.9
934.668   -25.3    -6.3   -26.0
936.328   -33.8   -13.5   -26.1
937.988   -12.5   -12.5    -7.2
939.648    19.6    -5.4     5.2
941.309     9.1     0.9     1.0
942.969    -7.5    -4.5   -11.2
944.629   -29.7   -10.1   -23.0
946.289   -27.6   -12.3   -13.1
947.949    -8.8   -13.7   -11.4
949.609    12.5   -13.9    -8.9
951.270    14.0     4.8     9.0
952.930   -11.6    -6.9   -16.5
954.590   -12.5    -6.5   -18.7
956.250   -27.6   -13.1   -18.1
957.910   -11.0    -9.0    -3.6
959.570     8.8   -11.3    -9.1
961.230     1.6     0.9     4.9
962.891    -4.6     5.8     7.5
964.551    -6.8   -11.8   -16.1
966.211   -10.7   -17.7   -15.3
967.871   -14.6   -12.6    -6.8
969.531    -2.9   -13.5    -4.5
971.191     0.2   -12.5    -5.9
972.852    -2.4     3.4    -5.2
974.512    -6.3    -2.4    -8.4
976.172    -9.1    -9.7    -8.9
977.832    -6.5   -20.4   -11.9
979.492   -11.1   -10.9    -9.1
981.152    -9.6    -4.6    -5.9
982.812    -5.6    -4.6    -6.8
984.473     3.1     4.3     0.1
986.133     2.9    -1.3     0.0
987.793    -4.9   -20.8   -18.4
989.453   -23.3   -27.5   -20.5
991.113   -20.2    -5.6     1.6
992.773     3.8     4.5    -9.9
994.434     8.2     3.6   -11.9
996.094     6.9     9.8    10.8
997.754   -10.5   -12.6   -12.1
999.414   -19.0   -44.5   -31.2
1001.074   -16.9   -18.2    -3.0
1002.734   -13.0    10.0     4.4
1004.395     7.5    13.1   -16.2
1006.055     7.8     4.3    -8.1
1007.715     2.6    -1.0     5.0
1009.375   -15.7   -37.3   -23.8
1011.035   -22.8   -15.7    -7.1
1012.695   -13.3    11.2    -2.2
1014.355     2.2    22.3     0.4
1016.016     9.7    19.4     2.4
1017.676    -5.4   -12.8   -13.6
1019.336   -12.8   -34.8   -12.6
1020.996   -13.7   -25.2    -2.1
1022.656    -8.9     4.1   -11.1
1024.316    -5.5    12.4     0.3
1025.977    -4.5     7.5     2.1
1027.637    -8.3   -36.6   -29.2
1029.297    -9.9   -38.9   -30.9
1030.957     0.6     1.1     8.2
1032.617     4.1     9.6    -3.8
1034.277   -17.7     5.3   -17.3
1035.938   -29.5     3.4    -8.7
1037.598    -9.5   -25.9    -9.4
1039.258     3.0   -29.3   -11.7
1040.918    -0.6    16.5     4.9
1042.578     3.1    26.0     8.7
1044.238   -21.7    -2.6   -21.7
1045.898   -27.4   -21.7   -27.9
1047.559   -31.5   -32.2   -18.5
1049.219     1.1   -26.9    -4.3
1050.879    17.4    -0.3    -0.6
1052.539    -6.9    27.8     8.7
1054.199   -23.6   -12.4   -25.3
1055.859   -31.6   -33.8   -40.2
1057.520   -29.4   -52.4   -31.6
1059.180     4.1   -12.2    12.2
1060.840    30.0    19.1    -0.1
1062.500     9.1    22.9    -2.7
1064.160   -25.6     9.1    -1.6
1065.820   -31.4   -38.0   -35.4
1067.480   -20.2   -53.2   -28.1
1069.141    13.8     4.8    21.6
1070.801    25.9    27.6    30.2
1072.461    11.5    23.6   -19.7
1074.121   -33.6    -2.7    -7.9
1075.781   -34.9   -30.9   -14.5
1077.441    -7.3   -54.6   -31.2
1079.102     9.3     1.4    11.1
1080.762    12.5    44.5    16.1
1082.422     4.0    27.3   -16.4
1084.082    -7.2     3.5   -29.0
1085.742   -30.5   -28.2   -12.5
1087.402    -7.2   -41.3   -19.7
1089.062    12.0   -28.2    -8.4
1090.723    10.0     5.1     7.7
1092.383   -10.6    18.7   -12.0
1094.043   -19.9   -11.8   -14.4
1095.703   -19.3   -16.7   -10.7
1097.363   -11.1   -29.7   -14.0
1099.023    11.8   -17.1     3.6
1100.684     7.0   -11.4     2.9
1102.344   -27.3     8.7   -11.5
1104.004   -28.2     5.5   -13.7
1105.664     2.6   -12.6    -3.3
1107.324    11.3   -32.0   -12.8
1108.984     5.7    -9.8     4.8
1110.645    -7.5     1.5    -2.4
1112.305   -25.9     3.9   -21.0
1113.965   -35.3     3.9   -19.8
1115.625    12.5   -13.7    -1.9
1117.285    25.5   -17.1     0.0
1118.945    21.6   -18.3    -4.1
1120.605    -7.4   -11.4    -2.2
1122.266   -23.9    -3.7    -6.7
1123.926   -32.9    -0.9   -27.7
1125.586   -25.3     0.8   -22.0
1127.246    19.9    -4.0    13.9
1128.906    30.1   -11.0     6.0
1130.566    24.6   -20.5    -9.9
1132.227   -35.1   -12.0   -17.8
1133.887   -38.9    -7.1   -17.1
1135.547   -34.1     1.3   -19.8
1137.207     1.1     4.4     3.5
1138.867    41.3    -8.5    10.9
1140.527    24.1   -18.9    -6.9
1142.188   -15.7   -18.2   -13.4
1143.848   -25.9     4.8    -0.8
1145.508   -24.1    10.7    -5.8
1147.168   -13.5     1.8   -17.2
1148.828    -3.9     3.2    -4.9
1150.488    26.0   -17.4    10.1
1152.148    11.5   -23.4    -5.9
1153.809   -25.9   -10.0   -20.9
1155.469   -37.9     7.6   -18.0
1157.129   -28.9     2.6   -16.0
1158.789     6.7    -5.8     0.8
1160.449    28.0   -17.0     7.4
1162.109    24.3   -17.5     1.7
1163.770     7.0   -16.6    -5.3
1165.430   -39.5     5.5   -16.0
1167.090   -48.5     7.6   -14.6
1168.750    -9.3   -10.4   -13.8
1170.410     5.5   -17.5   -10.1
1172.070    20.0   -11.4     8.6
1173.730    10.5    -5.7     5.4
1175.391   -13.1     0.6   -10.3
1177.051   -38.1     3.2   -21.0
1178.711   -36.5    -1.4   -22.7
1180.371   -18.8   -14.6   -21.2
1182.031    22.5   -14.2    10.9
1183.691    15.6    -4.1    -4.6
1185.352     0.3     4.4   -11.9
1187.012   -26.3     9.8   -11.4
1188.672   -36.3    -9.8   -26.4
1190.332    -6.4   -29.6    -9.9
1191.992    10.2   -21.3     7.4
1193.652    22.5     6.1     3.5
1195.312    -0.6     9.2    -8.1
1196.973   -25.9     6.6    -7.1
1198.633   -30.9   -14.1   -25.0
1200.293   -14.8   -29.3   -20.1
1201.953     8.2   -20.3     5.6
1203.613    14.7     4.7     2.4
1205.273    12.5     7.4    -1.6
1206.934   -18.2    10.7    -9.0
1208.594   -27.4   -17.3   -23.2
1210.254   -22.5   -25.3   -23.0
1211.914    -3.7   -17.4     0.5
1213.574    11.7    -6.3     2.8
1215.234    12.7     2.4     3.3
1216.895   -17.3     8.4   -11.7
1218.555   -23.4    -9.0   -20.7
1220.215   -15.1   -25.3   -14.0
1221.875   -12.0   -23.6    -8.0
1223.535     3.6    -1.6    -7.8
1225.195   -11.0     2.3    -3.4
1226.855   -14.6    10.7    -5.9
1228.516    -5.2   -11.2   -11.6
1230.176    -7.8   -24.1   -13.4
1231.836    -1.2   -15.5    -5.9
1233.496    -1.0     0.6    -4.2
1235.156   -14.3    -4.2   -15.4
1236.816   -25.4    -2.0    -5.0
1238.477    12.5   -11.5    -7.2
1240.137    10.7   -24.5   -19.2
1241.797    10.7   -23.8   -18.0
1243.457    -2.5    -3.5     1.0
1245.117   -25.0    -0.1   -14.8
1246.777   -32.7    -8.5   -22.3
1248.438    -6.4    -5.2     7.3
1250.098    10.9    -8.9    -3.5
1251.758    11.4    -7.8     0.9
1253.418    -1.1     1.8     7.3
1255.078   -25.7     7.0    -6.9
1256.738   -31.0   -14.2   -33.1
1258.398   -18.1    -7.0    -0.5
1260.059    11.2    -7.1     1.9
1261.719    31.7   -10.7     2.5
1263.379     1.6     5.1     0.3
1265.039   -53.4    -7.7   -35.5
1266.699   -54.4   -10.3   -35.0
1268.359   -30.5   -15.8    -3.1
1270.020    23.5   -10.1     6.1
1271.680    40.7    -7.2     2.9
1273.340    -2.5    10.3    -5.6
1275.000   -43.1   -10.2   -27.8
1276.660   -53.4   -21.9   -23.8
1278.320    -7.1   -15.9    -5.8
1279.980    40.7   -11.6    -1.1
1281.641    39.7     0.5    10.7
1283.301    23.9     9.1    12.6
1284.961   -25.5     0.3   -17.7
1286.621   -51.2   -20.5   -34.5
1288.281    -1.1   -21.0    -0.1
1289.941    25.2   -19.0     9.4
1291.602    25.6     3.5     3.7
1293.262    28.9     4.0     4.0
1294.922   -33.4     4.9   -13.6
1296.582   -39.6     0.5   -15.6
1298.242   -42.5   -21.7   -28.7
1299.902     0.9   -23.3     1.9
1301.562    33.1    -7.3    18.8
1303.223    25.3     5.2    -7.7
1304.883   -15.3     8.4   -15.7
1306.543   -41.8     7.7   -10.1
1308.203   -13.6   -26.3   -21.5
1309.863     8.1   -28.3    -8.4
1311.523    18.1    -7.4    17.8
1313.184    11.4     5.9    -3.0
1314.844   -21.1    -1.5   -24.8
1316.504   -33.4     1.6   -14.9
1318.164   -13.3   -12.8    -6.7
1319.824     8.0   -32.6   -19.6
1321.484     9.6    -9.4     7.5
1323.145     9.3     3.0    10.4
1324.805   -18.1     2.6   -14.8
1326.465   -22.5    -6.1   -21.3
1328.125    -6.4     3.2    10.6
1329.785    17.7   -26.9   -15.9
1331.445     3.1   -23.5    -8.4
1333.105   -25.2     6.2    -2.2
1334.766   -25.2     0.6   -23.6
1336.426   -13.6    -8.2   -25.8
1338.086     7.1     0.0    12.8
1339.746    10.9    -1.8     7.7
1341.406    -0.7   -24.3   -20.8
1343.066   -16.8   -22.5   -14.9
1344.727   -23.1    -0.1   -15.6
1346.387   -22.5    -0.9   -13.4
1348.047    -2.0    -1.8    -8.1
1349.707    15.2    -0.4     4.7
1351.367     3.7   -11.8    -9.0
1353.027   -16.3   -20.9   -22.8
1354.688   -33.8    -3.1   -14.7
1356.348   -20.4     6.1    -9.6
1358.008    -0.8     6.8     3.0
1359.668    18.3     4.0     9.6
1361.328    11.0   -12.7    -6.8
1362.988   -13.4   -12.9    -8.7
1364.648   -23.1   -19.4   -10.3
1366.309   -14.1    -3.9   -20.7
1367.969    -2.9     7.3    -1.0
1369.629     6.5    10.7    13.8
1371.289     8.0   -16.0   -11.6
1372.949   -15.2   -21.8   -18.1
1374.609   -24.1   -14.8   -13.9
1376.270   -23.4   -11.1   -12.1
1377.930     1.0    -6.6    -1.0
1379.590     2.0     6.0    -0.6
1381.250     4.0    -9.6   -10.6
1382.910     1.6   -16.9   -12.2
1384.570   -18.7   -14.6    -6.4
1386.230   -16.3    -9.4    -7.1
1387.891    -6.8     4.3   -11.1
1389.551    -6.1     5.8    -0.1
1391.211    -0.1   -11.1     0.0
1392.871    -0.6   -29.7   -15.2
1394.531    -6.5   -27.6   -15.8
1396.191    -5.3     6.8    -0.3
1397.852    -7.3    15.4    -2.2
1399.512   -14.2    11.9    -8.0
1401.172   -12.1   -21.8    -7.1
1402.832    -1.6   -27.5    -5.5
1404.492     7.7   -24.3   -10.2
1406.152    -2.7     7.9    -3.0
1407.812    -0.9     8.3    -3.9
1409.473   -26.0    14.3    -9.2
1411.133   -12.2   -25.7   -19.1
1412.793     0.9   -32.9    -5.5
1414.453    11.1   -25.7    -0.2
1416.113    11.3    -1.4     1.7
1417.773   -11.8    14.9   -13.0
1419.434   -26.9    14.4   -11.4
1421.094   -28.2    -1.2   -10.8
1422.754    -8.0   -40.3   -22.3
1424.414    15.3   -23.7     7.2
1426.074     9.6     4.9     1.6
1427.734     5.0     8.0    -9.9
1429.395   -27.6    10.9   -19.1
1431.055   -25.7     3.3   -11.4
1432.715   -20.8   -17.0   -18.0
1434.375    13.7   -39.6     0.1
1436.035    11.5    -4.2     0.3
1437.695    -7.2    17.5    -7.6
1439.355   -37.4     8.8   -14.8
1441.016   -32.7     3.5   -13.5
1442.676    -1.7   -23.3   -16.1
1444.336    14.8   -27.2    -0.1
1445.996    15.1   -21.0     2.9
1447.656     9.7   -14.8    -4.4
1449.316   -21.9     6.0   -13.9
1450.977   -32.4     8.0   -14.4
1452.637    16.9   -22.1    -6.7
1454.297    21.2   -23.8     1.1
1455.957    18.4   -17.1     9.1
1457.617    -5.4    -8.8    -9.8
1459.277   -41.4    -2.8   -19.6
1460.938   -42.3     7.0   -19.2
1462.598   -22.8    -2.6   -13.6
1464.258    25.8   -13.2     4.9
1465.918    30.2   -11.7     8.0
1467.578    -6.1   -14.7    -9.0
1469.238   -39.0    -5.0   -20.6
1470.898   -46.1    -3.6   -26.4
1472.559   -21.6     2.0   -14.9
1474.219    17.3    -6.8     6.4
1475.879    27.6    -7.7     7.8
1477.539     5.8   -17.2   -10.0
1479.199   -43.5   -12.0   -12.6
1480.859   -44.8    -7.2   -16.8
1482.520   -25.2    -7.9   -19.0
1484.180     9.8    -0.6     0.3
1485.840    24.1     1.5    11.9
1487.500    22.5    -7.0     4.9
1489.160   -25.2   -27.3   -27.3
1490.820   -50.6    -7.0    -8.6
1492.480   -29.7     3.2    -3.0
1494.141    18.5    -7.9   -15.2
1495.801    30.9    -6.5     1.1
1497.461    29.9    -0.8    17.2
1499.121     0.2    -5.6    -1.7
1500.781   -38.2   -27.3   -33.8
1502.441   -37.2    -6.7    -8.2
1504.102   -27.0    11.3     5.2
1505.762    26.3   -15.4    -9.1
1507.422    22.7   -11.9    12.7
1509.082     3.9    -2.2    15.3
1510.742   -32.8   -22.8   -41.9
1512.402   -29.6   -16.4   -28.9
1514.062   -30.9    -5.0    -7.0
1515.723     8.0    18.3     7.6
1517.383    10.6   -15.0    -5.0
1519.043    -7.9    -8.4    -3.9
1520.703   -20.8   -11.6   -18.7
1522.363   -36.0   -12.0   -14.3
1524.023     1.0     4.8    -3.3
1525.684    16.1     7.6     1.0
1527.344    20.5    -6.6     1.4
1529.004    -8.7   -15.3    -8.6
1530.664   -25.5   -22.1   -26.0
1532.324   -46.3   -10.5   -16.2
1533.984   -38.0    -4.9   -12.7
1535.645    11.4     3.6    -0.9
1537.305    23.0    -3.5     1.2
1538.965     0.9   -10.9    -1.4
1540.625   -26.0   -28.4   -20.1
1542.285   -33.4   -29.1   -26.4
1543.945   -27.7     7.0    -4.3
1545.605   -11.7    10.3     0.2
1547.266    22.4     0.2     8.6
1548.926    25.7   -10.7    -5.3
1550.586     9.5   -13.7    -6.0
1552.246   -39.9   -17.4   -18.7
1553.906   -38.3    -7.3   -24.5
1555.566   -22.3    -4.1   -12.0
1557.227     9.4     3.0     9.3
1558.887    32.8    -7.4    -3.8
1560.547    20.6   -10.4    -5.2
1562.207   -16.7   -11.9    -1.4
1563.867   -33.6   -10.7   -18.5
1565.527   -27.7   -12.6   -25.7
1567.188    11.3     3.7    17.6
1568.848    30.0    -4.7     4.4
1570.508    31.6   -10.2    -5.3
1572.168    -9.0   -12.9   -20.0
1573.828   -36.7    -4.5    -9.1
1575.488   -41.0    -5.6   -17.3
1577.148    -5.6   -15.1   -13.0
1578.809    14.3     1.8    15.6
1580.469    16.9     5.6    17.5
1582.129    19.2    -9.2   -12.7
1583.789   -14.9    -8.4   -14.8
1585.449   -34.6    -6.2    -5.5
1587.109   -36.5   -23.2   -24.6
1588.770     2.6   -15.6    -2.7
1590.430    19.4     3.3    14.2
1592.090    28.9    12.5     4.0
1593.750    15.5     2.2   -15.6
1595.410   -38.9   -11.5   -13.2
1597.070   -35.1   -23.3   -23.6
1598.730   -37.0   -24.7   -25.0
1600.391   -21.7   -25.5   -24.4
1602.051    26.6    13.9    14.9
1603.711    27.6    15.5    11.4
1605.371    12.2    -1.7    -3.1
1607.031   -22.8   -13.1   -14.2
1608.691   -45.9   -24.6   -28.4
1610.352   -24.4   -19.6   -15.3
1612.012    11.2     1.8    10.2
1613.672    28.8    15.8     9.4
1615.332    27.3    14.3     0.3
1616.992     7.8    -3.7    -4.9
1618.652   -47.4   -31.7   -28.5
1620.312   -43.8   -33.0   -28.5
1621.973   -19.3    -7.9    -5.9
1623.633    15.5     9.2     7.8
1625.293    31.2     9.5     2.4
1626.953    12.2    -2.0     5.0
1628.613   -16.7   -12.1    -6.0
1630.273   -32.6   -34.4   -29.5
1631.934   -39.5   -25.9   -31.6
1633.594   -27.1     2.9    -5.5
1635.254    28.3     5.0     2.6
1636.914    30.6     2.1     0.7
1638.574    18.0    -7.3    -0.3
1640.234   -22.5   -17.1   -15.2
1641.895   -40.2   -24.1   -25.1
1643.555   -40.2   -17.8   -24.0
1645.215   -19.7     4.3    -3.8
1646.875    18.4     1.6     7.5
1648.535     5.5   -12.1    -4.2
1650.195    -2.8   -10.9    -9.4
1651.855   -41.3    -9.1   -16.9
1653.516   -41.7   -10.6   -21.7
1655.176   -23.8   -11.7   -15.7
1656.836    12.0    -8.3    -2.8
1658.496    20.9    -3.4     5.1
1660.156    19.8    -1.3     6.5
1661.816   -21.6    -5.6   -12.7
1663.477   -33.2    -3.7   -19.9
1665.137   -37.3   -10.4   -22.6
1666.797   -10.4   -23.4   -15.1
1668.457     4.7   -15.7    -3.4
1670.117    19.4     6.5    14.7
1671.777   -14.8    -4.0   -20.8
1673.438   -32.9   -10.0   -13.3
1675.098   -26.4    -9.9    -6.3
1676.758    -7.3   -23.0   -19.1
1678.418     8.7   -27.4   -12.0
1680.078    13.5    15.7    17.6
1681.738    -2.7    15.0    -3.6
1683.398   -23.3    -9.0   -23.6
1685.059   -30.3   -11.8   -13.6
1686.719   -16.6   -21.0   -10.9
1688.379     7.9   -30.6   -16.1
1690.039    11.4    -9.0     7.7
1691.699     4.6    13.2     9.8
1693.359   -15.3    -0.6   -12.6
1695.020   -17.6   -18.7   -13.6
1696.680    -6.8   -18.2   -12.9
1698.340     4.0   -25.6   -13.7

Event #20  ts=2026-09-25 13:03:04.334  [SELECTED]
  t[ns]  u1[mV]  u2[mV]  u3[mV]
  0.000    40.8    10.9    17.8
  1.660     3.1   -10.4    -5.9
  3.320    -1.9   -20.9   -19.0
  4.980   -19.1    -2.0    -9.8
  6.641   -18.3    12.8     3.4
  8.301    -9.3     7.6    -4.0
  9.961     7.1   -14.1     1.4
 11.621     3.7    -9.2    10.5
 13.281    -5.9   -15.8   -13.8
 14.941   -17.6   -20.3   -29.5
 16.602   -31.0    -1.6     0.6
 18.262    -2.5    -8.2   -19.2
 19.922     2.4   -11.4   -26.6
 21.582    12.4   -16.1    11.5
 23.242    -2.8    -6.7    -1.8
 24.902   -20.5   -16.5   -34.3
 26.562   -36.9    -0.1    -7.0
 28.223   -27.4     4.4    -1.4
 29.883     0.0   -18.1   -21.9
 31.543    25.9   -14.2    -3.8
 33.203    23.0     3.2    19.4
 34.863   -33.6   -20.1   -29.3
 36.523   -48.1   -32.2   -40.5
 38.184   -48.9    -4.6   -15.0
 39.844    -2.3    -4.5    -0.9
 41.504    25.8   -16.5    -6.0
 43.164    41.1    -0.5     6.4
 44.824     5.8     3.6   -10.4
 46.484   -32.1   -20.2   -23.3
 48.145   -37.3   -13.5   -22.7
 49.805   -15.4     0.3   -12.0
 51.465    29.5    -4.4     4.5
 53.125    45.5    10.0    28.6
 54.785    21.1    -4.8    -3.7
 56.445   -22.6   -16.2   -25.4
 58.105   -65.8   -25.3   -20.4
 59.766   -44.3   -12.5   -11.0
 61.426     5.8    -7.8   -17.9
 63.086    22.4    -2.2    -0.4
 64.746    35.1    22.2    18.8
 66.406   -14.4   -26.1   -33.0
 68.066   -37.6   -38.8   -40.6
 69.727   -50.7   -13.9   -19.1
 71.387   -13.7   -12.9   -17.9
 73.047    34.0    14.0    21.2
 74.707    43.5    28.3    24.4
 76.367    18.8     1.3     0.8
 78.027   -15.4   -29.0   -20.5
 79.688   -51.6   -28.3   -22.4
 81.348   -38.2   -12.3   -14.2
 83.008    -2.3     2.8    -0.1
 84.668    26.3    10.5     4.2
 86.328    33.2     8.9    -1.9
 87.988    10.5    -5.9     0.9
 89.648   -35.0   -24.6   -16.3
 91.309   -39.6   -28.0   -31.2
 92.969   -19.8     3.3     1.0
 94.629    13.2    19.3     6.5
 96.289    32.3     5.5     4.7
 97.949    28.7   -10.3    -7.1
 99.609    -8.0    -8.2    -3.9
101.270   -40.6   -20.9   -23.9
102.930   -42.1   -25.9   -33.8
104.590    -9.9     7.5     9.1
106.250    19.5     0.2     1.3
107.910    29.5    -1.7    -2.5
109.570    -1.0    -7.6    -0.7
111.230   -23.0    -6.2    -7.0
112.891   -51.3   -19.3   -26.9
114.551   -24.0    -8.3   -11.9
116.211   -21.1    -6.6    -5.0
117.871    22.4    -2.3    -1.1
119.531    46.3    -1.6    13.4
121.191    -4.1    -4.8    -7.1
122.852   -40.3    -8.3   -25.6
124.512   -41.3   -11.9   -14.6
126.172   -19.8   -14.6   -11.0
127.832     1.0   -17.6    -8.2
129.492    39.9    -7.2     9.1
131.152    46.7     8.9    23.7
132.812   -17.1     1.4   -25.5
134.473   -58.7   -13.9   -21.3
136.133   -40.1   -18.5    -9.4
137.793    -4.6   -26.2   -23.6
139.453    22.5   -24.0   -20.6
141.113    31.3    23.0    34.7
142.773     5.6    18.6    -2.4
144.434   -46.5   -19.0   -20.7
146.094   -40.0   -23.2   -14.3
147.754   -34.1   -20.4   -14.9
149.414    32.8    -9.6     7.3
151.074    29.8    29.3    31.8
152.734    18.1    29.7    20.0
154.395   -44.9   -19.7   -37.9
156.055   -29.9   -19.6   -10.8
157.715    -8.1   -29.3   -12.4
159.375    39.5    -8.5    11.2
161.035    35.0     6.6    13.5
162.695    -4.0    26.3    -3.2
164.355   -32.9    11.4   -20.8
166.016   -44.2   -27.9   -22.8
167.676   -10.7   -29.8   -14.8
169.336    11.3   -21.9    -4.9
170.996    18.6     6.3    11.2
172.656   -10.8    16.5   -10.1
174.316    -9.6    17.0   -10.3
175.977   -43.5   -10.8   -16.5
177.637     0.0   -35.2   -16.8
179.297    13.8   -37.7   -16.4
180.957    16.0    13.9    18.9
182.617    -7.4    19.7     2.6
184.277   -29.2    -2.5   -34.9
185.938   -43.8   -16.8   -31.8
187.598     1.2   -29.0     0.0
189.258    23.9   -29.6    -9.1
190.918    22.5    -8.0    -5.7
192.578    -4.3    32.0    13.7
194.238   -34.2    10.8   -22.1
195.898   -16.8   -19.2     4.3
197.559     3.3   -10.1    17.4
199.219    32.1   -20.6    -6.2
200.879    33.7   -15.4   -11.1
202.539   -16.2    13.7    -0.5
204.199   -48.9    -1.1   -22.0
205.859   -29.6   -26.9   -23.4
207.520   -14.4   -20.0    -1.8
209.180    28.9    -5.0    12.8
210.840     0.2   -11.4     1.6
212.500  -260.6   -36.4   -19.8
214.160  -299.9   -77.0   -22.8
215.820  -285.1   -94.4   -17.2
217.480  -164.8  -143.6    -5.2
219.141  -108.3  -121.9     1.8
220.801   -99.6   -87.4     8.4
222.461  -104.2   -55.9    -1.2
224.121   -74.9   -68.6   -39.8
225.781   -64.9   -68.9   -15.8
227.441   -51.6   -42.9     7.6
229.102   -27.1   -35.4   -13.0
230.762    -6.2   -23.8    11.0
232.422    -4.7   -20.4     7.2
234.082   -40.4   -37.5   -33.2
235.742   -36.7   -12.5   -14.9
237.402   -29.0     1.5     0.2
239.062     6.3   -23.6    -8.5
240.723     7.1   -27.2   -13.4
242.383   -21.5    -4.9    -4.8
244.043   -18.1    -0.5    -8.8
245.703   -14.4    -9.3   -10.8
247.363   -12.5     1.5    -1.5
249.023    -9.3    -9.5   -14.5
250.684   -15.6   -22.1    -8.2
252.344    -8.1   -15.5    -9.4
254.004    -9.0   -14.0    -9.0
255.664     2.8    -1.4    -5.6
257.324    -6.3     1.7    -0.3
258.984   -25.8   -12.2   -30.3
260.645   -29.2   -27.5   -31.9
262.305     0.5   -19.3    -0.1
263.965    15.6   -14.3   -11.4
265.625    -2.8    22.2    10.4
267.285    -2.4    22.4     9.4
268.945   -19.7    15.8    -3.3
270.605   -27.5   -37.4   -39.3
272.266   -33.2   -41.3   -18.6
273.926   -13.2   -14.3     2.1
275.586    11.2    -3.6    -5.4
277.246    28.4    12.9     2.5
278.906   -23.8    14.7    -9.3
280.566   -30.2     7.3   -16.4
282.227   -38.4   -45.6   -29.5
283.887   -15.9   -29.5     5.3
285.547    19.1    -1.3     5.6
287.207    28.0    21.2     6.4
288.867   -12.1    16.4     0.8
290.527   -33.6   -10.4   -25.0
292.188   -53.4   -49.5   -41.0
293.848     8.1   -11.4     4.9
295.508    16.4    -8.5     4.5
297.168    27.7    24.2     2.1
298.828   -18.4     8.1    -9.6
300.488   -45.3   -32.8   -42.9
302.148   -52.6   -45.5   -37.0
303.809   -17.8   -20.7    -3.5
305.469    15.7    -2.6    -2.8
307.129    27.6     4.7    -1.9
308.789     3.3    25.1     8.8
310.449   -32.6   -22.4   -37.0
312.109   -39.8   -44.6   -37.4
313.770   -24.3   -30.0    -0.1
315.430     6.9    -7.2     5.4
317.090    17.1     0.2   -10.1
318.750   -16.7    22.5    12.1
320.410   -22.0     8.4    -8.3
322.070   -11.6   -32.8   -28.3
323.730    -7.9   -29.5   -14.0
325.391     1.0   -17.4    -6.4
327.051    -7.5   -15.1   -10.9
328.711   -10.4     4.8    -5.1
330.371   -18.2    10.8   -11.8
332.031    -0.6   -14.9    -8.2
333.691     6.9   -17.7    -7.2
335.352    -2.9   -18.5   -10.9
337.012   -20.8   -21.4   -12.1
338.672   -33.6    -9.6   -11.2
340.332   -13.4     5.2   -18.1
341.992     9.6    -2.9    -0.9
343.652    12.8    -3.8     7.2
345.312   -13.2   -37.9   -26.2
346.973   -14.5   -34.7   -26.6
348.633   -42.2    -8.7    -9.6
350.293    -6.8     5.9   -12.4
351.953     3.6     0.1   -15.0
353.613    27.1     8.9    17.1
355.273    -3.2   -26.8    -9.5
356.934   -45.8   -39.5   -34.2
358.594   -51.4    -8.7   -10.8
360.254     2.6    10.4    -4.9
361.914     6.4     8.2    -7.7
363.574    12.2    -3.4    13.9
365.234    -3.8   -15.9    -2.7
366.895   -41.9   -41.8   -39.4
368.555   -51.0   -23.0   -23.8
370.215   -15.4    21.4     3.8
371.875    23.5    21.8     3.1
373.535    29.1    -8.8     4.4
375.195     4.7   -23.7    -9.7
376.855   -30.7   -31.6   -24.1
378.516   -41.0   -12.2   -15.7
380.176   -37.7     4.1    -8.3
381.836    26.2    14.9    13.2
383.496    22.6    -0.8    13.8
385.156    20.6   -17.5    -6.4
386.816   -24.5   -40.8   -28.9
388.477   -31.3    -2.4    -1.4
390.137   -24.0     5.3   -24.9
391.797     3.9    -1.1   -22.1
393.457    23.2    10.8    26.3
395.117     2.1   -40.6   -29.0
396.777   -38.0   -20.8    -8.2
398.438   -22.2    24.3    -8.2
400.098   -16.8    32.8     3.0
401.758     3.3   -11.3    -2.2
403.418    12.4   -10.9     4.2
405.078     2.2   -39.4   -17.6
406.738   -10.3   -48.1   -31.1
408.398   -29.1    27.1    -6.9
410.059   -18.5    24.9   -16.9
411.719    -0.1   -18.0   -10.1
413.379     0.6   -26.6   -10.8
415.039    -7.2   -26.5   -16.0
416.699    -7.3   -13.5    -2.7
418.359   -21.7    15.1   -10.8
420.020   -22.6    11.7   -10.3
421.680     0.7   -10.7    -6.9
423.340    11.9   -27.3    -7.5
425.000     2.6   -35.2   -22.6
426.660   -13.8    -1.0    11.3
428.320   -20.7     9.6    -8.1
429.980   -22.2    -8.8   -28.6
431.641   -15.8    -1.5   -11.2
433.301    25.3   -13.8     3.4
434.961    23.6   -18.9     2.2
436.621   -20.9     5.6    -1.5
438.281   -36.1    12.2    -8.0
439.941   -38.0   -10.8   -39.0
441.602   -11.7   -18.1     4.6
443.262    12.7    -4.0    21.4
444.922    18.1   -15.2   -18.4
446.582    11.5   -21.8   -18.1
448.242   -29.1     4.8     2.4
449.902   -26.0   -30.4   -39.9
451.562   -25.8   -29.7   -37.1
453.223    22.6     4.0    14.4
454.883    26.5     9.4    15.0
456.543    10.3    -1.1    -3.4
458.203   -36.3    -8.5   -15.9
459.863   -40.1   -22.2   -34.4
461.523    -9.1   -18.4    -8.4
463.184    18.6    -0.8    10.2
464.844    25.9     3.8     6.5
466.504     6.5     8.5    -1.5
468.164   -11.0     5.2    -9.8
469.824   -34.6   -14.6   -28.3
471.484   -36.7   -33.9   -19.5
473.145    13.6     0.1     0.1
474.805    26.2     8.9    -2.1
476.465     5.7    12.4     7.1
478.125   -10.6     2.9     2.1
479.785   -37.4   -43.3   -37.6
481.445   -29.6   -36.6   -29.7
483.105    -4.2     3.3     4.8
484.766    16.6     6.7    -0.7
486.426    14.2    14.4     6.1
488.086   -25.8   -13.8   -13.7
489.746   -25.1   -37.1   -23.0
491.406    -5.9    -0.3    -3.4
493.066    -2.4     0.9    -3.7
494.727     8.3    10.7    -8.4
496.387     8.2     4.9     2.1
498.047   -10.5   -12.8   -11.2
499.707   -13.4   -27.4   -11.8
501.367   -14.2   -18.1    -5.4
503.027    -4.1    -0.8    -3.5
504.688     1.2     9.2     2.0
506.348     6.8    12.2     5.8
508.008    -1.4   -12.5    -9.5
509.668    -8.0   -31.2   -22.6
511.328    -6.4    -2.2     3.8
512.988   -10.2   -13.5   -13.1
514.648   -10.5    -4.6   -20.3
516.309    -7.3    -5.5    -4.6
517.969    -6.7   -20.6   -18.6
519.629     1.4   -29.6   -16.6
521.289    -3.5   -14.1    -8.8
522.949   -11.4     8.1     1.8
524.609   -13.0   -10.1   -23.6
526.270    -4.6    -7.4     4.7
527.930    -1.0    -8.0     5.6
529.590    -0.5   -21.3   -21.2
531.250   -10.8     4.2     3.2
532.910   -16.6    -7.7    -3.4
534.570   -14.3    -6.2   -16.1
536.230    -8.3    -9.0    -7.7
537.891     0.2    -0.3    -7.1
539.551    -4.8   -14.9   -17.3
541.211     3.2    -7.2    -8.2
542.871    -9.2    -0.8    -3.7
544.531   -10.8    -8.8   -20.6
546.191    -6.9   -12.7    -0.4
547.852    -9.6   -17.4    -7.8
549.512    -6.1   -10.6   -13.0
551.172   -10.0   -12.3   -14.6
552.832    -8.8   -14.1   -13.4
554.492    -5.5   -11.8   -17.1
556.152    -1.5    -3.9     7.8
557.812    -5.7   -18.0   -24.5
559.473   -11.2   -25.0   -29.3
561.133   -26.2     0.0     9.6
562.793    -6.4    -6.8   -14.7
564.453     6.8   -18.3   -20.4
566.113     5.6    11.8    13.4
567.773   -19.1   -30.6   -31.9
569.434   -15.1   -31.3   -29.6
571.094   -29.0   -24.7   -13.8
572.754     8.9    -1.9    -6.3
574.414    14.4    -4.0    -5.1
576.074     9.9     7.3    -2.3
577.734     5.1     3.3    -3.5
579.395   -19.2   -21.3   -17.1
581.055   -31.7   -18.7   -17.7
582.715    -3.8    -2.9    -2.3
584.375    10.7    10.9    10.8
586.035    20.3     4.0    -1.0
587.695     1.0   -11.7   -19.0
589.355   -32.0   -18.0   -11.8
591.016   -30.2   -18.5   -16.3
592.676   -14.4   -25.5   -26.5
594.336     6.1     4.6    -2.8
595.996    18.3    14.0    11.1
597.656     8.8   -10.3   -14.8
599.316   -28.8   -26.7   -15.5
600.977   -34.2   -13.6     1.3
602.637   -10.7   -19.2   -27.0
604.297     6.4     6.3     2.2
605.957    10.3    18.5    20.9
607.617    13.3     3.0    -2.8
609.277     0.1   -22.5   -29.3
610.938   -34.2   -23.1    -5.5
612.598   -15.0   -14.3   -18.5
614.258   -20.4   -18.0   -30.5
615.918    16.0    24.3    18.6
617.578     9.8   -10.8   -11.2
619.238     6.7   -10.5   -16.0
620.898   -36.2   -24.4   -19.0
622.559   -22.4   -17.5   -15.5
624.219   -12.7   -15.5   -20.2
625.879    -9.5     1.1    -8.8
627.539    14.9     4.5     5.0
629.199    13.4   -12.3     0.0
630.859   -11.0   -29.1   -26.3
632.520   -28.2   -31.1   -21.3
634.180   -33.8   -21.0   -19.7
635.840    14.4     4.4   -16.6
637.500    16.2     5.1     0.5
639.160    13.0     7.3    17.9
640.820    -6.4   -34.2   -19.0
642.480   -31.4   -40.9   -22.9
644.141   -27.4     7.9    -6.5
645.801    -7.4    12.7   -12.2
647.461    18.7     8.5     6.2
649.121    23.1     7.6    11.6
650.781     7.5   -22.5   -17.7
652.441   -19.6   -43.4   -26.8
654.102   -35.2   -19.0   -13.8
655.762   -19.3    10.9    -9.1
657.422     6.5    12.2     1.7
659.082    24.6     4.0     2.9
660.742     6.7   -32.9    -8.4
662.402   -30.0   -23.4   -16.1
664.062   -33.7   -19.1   -21.6
665.723   -31.6    10.4   -15.5
667.383   -11.7    16.8     0.9
669.043    34.6   -13.8     1.4
670.703    28.7   -24.6    -9.0
672.363   -19.0    -9.6    -3.1
674.023   -41.0    -1.1   -17.1
675.684   -36.7    -1.3   -29.5
677.344   -19.2     7.0    -4.4
679.004    29.5   -20.8    -0.3
680.664    34.2   -25.8   -13.8
682.324     0.9   -25.7   -11.2
683.984   -45.2     0.8   -14.6
685.645   -33.7   -10.2   -36.0
687.305     1.9     7.3     9.2
688.965    30.6    -7.6     4.4
690.625    27.9   -29.0   -18.7
692.285     2.7   -15.7    -2.0
693.945   -20.9     4.2     4.6
695.605   -37.7   -15.3   -38.1
697.266   -20.0   -14.8   -14.0
698.926    20.7    -4.3    10.4
700.586    39.5    -6.9    -1.6
702.246     1.3    -5.2    -4.1
703.906   -43.9     0.8   -21.8
705.566   -40.7   -10.3   -24.4
707.227   -20.0   -14.5   -10.5
708.887     8.0   -18.9    -6.5
710.547    24.8     4.1    12.4
712.207    19.0    14.1    17.5
713.867   -21.9    -3.6   -17.8
715.527   -46.1   -24.0   -24.5
717.188     1.2   -14.9     4.8
718.848     8.6   -22.8    -6.7
720.508    25.2    -8.7    -5.8
722.168    14.1    22.2    16.6
723.828    -5.4    15.7    -1.2
725.488   -39.1   -29.3   -37.0
727.148   -29.5   -20.4   -13.6
728.809    16.9   -11.5   -20.9
730.469    27.0    -4.5    -4.1
732.129     9.6    17.0    14.7
733.789   -19.6    -2.8   -16.6
735.449   -25.2   -27.6   -32.0
737.109   -24.5   -32.6   -31.0
738.770    15.0    -7.8     2.2
740.430    14.6    -4.5     1.0
742.090    -6.9    10.8    -6.6
743.750   -21.3   -12.6   -11.7
745.410   -20.0   -13.0   -10.7
747.070   -14.1   -23.0   -15.2
748.730     4.1   -15.7   -12.3
750.391    -2.9    15.8     9.1
752.051   -12.6     9.8    -4.2
753.711   -12.7   -14.2   -22.6
755.371   -11.3   -16.0    -9.9
757.031    -0.3    -9.8    -0.4
758.691     6.9   -22.9   -16.7
760.352   -10.8     1.6    -4.3
762.012   -20.8     9.7    -1.3
763.672    -5.3   -15.6   -23.0
765.332    -4.4   -17.3   -14.2
766.992     9.5   -11.4    -1.2
768.652     1.1    -8.3    -7.1
770.312   -21.5    -7.0   -20.3
771.973   -37.7     3.2    -2.8
773.633   -21.1    -2.6   -15.1
775.293    16.5   -15.1   -11.1
776.953    23.6    -6.6     6.4
778.613    11.2    -6.8     3.0
780.273   -21.1   -10.9   -24.7
781.934   -42.1    -7.6   -18.1
783.594   -35.7   -11.7   -24.5
785.254    -8.9   -16.9   -17.6
786.914    19.8    -5.8    -8.2
788.574    22.3    -8.5    -2.6
790.234   -44.1    -6.1   -16.0
791.895   -42.0    -9.1   -24.9
793.555   -43.4   -20.4   -33.3
795.215     5.0   -16.6     7.8
796.875    34.0    -9.6    -6.8
798.535    27.8    -6.4   -16.1
800.195   -20.7     8.8    -0.4
801.855   -45.4    -2.3   -18.4
803.516   -14.3   -29.1   -29.2
805.176    -9.1   -28.6   -11.4
806.836    14.5     0.6    14.7
808.496    17.9   -11.4   -15.6
810.156   -12.7    11.5     5.7
811.816   -43.4     3.8   -22.3
813.477   -28.6   -27.4   -38.5
815.137    -5.3   -31.1    -8.4
816.797    19.0    -7.7    12.0
818.457    12.9   -12.0   -13.3
820.117   -12.0     5.2   -13.7
821.777   -29.6     9.0   -19.3
823.438   -23.7   -20.1   -19.3
825.098    -0.7   -29.1    -3.1
826.758     9.8   -15.8    -4.4
828.418    -4.0    -9.7   -10.6
830.078   -15.1    17.9    -7.3
831.738    -8.8    10.2   -17.6
833.398    -9.1   -12.0    -6.3
835.059     7.8   -26.2     0.6
836.719     1.8   -33.5   -23.4
838.379   -14.6    -9.4   -10.4
840.039   -22.7    21.2     7.7
841.699   -13.2     4.3   -25.5
843.359    -2.2    -6.1   -20.8
845.020     7.6   -24.0    13.7
846.680    -6.8   -34.7   -21.4
848.340   -23.0   -25.6   -33.1
850.000   -21.3    35.7    18.0
851.660     0.0     9.9   -18.2
853.320    16.9   -21.4    -2.8
854.980    10.2   -25.0     4.8
856.641   -12.7   -31.1   -11.6
858.301   -27.8    -0.3   -11.0
859.961   -29.2    15.2    -3.9
861.621    19.6    11.1    -6.7
863.281    19.0   -20.6    -4.0
864.941     7.7   -29.3     4.5
866.602   -17.5   -32.6   -19.7
868.262   -24.6    -9.5   -14.7
869.922   -25.8    21.8    -8.1
871.582    -9.2    22.7    -7.2
873.242    27.9    -4.5    11.4
874.902    23.0   -33.0    -4.5
876.562     7.7   -43.6   -16.0
878.223   -35.1   -14.6   -10.2
879.883   -32.3    11.1    -2.2
881.543    -7.9    16.3   -16.0
883.203    16.0   -15.5     2.4
884.863    27.4   -14.8     2.8
886.523    -0.4   -50.5   -22.0
888.184   -24.6   -20.7   -14.8
889.844   -39.6    10.2    -3.5
891.504   -20.3    19.1   -21.3
893.164    -3.6     4.2    -1.7
894.824    20.0   -21.7     4.7
896.484     8.1   -47.3   -10.0
898.145   -18.0    -4.1   -15.2
899.805   -29.7    12.9   -15.0
901.465   -25.7    25.3    -6.3
903.125    -5.0   -12.2   -10.3
904.785    23.2   -34.4   -10.4
906.445    15.0   -30.7     2.9
908.105     2.1    -6.6     2.5
909.766   -28.9    20.0   -20.5
911.426   -34.7     5.4   -17.4
913.086   -13.3   -12.7   -13.3
914.746    19.3   -50.6   -12.2
916.406    23.5   -37.1     3.6
918.066    -3.2    11.9     2.5
919.727   -20.0    21.3   -20.1
921.387   -48.0    -5.4   -25.1
923.047   -25.1    -5.7     1.4
924.707     0.3   -31.4    -1.2
926.367    18.8   -15.9     0.5
928.027    -3.6    26.1     6.8
929.688   -12.3    28.6     8.4
931.348   -40.7    -5.8   -32.1
933.008   -27.7   -15.8    -4.3
934.668    19.5   -32.6     2.9
936.328    38.2   -29.8    -6.9
937.988    20.1     5.8     9.0
939.648    -3.7    18.0     0.4
941.309   -37.9    -5.0   -27.5
942.969   -39.7    -9.6   -29.7
944.629     5.0   -23.0     8.1
946.289    26.2   -24.1     4.0
947.949    22.4    -6.9    -2.9
949.609   -22.9    18.7   -10.0
951.270   -42.9     2.2   -34.4
952.930   -38.2     0.5   -20.4
954.590    -9.9   -19.6     0.4
956.250    29.3   -25.0    -3.9
957.910     3.0    -2.6     2.9
959.570   -25.0     4.2    -8.3
961.230   -29.0    -0.6   -34.1
962.891   -26.3    -3.8   -14.7
964.551     3.0    -8.4    -5.1
966.211    22.6   -20.2   -11.7
967.871     3.7    -7.3     3.5
969.531   -19.2    -0.6    -1.4
971.191   -20.2   -11.5   -17.3
972.852    -8.2     7.1    11.7
974.512     3.0     2.2     1.5
976.172    31.5   -15.9    -3.3
977.832    14.3   -13.4    -1.2
979.492   -39.9   -16.9   -29.0
981.152   -30.3   -18.8   -20.0
982.812   -20.9   -10.5   -14.0
984.473    16.3     2.3     0.3
986.133    18.4     0.9    -2.6
987.793    -7.5   -11.7    -8.2
989.453   -13.9   -10.7   -17.2
991.113   -28.1   -19.1   -28.8
992.773   -22.6    -3.8   -13.7
994.434   -13.7     1.2   -11.4
996.094     9.6    -4.7    -9.3
997.754    -2.1    -8.3     4.2
999.414   -14.2   -19.9   -21.3
1001.074   -12.7   -21.2   -18.7
1002.734   -19.6     4.0    -0.1
1004.395    -4.7    -2.4    -6.9
1006.055     6.0   -11.5   -21.6
1007.715     0.3    -1.9    11.3
1009.375    -8.9   -14.7    -0.5
1011.035   -17.4   -22.8   -30.2
1012.695   -12.5    -4.2   -15.1
1014.355    -9.0     9.4    10.5
1016.016     1.2   -17.5   -25.0
1017.676     2.8    -3.4     6.2
1019.336     1.4    -0.6    13.7
1020.996    -5.8   -12.9   -13.0
1022.656   -16.7    -6.1    -9.0
1024.316   -14.6     0.2    -9.1
1025.977   -15.3     0.0    -9.2
1027.637     9.4   -18.7   -12.6
1029.297    -1.6    -0.9     0.3
1030.957    -2.9    -0.7    -4.6
1032.617   -13.9    -6.9    -5.7
1034.277   -22.6   -14.2   -19.6
1035.938   -12.4    -9.8   -12.5
1037.598     8.5    -2.7     2.0
1039.258     4.0    -6.2   -12.7
1040.918   -10.9     3.2     5.0
1042.578   -19.8    -2.7    -4.5
1044.238   -22.0   -31.0   -38.2
1045.898    -7.1   -21.9    -6.6
1047.559     8.7    13.8    22.7
1049.219     9.5     6.1   -11.6
1050.879    -5.7   -15.0   -22.7
1052.539   -30.4     0.8     0.9
1054.199   -31.3     1.3     0.1
1055.859    -1.4   -41.2   -31.6
1057.520     6.5     6.7    14.8
1059.180     5.5    17.2    -4.8
1060.840   -17.5   -10.1   -12.9
1062.500   -25.9   -17.8   -17.5
1064.160   -16.3   -24.6   -14.8
1065.820    -4.5   -27.1   -11.6
1067.480    19.4    12.5     5.5
1069.141     7.0    19.0    -3.5
1070.801   -19.7     5.0   -10.4
1072.461   -29.8   -18.2   -12.5
1074.121   -12.3   -32.5   -19.4
1075.781    11.6   -16.2     3.1
1077.441    31.3    23.2    21.2
1079.102   -14.8     5.0   -23.9
1080.762   -49.3    -5.5   -23.2
1082.422   -39.8   -14.1    -9.6
1084.082    11.3   -39.5   -23.7
1085.742    31.5     9.2    22.8
1087.402    20.1    30.3    25.4
1089.062   -30.3    -0.1   -38.1
1090.723   -53.5   -22.0   -39.1
1092.383   -14.6   -24.7    -1.5
1094.043    14.1   -36.6   -11.4
1095.703    42.2   -10.3    -0.6
1097.363     9.6    35.1    25.7
1099.023   -39.2     4.6   -33.2
1100.684   -52.7   -28.9   -42.6
1102.344   -34.7   -21.0    -0.2
1104.004    27.5   -22.7    -1.6
1105.664    48.5   -17.0    -4.5
1107.324    26.7    13.8     9.7
1108.984   -40.7    13.6   -18.9
1110.645   -58.0   -32.4   -39.1
1112.305   -26.5   -27.6    -9.6
1113.965    10.6   -16.2     4.9
1115.625    41.0   -11.0     8.5
1117.285    38.3     8.5    10.9
1118.945   -47.3     0.8   -28.7
1120.605   -60.4   -11.6   -37.1
1122.266   -37.3   -26.0   -15.2
1123.926    35.6   -20.5     5.1
1125.586    49.7     5.4    18.7
1127.246    -5.0    16.2    -7.0
1128.906   -11.8    12.3   -13.3
1130.566   -57.0   -21.1   -26.0
1132.227   -31.2   -18.6   -10.0
1133.887    37.4   -18.5    -1.3
1135.547    45.3     0.4    12.1
1137.207    12.5    21.2     5.1
1138.867   -54.9   -14.0   -41.7
1140.527   -33.7   -17.0   -14.3
1142.188    -5.6   -16.6     0.0
1143.848    31.2   -26.2    -1.2
1145.508    29.3    -3.7     3.6
1147.168    14.4    11.0     4.0
1148.828   -33.7     6.8   -24.0
1150.488   -44.0   -22.0   -24.3
1152.148     2.1   -17.3    -4.3
1153.809    28.9    -8.4     8.5
1155.469    18.4   -12.8     1.3
1157.129    -5.9    -2.8   -10.4
1158.789   -31.9    -1.7   -22.0
1160.449   -19.5    -3.1    -7.7
1162.109     1.8   -14.6    -4.8
1163.770    18.1   -29.9    -8.0
1165.430    -0.6   -10.9    -4.8
1167.090   -22.8    -4.7   -16.9
1168.750   -24.9     0.3   -23.7
1170.410   -13.7     8.1     1.9
1172.070     7.5    -1.4    -0.8
1173.730     5.1   -39.7   -27.0
1175.391   -14.5   -17.3   -10.6
1177.051   -27.7    -0.3   -12.7
1178.711   -11.7     5.2   -21.3
1180.371    17.5    17.1    14.7
1182.031     8.5     7.7     5.2
1183.691     5.5   -16.9   -14.5
1185.352   -25.0   -32.5   -18.6
1187.012   -24.8     0.3    -6.3
1188.672    -3.7    20.2    -8.6
1190.332     5.3    23.6    -0.2
1191.992     2.5   -16.0    -0.5
1193.652   -10.7   -38.2   -23.5
1195.312   -13.1   -36.4   -15.8
1196.973   -17.1   -29.6   -17.4
1198.633   -10.8    17.7    -7.6
1200.293   -11.7    18.8    -4.5
1201.953     5.5   -21.3   -14.0
1203.613    -1.0   -30.7   -29.1
1205.273   -19.8   -34.0    -8.0
1206.934   -28.8   -16.5   -12.2
1208.594    -0.3     6.1   -12.3
1210.254     6.1    23.3    16.1
1211.914     9.8    14.3    10.4
1213.574     2.6   -28.8   -27.8
1215.234   -26.6   -17.9    -0.2
1216.895   -19.2    -6.4    -1.1
1218.555    -3.2    -5.4   -23.3
1220.215    -1.4     1.7   -13.3
1221.875    -1.7    17.5     7.6
1223.535    -3.3   -33.1   -30.0
1225.195     0.8   -37.1   -23.4
1226.855   -11.3    -3.5     1.6
1228.516   -16.4    -2.4    -6.9
1230.176    -6.6    -1.0   -13.8
1231.836    -6.2     0.6    -8.7
1233.496    -2.2     0.5    -5.5
1235.156    -1.8   -20.5    -8.6
1236.816    -4.0    -9.4     3.6
1238.477    -0.6    -7.7   -16.7
1240.137   -10.4     1.1    -2.8
1241.797    -9.4     1.1    -1.5
1243.457    -2.7   -11.7   -12.9
1245.117   -11.1   -20.9   -25.8
1246.777   -13.1    -0.7    -2.1
1248.438     0.5    10.7     8.7
1250.098     0.8    -9.6   -13.4
1251.758   -12.4    -7.3    -2.8
1253.418   -12.5    -5.5   -15.6
1255.078   -16.5   -14.0   -10.5
1256.738   -12.5    -5.6    -3.7
1258.398     3.1     9.4     8.5
1260.059     4.4    -9.0   -16.3
1261.719     0.4   -15.4    -5.9
1263.379     0.1    -8.2    10.8
1265.039   -16.5   -16.5   -35.5
1266.699   -21.4   -15.7   -38.4
1268.359   -16.1     7.6    11.3
1270.020    -1.4    11.4    19.4
1271.680    18.1   -21.4   -17.8
1273.340     6.8    -7.2     4.4
1275.000   -16.1    -1.6    -5.5
1276.660   -20.9   -14.3   -28.6
1278.320   -26.1   -14.0   -19.6
1279.980   -24.2     0.2    -7.9
1281.641    15.9   -13.7    -0.1
1283.301    11.5    -9.6    -2.8
1284.961    -0.6    -2.5   -12.7
1286.621   -11.3     0.6   -13.7
1288.281   -36.9   -15.6   -23.5
1289.941   -12.3   -23.1   -16.1
1291.602     8.7    -8.9     4.9
1293.262    25.6     4.5     9.5
1294.922    10.8   -12.9   -24.3
1296.582   -22.7    -2.2   -11.2
1298.242   -43.1   -10.1   -18.2
1299.902   -27.1   -32.9   -36.6
1301.562     4.5   -10.8    10.0
1303.223    33.3    23.2    21.0
1304.883    29.8     9.7    -5.2
1306.543    -6.7   -12.7   -14.9
1308.203   -43.8    -9.8   -19.9
1309.863   -49.2   -21.6   -33.1
1311.523   -11.8   -27.2   -10.7
1313.184    25.5    12.4    14.4
1314.844    35.8    12.4    13.2
1316.504    -2.8    -8.8   -11.3
1318.164   -39.0   -14.2   -27.3
1319.824   -47.7   -26.2   -27.9
1321.484   -46.5   -36.7   -29.8
1323.145    22.9    13.5     6.4
1324.805    28.4     5.4    -0.9
1326.465    20.0     9.5    -1.6
1328.125   -17.0   -16.5   -12.4
1329.785   -54.1   -34.4   -45.9
1331.445   -47.8   -24.1   -26.0
1333.105    -5.4     1.1     9.7
1334.766     9.5     2.1     0.3
1336.426    28.1    -3.1    -7.8
1338.086    -6.1    -2.1    -1.4
1339.746   -36.4   -35.3   -50.1
1341.406   -38.0   -34.2   -50.0
1343.066   -40.3   -14.1   -14.9
1344.727   -11.9     6.5     5.8
1346.387    30.2    -6.6   -10.4
1348.047    21.7    -7.2     3.6
1349.707    -6.6     7.8    10.2
1351.367   -37.8   -29.3   -45.2
1353.027   -39.2   -28.8   -23.8
1354.688   -33.4    -7.0    -8.0
1356.348    13.9    -0.1   -10.7
1358.008    40.6    -7.8     5.2
1359.668    17.8    -1.6    10.0
1361.328   -20.3   -14.5   -25.8
1362.988   -44.4   -24.1   -22.1
1364.648   -16.9   -14.4    -6.2
1366.309   -12.9   -17.9    -7.4
1367.969    34.3     2.4     2.9
1369.629    34.8     7.6     8.6
1371.289    -1.9   -10.9   -18.4
1372.949   -33.9    -6.1   -17.5
1374.609   -33.7   -19.2   -28.5
1376.270    -6.4   -26.6   -24.9
1377.930    30.7     1.1    16.5
1379.590    22.7     8.6     2.1
1381.250     3.3    -4.2   -17.9
1382.910    -7.6    -6.1   -25.9
1384.570   -42.4    -8.5   -16.9
1386.230   -14.2   -31.1   -24.0
1387.891    27.3     0.3    12.5
1389.551    29.1    15.0    16.9
1391.211    -6.5     0.2   -16.8
1392.871    -3.1     3.6   -16.3
1394.531   -43.9   -17.3   -15.6
1396.191   -45.8   -21.7   -13.5
1397.852    -4.1   -23.2   -12.4
1399.512    15.9    -2.3     1.9
1401.172    13.5    10.0    -0.2
1402.832    -7.7     5.9    -6.2
1404.492   -26.1    -6.2   -12.3
1406.152   -31.7   -14.6   -24.3
1407.812     2.0   -24.9    -5.2
1409.473    14.7     1.6     5.6
1411.133    13.0     6.8    -9.2
1412.793   -11.0     4.5    -8.1
1414.453   -22.5    -8.3   -14.1
1416.113   -15.8   -18.4   -17.8
1417.773    -6.7   -25.9   -10.2
1419.434    -3.6     2.8     7.4
1421.094     1.6    -1.0   -17.9
1422.754    -1.3    -0.7   -16.8
1424.414   -18.9     5.1     0.5
1426.074    -7.4   -22.5   -17.6
1427.734    -2.9   -34.9   -24.6
1429.395    -6.7     0.1     5.8
1431.055    -6.8     1.7   -15.8
1432.715    -8.9    -2.0   -19.4
1434.375    -8.1     2.0     4.0
1436.035    -3.0    -7.8    -4.7
1437.695    -1.9   -23.9   -18.0
1439.355    -7.6   -23.3   -11.6
1441.016   -16.8     0.3    -5.4
1442.676   -12.9     2.0    -9.6
1444.336    -0.8    -0.7    -2.0
1445.996     0.6    -1.6    -0.6
1447.656    -0.4   -13.3    -9.3
1449.316    -3.9   -28.6   -14.6
1450.977   -20.2   -10.8   -22.5
1452.637   -22.7     2.3   -22.2
1454.297     7.3     9.1     0.0
1455.957     6.1    -5.3    -9.6
1457.617    11.0   -19.1   -14.6
1459.277    -1.8   -22.8    -4.1
1460.938   -24.8   -20.6   -14.2
1462.598   -18.5   -11.9   -30.4
1464.258   -14.7     4.6    -0.2
1465.918    13.4     4.0    -6.1
1467.578    12.8   -24.4   -22.3
1469.238    -3.7   -17.6     0.6
1470.898   -33.0   -13.8   -13.4
1472.559   -26.6   -22.2   -32.6
1474.219   -10.6     3.2    -0.6
1475.879     0.4    24.2    19.5
1477.539    12.5   -32.1   -18.2
1479.199    -0.3   -27.6   -13.6
1480.859   -26.3   -10.2   -11.7
1482.520   -32.7   -11.3   -16.6
1484.180     1.6     9.6    -4.4
1485.840    10.6    21.5     5.8
1487.500    17.2     4.1    -3.0
1489.160   -12.6   -27.6   -13.8
1490.820   -20.3   -20.3   -28.9
1492.480   -24.5    -6.5   -15.8
1494.141   -25.0    -0.4    -7.6
1495.801    17.9     2.1   -10.3
1497.461    13.0    -6.1   -14.9
1499.121    -5.1   -11.2    -6.6
1500.781   -19.1   -26.7   -22.4
1502.441   -23.4   -31.6   -37.3
1504.102   -14.5     5.5    -1.0
1505.762     5.2     7.5     1.6
1507.422     6.7     7.6     0.6
1509.082    -4.8   -15.4   -16.5
1510.742   -21.4    -8.1   -12.4
1512.402   -15.7   -25.7   -37.3
1514.062   -17.5   -23.4   -27.5
1515.723     5.1    19.5    22.7
1517.383     4.5    -9.6   -29.7
1519.043     4.0   -16.6   -31.0
1520.703   -18.5    -9.4    -5.4
1522.363   -12.9   -11.1    -9.7
1524.023     1.8   -20.9   -25.4
1525.684    -1.0    14.4    12.0
1527.344   -11.1    12.7     2.1
1529.004     2.9    -0.9   -13.7
1530.664   -17.6   -14.8   -11.7
1532.324   -19.6   -15.2    -5.1
1533.984    -6.6   -20.4   -22.1
1535.645    -0.7    -2.4    -7.1
1537.305     1.8     4.7   -12.2
1538.965    -2.9     0.2    -3.9
1540.625    -8.5     2.1    -4.1
1542.285   -21.4   -31.3   -25.6
1543.945   -11.7   -30.0   -13.9
1545.605   -16.1   -17.8    -5.2
1547.266   -10.9    -3.6     1.2
1548.926     6.7     0.0   -15.0
1550.586   -13.6    14.4    -0.8
1552.246    -7.0   -29.6   -29.6
1553.906     4.0   -28.7   -22.0
1555.566     1.4   -21.8    -1.2
1557.227     1.6     5.2    -3.9
1558.887     1.9    -3.4   -14.7
1560.547    -0.8     4.9    -8.0
1562.207   -12.2     3.1     1.0
1563.867   -10.1   -34.8   -15.8
1565.527    -4.6   -26.9    -6.8
1567.188    -9.3    -6.7   -11.2
1568.848    -5.3     4.4   -15.9
1570.508    -9.2     4.6    -4.6
1572.168     3.8    16.3    -3.0
1573.828   -23.3   -24.3   -21.1
1575.488   -11.3   -37.2   -12.6
1577.148     1.0   -14.4    -3.2
1578.809    -6.7    -5.7   -14.1
1580.469    -8.4     8.5    -7.3
1582.129     0.1    22.3     8.4
1583.789    -3.8   -16.2   -21.9
1585.449    -5.4   -32.6   -23.8
1587.109   -14.1   -28.9     1.1
1588.770   -14.7    -5.0   -16.1
1590.430     4.7     5.8   -13.8
1592.090    13.7    22.9    14.9
1593.750    -1.2    -7.0   -17.1
1595.410   -16.4   -34.0   -31.9
1597.070   -15.1   -40.7   -23.3
1598.730   -31.3   -27.6    -1.8
1600.391    -6.3    -4.0   -16.4
1602.051     3.3     9.4   -13.2
1603.711    15.9    23.9     7.9
1605.371    -1.5   -27.4   -20.4
1607.031    -7.1   -40.8   -28.1
1608.691   -21.9   -30.2    -9.0
1610.352   -24.2     1.8   -12.2
1612.012    -8.0     6.5   -15.3
1613.672     3.9     5.3    -9.7
1615.332    18.6    12.7     5.1
1616.992   -21.6   -38.6   -25.5
1618.652   -25.8   -31.7   -19.8
1620.312   -35.3   -13.8    -9.8
1621.973    -1.3    13.0    -7.9
1623.633    17.5     7.4     2.1
1625.293    19.6     4.6     1.4
1626.953    -0.7   -27.4   -18.6
1628.613   -30.1   -19.2    -7.6
1630.273   -32.3   -12.6   -10.7
1631.934    -6.0     1.1   -16.7
1633.594    -0.9    12.6    -8.7
1635.254    12.2     7.3    12.4
1636.914     0.1   -39.8   -26.9
1638.574   -12.9   -35.7   -20.6
1640.234   -33.1    -8.0    -5.2
1641.895   -40.2     3.1    -8.4
1643.555    11.9    10.0    -0.8
1645.215    12.1    14.2    11.7
1646.875    18.5    -9.0     4.8
1648.535     3.3   -37.7   -26.5
1650.195   -17.4   -36.9   -25.8
1651.855   -42.4     3.4    -9.5
1653.516    -4.4     3.9   -10.7
1655.176     7.3     2.3    -2.4
1656.836    26.8     6.0     6.1
1658.496     4.2   -23.8    -9.3
1660.156   -17.1   -30.4   -12.4
1661.816   -34.7   -14.8   -23.6
1663.477   -28.4     4.6   -21.9
1665.137   -14.9     8.3    -5.2
1666.797    37.8   -19.0    -3.9
1668.457    21.3   -25.3    -7.5
1670.117     3.6   -18.3    -1.9
1671.777   -40.6    -3.7   -17.6
1673.438   -42.1    -8.1   -33.1
1675.098   -31.4    -3.7   -20.7
1676.758    42.3    -5.9     9.0
1678.418    32.1   -22.6   -12.0
1680.078    22.0   -21.1   -13.5
1681.738   -38.0     1.4    -1.8
1683.398   -48.0   -10.0   -33.0
1685.059   -46.0   -27.5   -47.1
1686.719    11.1    -0.1    10.9
1688.379    51.3    -0.4     9.3
1690.039    28.7   -14.2   -10.9
1691.699   -21.8    -3.1    -3.1
1693.359   -50.9     3.4    -9.0
1695.020   -31.8   -32.1   -32.2
1696.680    13.8    -8.9    10.3
1698.340    20.0    -1.1    19.4

Event #21  ts=2026-09-25 13:03:04.864  [SELECTED]
  t[ns]  u1[mV]  u2[mV]  u3[mV]
  0.000    11.2    -1.0     3.3
  1.660    22.5    21.5    12.0
  3.320    15.4     6.6   -12.8
  4.980   -23.0    -6.8   -13.3
  6.641   -26.3   -29.5   -19.0
  8.301   -21.1   -32.0   -22.1
  9.961     9.4    -3.2     3.3
 11.621     8.5     9.7     3.7
 13.281    -4.1     6.3   -16.2
 14.941   -16.9    -5.8   -10.8
 16.602   -18.0   -10.9    -9.3
 18.262    -1.7   -25.7   -15.3
 19.922     6.4   -19.5    -6.7
 21.582     1.0     4.0    -1.2
 23.242   -21.6    -4.3   -26.4
 24.902   -27.5    -6.2   -13.1
 26.562     1.9   -21.3   -11.6
 28.223    14.3   -12.3    -4.2
 29.883    14.7   -11.6    -2.6
 31.543     2.6    -0.9     0.0
 33.203   -20.7    -9.4   -24.9
 34.863   -25.2   -10.2    -7.5
 36.523   -22.0    -7.4    -0.7
 38.184    21.6   -14.1    -7.9
 39.844    10.4    12.3    19.7
 41.504   -15.9   -20.0   -33.7
 43.164   -15.8   -20.0   -34.2
 44.824   -30.7   -19.6   -19.6
 46.484   -33.4    -1.9    -3.3
 48.145    -4.1   -13.5   -18.9
 49.805    36.1    -5.9    11.2
 51.465    15.6    20.6    16.3
 53.125   -16.2    -5.0   -30.8
 54.785   -30.6   -23.2   -12.0
 56.445   -38.2   -18.9    -2.9
 58.105    -4.7   -11.5   -17.7
 59.766    17.2    -9.1     3.9
 61.426    15.2    14.4     8.9
 63.086    -5.1    -4.5   -25.0
 64.746   -31.0   -25.4    -8.7
 66.406   -37.5   -12.7     1.0
 68.066    -4.9   -13.5   -26.9
 69.727     7.7    13.5    18.1
 71.387     3.5    18.0    15.9
 73.047     1.3   -14.5   -27.8
 74.707   -20.4    -7.8     2.1
 76.367   -16.8    -4.0    -2.1
 78.027    -6.6   -19.8   -24.9
 79.688   -11.7   -11.6    -9.8
 81.348     3.5    10.7     9.0
 83.008     0.7    -2.5    -8.4
 84.668    -4.6   -17.8   -17.6
 86.328    -5.6     3.2     8.4
 87.988    -8.7    -9.8    -9.2
 89.648   -14.5   -22.3   -28.2
 91.309   -15.3    -1.4    -6.2
 92.969   -17.3    -2.0     0.9
 94.629     5.8   -11.1    -9.0
 96.289    22.4    -3.1     3.5
 97.949    -2.4     0.5    -7.0
 99.609   -19.4   -14.2   -23.6
101.270   -31.2    -8.5    -6.2
102.930   -21.3    -8.9    -3.7
104.590    -5.3    -7.0    -8.5
106.250    30.7     0.8    10.6
107.910    -0.8     0.6    -1.6
109.570    -9.4    -9.1   -19.8
111.230   -48.0   -16.1   -12.3
112.891   -23.3   -11.8   -17.0
114.551     8.9    -9.0   -17.6
116.211    34.8     7.5    21.2
117.871     9.2    -7.2   -12.4
119.531   -15.9   -16.4   -24.7
121.191   -48.2   -13.4   -19.9
122.852   -44.8   -12.7   -21.3
124.512     7.8   -12.0    -7.9
126.172    41.2    15.6    31.8
127.832    28.1    15.1    16.5
129.492    -3.6   -18.1   -28.6
131.152   -52.9   -11.9   -12.2
132.812   -45.2   -20.0   -26.6
134.473    -7.4   -25.0   -16.6
136.133    36.4    12.6    18.4
137.793    38.9    13.6    16.3
139.453   -36.7   -13.2    -9.6
141.113   -38.6    -7.4    -8.0
142.773   -26.3   -18.0   -27.4
144.434   -13.2   -28.3   -24.0
146.094    12.9     2.9    11.9
147.754    24.2     7.4     4.5
149.414    -4.0    -4.7   -10.2
151.074   -26.5    -2.5    -8.9
152.734   -35.0   -21.4   -31.2
154.395   -22.5   -21.2    -7.8
156.055   -13.4   -17.5    -0.7
157.715    32.1    -1.2     0.5
159.375    17.8     6.2    -6.9
161.035    -0.4    12.8    -3.3
162.695   -41.7   -11.5   -21.1
164.355   -27.5   -38.0   -30.6
166.016    -4.6   -10.1     8.0
167.676    12.0     3.9    11.1
169.336    19.3     3.1    -9.1
170.996    -6.6    17.9    -1.2
172.656   -33.7   -34.1   -30.5
174.316   -14.1   -32.3   -18.3
175.977   -16.0   -38.9   -22.3
177.637    10.0    20.6     7.4
179.297    12.5    12.8    -6.2
180.957    -1.1    -3.0    -7.4
182.617   -16.2    -7.0    -9.8
184.277   -35.0   -41.8   -21.5
185.938   -25.4   -21.5    -6.8
187.598    13.4    19.5     4.4
189.258    18.4    27.6     4.9
190.918   -14.0   -17.0   -17.3
192.578   -17.7   -32.9   -25.9
194.238   -23.7   -29.0    -6.7
195.898   -13.8    -9.9    -2.6
197.559     3.2    17.4    -8.8
199.219    14.7    29.2     7.6
200.879     2.6     9.8    12.5
202.539    -7.2   -45.2   -34.8
204.199   -28.5   -44.1   -25.3
205.859   -73.3    -6.4    -0.2
207.520  -100.2   -23.7   -17.1
209.180  -108.4   -61.0    16.2
210.840  -108.1   -60.9    20.8
212.500  -117.2  -125.6   -37.5
214.160  -110.9  -105.2   -13.1
215.820  -102.9   -55.6     8.9
217.480   -57.4   -32.5   -19.5
219.141   -32.1   -38.2   -10.5
220.801   -20.3   -23.6     9.3
222.461    -9.3   -28.7    -5.7
224.121   -27.1   -52.3    -8.4
225.781   -34.6    -2.8   -21.8
227.441   -32.1    -2.0   -17.5
229.102   -19.5    -4.1    13.3
230.762   -10.5    -1.0     9.9
232.422    10.0   -37.9   -25.0
234.082   -14.8   -20.3     9.0
235.742   -34.3     0.0    -6.3
237.402   -25.9    -6.1   -32.4
239.062   -22.3     7.8     9.5
240.723    -0.7     4.5    15.3
242.383    19.8   -41.7   -22.5
244.043     8.4   -42.9   -21.5
245.703   -13.5    -4.3    16.5
247.363   -31.3     3.9   -17.3
249.023   -20.6   -15.1   -30.0
250.684    -7.1     8.4    15.4
252.344    16.6   -23.8    -0.2
254.004    16.0   -32.5   -22.1
255.664   -14.1     9.6     8.4
257.324   -28.8    14.6    -0.1
258.984   -36.1   -19.7   -38.1
260.645    -9.2   -17.6   -15.5
262.305    19.1    -9.2    10.1
263.965    10.4   -14.9   -17.2
265.625   -28.2    -3.5    -4.7
267.285   -38.3    -7.2   -24.0
268.945   -25.6   -12.2   -24.8
270.605    -1.4   -16.2     3.7
272.266    21.5   -10.3     3.2
273.926     2.6    -4.0     1.8
275.586   -29.3   -16.3   -16.5
277.246   -43.7   -19.5   -31.3
278.906   -25.3   -11.4   -14.9
280.566     8.9    -7.7    -5.8
282.227    11.1   -16.9   -15.6
283.887    15.0    -6.7     3.0
285.547   -13.2     3.7     5.5
287.207   -28.9   -30.7   -39.6
288.867   -12.1    -9.7    -6.8
290.527    -7.8    20.4    13.5
292.188    11.2     6.8    -8.1
293.848     0.3   -12.2     2.9
295.508   -12.0    -3.7     5.1
297.168   -29.2   -14.3   -25.3
298.828   -21.3   -22.9   -13.2
300.488    -2.3    15.0    -0.9
302.148    15.7   -10.7   -13.3
303.809     2.2   -17.2     0.0
305.469   -18.9   -13.1   -14.6
307.129   -18.4    -6.8     2.3
308.789    -9.2    10.5     7.0
310.449     0.7     6.2   -15.3
312.109     3.5    -8.7    -5.9
313.770   -11.6   -12.3     3.2
315.430   -14.3   -28.6   -19.2
317.090   -12.2   -37.4   -29.4
318.750   -11.6     8.3     9.6
320.410    -6.2     8.4   -16.2
322.070    -6.5   -17.3   -16.1
323.730    -8.2   -13.7    -3.9
325.391    -5.6   -22.2    -4.3
327.051    -0.3    18.4     7.8
328.711     0.6    18.3     9.3
330.371   -11.4    13.9     3.1
332.031   -11.9    -6.0   -22.9
333.691    -4.1   -14.9     3.7
335.352     2.6   -12.0     5.3
337.012     2.1    -7.1   -18.5
338.672    -6.0    12.1     5.0
340.332    -7.9    16.8     1.5
341.992   -17.1   -19.6   -31.0
343.652     1.9   -16.4     4.1
345.312     1.7   -12.7     9.5
346.973    15.7    -2.3    -2.7
348.633   -28.0     4.7   -11.9
350.293   -40.7    -8.4   -21.6
351.953    -4.7   -22.7    -5.4
353.613    -1.5   -26.6    -3.7
355.273    16.6   -14.7    -1.0
356.934     9.1     8.8    -4.6
358.594   -31.3     3.7   -14.9
360.254   -26.4   -27.3   -38.5
361.914    -3.8   -21.9    -2.2
363.574    14.1    -8.3    17.2
365.234    11.1   -14.6   -10.8
366.895    -5.0     2.1   -11.8
368.555   -22.6    21.4     5.6
370.215   -32.4    -8.5   -23.6
371.875   -14.6   -40.7   -29.1
373.535     6.9    -9.8    11.0
375.195    18.7    -4.0   -15.5
376.855     0.4    -8.7   -17.1
378.516   -42.4     8.5   -11.9
380.176   -20.8   -23.0   -26.9
381.836    -0.6   -28.5    -5.2
383.496    18.7   -18.3     9.6
385.156    22.5    -4.5    -3.6
386.816   -17.8     1.7   -11.6
388.477   -39.1     3.0   -18.1
390.137   -39.3    -0.5   -20.8
391.797    21.7   -11.9    14.0
393.457    22.4   -10.1    -5.2
395.117    21.4   -10.9   -12.2
396.777   -36.7     4.1    -2.6
398.438   -45.2     0.1   -19.8
400.098   -22.2   -24.7   -39.2
401.758     0.6   -27.6   -23.1
403.418    23.5     4.4    10.3
405.078    -4.5   -18.8   -29.1
406.738   -40.0    -8.4   -19.3
408.398   -33.0     5.5   -11.2
410.059   -23.5    -3.9   -15.2
411.719    29.0     4.9    27.2
413.379    18.7     7.4     9.4
415.039     1.9    -7.8   -14.1
416.699   -54.3   -17.8   -30.2
418.359   -40.4     1.2    -2.0
420.020    26.5   -12.2    -3.3
421.680    42.5   -13.0    -0.7
423.340     9.0     4.1     1.2
425.000   -29.2    -6.0   -20.8
426.660   -50.5   -20.9   -31.0
428.320   -40.7   -20.1   -17.4
429.980    -6.6    -4.3    -3.0
431.641    27.9    -3.2     5.2
433.301    20.5    -7.3     0.2
434.961   -20.2    -1.2   -11.3
436.621   -43.9    -4.8   -14.7
438.281   -12.0   -28.1   -23.6
439.941    -0.1   -19.7   -14.9
441.602    33.2     9.2    22.4
443.262     4.1    -0.9   -11.0
444.922   -25.9    -4.2    -8.6
446.582   -31.2     5.3     6.3
448.242   -14.1   -24.8   -33.5
449.902     8.3   -27.8   -15.6
451.562     1.6     9.0    16.3
453.223     0.3     6.1    -5.6
454.883   -25.2    -0.1    -5.5
456.543   -22.4     6.5     2.0
458.203   -11.6   -12.1   -15.8
459.863    13.5   -29.6    -7.6
461.523   -13.1    -1.1   -11.7
463.184   -19.4    -1.7   -15.3
464.844   -11.5    14.5    10.2
466.504    -2.8     4.0   -15.5
468.164     8.5   -24.2   -22.1
469.824     3.0   -34.5    -7.3
471.484   -21.2   -16.0   -33.9
473.145   -18.3    -9.4   -28.3
474.805    -7.4    34.8    25.0
476.465    19.7     0.5   -20.3
478.125     9.4   -41.0   -16.9
479.785    -8.9   -14.4     4.4
481.445   -22.2   -25.7   -36.1
483.105   -34.0   -17.3   -42.8
484.766   -18.8    39.4    22.8
486.426    28.5   -17.6   -17.6
488.086    28.2   -41.4   -30.2
489.746    -5.8   -33.3    -1.9
491.406   -36.2   -14.6   -26.5
493.066   -23.1    19.4    -5.0
494.727   -10.2    31.5    12.7
496.387    15.8    28.9    19.1
498.047    23.6   -29.7   -18.0
499.707    12.3   -45.0   -20.3
501.367   -27.9   -25.6   -10.0
503.027   -38.0    -2.5   -28.4
504.688    -4.5    28.6   -11.2
506.348     5.7    17.5     8.3
508.008    24.3   -20.0    -6.3
509.668     8.6   -39.5    -2.8
511.328   -22.3   -26.7   -16.2
512.988   -38.6   -15.2   -20.8
514.648   -19.6    18.4    -1.9
516.309   -17.0    11.5    -1.7
517.969    31.4   -30.2     2.1
519.629     8.6   -20.8    -3.3
521.289     6.5   -20.8    -2.9
522.949   -36.8    -9.4   -32.3
524.609   -35.8    25.2     0.9
526.270     2.3   -23.8   -25.8
527.930    24.6   -31.5    -5.5
529.590    28.3   -16.8    22.7
531.250    11.3   -11.7    -4.2
532.910   -16.7    -7.5   -29.6
534.570   -55.6    19.4   -17.1
536.230   -27.9   -13.7   -22.3
537.891    15.5   -41.9    -9.7
539.551    39.2    -8.4    15.3
541.211    29.9    -3.0     7.8
542.871    -0.9     5.5   -17.2
544.531   -67.5    12.5   -29.5
546.191   -36.1   -31.0   -32.4
547.852    15.3   -29.9    14.4
549.512    47.1   -16.0    22.9
551.172    43.3    -1.6    -6.5
552.832   -25.2    25.6     1.6
554.492   -48.2    26.6   -11.8
556.152   -50.1   -39.1   -49.7
557.812     0.5   -33.1     7.5
559.473    39.3   -12.3    22.9
561.133    56.7     0.2    10.9
562.793   -51.3    23.7   -13.0
564.453   -44.4    24.8   -10.2
566.113   -15.7   -46.9   -21.3
567.773     5.8   -32.3     5.5
569.434    31.1   -19.1    20.3
571.094    46.5     6.3     6.6
572.754   -37.6    18.2   -18.2
574.414   -52.8    12.7   -19.3
576.074   -61.6   -26.6   -39.4
577.734    -4.4   -36.1   -11.0
579.395    35.2   -12.8    16.3
581.055    39.5     0.9    12.7
582.715     3.7    20.5   -10.7
584.375   -42.7     4.5   -21.6
586.035   -38.3   -30.5   -31.3
587.695    16.7   -24.7     0.9
589.355    24.0   -16.7    12.5
591.016    17.3     2.4     4.5
592.676    -5.2    17.0    -8.7
594.336   -46.3    -2.4   -23.9
595.996   -34.6   -20.5   -33.7
597.656    15.6   -14.0    17.2
599.316    25.8    -7.1    16.3
600.977     4.0    -9.8   -20.2
602.637   -34.9    15.5    -5.3
604.297   -39.4     9.2   -16.3
605.957     5.2   -29.4   -16.1
607.617    19.8   -13.5    20.0
609.277    10.5    -4.1    -2.4
610.938   -22.8    -9.1   -25.3
612.598   -42.6     7.0   -10.8
614.258   -20.8    -1.5   -12.9
615.918     5.6   -17.9   -16.3
617.578    21.5    -6.7    17.5
619.238    10.7    -1.1     2.8
620.898   -33.7   -16.9   -19.9
622.559   -42.0     0.4    -4.8
624.219   -18.5    -1.6   -22.4
625.879    25.1   -12.7    -3.8
627.539    15.9    -0.1    17.9
629.199   -17.5   -17.9   -31.9
630.859   -27.0   -22.1   -30.2
632.520   -39.7     1.4    -7.4
634.180     6.8   -13.5   -13.0
635.840    13.9   -10.0    -2.4
637.500    19.9    -2.6   -10.8
639.160   -24.9   -32.8   -40.2
640.820   -48.8   -22.2   -20.1
642.480   -28.0     8.3    -3.4
644.141    14.8    -9.5   -22.5
645.801    21.3    -3.0     7.1
647.461    12.9     6.9    20.4
649.121   -15.6   -28.5   -35.6
650.781   -35.6   -30.2   -32.9
652.441   -40.3    -3.3    -4.4
654.102     2.6     1.0   -11.6
655.762    14.8    -7.6   -13.8
657.422     6.6     3.4    14.2
659.082   -20.8   -28.7   -30.8
660.742   -21.7   -20.7   -28.9
662.402   -20.9     7.4     2.3
664.062    -0.4     4.6    -8.8
665.723    -3.1    -8.2    -7.2
667.383     6.9   -11.2     0.1
669.043    -9.1   -14.4    -9.8
670.703   -14.6    -7.2   -19.5
672.363   -10.8    -1.1     0.2
674.023   -11.2     0.4   -10.3
675.684   -10.8    -7.3   -11.9
677.344     0.8   -10.0    -5.7
679.004    -3.6   -22.4   -17.0
680.664    -6.9    -5.0    -4.6
682.324    -3.5     8.8     1.4
683.984   -10.6    -2.4   -21.1
685.645   -21.8   -14.4    -7.4
687.305   -22.3   -15.8    -5.3
688.965     4.5   -18.2   -16.7
690.625    11.7    17.4    15.2
692.285    -2.0    19.7     3.7
693.945   -10.1   -16.3   -29.6
695.605   -21.0   -23.4   -16.3
697.266    -7.3   -21.5   -18.8
698.926    -3.3   -23.1   -20.5
700.586    20.1    10.0    10.2
702.246    -9.1     1.4   -24.8
703.906   -20.3   -29.0   -20.5
705.566   -23.2   -35.1   -14.4
707.227   -15.8   -25.6   -27.6
708.887    16.4   -12.3   -10.5
710.547    16.1    34.2    24.1
712.207     1.7    29.3    -2.6
713.867   -17.1   -26.5   -27.6
715.527   -23.6   -33.0   -18.7
717.188    -8.0   -25.4   -32.6
718.848    -4.9   -26.9   -30.8
720.508    10.4    20.5    21.6
722.168     4.3    12.5   -20.3
723.828   -15.1   -20.4   -33.4
725.488   -28.1   -31.0    -2.1
727.148    -5.9   -30.4   -17.8
728.809     6.4   -27.3   -23.3
730.469    10.0     3.4    -3.2
732.129    -5.3    34.6     7.4
733.789   -19.1   -27.6   -26.6
735.449    -6.1   -26.8    -1.4
737.109    -2.3   -27.0    -3.1
738.770     2.1   -14.4   -19.6
740.430    -9.2    18.6    -4.3
742.090   -18.9    26.0     3.0
743.750   -23.2   -27.4   -26.3
745.410    -2.3   -35.5   -14.1
747.070     5.3    -8.1   -10.6
748.730    -6.4     4.7   -17.3
750.391    -9.8    12.6    -8.1
752.051   -28.1     4.8    -4.8
753.711   -25.4   -27.4   -25.8
755.371    16.4    -9.7    18.1
757.031    24.7    -1.9    14.6
758.691    18.5     1.7    -2.4
760.352   -27.1     9.6   -10.5
762.012   -46.4     5.0   -15.1
763.672   -26.4   -31.0   -25.5
765.332    12.8   -22.8     2.8
766.992    35.5    -2.3    15.1
768.652    13.0     5.3   -12.7
770.312     1.0     9.8   -14.2
771.973   -64.7    -3.1   -18.1
773.633   -22.8   -35.4   -25.6
775.293    16.5   -16.1     8.8
776.953    33.6    -4.0    19.4
778.613    14.7     6.3    -6.8
780.273   -11.7    11.3    -5.7
781.934   -56.8   -11.4   -28.7
783.594   -30.8   -38.5   -31.2
785.254    16.7   -14.5    12.1
786.914    34.1     7.6    14.3
788.574    27.2    -1.8    -8.2
790.234    -9.9     4.5    -4.1
791.895   -54.4    -3.5   -25.3
793.555   -36.2   -32.9   -21.0
795.215    -7.3   -22.7    -2.8
796.875    40.2    -0.2    15.5
798.535    20.8    -3.0    -5.8
800.195   -46.6     6.2   -14.9
801.855   -47.3     6.3   -14.6
803.516   -43.4   -23.3   -29.0
805.176     3.9   -17.9     5.5
806.836    19.8   -14.7     2.5
808.496    32.6    -9.1    -7.3
810.156   -10.9     7.5     2.0
811.816   -24.3     5.6   -16.0
813.477   -21.2   -13.4   -27.7
815.137    -4.9   -10.3     6.6
816.797    26.9   -24.5   -10.5
818.457    19.4   -20.5   -12.6
820.117   -11.2    17.8     4.5
821.777   -32.0    17.9   -11.2
823.438   -31.2    -7.3   -27.6
825.098   -15.5   -15.4   -12.0
826.758    11.2   -27.1     0.8
828.418    14.6   -20.9   -10.0
830.078    13.8   -19.2    -9.9
831.738   -15.6    23.5     2.8
833.398   -22.7    11.4   -17.9
835.059   -21.0   -21.8   -13.2
836.719     0.3   -34.7    -5.3
838.379     8.1   -38.9   -13.9
840.039    -0.7    -3.0    -2.0
841.699    -5.7    20.6     4.9
843.359   -12.6    11.8   -13.5
845.020   -18.8    -6.4   -15.4
846.680   -16.4   -31.9   -13.1
848.340     5.2   -32.2    -5.1
850.000    -0.6     1.1    12.2
851.660   -11.6    18.1   -17.0
853.320   -17.9    10.4   -17.7
854.980   -15.1    -8.7     2.2
856.641     0.8   -40.9   -24.4
858.301    11.6   -47.4   -24.5
859.961    -1.5    22.9    16.8
861.621   -26.8     7.9   -31.5
863.281   -24.0    -4.0   -27.3
864.941    -2.0    -5.1     6.8
866.602     7.7   -30.4   -18.7
868.262     1.7   -21.6    -1.7
869.922    -9.1    11.2    19.0
871.582   -14.3    24.5   -20.2
873.242   -17.8   -11.5   -23.5
874.902    -2.5   -10.9     2.9
876.562     9.5   -26.3   -18.4
878.223     2.0   -32.4    -6.3
879.883    -7.1     6.5     1.3
881.543   -15.3    19.1    -9.1
883.203   -21.1     3.0   -27.6
884.863   -10.1    -8.6     6.7
886.523    23.2   -30.4   -18.6
888.184    10.1   -19.3     1.4
889.844    -6.3     6.4    15.6
891.504   -11.9    13.8    -3.9
893.164   -25.2   -11.4   -35.0
894.824    -7.0     0.7    10.4
896.484    10.0   -11.5     0.0
898.145    11.4   -25.7   -15.1
899.805   -16.5    19.3    14.8
901.465   -20.0     3.6   -22.4
903.125   -21.8   -13.1   -18.6
904.785   -20.0   -11.3   -14.6
906.445    18.7   -21.0   -11.4
908.105     8.0   -26.0   -18.5
909.766   -19.4     7.9     5.8
911.426   -25.4     6.9    -7.8
913.086   -10.9    -7.7   -26.1
914.746    13.0    -5.6     5.9
916.406    -7.0   -17.9   -10.4
918.066    -6.2   -23.2   -14.9
919.727   -17.1    -5.0    -8.7
921.387   -19.8     7.7   -14.7
923.047   -19.8     8.9   -13.4
924.707    16.8    -4.4     1.2
926.367    -1.4   -19.0    -2.3
928.027   -19.0   -14.8   -14.5
929.688   -24.1    -5.4   -17.8
931.348   -23.2    -9.1   -23.9
933.008    -0.1     0.0   -11.2
934.668     6.7     2.7    12.7
936.328     3.6   -24.2   -27.4
937.988   -13.9   -21.2   -10.2
939.648   -44.1    -3.8    -6.6
941.309    -4.5    -7.7   -24.1
942.969    16.8     6.7    12.4
944.629    13.3     3.4    -5.5
946.289     0.0   -12.5   -17.9
947.949   -16.1   -25.1   -13.7
949.609   -40.9    -4.4   -21.3
951.270    -8.7   -13.3   -24.6
952.930    14.8    12.3    14.3
954.590    13.4     2.2    -7.2
956.250   -14.4   -26.1   -18.4
957.910   -21.5   -17.0    -9.1
959.570   -32.7    -3.5   -10.7
961.230     1.4   -12.6   -15.4
962.891    15.5     7.2    17.8
964.551    18.2     7.6    -1.9
966.211    10.2    -8.7   -21.2
967.871   -34.0    -4.5    -4.7
969.531   -12.2   -13.3   -22.1
971.191   -13.1   -16.7   -18.8
972.852     2.6   -14.9    -7.9
974.512     8.9     5.1    -0.5
976.172     2.4    -2.7   -10.4
977.832   -26.9    -1.4    -2.8
979.492   -22.6    -2.6    -7.9
981.152    -3.8   -25.1   -17.7
982.812     8.5    -8.7    -1.5
984.473    -8.0    -7.7    -7.2
986.133   -13.5    -9.4   -19.8
987.793   -17.2     3.4    -8.6
989.453   -14.2     3.2     0.4
991.113     4.4   -24.4   -19.2
992.773     9.0   -15.0    -4.1
994.434    -7.1    -3.8     1.1
996.094    -9.1    -5.4   -17.9
997.754   -15.7    -5.4   -23.5
999.414    -7.9     9.4     4.2
1001.074   -15.1     0.9    -0.3
1002.734     2.3   -31.4    -9.3
1004.395     8.3   -25.3    -5.9
1006.055   -14.7    -7.2    -4.3
1007.715   -22.4     7.8   -16.2
1009.375   -23.2     8.7    -9.7
1011.035    -5.8    -6.7     0.0
1012.695    13.1   -29.1   -16.0
1014.355    -0.7   -18.3     2.8
1016.016   -21.7   -12.9   -16.4
1017.676   -23.4     1.6   -21.8
1019.336   -19.9    15.9    -3.3
1020.996   -11.7    21.3     3.4
1022.656    10.0   -29.6   -15.1
1024.316    15.4   -37.5   -14.6
1025.977   -10.0   -10.1    -5.9
1027.637   -16.4    -8.0   -28.3
1029.297   -22.1    17.2    -3.1
1030.957    -2.2   -15.3   -16.5
1032.617    10.9   -30.9   -19.3
1034.277     9.0   -24.2     5.3
1035.938    -4.6    -6.5     2.3
1037.598   -13.7    -7.3   -26.7
1039.258   -31.3    -3.4   -22.6
1040.918   -10.7     6.6    -8.3
1042.578    -4.2   -17.1   -16.2
1044.238    15.1   -28.8     3.5
1045.898     7.2   -12.4     7.7
1047.559   -10.3    -3.4   -32.1
1049.219   -28.2    -5.2   -24.4
1050.879   -19.1     7.7    -2.1
1052.539    -4.7   -14.8   -18.9
1054.199     6.0   -28.9   -15.5
1055.859     4.9   -14.9    11.3
1057.520    -4.8    -2.0   -22.5
1059.180   -18.4    -3.4   -14.5
1060.840   -25.0     3.1    -4.2
1062.500   -22.7    -8.0   -12.0
1064.160     4.4   -20.6   -11.2
1065.820     8.6     6.3    15.8
1067.480    11.0    -1.9    -6.3
1069.141   -15.1    -7.7   -23.6
1070.801   -29.4    -7.5    -4.6
1072.461   -16.7   -20.1   -12.9
1074.121    -0.4   -17.8   -12.6
1075.781     1.4     7.7     6.1
1077.441    -1.1     1.0    -3.6
1079.102   -12.7    -8.4   -23.4
1080.762    -9.1   -12.0   -11.8
1082.422   -13.0   -14.9   -11.1
1084.082   -16.4   -12.9   -13.1
1085.742    -8.5    -5.5    -7.0
1087.402     1.0     8.5    -3.6
1089.062     0.0    -8.6    -7.0
1090.723    -1.1   -14.1   -11.8
1092.383   -10.4   -18.3   -14.7
1094.043   -19.1    -9.0   -14.2
1095.703   -20.2     3.8    -6.1
1097.363   -11.6     3.8    -7.9
1099.023    18.8    -6.8     2.9
1100.684    14.5    -4.9     8.4
1102.344     2.1   -11.5    -8.3
1104.004   -15.7   -15.3   -25.4
1105.664   -28.6     7.4     2.3
1107.324   -20.7    -1.5    -9.6
1108.984    10.8   -18.8   -16.4
1110.645    23.6   -11.4    -0.1
1112.305     8.7     1.9     1.3
1113.965   -23.5   -20.6   -28.4
1115.625   -34.4     2.8    -2.1
1117.285   -37.8     8.0     0.2
1118.945   -17.9   -22.3   -29.0
1120.605    15.8   -16.3    -0.6
1122.266    33.8    11.7    20.3
1123.926    -5.5   -15.3   -24.8
1125.586   -34.5   -20.6   -18.2
1127.246   -27.8    -9.3   -29.1
1128.906   -21.2   -17.3   -31.0
1130.566    -1.6   -21.0   -15.7
1132.227    30.5    11.8    13.5
1133.887    12.7     1.8   -12.8
1135.547   -26.0   -12.5   -10.9
1137.207   -45.4   -19.7   -32.4
1138.867   -26.4   -36.7   -37.8
1140.527    17.9    15.1    29.3
1142.188    21.4    18.2    29.5
1143.848    29.0     2.9   -17.3
1145.508   -22.2    -4.5    -6.5
1147.168   -45.9   -11.0   -11.8
1148.828   -22.0   -43.2   -39.6
1150.488     9.1    12.3    19.0
1152.148    26.4    27.1    20.8
1153.809     8.8    -7.6   -21.3
1155.469   -26.1    -7.1   -10.5
1157.129   -35.2    -8.9    -1.9
1158.789   -27.8   -19.1    -8.4
1160.449    -5.1   -30.3   -27.5
1162.109    10.6    23.2    19.8
1163.770    -4.7    -6.0   -22.1
1165.430    -2.0   -21.3   -21.8
1167.090   -14.9   -18.5    -2.6
1168.750   -14.4   -15.9    -2.4
1170.410    -4.1   -19.6   -18.5
1172.070    -3.7   -16.3   -13.6
1173.730    -8.7    15.1     3.5
1175.391    -8.9     2.4   -12.0
1177.051    -1.7   -13.7    -4.4
1178.711     4.5   -21.0    -6.7
1180.371     0.8   -18.1   -13.0
1182.031    -0.9    -7.1    -7.3
1183.691   -25.2    -2.4   -21.0
1185.352   -14.2    -5.1    -4.2
1187.012     2.7     0.5    16.3
1188.672    23.7   -19.7    -9.9
1190.332     6.1   -13.9   -13.0
1191.992   -12.4     1.0    -2.4
1193.652   -47.1   -14.1   -37.9
1195.312   -15.4   -18.5    -7.8
1196.973    18.9     9.7    21.9
1198.633    35.3    13.0    17.4
1200.293    29.3   -19.5   -19.3
1201.953   -43.5     2.0    -3.1
1203.613   -60.8   -15.8   -30.9
1205.273   -20.9   -20.2    -8.5
1206.934    34.6    12.0    16.4
1208.594    61.2     5.7     5.3
1210.254    13.4    -2.9     0.8
1211.914   -36.3    -7.7   -16.3
1213.574   -60.1   -30.4   -39.8
1215.234   -53.3   -28.6   -26.5
1216.895    15.4     0.4    12.8
1218.555    54.8     6.8    13.0
1220.215   -10.2     6.6    -5.8
1221.875    -9.2     5.6    -4.4
1223.535   -53.0   -10.9   -29.9
1225.195   -65.6   -43.9   -48.0
1226.855     0.7    -0.3    13.6
1228.516    46.9    14.9     9.9
1230.176    37.2    11.5    -1.1
1231.836    -7.8     6.9    -9.1
1233.496   -55.8   -14.4   -25.5
1235.156   -71.1   -40.2   -48.1
1236.816   -24.9   -24.8    -6.1
1238.477    30.8    11.2    14.2
1240.137    46.3     7.1    -3.2
1241.797    -3.9    -0.6    -0.7
1243.457   -44.2   -13.4   -13.5
1245.117   -59.7   -31.3   -37.7
1246.777   -18.4   -20.7   -11.8
1248.438    16.0     7.5    11.3
1250.098    27.9    11.3    11.7
1251.758    24.4    -1.0    -3.7
1253.418   -34.7   -21.0   -22.0
1255.078   -38.3   -20.4   -30.6
1256.738   -13.8   -13.8    -0.6
1258.398   -10.5   -11.4    -1.9
1260.059    21.5     0.4    -4.8
1261.719    14.5     3.6    -4.4
1263.379   -16.0    -3.8   -11.4
1265.039   -24.4   -20.7   -21.6
1266.699    -5.4    -1.2     6.8
1268.359     8.4     1.9    -1.6
1270.020     7.5    -9.3   -22.7
1271.680    -9.4    -0.4     6.5
1273.340   -18.9     4.2     9.3
1275.000   -17.6   -16.2   -25.6
1276.660    -5.3    -0.6     2.7
1278.320    -0.5    12.3    10.5
1279.980    -2.4   -17.5   -24.4
1281.641   -10.5   -10.6    -1.2
1283.301    -9.5   -10.7    -1.8
1284.961    -7.5   -10.0   -25.0
1286.621    -3.5    -4.3    -4.6
1288.281    -0.3     8.1     3.8
1289.941    -1.5    -1.7    -8.7
1291.602    -6.0   -23.4   -19.7
1293.262   -14.8    -3.6    -6.5
1294.922   -14.2    -1.6   -10.9
1296.582    -4.5   -10.2    -8.7
1298.242    -1.5    -2.7    -0.1
1299.902    -6.2   -12.5   -31.4
1301.562   -16.7    -1.2     1.1
1303.223   -18.9    -4.3     7.1
1304.883    -0.5   -12.7   -15.0
1306.543     1.7    -9.9    -5.9
1308.203    -9.9     6.8     9.7
1309.863   -10.8    -4.8   -17.0
1311.523    -6.9   -19.9   -11.8
1313.184    -5.2     7.0    20.1
1314.844     5.3   -15.4   -23.7
1316.504    -3.1   -22.4   -34.9
1318.164   -21.5     5.6     7.1
1319.824   -17.6     9.4    10.6
1321.484    -4.7   -20.2   -25.5
1323.145    -1.5   -29.9   -28.5
1324.805    -2.1     9.8    12.0
1326.465    -7.5   -12.8   -27.5
1328.125   -23.6   -12.5   -10.8
1329.785   -28.3    -8.5    -2.2
1331.445   -14.0   -10.0    -9.7
1333.105     1.2    -7.7   -10.6
1334.766    12.1     1.6    10.6
1336.426     3.1     7.0     5.5
1338.086   -11.1   -12.8   -17.7
1339.746   -33.3   -20.0   -16.8
1341.406   -31.8   -14.2   -14.9
1343.066    11.7    -3.4    -5.0
1344.727    26.9     3.6     5.4
1346.387    23.1    -3.3    -1.7
1348.047   -16.1    -4.4   -12.6
1349.707   -31.8   -10.4    -8.3
1351.367   -37.2   -18.2   -21.7
1353.027    -4.3   -15.2    -9.1
1354.688    25.6    11.2    20.4
1356.348    21.6     1.3    -3.8
1358.008    -2.2   -10.8   -25.7
1359.668   -38.9     1.4    -7.9
1361.328   -38.8    -3.9   -10.1
1362.988   -14.6   -34.9   -28.4
1364.648    21.6    -1.2    16.3
1366.309    14.1    18.8    13.4
1367.969    -0.2    -6.7   -22.6
1369.629   -28.6   -11.0    -2.9
1371.289   -38.0    -2.6    -6.5
1372.949   -38.7   -11.2   -23.4
1374.609    -3.7   -29.5   -23.5
1376.270    13.0     5.1    14.7
1377.930     6.2     7.3    -6.0
1379.590    -0.5    -5.1   -15.6
1381.250   -34.3    -6.1   -19.5
1382.910   -35.4   -13.9   -34.6
1384.570   -14.3   -23.9   -14.8
1386.230    17.0     1.7    14.5
1387.891    14.7    -7.4   -12.1
1389.551    11.2    -9.8   -25.2
1391.211   -14.5     6.8     9.2
1392.871   -12.4   -31.7   -44.0
1394.531   -21.7   -30.0   -26.9
1396.191    -8.3    -8.8    13.1
1397.852    12.9    -3.3    -8.1
1399.512   -14.9   -10.7   -21.7
1401.172   -15.5    -1.6    -1.4
1402.832   -20.4    15.1     0.9
1404.492   -10.9   -30.1   -31.4
1406.152    -8.0   -21.6   -12.6
1407.812     0.9    -0.6    10.8
1409.473     1.7    -2.2     4.3
1411.133    -9.3   -17.4   -26.2
1412.793    -3.9    13.7     5.1
1414.453   -20.5    -1.3   -11.0
1416.113   -13.9   -22.0   -27.5
1417.773    -8.4   -27.4   -19.2
1419.434    -8.3    -4.5    -7.2
1421.094    -5.0    -9.2    -9.6
1422.754    -2.5     0.1    -3.8
1424.414   -18.2     8.0    -6.5
1426.074   -10.9     2.0   -21.3
1427.734    -9.2   -19.7    -8.1
1429.395   -16.5   -18.7    -9.5
1431.055    -6.5   -19.3   -18.1
1432.715     6.4     8.8    -0.7
1434.375    -5.2     8.2    -2.6
1436.035    -5.7    -4.1   -17.5
1437.695   -12.3   -22.1   -21.0
1439.355   -19.2   -15.7    -1.4
1441.016    -6.2   -22.7   -25.0
1442.676     8.0    26.8    22.1
1444.336     2.7    14.8    -5.6
1445.996    -2.8    -6.4   -24.6
1447.656   -32.3   -38.0   -24.9
1449.316   -29.4   -21.3    -8.1
1450.977   -18.7   -20.6   -18.4
1452.637    13.0    22.3    16.3
1454.297    13.0    26.7     7.2
1455.957     4.7    16.3     1.1
1457.617   -18.7   -35.1   -26.0
1459.277   -40.1   -32.0   -17.5
1460.938   -22.8   -23.5   -17.2
1462.598     9.0    10.9     6.1
1464.258    14.8    27.0     8.7
1465.918    11.7     8.0   -11.2
1467.578   -18.2   -33.0   -28.8
1469.238   -40.5   -41.2   -19.7
1470.898    -6.0   -19.3   -16.1
1472.559    16.1    31.0    12.9
1474.219    15.0    33.3    16.2
1475.879    11.2    35.1     8.8
1477.539   -10.3   -27.7   -16.8
1479.199   -15.1   -38.4   -16.7
1480.859   -21.9   -35.3   -13.9
1482.520   -18.1   -24.3   -24.6
1484.180    -9.3     4.3    -9.2
1485.840     2.5    22.9     5.0
1487.500     4.6   -10.9   -19.3
1489.160    -4.5   -43.5   -29.6
1490.820   -18.0   -34.4   -10.7
1492.480   -21.6   -24.6   -10.3
1494.141    -5.1     8.7   -16.1
1495.801    -2.8    23.6    -4.6
1497.461    -5.6    15.5     1.5
1499.121     4.4   -32.5   -23.2
1500.781     0.7   -41.5   -12.2
1502.441    -9.3   -14.4    -1.0
1504.102   -12.6    -0.5   -13.4
1505.762   -19.4    20.4   -15.8
1507.422   -19.7    19.2   -11.6
1509.082   -10.3    -4.7   -11.1
1510.742    16.4   -34.1     1.3
1512.402    17.0   -40.8     0.9
1514.062    -3.0   -17.6    -9.8
1515.723   -28.3    19.5   -11.2
1517.383   -40.8    16.1   -23.3
1519.043   -22.8    -0.1   -23.4
1520.703    10.1   -25.1   -11.8
1522.363    21.9   -18.1    18.2
1524.023   -18.4    -5.8   -21.0
1525.684   -23.4     2.8   -21.6
1527.344   -50.0    21.4     0.0
1529.004   -33.5     2.1   -25.1
1530.664    -7.1   -37.2   -29.0
1532.324    36.2   -15.4    26.7
1533.984    26.0    -4.6     5.0
1535.645     6.0    -9.4   -25.3
1537.305   -56.9    13.0   -18.4
1538.965   -61.3    14.8   -10.1
1540.625   -38.5   -18.1   -35.2
1542.285    33.1   -19.8    16.6
1543.945    43.0    -2.3    25.4
1545.605     8.5    -6.6   -14.5
1547.266   -51.3    -2.6   -16.5
1548.926   -48.5   -11.4   -32.6
1550.586   -21.5   -23.4   -26.7
1552.246    33.0   -16.8    19.4
1553.906    52.4     4.7    23.4
1555.566    -2.4   -14.2   -21.8
1557.227   -27.7    -8.9   -13.4
1558.887   -54.7    -1.2   -23.7
1560.547   -41.9   -23.9   -41.0
1562.207     4.6    -9.8     7.9
1563.867    43.3    13.2    29.3
1565.527    39.9   -14.8   -20.3
1567.188    16.0   -28.0   -27.2
1568.848   -46.8     4.0    -9.9
1570.508   -22.2   -23.9   -43.5
1572.168   -11.0   -16.0   -22.1
1573.828    21.5    13.7    26.1
1575.488    30.2     1.0    11.7
1577.148    -0.3   -28.6   -19.0
1578.809   -28.8   -12.1    -9.4
1580.469   -28.6    -4.7   -27.4
1582.129    -9.1   -11.4   -18.9
1583.789    -1.8    -9.2   -13.4
1585.449    16.1   -13.6    -1.7
1587.109    13.1   -28.4   -15.1
1588.770   -15.4   -11.1   -11.3
1590.430   -26.7     1.5   -17.9
1592.090   -27.9     2.1   -20.7
1593.750    -9.7     1.2   -17.3
1595.410    -0.3    -7.2     3.0
1597.070     9.8   -29.3   -13.1
1598.730    10.3   -19.8    -6.3
1600.391   -19.7     2.6   -18.3
1602.051   -26.4     3.6   -23.3
1603.711   -33.5     2.9   -19.0
1605.371   -12.4    -8.7    -1.5
1607.031    -6.2   -18.0    -3.6
1608.691    10.9   -24.7    -2.2
1610.352    12.4     7.4     0.3
1612.012   -22.6     9.0   -22.9
1613.672   -28.9     2.5   -22.0
1615.332   -23.3    -3.0   -10.0
1616.992     0.0   -31.9   -20.7
1618.652    26.0   -29.5   -13.7
1620.312     0.7    25.0     0.2
1621.973   -16.1    -0.7   -22.7
1623.633   -20.5    -3.7   -23.7
1625.293   -36.7   -21.8   -18.9
1626.953     2.1   -42.9   -26.2
1628.613     9.1   -42.4   -18.4
1630.273     7.5    25.0    10.2
1631.934   -16.6    -0.7   -25.4
1633.594   -18.4    -0.3   -16.8
1635.254   -26.5   -25.6   -26.4
1636.914   -29.9   -40.8   -27.2
1638.574    18.2   -22.9    10.5
1640.234    31.0    11.8    19.2
1641.895    10.8    23.6   -12.1
1643.555   -24.7    -0.3   -17.2
1645.215   -30.8    -8.3    -2.8
1646.875    -7.5   -36.4   -25.9
1648.535    11.9   -12.3     1.9
1650.195    13.4   -12.9     1.9
1651.855     8.4    19.0    -9.9
1653.516   -29.0    -6.6   -15.2
1655.176   -28.2    -6.7    -4.9
1656.836     2.9   -25.4   -22.2
1658.496     5.0   -31.2   -13.5
1660.156    -4.3    -2.3    12.5
1661.816   -13.3    11.7     8.2
1663.477   -26.2    -3.7   -23.7
1665.137   -11.8     0.4   -14.4
1666.797    -4.5   -10.0     0.0
1668.457    10.0   -30.4    -9.7
1670.117    11.5   -18.7   -10.4
1671.777   -40.0     1.0   -22.4
1673.438   -31.9    -9.2   -33.3
1675.098   -11.6   -11.3    -2.8
1676.758     0.9   -11.0     0.0
1678.418    17.0   -18.0    -6.2
1680.078    11.4     0.2     0.1
1681.738   -41.3    -1.0   -22.0
1683.398   -49.6   -15.0   -30.8
1685.059    -1.6   -12.1    -5.3
1686.719    17.1    -3.0    11.9
1688.379    22.6    -6.7    -7.7
1690.039    -0.5     1.2     5.3
1691.699   -22.2     6.4    -0.1
1693.359   -44.8   -26.9   -33.8
1695.020    -7.7   -11.1     3.8
1696.680     8.5     3.1     8.5
1698.340    35.3    -2.5    -2.9

Event #25  ts=2026-09-25 13:03:08.890  [SELECTED]
  t[ns]  u1[mV]  u2[mV]  u3[mV]
  0.000     1.1     2.8    -7.5
  1.660   -26.5    -2.3   -11.4
  3.320   -41.7    -8.3   -29.8
  4.980   -31.3   -10.6   -19.0
  6.641    15.6     1.7    17.8
  8.301    32.9   -15.2    -6.2
  9.961   -10.7    -7.4    -1.5
 11.621   -23.0     0.1     4.3
 13.281   -42.4    -4.5   -29.2
 14.941   -31.9   -15.2   -37.3
 16.602     9.8    -3.4    20.7
 18.262    27.9    -4.0    16.1
 19.922    22.0   -10.9    -4.1
 21.582   -19.5     1.9    -5.7
 23.242   -52.7    -7.0   -38.2
 24.902   -50.2   -20.3   -40.3
 26.562    17.5    -5.8    15.7
 28.223    29.2   -11.6    10.5
 29.883    36.3    -8.4    -3.0
 31.543   -26.6     4.5    -9.0
 33.203   -53.6   -12.7   -34.9
 34.863   -37.6   -23.8   -20.2
 36.523     7.8   -11.5     3.8
 38.184    33.3    -8.4     4.7
 39.844    31.4     1.6    10.7
 41.504    13.2     5.8     6.6
 43.164   -51.1   -16.5   -32.3
 44.824   -52.1   -17.7   -21.2
 46.484     4.1    -9.3    -1.9
 48.145    41.3    -4.1     6.6
 49.805    21.8     6.5     6.4
 51.465   -20.5    -0.8   -21.3
 53.125   -45.2    -9.4   -30.7
 54.785   -45.1   -14.6   -20.5
 56.445    -1.6   -18.0    -3.6
 58.105    26.7    -1.9     3.2
 59.766    17.2     2.0     6.2
 61.426    -7.9     7.1   -10.4
 63.086   -30.5   -12.2   -21.1
 64.746   -10.5   -12.6    -4.0
 66.406    -1.7    -8.9    -1.9
 68.066    10.1   -13.8    -4.0
 69.727    11.5    -3.8    -0.4
 71.387    -0.2    -0.7    -3.6
 73.047   -20.9    -4.1   -15.8
 74.707   -12.3    -6.1   -12.9
 76.367    -3.8   -11.3   -24.4
 78.027    -3.2   -14.7    -6.6
 79.688    -0.5   -15.3    -2.2
 81.348   -13.3    -1.9   -13.3
 83.008   -12.3     3.5   -13.2
 84.668   -12.0    -0.7   -10.3
 86.328    -3.4   -21.0   -16.8
 87.988    -4.3   -23.2   -16.4
 89.648   -13.3   -15.2    -7.3
 91.309    -6.2    -4.9   -17.3
 92.969    -5.1    -4.0   -16.0
 94.629     2.2    12.6     9.5
 96.289    -3.2   -16.1   -16.7
 97.949   -13.7   -23.3    -9.6
 99.609   -20.3   -15.5    -7.7
101.270   -13.7    -8.6   -21.4
102.930     3.8     1.2    -5.5
104.590     2.6    14.8    11.0
106.250     0.0    -1.8    -7.2
107.910    -9.7   -20.5   -11.2
109.570   -19.1   -15.5    -8.1
111.230   -13.9   -11.3   -11.6
112.891    -8.1    -1.2    -4.3
114.551     2.5    19.6     5.4
116.211     2.4   -14.6   -15.4
117.871    -9.6   -17.9    -5.2
119.531   -13.1   -19.8   -13.9
121.191   -18.7   -16.3   -15.5
122.852   -10.3     4.2    -1.1
124.512     3.9    10.1    -6.1
126.172     7.1    -0.7   -13.0
127.832    -5.3   -12.4    -0.1
129.492    -8.5   -16.6    -9.4
131.152   -14.6   -15.8   -15.5
132.812   -13.4    -6.4   -17.3
134.473    -8.0    -5.1    -9.4
136.133    -5.4    -1.2    -7.3
137.793    -0.5    -5.7    -3.2
139.453   -11.2   -17.8   -10.7
141.113    -8.6   -15.3    -9.0
142.773    -1.3    -2.1    -5.6
144.434   -23.5    -7.5   -15.3
146.094   -22.8   -12.5   -14.4
147.754    10.2    -6.6    -1.7
149.414     9.3    -1.9     0.9
151.074   -12.0   -17.0   -13.3
152.734   -12.4   -17.2    -9.7
154.395   -21.5    -6.7   -13.6
156.055   -19.5    -2.6   -18.4
157.715     8.5    -1.4     5.0
159.375    16.2   -11.2    -3.1
161.035     0.0   -17.5   -15.5
162.695   -21.0   -11.0    -8.6
164.355   -26.9     0.5    -9.4
166.016   -16.9   -12.8   -26.1
167.676    -0.4    -3.5    -5.9
169.336    11.6    -8.0     3.6
170.996     7.2   -23.9   -18.8
172.656   -16.3   -13.2   -13.0
174.316   -29.2     1.8   -10.1
175.977   -14.9    -9.0   -25.1
177.637     5.9    -1.1     8.3
179.297     6.5    -2.9     6.5
180.957     0.9   -21.6   -19.5
182.617   -23.4   -18.2   -10.1
184.277   -27.5    -1.4   -10.7
185.938    -9.5     1.1   -17.7
187.598     0.0    -1.1   -10.6
189.258     8.5    -9.7     7.3
190.918     7.7   -19.2    -2.0
192.578   -24.5   -15.9   -20.6
194.238   -33.5    -5.3   -16.8
195.898   -11.4    -1.9    -6.6
197.559    -4.7    -8.5    -2.7
199.219   -46.3   -53.2    -7.2
200.879  -104.3  -114.6    -3.1
202.539  -114.2  -131.5    -3.6
204.199  -140.0  -181.4   -23.7
205.859  -124.4  -164.7    -5.3
207.520  -118.0  -159.9    -1.5
209.180   -67.7  -136.0    -6.2
210.840   -51.7  -104.6    -3.7
212.500   -51.5   -78.2    -8.3
214.160   -40.5   -46.7   -16.4
215.820   -34.1   -37.1    -8.7
217.480   -21.2   -34.4    -6.1
219.141    -1.3   -48.6   -13.3
220.801   -17.8   -29.6    -2.0
222.461   -24.0   -11.8    -1.2
224.121   -15.7    -6.1    -8.1
225.781    -8.2   -10.3   -17.2
227.441   -14.9   -18.8   -18.0
229.102   -16.8   -25.6    -7.4
230.762   -14.8   -12.5   -14.2
232.422   -12.8    -5.3   -11.5
234.082   -11.2    -1.1    -6.8
235.742    -5.2    -5.8    -3.6
237.402    -3.9   -16.4   -14.3
239.062   -19.8   -27.6    -7.9
240.723   -16.8   -21.7    -5.4
242.383     6.8    -4.0   -10.6
244.043    -5.5    -2.1   -13.7
245.703    -7.1    -3.6     4.2
247.363   -10.1    -5.8     0.1
249.023   -21.2   -29.1   -18.0
250.684   -24.1   -12.4    -6.3
252.344   -15.7     3.4     0.9
254.004    -2.3    -8.5   -21.4
255.664    10.6   -11.9    -9.1
257.324   -12.6   -13.7    -6.6
258.984   -18.2   -24.2   -25.6
260.645   -21.6    -9.2    -9.7
262.305    -8.8    -3.5   -12.9
263.965    -3.6   -14.5   -22.0
265.625     3.2   -10.6     8.7
267.285     4.4    -4.0     9.8
268.945   -15.3   -18.4   -24.4
270.605   -20.9   -15.9   -19.9
272.266   -28.7    -4.5    -4.5
273.926     3.4   -17.1    -2.9
275.586    16.1    -4.6    10.5
277.246    12.1    -2.7     8.3
278.906   -11.0    -9.7   -16.8
280.566   -36.3    -3.6    -8.8
282.227   -29.4   -17.4   -22.0
283.887   -12.7   -26.4   -17.3
285.547    14.1   -10.9     5.4
287.207    13.1    -4.2    12.4
288.867   -18.7    -1.6    -8.9
290.527   -26.7    -3.7    -9.1
292.188   -35.3    -7.0   -15.1
293.848   -10.5   -32.5   -20.6
295.508    -1.2   -24.4    -1.3
297.168    18.9    -1.6    11.0
298.828     3.6     2.8    -8.5
300.488    -7.2     1.2   -13.7
302.148   -35.6     6.2   -13.3
303.809   -37.4   -27.8   -19.2
305.469     5.4   -27.7    -3.5
307.129    18.5    -2.6     5.4
308.789    19.5     7.0     1.9
310.449    -9.6    10.6   -10.9
312.109   -27.9    -1.1   -17.0
313.770   -33.0   -26.9   -23.5
315.430     1.0   -34.5   -11.5
317.090    11.7   -16.4     2.2
318.750    -8.4    12.0    -3.9
320.410   -11.5     5.6    -8.3
322.070   -24.3    -4.3   -11.2
323.730   -24.3   -36.0   -22.2
325.391    -8.2   -31.1    -6.1
327.051     4.5     0.9     0.1
328.711     6.0     8.5    -3.2
330.371    -3.0    11.7    -7.4
332.031   -20.5    -8.1   -19.5
333.691   -15.7   -30.1   -28.1
335.352    -3.1   -26.6     3.0
337.012    -1.0    -9.6     0.0
338.672     2.8     0.7   -12.3
340.332   -10.7     9.8    -4.1
341.992   -15.6     9.7    -3.6
343.652    -9.7   -23.7   -21.3
345.312    -6.0   -26.6    -1.1
346.973   -10.9    -7.4    -4.9
348.633   -12.1    -9.5    -7.4
350.293    -8.2    10.2    -5.4
351.953    -3.2     1.0    -9.3
353.613    -1.5   -23.4   -16.1
355.273    -2.0   -22.0    -6.7
356.934   -11.7    -9.6    -8.1
358.594   -20.1    -3.5    -6.3
360.254   -10.9     4.7    -5.2
361.914    -0.4    -4.2   -11.7
363.574    -0.2   -18.2    -5.3
365.234   -13.9   -13.2    -7.7
366.895   -15.8   -11.2   -11.1
368.555   -20.6    -4.8   -11.3
370.215     0.6     1.6    -5.8
371.875     3.0   -20.8   -12.0
373.535     2.5   -20.4   -12.7
375.195   -13.5    -6.9     2.6
376.855   -24.8   -10.7   -21.1
378.516   -21.9   -10.9   -23.2
380.176    -7.2     3.3    -1.9
381.836     7.5   -12.7    -6.7
383.496     7.7   -27.7   -19.5
385.156   -10.3    -6.6    -7.1
386.816   -30.0    -3.4   -16.3
388.477    -0.3    -6.4    -4.6
390.137    12.4    -0.3     5.7
391.797    12.4   -10.9    -7.9
393.457     3.1   -23.0   -12.0
395.117   -19.4   -11.4   -10.3
396.777   -36.6     0.1   -13.7
398.438   -23.6    -7.2   -14.6
400.098    25.2    -5.9     0.1
401.758    24.9    -5.0    -0.8
403.418    18.5    -8.1    -2.4
405.078   -24.3   -17.1   -13.5
406.738   -38.6   -20.1   -29.9
408.398   -19.7    -3.0   -11.4
410.059   -13.6     5.8     3.2
411.719    33.1    -1.0     5.8
413.379    35.0    -8.4    -8.7
415.039   -34.1    -8.7    -5.8
416.699   -52.8   -17.1   -23.2
418.359   -38.4   -22.4   -37.7
420.020    16.9     2.0    15.3
421.680    44.7     9.1    19.1
423.340    16.6   -10.4   -19.0
425.000   -35.4    -4.9    -9.0
426.660   -55.9   -18.5   -19.4
428.320   -23.0   -34.0   -32.2
429.980    10.3   -12.1    -1.7
431.641    33.6    16.7    16.5
433.301    -4.3   -11.9   -24.2
434.961   -39.4   -17.2   -15.3
436.621   -48.4   -22.8   -21.0
438.281   -18.5   -29.7   -27.5
439.941    26.0     7.8    13.1
441.602    28.7    21.6    18.7
443.262     3.2     5.8    -9.3
444.922   -36.4   -19.0   -22.9
446.582   -43.5   -25.3   -25.1
448.242   -12.9   -22.2   -11.2
449.902    14.6   -10.9     1.9
451.562    23.9    12.0     3.4
453.223     9.1    12.4    -3.8
454.883   -31.8     2.3   -12.1
456.543   -25.1   -29.7   -22.7
458.203     2.5   -14.6     3.2
459.863     7.0     4.0     6.5
461.523     6.5     7.3    -2.8
463.184     0.8    -2.5   -16.3
464.844   -23.7     0.9    -7.6
466.504   -12.2   -21.7   -14.2
468.164     2.2   -33.6   -18.8
469.824     4.3     2.4     0.0
471.484    -9.1     5.8    -8.1
473.145   -21.5   -10.9   -21.2
474.805   -11.1    -8.1    -9.5
476.465   -12.0    -4.6    -5.6
478.125    14.6   -10.9    -6.1
479.785     2.2    -5.2    -5.9
481.445   -23.3    -4.8    -9.9
483.105   -37.9   -16.5   -22.5
484.766   -22.1   -17.8   -18.6
486.426    16.6     1.1    10.4
488.086    19.8    -0.9     4.4
489.746     5.4    -4.5    -7.4
491.406   -40.5   -15.6   -29.2
493.066   -42.4   -13.6   -17.9
494.727   -30.6   -15.6   -11.0
496.387     8.0   -14.6    -5.3
498.047    34.2     9.4     9.7
499.707   -13.7     4.4   -11.8
501.367   -53.0   -36.0   -41.4
503.027   -40.7   -32.0   -23.7
504.688   -19.7   -13.6     5.1
506.348    29.3    -6.9   -12.8
508.008    26.7    12.8     8.2
509.668   -17.6    16.1    11.6
511.328   -47.3   -26.4   -37.6
512.988   -30.3   -36.2   -18.8
514.648     4.1    -0.7     8.4
516.309    22.5     2.1    -3.2
517.969    22.6     0.0    -4.8
519.629   -16.8    13.9    -0.9
521.289   -34.1   -26.1   -34.9
522.949   -22.4   -32.4   -12.1
524.609    19.3    -6.2     0.6
526.270    21.0     7.9    -1.3
527.930   -12.8    10.1    -0.2
529.590   -30.2     1.7   -14.1
531.250   -35.6   -13.2   -28.9
532.910    -6.2   -17.7     0.4
534.570    22.5   -12.3     5.0
536.230    21.4    -8.6    -6.5
537.891    -2.5     5.7    -7.1
539.551   -32.7   -13.3   -29.4
541.211    -8.4   -23.6   -12.3
542.871     0.5   -22.3    -5.9
544.531    14.4    -7.3    13.1
546.191    14.5   -10.4   -11.8
547.852     1.8    -6.9   -16.5
549.512   -44.2   -12.8   -19.9
551.172   -43.9   -17.8   -22.3
552.832    21.1   -12.1    -1.6
554.492    36.6     8.1    21.0
556.152    -7.0   -15.6   -19.1
557.812   -32.8   -13.0   -25.3
559.473   -47.2    -5.1   -22.5
561.133   -34.3    -6.9   -17.9
562.793    35.1    -4.0    15.4
564.453    42.3     3.2    19.6
566.113    10.4    -2.9    -9.0
567.773   -21.4   -11.0   -18.3
569.434   -42.4   -10.7   -21.0
571.094   -31.4    -8.7   -13.4
572.754   -16.4    -8.8   -15.4
574.414    39.0    -3.9     9.4
576.074    36.2    -5.8     7.3
577.734     4.2   -18.0   -14.1
579.395   -55.2    -5.4   -15.5
581.055   -54.7    -4.8   -20.9
582.715    -0.2   -13.6   -14.5
584.375    24.2     1.4    10.7
586.035    21.8   -12.8    -2.8
587.695    -0.5   -17.8   -20.2
589.355   -28.7    -4.7   -11.0
591.016   -42.5     5.6   -10.5
592.676   -34.5     0.2   -16.6
594.336    10.3   -12.7    -6.8
595.996    17.3   -10.0     5.3
597.656     0.9   -16.5    -9.3
599.316    -8.8    -8.6   -13.4
600.977   -25.4    11.5    -7.4
602.637   -11.7   -12.2   -18.6
604.297    -6.8   -20.3   -14.5
605.957     4.8   -29.2    -4.6
607.617     5.8   -22.5    -3.4
609.277    -1.0     1.9    -6.3
610.938    -7.0     8.5    -7.2
612.598   -12.3     6.1    -8.8
614.258   -12.8    -9.6   -11.4
615.918   -11.8   -40.8   -23.5
617.578    -7.4   -41.5   -22.9
619.238     0.6    18.0     9.4
620.898     0.6    29.1     7.3
622.559     0.2    14.6   -12.1
624.219    -6.7   -16.1   -16.8
625.879   -19.2   -32.4    -9.5
627.539   -23.5   -47.0   -22.3
629.199     4.5    10.3     5.3
630.859     6.9    43.0    11.5
632.520     4.6    19.4    -9.3
634.180     3.7   -13.0   -20.4
635.840   -25.7   -39.2   -15.8
637.500   -18.0   -36.5   -16.3
639.160    -2.7   -18.9   -10.8
640.820     9.7    47.7    10.6
642.480     1.0    31.2     1.2
644.141    -6.5   -20.2   -16.1
645.801   -15.1   -52.6   -25.0
647.461   -22.2   -39.4   -19.0
649.121   -17.7     5.5    -2.1
650.781     3.0    35.4     0.6
652.441    11.2    32.4    -2.3
654.102     2.5    -8.0    -7.7
655.762    -9.5   -56.7   -25.9
657.422   -13.3   -53.3   -24.9
659.082   -23.7     4.3    -1.2
660.742   -13.6    35.2     6.8
662.402    -0.4    34.8    -2.8
664.062     7.7   -15.3    -9.6
665.723     4.0   -34.2     3.9
667.383    -5.6   -45.9   -24.8
669.043   -10.9   -37.4   -28.5
670.703   -25.6    35.2     7.8
672.363   -21.4    25.6    -5.2
674.023    -1.0   -10.6   -28.9
675.684    21.9   -22.8    16.9
677.344    12.4   -21.1     8.2
679.004   -13.9   -27.2   -36.2
680.664   -42.4    13.8    -8.3
682.324   -47.3    24.6     0.0
683.984    -8.2    -4.1   -20.1
685.645    36.0   -22.1    14.0
687.305    18.9    -6.8    14.1
688.965    10.9    -7.9     7.4
690.625   -34.0   -14.8   -31.1
692.285   -57.8     1.2   -20.7
693.945   -36.7     1.8   -17.6
695.605    22.0   -15.3     2.4
697.266    46.5    -7.2    20.0
698.926   -11.3    -4.5   -13.5
700.586   -29.6    -5.3   -20.7
702.246   -58.4   -11.6   -29.3
703.906   -42.9   -18.3   -33.4
705.566    19.0    -1.6     6.5
707.227    50.3     7.2    22.1
708.887    20.0   -12.1    -9.2
710.547   -33.0   -12.2   -14.1
712.207   -68.3   -17.9   -34.4
713.867   -64.7   -19.6   -36.4
715.527    -1.6   -16.7   -15.7
717.188    53.1    18.4    27.2
718.848    36.2    -0.8     9.1
720.508   -28.9   -20.3   -25.0
722.168   -55.9    -9.0   -24.3
723.828   -42.9   -19.3   -24.2
725.488    14.2    -4.4    -2.4
727.148    44.6    15.2    23.6
728.809    37.0     9.2    16.1
730.469    18.0    -3.8    -0.3
732.129   -43.7   -25.4   -38.2
733.789   -41.5    -8.7   -13.7
735.449    22.2    -0.2    -0.3
737.109    35.5    -1.6     5.4
738.770     9.4    -6.8    -0.6
740.430    12.5    -5.5    -0.9
742.090   -36.9   -20.7   -21.5
743.750   -41.9   -21.0   -21.4
745.410   -22.1    -4.1   -17.4
747.070    12.0     7.1     7.6
748.730    13.5   -11.8     0.0
750.391    -2.2   -25.2   -12.7
752.051   -16.0    -5.2     6.4
753.711   -27.9     3.6    -4.0
755.371    -3.0    -4.8   -17.4
757.031     6.2     6.0    16.9
758.691     1.9   -10.0    -1.2
760.352    -3.0   -37.8   -29.4
762.012   -14.6     0.3     0.1
763.672   -16.4    17.9     1.4
765.332    -5.7    -3.2   -21.0
766.992    -3.2    -6.5    -2.3
768.652    -3.2   -20.9    -9.5
770.312    -4.8   -29.9   -17.2
771.973   -15.0   -18.7    -9.0
773.633    -4.8    17.7    -5.7
775.293    -0.6    19.2     1.7
776.953     0.5   -17.9   -13.6
778.613    -1.0   -39.4   -22.9
780.273   -14.7   -21.4    -4.4
781.934   -18.8     0.7    -5.7
783.594   -12.7     6.4   -19.7
785.254     4.2    13.1     3.3
786.914     3.2    10.6     3.8
788.574    -6.4   -34.5   -20.6
790.234   -13.0   -41.4   -17.1
791.895   -14.2     8.8   -16.7
793.555   -13.1     8.5   -15.7
795.215   -20.1     5.0   -26.6
796.875   -10.2     7.8    -2.4
798.535    12.1   -20.6    -3.3
800.195     5.4   -42.1   -26.3
801.855   -14.2     7.5    -2.1
803.516   -25.5    18.9    -1.6
805.176   -31.0     5.6   -17.2
806.836   -17.2   -12.7   -17.2
808.496     9.6   -13.8     2.6
810.156    20.0   -14.8    -0.6
811.816     8.0   -17.1    -5.5
813.477   -31.5     5.4   -14.4
815.137   -41.0     5.4   -17.4
816.797   -23.8    -8.4   -16.2
818.457     8.6   -20.7    -6.3
820.117    27.5    -6.7     9.0
821.777    22.2     3.8    11.4
823.438    -1.2     0.8    -5.2
825.098   -51.2   -17.1   -32.7
826.758   -43.6    -5.9   -15.6
828.418    14.9   -22.9    -2.9
830.078    30.2   -23.7    -3.6
831.738    17.0    14.5    10.3
833.398     0.0    18.4     6.3
835.059   -47.1   -10.7   -36.6
836.719   -37.9   -12.8    -4.2
838.379     4.4    -5.6    14.5
840.039    48.5   -14.2    -6.8
841.699    41.9    -9.7    -6.9
843.359   -23.1    18.3     3.7
845.020   -37.2    13.8    -7.7
846.680   -52.8   -30.1   -44.5
848.340    -8.4   -13.4     7.3
850.000    26.3     2.5    16.6
851.660    44.1    -2.2    -4.4
853.320   -17.2     7.3    -2.9
854.980   -16.5     7.3    -3.6
856.641   -51.6   -20.4   -35.5
858.301    -5.5   -26.3   -11.5
859.961    35.6    -4.7    15.2
861.621    43.2     7.7    19.0
863.281    17.1     4.0    -8.4
864.941   -36.3     0.4   -21.6
866.602   -45.1    -6.2   -18.0
868.262   -28.4   -22.9   -15.1
869.922    10.1   -27.7   -14.4
871.582    25.2     6.7     8.5
873.242     1.3     9.9    -2.1
874.902    -6.5     6.4   -13.6
876.562   -27.6   -12.9   -25.3
878.223   -22.8   -11.9    -7.4
879.883   -14.0   -20.3   -10.0
881.543     9.6   -26.2   -17.3
883.203     1.9    10.6    10.0
884.863    -7.8    12.6    -1.0
886.523   -24.4   -10.8   -24.7
888.184   -26.5   -13.7   -23.8
889.844   -11.8   -18.3    -2.6
891.504     1.8   -22.2     0.5
893.164    12.0   -18.9    -5.8
894.824     7.8    -1.8    -9.4
896.484   -12.1    18.6     0.4
898.145   -17.0   -19.7   -23.0
899.805    -5.3   -29.8   -11.5
901.465     0.1   -23.2    -5.2
903.125     0.4    -3.5    -0.4
904.785    -7.0     0.8   -16.5
906.445   -13.5     6.1    -0.3
908.105   -10.3     5.1     2.2
909.766     1.3   -18.0   -11.4
911.426    -6.8   -33.0   -27.1
913.086    -8.3    -7.1    -3.7
914.746    -2.8    15.8     7.4
916.406    -7.4     2.7   -17.4
918.066    -7.8    -6.7   -21.5
919.727    -9.6   -11.5    -0.8
921.387    -4.6   -25.8   -17.0
923.047    -1.9   -29.1   -27.5
924.707    -2.7    11.6     9.2
926.367   -10.4    22.9    -5.0
928.027   -14.3    -6.9   -26.8
929.688   -15.1   -24.8   -20.0
931.348    -1.5   -21.3    -2.4
933.008     4.6   -18.8   -14.3
934.668     2.3    -7.0   -11.1
936.328   -17.6    19.7     4.3
937.988   -15.2     7.0   -18.8
939.648   -11.7   -22.8   -19.4
941.309    -1.8   -28.9    -5.2
942.969     5.5   -21.5    -7.4
944.629     9.4   -11.8    -9.2
946.289    -1.5    15.5    -1.7
947.949   -21.2    14.3   -15.2
949.609   -18.9    -7.8   -16.4
951.270   -12.4   -24.5   -13.2
952.930     8.7   -29.1   -13.3
954.590     7.0   -14.5    -9.3
956.250    -1.8    15.5     5.8
957.910   -18.9    13.7   -14.8
959.570   -31.5   -10.4   -29.6
961.230   -29.1   -18.0   -23.1
962.891    -3.5   -23.9     0.0
964.551     8.7    -9.7    -5.8
966.211     0.3     7.1    -1.7
967.871   -19.3    25.9    -1.7
969.531   -33.0    -9.9   -27.5
971.191    -5.9   -28.2    -9.1
972.852     3.5   -27.2    -1.8
974.512    27.2   -15.3     6.8
976.172     4.3    -1.0   -11.7
977.832   -18.0     9.7   -14.7
979.492   -41.6     4.7   -17.9
981.152   -40.8    -1.4   -21.5
982.812     2.5   -27.5   -14.6
984.473    28.4    -3.8     9.9
986.133    19.5    -1.5     3.6
987.793   -11.6    -0.2   -16.0
989.453   -28.5    -2.2   -21.5
991.113   -32.0    -3.5   -16.9
992.773   -21.5    -5.0    -9.6
994.434    25.5   -16.8     3.9
996.094    35.4   -13.4     4.6
997.754    23.5    -2.3     4.1
999.414   -38.1     0.1   -25.3
1001.074   -52.1   -15.4   -36.9
1002.734   -32.6   -13.9   -16.0
1004.395    19.0     0.0    20.9
1006.055    42.5   -12.0    -2.3
1007.715    25.6   -14.0   -11.7
1009.375   -17.2    -6.6    -9.7
1011.035   -49.8    -8.7   -33.4
1012.695   -29.9   -16.3   -27.4
1014.355    33.6     7.6    18.9
1016.016    43.1    -5.5     1.2
1017.676    26.4   -15.8    -6.3
1019.336   -32.2   -13.3   -15.5
1020.996   -53.2   -12.8   -24.8
1022.656   -42.5    -8.9   -27.3
1024.316    15.2     5.0     8.0
1025.977    33.1    -1.6    14.4
1027.637    29.6    -7.4    16.0
1029.297    -9.1   -26.1   -21.7
1030.957   -51.4   -20.4   -30.8
1032.617   -45.4    -5.8   -20.0
1034.277    -0.1     9.2    -3.7
1035.938    31.6   -13.5    -0.7
1037.598    28.1   -10.8     5.1
1039.258     1.3   -17.0    -1.6
1040.918   -32.2   -21.1   -23.8
1042.578   -34.5     7.1    -9.9
1044.238     6.0    14.2     0.0
1045.898    10.2    11.2     0.5
1047.559    18.9    -9.1    -9.9
1049.219     8.5   -14.0     4.9
1050.879    -5.3   -11.9     4.3
1052.539   -27.3   -10.8   -25.0
1054.199   -27.2    -4.2   -25.8
1055.859   -23.5     9.2    -8.2
1057.520    16.7   -13.0    -8.9
1059.180    21.0   -26.8    -8.7
1060.840    10.3   -25.8    -3.5
1062.500   -20.6    -0.4    -8.6
1064.160   -24.0     1.1   -16.7
1065.820   -18.2    -0.7   -13.4
1067.480   -16.1    -3.1   -10.8
1069.141     9.6   -16.9    -3.8
1070.801    16.5   -22.2    -6.7
1072.461    -0.1   -11.4    -9.8
1074.121   -29.0     3.2    -8.5
1075.781   -29.1     4.3   -10.8
1077.441   -19.4    -3.2   -21.1
1079.102    -7.8   -18.2   -21.1
1080.762     7.3   -18.4    -3.0
1082.422    10.8    -7.3    -1.3
1084.082     3.1    -6.6   -12.3
1085.742   -20.6     2.0   -16.8
1087.402   -34.3     1.7   -11.2
1089.062   -13.8   -22.4   -21.9
1090.723    -6.7   -28.9   -24.8
1092.383    12.9    -9.4    14.5
1094.043    16.9     9.5     5.7
1095.703   -35.2    -5.0   -17.5
1097.363   -45.0    -1.9   -10.9
1099.023   -17.4   -16.7    -8.7
1100.684     0.8   -28.1   -20.1
1102.344    16.8   -22.3    -7.1
1104.004     8.7    13.9     9.3
1105.664   -11.9     1.0   -21.6
1107.324   -22.3    -7.0   -23.8
1108.984   -28.9   -14.0    -9.7
1110.645   -17.7   -17.5   -13.6
1112.305    15.1   -27.5   -16.5
1113.965    16.0     6.2    13.7
1115.625    -7.6    15.7     3.2
1117.285   -25.8    -7.6   -27.0
1118.945   -27.6   -18.9    -9.5
1120.605     5.2   -17.0    -5.6
1122.266    18.3   -12.4    -2.3
1123.926    19.8     3.0     3.1
1125.586     0.2     4.5    -5.0
1127.246   -29.5   -11.0   -18.6
1128.906   -34.9   -16.2   -18.1
1130.566    -8.0   -21.7   -17.2
1132.227     4.9   -11.5    -1.4
1133.887    13.1     5.1     5.3
1135.547    11.9     2.4    -8.8
1137.207   -16.9    -8.3   -14.2
1138.867   -32.4    -8.5   -12.0
1140.527    -1.6   -14.5   -16.4
1142.188    12.4    -5.6    -5.3
1143.848     3.0     3.5     2.1
1145.508    -4.2    -2.9    -2.8
1147.168    -6.9   -15.7   -12.8
1148.828   -19.0   -13.0   -17.8
1150.488   -23.2   -12.3   -13.5
1152.148     6.3    -5.6    -3.9
1153.809    15.8     3.2    -2.6
1155.469    12.6     3.5    -0.7
1157.129   -20.3   -12.8   -17.8
1158.789   -18.5   -11.8   -19.0
1160.449   -14.0    -9.0   -13.6
1162.109     5.4    -2.9    -3.7
1163.770     5.1    -3.1    -3.7
1165.430     2.7    -1.1    -6.9
1167.090   -21.6   -13.2   -11.3
1168.750   -19.8   -21.4    -9.3
1170.410    -6.8   -15.5   -13.1
1172.070    -2.9     1.5   -11.4
1173.730     3.7     6.6     4.4
1175.391    -2.3     3.9     5.3
1177.051    -5.9    -8.9   -11.6
1178.711    -4.4   -15.8   -15.9
1180.371   -10.1   -13.0    -0.7
1182.031   -10.6   -12.9   -25.4
1183.691    -3.1     0.4    -4.5
1185.352    -5.5     8.6     8.9
1187.012    -5.9     6.2     2.9
1188.672     2.3   -22.2   -16.7
1190.332    -7.1   -16.9    -0.3
1191.992   -14.5   -11.7   -29.4
1193.652   -12.6     5.3    -2.9
1195.312   -11.5     8.6    -1.0
1196.973    -4.8    -8.1   -14.0
1198.633    11.4   -19.2     1.1
1200.293     7.3   -14.2     7.3
1201.953    -9.8   -18.7   -30.0
1203.613   -31.8     2.3    -5.6
1205.273   -28.9     7.2    -3.1
1206.934     9.0    -8.3    -6.6
1208.594    15.4   -10.3     2.1
1210.254    21.7    -5.0     5.5
1211.914    10.1   -10.7    -7.1
1213.574   -26.4   -20.2   -28.2
1215.234   -44.0    -5.9   -14.3
1216.895   -27.0     0.5   -15.1
1218.555    16.5    -3.9    -1.8
1220.215    24.4     1.8     8.4
1221.875    25.6     2.0     9.2
1223.535   -22.6   -24.6   -24.4
1225.195   -42.0   -11.7   -18.6
1226.855   -31.9    -2.9   -18.0
1228.516     3.1     0.5    -8.5
1230.176    27.7     9.9    10.8
1231.836    27.3     0.9     7.9
1233.496    -4.5   -20.4   -12.3
1235.156   -39.2   -19.3   -28.8
1236.816   -43.6   -10.4   -24.7
1238.477   -21.7    -1.1    -7.8
1240.137    24.6     8.5    12.4
1241.797    36.5    11.3     8.7
1243.457   -20.3   -26.8   -24.7
1245.117   -30.9   -27.7   -20.4
1246.777   -35.4   -16.0   -18.2
1248.438   -34.0   -13.0   -18.0
1250.098     6.7     7.8    -0.3
1251.758    24.6     5.0     2.0
1253.418     3.4   -20.9   -10.9
1255.078   -12.7   -25.3   -10.5
1256.738   -30.9   -18.3   -18.0
1258.398   -24.5    -6.6   -25.9
1260.059    -2.8    13.3     0.8
1261.719     9.2     1.7     5.8
1263.379    17.0   -10.9    -1.9
1265.039     4.3   -22.3   -10.5
1266.699   -25.4   -10.2   -15.5
1268.359   -27.7   -11.3   -20.0
1270.020   -19.7     2.0   -15.8
1271.680   -14.0     5.5    -1.3
1273.340     7.6    -7.8    -7.6
1275.000    16.1   -19.5   -11.0
1276.660     4.4   -11.8     4.2
1278.320   -21.6    -2.3   -16.6
1279.980   -27.2    -2.6   -21.2
1281.641   -32.4     0.2   -14.7
1283.301    -7.8   -14.8    -4.2
1284.961    14.2   -18.0    -2.4
1286.621    22.9    -9.7     4.9
1288.281    14.3    -3.4     3.8
1289.941   -31.5     6.0   -22.3
1291.602   -47.9    -4.2   -28.5
1293.262   -22.6   -22.4   -12.6
1294.922    24.8   -15.7     8.3
1296.582    34.4    -8.1     9.6
1298.242    -9.2     8.6    -9.2
1299.902   -50.3    -1.6   -21.6
1301.562   -51.8    -4.2   -23.3
1303.223   -52.3   -27.0   -32.6
1304.883    18.0   -13.1     3.6
1306.543    29.8     0.7    16.8
1308.203    32.0     6.5     9.5
1309.863   -17.9     4.4   -11.7
1311.523   -60.0   -10.8   -27.7
1313.184   -14.6   -35.7   -15.2
1314.844   -14.0   -34.6   -16.3
1316.504    23.6   -15.9    11.8
1318.164    33.2    10.6    18.1
1319.824    13.3    10.3    -4.8
1321.484   -30.4    -0.6   -30.1
1323.145   -50.3   -10.1   -31.7
1324.805   -34.3   -29.3   -22.1
1326.465    24.9   -17.9     2.5
1328.125    30.4   -11.8     5.5
1329.785    -0.9    11.8    -4.8
1331.445   -26.5     4.4   -14.7
1333.105   -33.2   -15.1   -26.1
1334.766   -16.4   -19.4   -15.2
1336.426     5.3   -12.4     3.9
1338.086    11.7   -11.8     1.0
1339.746     6.3    -1.5    -7.4
1341.406   -16.8     0.1    -6.0
1343.066   -22.4    -2.5    -8.6
1344.727   -13.9   -17.7   -23.2
1346.387     4.0    -6.8     8.5
1348.047    -2.7    -8.6     1.4
1349.707    -4.4   -14.6   -22.5
1351.367   -13.1    -9.0   -23.2
1353.027    -8.8     2.8     3.4
1354.688    -7.3    -7.2    -9.5
1356.348     6.4   -13.9    -9.6
1358.008   -12.1    -1.0     1.7
1359.668   -23.0   -12.2   -18.6
1361.328   -19.5   -24.7   -29.6
1362.988    -8.6    -1.6     7.2
1364.648    10.8     8.9     1.1
1366.309    11.7    -6.1   -11.8
1367.969   -11.5    -6.9   -11.1
1369.629   -35.3   -16.5   -23.2
1371.289   -30.7   -29.2   -27.4
1372.949    15.1     4.9     9.5
1374.609    18.9    16.9     6.5
1376.270    23.7    16.3    -4.4
1377.930   -19.4    -9.0   -16.4
1379.590   -29.7   -28.4   -23.1
1381.250   -32.7   -31.3   -20.3
1382.910    10.4    -0.2    -4.4
1384.570    25.2    12.2     2.9
1386.230    10.9    16.0     5.0
1387.891   -25.0    -4.8   -18.3
1389.551   -39.9   -40.5   -31.4
1391.211   -29.5   -34.2   -17.2
1392.871    23.1     6.1     8.0
1394.531    26.0     7.6     6.5
1396.191     3.9    14.1    -5.7
1397.852   -23.7    -0.1   -15.0
1399.512   -35.5   -20.1   -22.9
1401.172   -23.9   -45.9   -21.1
1402.832     9.8    -8.2     7.9
1404.492    17.7    17.4     8.0
1406.152    -5.3    10.1   -20.3
1407.812   -29.4    -9.2   -15.8
1409.473   -31.0   -11.7   -14.5
1411.133    10.1   -22.1    -4.0
1412.793    18.3    -8.2    -3.1
1414.453     4.5    23.7     3.9
1416.113   -15.8    10.7   -14.4
1417.773   -29.4   -13.9   -23.4
1419.434   -19.8   -21.8   -13.6
1421.094    13.3   -20.8    -3.3
1422.754    18.1   -12.4     3.7
1424.414    -2.6     7.7    -4.9
1426.074   -22.0     4.6   -16.6
1427.734   -28.6     2.0   -16.8
1429.395   -11.1   -28.0   -16.8
1431.055     9.0   -18.4     2.4
1432.715    22.0    -3.3    14.4
1434.375    -0.1     1.3   -12.1
1436.035   -21.1    -5.9   -26.2
1437.695   -32.0    -7.1    -7.9
1439.355   -15.7   -13.9   -10.1
1441.016    18.6   -22.4    -4.9
1442.676    13.1     2.1    12.4
1444.336   -30.1   -13.4   -34.1
1445.996   -28.0    -6.2   -16.4
1447.656   -32.3    -9.9   -16.7
1449.316    18.7   -11.0    -1.4
1450.977    16.7    -4.6     2.5
1452.637    -4.8    -0.8    -8.3
1454.297   -21.4    -4.6   -17.2
1455.957   -31.9   -13.5   -20.6
1457.617   -14.3   -10.7   -18.6
1459.277    33.9     1.1    13.2
1460.938    18.7    -2.9     8.9
1462.598   -21.8   -23.5   -30.2
1464.258   -40.5   -19.7   -23.2
1465.918   -16.8    -1.9   -11.4
1467.578    -1.8    -4.6   -10.2
1469.238    24.0    -1.1     8.1
1470.898    25.2     5.7    14.2
1472.559    -9.9   -12.6   -12.3
1474.219   -42.0   -29.1   -35.7
1475.879   -30.5    -5.2   -12.1
1477.539     8.9     5.6     1.8
1479.199    25.0    -3.3    -0.8
1480.859    -1.7    -3.0    -0.1
1482.520    -8.1    -1.5    -1.0
1484.180   -33.7   -26.5   -29.1
1485.840    -4.3    -8.3    -8.9
1487.500     7.7     8.7     4.3
1489.160    11.5    -1.2    -4.8
1490.820    -0.3   -14.3    -7.1
1492.480   -23.4   -20.3   -11.3
1494.141   -29.1   -18.8   -15.9
1495.801    -7.3    -8.4   -13.1
1497.461     9.4     6.8    -1.2
1499.121    10.4     8.8     1.3
1500.781   -16.9   -21.4   -10.6
1502.441   -21.5   -20.1   -12.1
1504.102   -24.4   -15.0   -21.6
1505.762     1.5     4.6     3.5
1507.422    14.5     2.5    -5.4
1509.082    -7.9    -8.3   -12.6
1510.742   -24.4    -6.0    -3.2
1512.402   -26.4   -20.6    -9.9
1514.062   -12.4   -24.7   -30.5
1515.723     1.8    -8.2   -12.6
1517.383    13.8    20.2    17.5
1519.043     7.4   -11.2   -17.8
1520.703   -26.8   -18.7   -22.8
1522.363   -33.5    -2.7     4.4
1524.023   -10.4   -11.4   -11.8
1525.684    12.0   -15.8   -22.2
1527.344    11.2    13.3    14.6
1529.004     0.8    11.7     6.2
1530.664   -29.1   -29.5   -35.5
1532.324   -28.5   -17.9   -18.1
1533.984     4.6     3.1    -4.4
1535.645    17.5    -7.6    -5.7
1537.305     4.1    -2.0     0.1
1538.965   -25.5   -14.0   -23.1
1540.625   -31.7   -20.8   -28.4
1542.285   -30.2   -14.2   -20.0
1543.945     0.0     4.4     2.6
1545.605    20.6   -12.1    -0.9
1547.266     3.0   -24.7   -17.9
1548.926   -18.5   -17.2   -18.5
1550.586   -33.2    -1.8   -11.6
1552.246   -13.3    -7.9   -18.0
1553.906     3.6    -9.0   -10.0
1555.566    17.3     2.1     7.2
1557.227    13.5    -9.0    -2.1
1558.887   -14.6   -28.4   -26.0
1560.547   -35.3     1.3    -5.7
1562.207   -18.0    11.1    -6.0
1563.867    -3.9     1.2   -12.4
1565.527    12.9   -13.9    -0.5
1567.188     6.9   -13.6     2.3
1568.848    -6.1   -20.8    -8.3
1570.508   -25.2   -12.5   -21.0
1572.168   -21.0    21.6    -6.7
1573.828     2.3    -6.6   -11.2
1575.488    12.2   -30.6   -13.9
1577.148     8.4   -27.9    -3.9
1578.809   -22.2     3.7   -16.6
1580.469   -22.7     6.6   -20.4
1582.129   -21.3     8.3   -12.2
1583.789     2.1    -4.3     0.0
1585.449    13.3   -21.2    -6.0
1587.109     4.7   -36.2   -21.5
1588.770    -3.5   -36.1   -18.5
1590.430   -17.3    19.1     6.6
1592.090   -14.7     7.5   -25.3
1593.750    -6.8   -15.9    -8.8
1595.410    -2.9   -16.0    -0.2
1597.070     1.0   -26.4   -14.7
1598.730   -11.7    23.5    11.4
1600.391   -10.1    22.7    11.6
1602.051   -14.3    12.4   -18.0
1603.711   -14.5   -14.9   -33.5
1605.371     1.6   -16.2    13.2
1607.031    -2.1    -8.8     1.7
1608.691    -4.4    -7.0   -12.1
1610.352   -19.0    20.3     9.9
1612.012   -15.0    13.5    -6.4
1613.672    -3.6   -27.7   -23.8
1615.332    -5.5   -17.1    -1.8
1616.992     2.6    -9.2    -4.4
1618.652    -3.8    -1.7    -5.2
1620.312   -11.0     8.3   -14.7
1621.973   -10.0   -12.2   -24.9
1623.633     0.0   -16.8    -3.1
1625.293    -1.9   -15.2    -3.2
1626.953    -2.2   -18.2   -19.0
1628.613    -8.9    14.2    13.4
1630.273    -3.2    -3.8   -16.5
1631.934   -12.2   -25.8   -22.9
1633.594    -9.5   -11.4     2.8
1635.254    -5.2   -11.0    -2.3
1636.914   -13.1   -19.9   -22.7
1638.574    -2.1     9.3    -2.7
1640.234    -0.9    17.4     6.0
1641.895    -3.0   -11.6   -13.1
1643.555   -15.3   -26.5   -14.5
1645.215    -9.6    -8.1    -0.9
1646.875   -22.6   -11.9   -21.2
1648.535   -12.2    -1.1   -18.7
1650.195    10.3     9.7     8.0
1651.855     6.4   -16.3   -12.2
1653.516    -0.2   -24.2   -20.3
1655.176   -19.7   -22.5   -18.9
1656.836   -35.7   -10.7   -14.1
1658.496   -10.1     0.1    -6.0
1660.156    16.7     0.3    -3.8
1661.816    18.6    -0.1    -4.9
1663.477    -6.9   -13.6    -6.7
1665.137   -36.7   -25.2   -24.0
1666.797   -37.6   -25.3   -28.5
1668.457   -13.4     3.1    -2.0
1670.117    12.0     7.8    -1.6
1671.777    24.0    -3.9    -9.1
1673.438    21.5    -0.5     1.3
1675.098   -34.4   -24.1   -31.2
1676.758   -38.7   -31.6   -32.7
1678.418   -25.4    -5.8    -3.6
1680.078    26.9     9.9    -1.2
1681.738    36.5     5.8    -4.2
1683.398   -22.8    -8.8    -8.2
1685.059   -38.6   -26.5   -27.8
1686.719   -37.6   -32.1   -31.2
1688.379   -12.1     1.0    -0.7
1690.039    18.4    12.2     9.5
1691.699    16.4     2.7    -2.2
1693.359     3.9    -8.9   -11.2
1695.020   -29.9   -28.4   -17.1
1696.680   -29.1   -19.7   -15.4
1698.340   -19.4   -17.3   -20.3

Event #27  ts=2026-09-25 13:03:10.249  [SELECTED]
  t[ns]  u1[mV]  u2[mV]  u3[mV]
  0.000    19.7    15.6     0.7
  1.660     2.2     4.2   -18.4
  3.320     2.3    10.0     5.0
  4.980     4.8     6.1    18.7
  6.641    -5.4   -47.8   -34.4
  8.301   -10.4   -42.9   -28.9
  9.961   -24.1     8.8     9.5
 11.621   -22.3    22.8     6.7
 13.281     0.5     1.4   -14.3
 14.941     1.1   -17.0     0.8
 16.602     0.5   -12.4     7.0
 18.262    -6.6   -25.6   -13.6
 19.922    -9.0   -15.1    -9.6
 21.582   -24.7    16.8   -12.7
 23.242   -15.4     5.8   -11.1
 24.902    -1.4    -8.0    -4.4
 26.562    18.7   -30.9    -4.4
 28.223     9.2   -16.7     4.7
 29.883   -12.0     2.7    -5.5
 31.543   -32.0     3.9   -27.9
 33.203   -38.7     3.8   -21.2
 34.863   -26.3     7.2    -3.7
 36.523    18.8   -22.3    -3.6
 38.184    28.0   -16.6     9.2
 39.844    -2.2     5.3     4.8
 41.504   -44.2    -6.1   -30.5
 43.164   -49.7   -11.3   -27.7
 44.824   -18.0    -4.2    -9.1
 46.484    11.2   -18.2   -14.2
 48.145    49.5    -4.8    20.8
 49.805    22.8    15.9    14.6
 51.465   -49.2   -17.2   -41.9
 53.125   -53.3   -11.3   -15.9
 54.785    -1.7   -13.6   -12.2
 56.445    55.4    -2.5    18.6
 58.105    50.7    12.2    28.0
 59.766     5.4    15.6     3.5
 61.426   -50.7   -22.0   -45.0
 63.086   -56.0   -17.4   -14.9
 64.746    -9.6   -17.9   -11.8
 66.406    34.1   -10.4     5.5
 68.066    57.9    12.6    32.7
 69.727     3.1     3.4   -16.6
 71.387   -39.3   -22.4   -40.3
 73.047   -66.8   -33.5   -28.5
 74.707   -48.2   -22.9   -16.1
 76.367    30.6    -5.1    -6.3
 78.027    56.3    20.4    31.2
 79.688    18.7    10.0     2.1
 81.348    -7.6   -11.8   -23.2
 83.008   -59.8   -23.0   -21.5
 84.668   -46.6   -17.0   -11.9
 86.328     4.3   -12.7   -18.6
 87.988    38.1    13.1    20.9
 89.648     7.2    10.6     4.4
 91.309   -27.4   -32.2   -38.3
 92.969   -40.6   -27.5   -21.9
 94.629   -27.6    -6.8    -4.5
 96.289    14.5     3.2     2.8
 97.949    22.3     7.7    10.9
 99.609    11.5     6.5     4.1
101.270   -14.1   -25.9   -29.0
102.930   -25.3   -23.2   -19.7
104.590   -22.1    -6.2    -5.2
106.250   -19.1    -6.3    -8.9
107.910     2.5     0.0    -0.5
109.570    -1.5    -4.9    -3.9
111.230    -2.1   -18.3   -15.8
112.891    -2.5   -18.4   -12.8
114.551   -13.8    -1.7    -5.9
116.211   -14.5    -3.3    -2.5
117.871   -13.1    -4.6    -1.5
119.531   -11.7   -12.6    -4.7
121.191     2.7   -20.9   -15.5
122.852     7.2     5.6    11.5
124.512     0.7     4.3     1.4
126.172   -16.8   -13.2   -18.6
127.832   -22.1    -9.3    -4.4
129.492   -23.3   -14.5    -9.5
131.152     8.5   -16.5   -11.4
132.812     7.7    20.8    10.0
134.473    -2.5     7.4    -3.3
136.133    -3.9   -11.4   -19.3
137.793   -35.3   -17.3   -16.7
139.453   -19.6   -11.8   -13.2
141.113    17.9     5.5     8.8
142.773    20.0     7.5    11.3
144.434    15.6     7.1    -7.6
146.094   -27.6   -18.2    -9.6
147.754   -29.1   -22.1   -24.2
149.414    -0.1   -12.7   -11.3
151.074    12.1    12.9    16.7
152.734    12.9    17.2    11.4
154.395     1.3   -13.4   -18.9
156.055   -25.9   -21.2    -7.5
157.715   -30.4   -14.2   -11.2
159.375    -9.7   -18.1   -24.8
161.035     2.3     4.2     0.8
162.695     3.9    20.6    16.5
164.355    -2.8   -23.5   -27.9
166.016   -17.9   -28.2   -20.7
167.676   -18.2    -3.3    -3.9
169.336    -2.0    -7.1   -20.7
170.996    -1.3     0.9    -1.4
172.656     7.6     9.2    11.2
174.316     0.0   -10.8    -7.5
175.977    -8.7   -26.8   -24.2
177.637   -12.0     0.7    -0.5
179.297   -15.1     4.6     3.6
180.957     7.4    -1.4    -1.8
182.617   -11.9   -14.2    -7.8
184.277   -13.4   -13.9   -11.4
185.938    -9.2   -16.5   -10.7
187.598    -5.6     1.8    -3.4
189.258    -0.4     8.5    -8.4
190.918    -6.0     2.3   -10.0
192.578   -11.8   -16.3   -14.6
194.238    -8.5   -31.1   -26.5
195.898    -8.2   -15.2    -2.8
197.559     4.7    11.1   -12.2
199.219     3.9     7.5   -14.5
200.879   -60.7   -38.2   -36.7
202.539  -107.3  -128.4  -114.5
204.199  -129.9  -176.7  -140.7
205.859  -153.9  -200.6  -135.4
207.520  -126.4  -170.4  -163.2
209.180   -78.2  -129.1  -135.7
210.840   -87.1  -118.1  -113.8
212.500   -79.6  -130.3  -111.3
214.160   -57.5   -96.8   -78.2
215.820   -39.7   -43.9   -44.7
217.480   -23.7   -19.4   -51.7
219.141   -22.0   -38.9   -63.6
220.801   -22.9   -27.4   -17.3
222.461   -20.7   -36.0   -33.0
224.121   -26.7   -47.7   -44.4
225.781   -18.1     2.1    -9.4
227.441   -14.8    -8.2   -25.8
229.102   -15.9    -8.8   -23.8
230.762    -4.5   -10.8    -7.1
232.422    -2.5   -35.2   -25.4
234.082   -17.1   -19.2    -8.6
235.742   -18.8    -0.1    -0.4
237.402   -13.1    -1.1   -29.5
239.062   -16.1    -8.0   -10.9
240.723     5.1   -18.8    -0.9
242.383     7.7   -28.4   -22.8
244.043   -12.3   -10.1    -3.7
245.703   -21.3    -0.3     3.8
247.363   -22.4     1.9   -36.4
249.023   -11.1    -0.2     1.5
250.684     6.6    -9.6    12.1
252.344    18.5   -31.9   -31.2
254.004   -14.1    -8.7    -4.6
255.664   -35.1     3.5    -9.8
257.324   -34.4   -10.9   -32.5
258.984   -21.5   -11.2   -29.5
260.645    20.0    -0.2     8.8
262.305    20.8   -24.3   -10.5
263.965   -11.8   -21.0   -13.3
265.625   -48.2    -3.3   -19.8
267.285   -39.1   -13.1   -23.8
268.945     1.1     3.8     5.9
270.605    27.4    -0.3     8.3
272.266    31.2   -14.2    -6.5
273.926    -2.6   -16.5    -9.5
275.586   -46.1   -17.0   -30.4
277.246   -53.4   -16.0   -28.5
278.906   -15.8     1.7    -3.6
280.566    31.4    -8.8    -1.1
282.227    13.3    -5.6     6.6
283.887    -0.8    -2.7     0.8
285.547   -29.8   -21.5   -30.6
287.207   -43.8   -20.5   -31.0
288.867   -33.2    -0.9   -10.2
290.527    21.9    -0.6    -0.2
292.188    25.2   -11.2    -2.6
293.848    -7.2    -8.9   -23.2
295.508   -33.2   -28.0   -28.4
297.168   -49.1   -30.5   -29.8
298.828   -19.7    13.5    -0.6
300.488    17.7     9.8    -2.0
302.148    27.5    -2.7    -5.2
303.809   -19.0   -21.4   -24.1
305.469   -25.3   -25.1   -26.3
307.129   -34.6   -17.7   -12.6
308.789    -8.9     5.8   -16.4
310.449    -6.4     5.7   -16.0
312.109    20.2    -2.6     3.4
313.770     2.3   -15.1    -2.9
315.430   -22.8   -28.6   -31.0
317.090   -27.3    -7.0   -10.2
318.750   -23.5    13.1    -5.9
320.410    -6.6    -5.8   -23.9
322.070     5.0    -7.7    -1.0
323.730     8.4    -2.0    16.1
325.391    -8.7   -33.2   -29.7
327.051   -18.5   -19.0   -16.5
328.711   -26.4    15.1    -4.3
330.371   -14.8     1.7   -21.7
332.031    -6.9   -16.6   -23.2
333.691    11.6   -13.1     8.8
335.352     3.9   -28.8   -17.5
337.012   -12.1    -9.2   -16.1
338.672   -23.3    14.3    -3.8
340.332   -23.9     7.8   -12.6
341.992   -11.3   -15.6   -12.5
343.652     1.4   -23.8    -3.2
345.312    12.2   -22.1    -3.7
346.973    -3.1    -0.5    -5.0
348.633   -21.1     6.1    -3.4
350.293   -31.2     8.4   -16.0
351.953    -4.0   -20.7     8.3
353.613    -2.9   -19.1     7.7
355.273     8.4    -7.0    -5.5
356.934    -7.2     8.3     1.7
358.594    -9.2    20.0     5.3
360.254   -22.0    -4.4   -27.0
361.914    -9.8   -16.2     6.0
363.574    -7.6   -16.8     7.9
365.234    13.8   -32.8   -17.9
366.895     9.0   -11.3    -4.6
368.555   -21.4    22.6    -6.3
370.215   -25.2    14.3   -21.7
371.875   -14.5   -17.2   -23.7
373.535    -6.6    -9.6     7.4
375.195    12.3   -27.7   -11.0
376.855    -7.6    -7.8    -1.3
378.516   -22.3    17.2    -3.1
380.176   -18.3     5.4   -18.2
381.836    -6.0    -7.6   -12.5
383.496     1.4   -15.0   -10.3
385.156     3.0   -28.2   -13.2
386.816   -12.6    -2.4    -1.2
388.477   -13.2     1.5   -13.9
390.137   -11.6    -3.7   -19.3
391.797    -6.0     4.8     4.8
393.457     4.7   -13.4    -9.0
395.117   -14.1   -22.0    -4.2
396.777   -19.6    -2.3     0.3
398.438    -6.9    -8.8   -22.6
400.098    -8.2    -5.0   -11.6
401.758     2.1    11.1     9.5
403.418     8.8    -7.6    -9.5
405.078    -3.2   -26.3   -22.4
406.738   -23.1   -12.0     0.9
408.398   -20.2    -6.0    -3.0
410.059     2.5    -5.8   -12.6
411.719     4.6     9.5    10.8
413.379    -5.6    -3.2    -4.7
415.039   -23.3   -23.4   -28.3
416.699   -23.3   -17.2     3.1
418.359     6.5    -3.4    -8.1
420.020    14.5    -4.9   -11.5
421.680    -1.4     7.7    -2.0
423.340   -20.2   -20.5   -22.1
425.000   -21.4   -22.9   -22.8
426.660    -6.6    -9.1    -2.3
428.320     8.8    -4.7   -12.2
429.980     9.4     4.6    -0.4
431.641    -9.2     4.7    -8.3
433.301   -25.4   -15.1   -27.1
434.961   -22.8   -23.1   -11.9
436.621    -4.1   -11.0    -0.2
438.281     9.8    -4.4    -5.8
439.941    11.4     4.0     5.9
441.602     1.8    11.5     5.6
443.262   -22.8   -21.4   -35.3
444.922   -30.5   -30.8   -28.0
446.582   -13.3    -4.0    10.2
448.242    23.3    -1.0    -1.2
449.902    15.1    11.6     8.7
451.562   -20.1     0.7   -18.5
453.223   -32.6   -31.7   -41.1
454.883   -33.2   -37.6   -20.0
456.543   -11.5    -1.2     8.3
458.203    15.6    -2.7    -9.6
459.863    10.4    17.5    14.0
461.523   -19.8    -0.2   -16.9
463.184   -39.1   -40.8   -39.9
464.844   -31.5   -35.6   -24.9
466.504     3.6     2.3     9.7
468.164    19.9     2.6    -5.5
469.824    11.2    12.2    11.0
471.484   -11.7    -3.6   -20.4
473.145   -34.5   -34.2   -36.4
474.805   -17.5   -12.9     6.4
476.465     1.1     0.5    -3.0
478.125    12.9     2.6    -9.7
479.785    -0.6    14.5    11.2
481.445    -7.2    -2.0    -9.1
483.105   -19.1   -41.7   -35.0
484.766   -21.3   -26.7    -5.6
486.426    -2.5     3.6   -11.9
488.086    -0.4    -1.9   -25.6
489.746     0.4     7.5    -1.6
491.406    -6.3   -20.0   -22.9
493.066    -7.3   -35.5   -20.0
494.727    -7.6   -34.0   -14.0
496.387   -14.3     1.4   -13.8
498.047   -11.6     1.6   -23.0
499.707    -8.8     7.1     7.0
501.367     1.8    -4.6     0.2
503.027     9.8   -31.5   -18.2
504.688     8.7   -28.7   -14.8
506.348   -24.2     2.1   -18.3
508.008   -25.6    -2.3   -20.6
509.668   -20.2    -7.1   -13.7
511.328     6.8    -8.0     1.6
512.988    16.7   -14.6    -6.6
514.648    14.8    -5.4     4.4
516.309   -17.4     0.5    -3.7
517.969   -28.7    -2.4   -14.1
519.629   -43.9   -12.7   -31.0
521.289   -16.8   -11.3    -6.6
522.949    36.9   -11.5     1.8
524.609    23.6     7.0     8.9
526.270    -1.4     9.2    -0.4
527.930   -52.4    -9.3   -30.2
529.590   -41.1   -19.8   -23.5
531.250    -8.6   -13.6   -10.1
532.910    36.8   -11.0     4.0
534.570    40.8     4.7    15.4
536.230   -49.5   -10.6   -31.5
537.891   -45.2   -20.0   -25.4
539.551   -39.0   -20.1   -14.6
541.211     3.6   -19.3    -4.3
542.871    31.3   -15.9     1.7
544.531     0.0    20.8     3.6
546.191   -23.5     8.6   -17.9
547.852   -40.7    -9.6   -34.7
549.512   -22.6   -15.0    -4.4
551.172     1.3   -12.4    -7.1
552.832    30.1    -8.5     6.1
554.492    16.3    13.8    14.7
556.152   -16.2     9.6   -12.7
557.812   -37.0   -21.4   -25.1
559.473   -39.2   -19.2   -16.5
561.133     2.3   -16.3    -5.7
562.793    29.2   -18.7     3.0
564.453    -2.1     9.7     8.2
566.113   -13.3    13.6     0.3
567.773   -31.7   -11.2   -23.3
569.434   -18.8   -10.5     0.0
571.094    15.5   -18.0    -0.3
572.754    25.3   -21.7    -6.9
574.414    -7.9     1.7     4.0
576.074   -35.6     8.4   -11.8
577.734   -30.3    -6.1   -30.3
579.395    -4.1    -5.2   -10.7
581.055    18.5   -13.1     6.8
582.715     8.2   -21.8    -8.9
584.375    -2.3   -12.7    -8.1
586.035   -39.0     5.4   -12.1
587.695   -22.6    -0.4   -24.0
589.355    24.2    -6.1    13.1
591.016    23.2    -6.3    13.5
592.676    13.3   -27.2    -7.4
594.336   -24.6   -11.1    -8.0
595.996   -34.4    -6.7   -12.9
597.656   -35.1     3.6   -30.1
599.316    20.1     5.6    11.1
600.977    29.4   -10.7     7.2
602.637     9.4   -32.0   -17.8
604.297   -30.9    -2.7    -1.8
605.957   -25.1    10.1   -27.2
607.617   -14.5     7.7   -18.6
609.277    10.1     6.0    11.2
610.938    18.4   -20.7    -1.4
612.598    11.8   -38.6   -13.1
614.258   -16.5   -16.5     0.9
615.918   -35.9     6.5   -20.6
617.578   -11.3     8.1   -13.1
619.238   -11.3     9.3   -12.3
620.898     8.9    -3.7     5.9
622.559    23.6   -46.1   -17.0
624.219   -14.1    -7.6     3.1
625.879   -32.8    11.1   -21.1
627.539   -33.1     6.4   -29.8
629.199   -16.0     6.7    -1.8
630.859     5.2     3.7     7.5
632.520    10.5   -40.2    -4.5
634.180     3.1   -20.9     0.9
635.840    -7.7    11.1    -6.6
637.500   -34.4     8.2   -19.8
639.160   -26.0     2.1    -4.7
640.820    11.6   -27.0    -9.8
642.480    14.3   -32.8    -3.4
644.141    -0.7    -2.2     8.8
645.801    -4.7    10.7   -14.3
647.461   -21.1     6.7   -28.6
649.121   -26.4    -5.5    -3.9
650.781     3.8   -32.3   -14.3
652.441    21.8   -24.8    -5.8
654.102    11.9    10.1    15.7
655.762    -4.7     9.0   -14.7
657.422   -30.3    -3.8   -21.8
659.082   -36.6    -8.8    -4.5
660.742   -12.3   -27.4   -15.3
662.402    11.2   -27.0   -10.0
664.062    12.7    16.3    26.6
665.723     2.1    14.1    -6.5
667.383   -18.6   -12.0   -34.2
669.043   -30.4    -8.7    -7.3
670.703   -32.6    -9.0    -3.5
672.363    -4.0   -30.9   -18.5
674.023    11.2     5.0    16.0
675.684     1.6    15.4    -6.6
677.344    -8.6    -8.0   -22.9
679.004   -17.7   -17.3   -20.1
680.664   -32.0   -19.0   -15.5
682.324   -14.7   -18.1   -11.8
683.984    14.2     4.6     8.1
685.645    19.5     4.4     1.8
687.305    -7.7    -1.1    -8.4
688.965   -27.8   -12.2   -12.4
690.625   -21.2   -29.6   -27.7
692.285    -9.6    -5.6     6.0
693.945   -12.9    -1.8     9.1
695.605    11.1   -10.6   -16.9
697.266     3.7    -5.0    -1.7
698.926   -13.9     0.4    -6.5
700.586   -26.6   -24.5   -29.8
702.246   -22.4   -23.2   -13.7
703.906    -3.6    -3.9    -5.1
705.566     9.0   -14.6   -12.7
707.227    10.9    -3.2     5.1
708.887    -8.3    15.0     0.6
710.547   -18.8   -13.8   -26.6
712.207   -26.2   -26.4   -25.3
713.867   -18.7   -15.1    -3.1
715.527    -7.3   -14.1   -18.4
717.188    16.2    10.6    13.2
718.848     1.6     8.4   -13.4
720.508   -14.5    -6.1   -22.8
722.168   -23.7   -21.4   -17.1
723.828   -25.7   -20.4   -11.3
725.488   -13.0   -21.3   -19.6
727.148     6.2     7.9    15.0
728.809    14.7    27.9    16.1
730.469    -2.9   -10.0   -28.2
732.129   -21.6   -19.3    -5.4
733.789   -25.8   -31.9   -16.8
735.449   -17.9   -36.5   -24.1
737.109    -0.8     2.2     3.1
738.770     6.7    30.8     3.6
740.430     1.0    -8.0   -21.7
742.090   -12.3   -21.0     0.5
743.750   -23.9   -28.5   -14.2
745.410   -21.0   -24.1   -26.2
747.070   -15.9    -1.8   -10.6
748.730    -4.7    22.8    14.2
750.391    12.7    -5.5   -14.6
752.051     2.9   -17.9    -6.8
753.711   -10.5   -20.5    -2.7
755.371   -13.8   -29.4   -23.5
757.031   -27.5    10.0    -0.9
758.691    -7.2     6.8    -6.5
760.352     2.5     2.2    -9.3
762.012    19.4    -1.3    -8.7
763.672    10.6   -17.2    -0.3
765.332     4.0   -16.4    -3.3
766.992   -41.0     4.3    -7.5
768.652   -40.9     3.7    -9.4
770.312     5.3    -9.1   -13.1
771.973    40.5     0.5    17.0
773.633    13.4    -5.2     0.4
775.293   -13.7   -15.9   -26.2
776.953   -51.0   -14.5   -30.7
778.613   -61.5    -8.5   -14.1
780.273    28.9   -14.9    -2.0
781.934    48.4     5.8    22.3
783.594    39.7    20.5    18.1
785.254    11.3     1.6    -8.5
786.914   -25.7   -11.3   -22.0
788.574   -63.7   -25.8   -29.7
790.234   -48.4   -23.1   -27.3
791.895    41.0    -1.2    18.5
793.555    54.0     5.8    22.4
795.215    35.8    15.1     5.4
796.875   -40.1   -12.1   -19.9
798.535   -51.5   -10.3   -18.0
800.195   -51.2   -38.9   -35.2
801.855     4.1   -20.6     3.2
803.516    49.8    18.6    25.5
805.176    33.7    16.8    -0.5
806.836   -17.3    -1.5   -11.4
808.496   -64.9   -12.4   -16.5
810.156   -64.9   -22.8   -26.9
811.816    -5.6   -37.3   -20.4
813.477    15.8   -21.6     4.9
815.137    33.1    22.7     8.1
816.797     3.6     5.9   -21.9
818.457   -50.3    -5.1   -16.9
820.117   -20.0   -40.5   -21.7
821.777     1.9   -40.4   -16.3
823.438    29.6     0.0    16.5
825.098    29.0    21.2    18.7
826.758   -11.3     3.0   -23.3
828.418   -29.9    -8.4   -30.1
830.078   -26.8   -19.3    -7.3
831.738   -11.7   -29.3    -8.8
833.398    25.7   -12.8    -1.6
835.059    32.4     3.8    14.1
836.719   -24.0     7.4   -19.6
838.379   -30.4    -5.4   -27.0
840.039   -27.4   -12.8   -12.1
841.699     2.2   -13.7    -8.5
843.359    24.1   -19.8    -5.8
845.020    26.8    -9.9     5.9
846.680   -34.8    -1.9   -28.2
848.340   -39.9     0.6   -16.1
850.000   -24.9    -3.2    -6.4
851.660     1.6   -15.3    -9.0
853.320    34.9   -12.0    13.4
854.980    -0.1     3.9    -0.1
856.641   -27.7    -7.9   -35.6
858.301   -45.5    -1.2   -13.9
859.961   -23.2     6.6    10.0
861.621    20.4   -17.9    -9.9
863.281    35.1   -14.4    11.2
864.941     1.9     5.9    10.5
866.602   -37.7   -14.9   -38.8
868.262   -40.8    -1.4   -14.9
869.922   -34.1    12.6     4.4
871.582    18.5   -11.0    -5.0
873.242    32.1   -22.4     3.0
874.902    20.8   -10.1    11.4
876.562   -32.8    -6.6   -25.8
878.223   -46.0    -5.5   -20.7
879.883   -38.9     9.4    -7.3
881.543    22.0   -13.8    -6.3
883.203    27.3   -33.1    -6.8
884.863     7.6   -14.1     0.0
886.523    -2.7    -3.0    -4.4
888.184   -38.2    11.1   -11.1
889.844   -21.8    18.1     1.4
891.504     1.3    -3.8   -10.9
893.164    12.5   -34.7    -4.8
894.824     9.3   -16.6    10.4
896.484    -2.5    -8.0   -12.8
898.145   -23.2    13.0   -19.1
899.805   -26.2    22.7    -7.2
901.465   -10.8    -4.1    -8.1
903.125     3.4   -46.0   -12.3
904.785     3.0   -14.3    16.3
906.445     0.3    -8.4    16.9
908.105    -3.5     7.5   -23.3
909.766   -13.6    19.5   -14.8
911.426   -19.3    18.6     7.0
913.086    -7.7   -45.6   -32.4
914.746    -4.5   -55.6   -22.6
916.406     2.4    17.9     7.6
918.066     4.5    18.8    -5.8
919.727     1.8    17.3   -19.8
921.387   -22.7    11.6     2.6
923.047   -18.1   -37.3   -21.0
924.707    -5.0   -50.9   -19.5
926.367    -0.1     4.4    10.9
928.027     8.1    25.6     2.6
929.688    -9.3    18.7    -9.5
931.348   -11.5    16.5   -10.9
933.008   -24.8   -34.0   -25.2
934.668   -17.2   -42.9   -11.1
936.328    -6.3   -13.6     3.4
937.988     7.5    17.8    -2.4
939.648    -3.5    30.6     6.0
941.309   -17.4    -1.2   -12.0
942.969   -23.6   -50.3   -31.4
944.629   -11.5   -23.3     6.3
946.289     0.2    -1.8     9.7
947.949     5.1     7.6     4.9
949.609     0.3    19.2    -4.2
951.270   -13.3    -4.4    -9.4
952.930   -11.2   -48.2   -24.3
954.590    -8.4   -32.3    -5.0
956.250    -0.5    11.7    -1.7
957.910    -1.5    11.4    -0.6
959.570     5.7    10.7    -1.1
961.230     3.9    14.7     0.7
962.891   -18.1   -27.5   -25.3
964.551   -14.0   -34.5   -12.1
966.211    -3.7    -3.9     6.5
967.871    -0.7     7.5   -10.7
969.531    -0.7     6.1    -4.7
971.191    -3.8     7.7     3.5
972.852    -6.5   -33.6   -29.8
974.512    -5.1   -27.0    -4.1
976.172    -8.8     6.2    13.2
977.832   -11.5     2.7   -16.7
979.492   -12.5     0.2    -3.9
981.152    -2.1     4.6     2.5
982.812     5.9   -25.8   -24.8
984.473     0.0   -16.6     4.6
986.133   -11.4     9.9     1.9
987.793   -20.1     6.7   -11.1
989.453   -19.8   -12.1   -23.6
991.113    -8.9    -2.1     8.6
992.773     2.9   -17.3    -8.1
994.434     1.5   -12.8    -1.1
996.094   -24.0     9.7     0.4
997.754   -29.7   -10.9   -30.2
999.414   -20.0   -12.4   -20.3
1001.074     1.0    -1.8     3.9
1002.734    22.4    -8.0    -1.5
1004.395    13.8   -14.8    -9.9
1006.055   -10.9     0.6    -3.1
1007.715   -35.4    -4.9   -11.5
1009.375    -4.7   -11.6    -5.0
1011.035    -3.7   -12.4    -3.0
1012.695    12.3    -4.4     8.5
1014.355    23.9     0.4     0.1
1016.016    -5.7     1.0    -2.1
1017.676   -34.5   -14.6   -22.0
1019.336   -27.9   -19.3   -22.2
1020.996    -8.7    -1.5     2.2
1022.656    15.8     4.2     5.5
1024.316    33.0    -3.0    -6.6
1025.977    15.9    -2.2     5.5
1027.637   -39.4   -10.7   -16.3
1029.297   -46.3   -33.3   -44.4
1030.957   -15.5    -1.0     2.9
1032.617    10.4    17.2    17.8
1034.277    35.7    -2.1    -8.3
1035.938     1.0    -3.7     5.8
1037.598   -38.5    -9.4   -14.6
1039.258   -42.8   -31.0   -40.4
1040.918   -32.5   -28.9   -28.3
1042.578    19.7     6.1     9.0
1044.238    21.7     7.6     1.1
1045.898    -2.2   -10.4    -5.7
1047.559    -6.3   -14.2   -10.6
1049.219   -33.6   -23.4   -20.8
1050.879   -26.0   -18.3   -16.7
1052.539    -3.5     1.7    -7.3
1054.199    18.9     1.9     2.1
1055.859     9.4    -6.3     3.4
1057.520    -9.9   -20.1   -20.0
1059.180   -20.7   -28.2   -26.9
1060.840   -20.1     1.6     2.9
1062.500   -10.4    13.0     4.0
1064.160    15.2     1.1   -11.7
1065.820    -3.6    -3.5     3.4
1067.480    -2.1   -15.1    -2.0
1069.141    -6.3   -29.2   -27.4
1070.801   -19.4    10.5     1.9
1072.461   -18.1    10.2     1.4
1074.121    -6.1    -5.6   -18.0
1075.781    -0.1   -13.7    -1.1
1077.441    -2.0    -5.2     5.9
1079.102     0.2   -14.8    -9.7
1080.762    -4.6   -13.8   -19.5
1082.422   -15.1    13.6     1.8
1084.082   -22.8     9.2    -1.9
1085.742    -8.1   -24.7   -25.0
1087.402    -1.0    -6.4     7.6
1089.062     8.7    -5.1    -3.8
1090.723    -5.9    -6.1    -7.7
1092.383   -13.4    -6.3   -10.2
1094.043   -41.9    -2.0   -17.7
1095.703   -11.4   -25.2   -16.0
1097.363    -0.6   -17.3     0.8
1099.023    24.0    -2.4     4.6
1100.684    10.4     3.2    -3.6
1102.344   -17.0     2.3    -1.7
1104.004   -41.5   -27.2   -36.0
1105.664   -34.4   -28.1   -27.3
1107.324     0.1    -1.7    13.1
1108.984    19.0     2.5     4.3
1110.645    29.9    -7.1    -8.7
1112.305    12.0     1.6     1.5
1113.965   -32.5     6.5    -7.0
1115.625   -34.7   -44.9   -36.3
1117.285     7.0     7.8    11.3
1118.945    16.5    18.6    12.2
1120.605    37.8     9.0    -2.8
1122.266     0.1    13.2    10.6
1123.926   -39.0   -14.3   -25.4
1125.586   -48.3   -33.1   -39.5
1127.246   -32.7   -36.6   -21.6
1128.906    19.9    17.8    14.5
1130.566    34.4    19.3     1.8
1132.227     8.9    13.1     1.5
1133.887   -19.8    -3.1   -10.4
1135.547   -44.5   -27.6   -31.1
1137.207   -41.2   -48.0   -27.0
1138.867     7.1    -2.6     5.4
1140.527    23.6    17.3     6.5
1142.188    15.7    18.5     5.9
1143.848   -16.9     5.6    -3.4
1145.508   -37.8   -29.0   -30.8
1147.168   -41.1   -51.5   -34.3
1148.828     0.4   -11.6     8.7
1150.488    17.3     4.5     2.8
1152.148    17.8    13.8    -8.2
1153.809    -3.2    19.7    14.1
1155.469   -23.0   -10.4   -14.9
1157.129   -25.5   -47.4   -43.1
1158.789    -5.8   -12.0    13.3
1160.449     8.1     5.6    11.5
1162.109     9.9    12.1     1.1
1163.770     6.9     7.3   -18.3
1165.430   -22.1    13.4     9.6
1167.090   -24.7   -17.7   -16.3
1168.750   -13.5   -44.6   -33.5
1170.410     1.6     2.7    15.0
1172.070     0.9    12.7     2.2
1173.730    -5.7     5.7   -18.9
1175.391   -17.7     4.2    -3.2
1177.051   -18.5    -9.4    -3.9
1178.711   -12.3   -23.6   -15.6
1180.371     7.4   -36.0   -15.4
1182.031   -10.5     8.8    -9.7
1183.691   -15.1     7.5   -14.0
1185.352   -21.1     7.0   -17.1
1187.012   -13.8   -16.5   -10.8
1188.672     9.6   -24.7    -4.3
1190.332    21.5   -18.8     0.2
1191.992     6.8     0.1     5.3
1193.652   -19.0     0.2   -20.7
1195.312   -36.6     0.4   -19.9
1196.973   -28.4    -8.3    -5.5
1198.633   -17.7   -16.1   -12.2
1200.293    23.6   -26.1    -2.7
1201.953    -3.2     6.1    -3.2
1203.613   -19.7     0.2   -17.3
1205.273   -36.2    -7.6   -23.3
1206.934   -32.3    -3.7    -6.8
1208.594     7.9   -26.1   -16.2
1210.254    16.6   -30.4   -11.8
1211.914    26.5     2.0    14.6
1213.574    -2.2    16.3     0.6
1215.234   -20.8     2.9   -19.6
1216.895   -29.5    -9.2   -16.7
1218.555    -9.2   -20.1   -12.9
1220.215     7.0   -24.4    -6.6
1221.875    23.8   -10.0     9.7
1223.535    -5.4    12.5    -6.3
1225.195   -14.0     7.5   -16.6
1226.855   -35.6    -1.9   -10.7
1228.516   -12.4   -20.0   -18.2
1230.176    11.9   -32.2    -6.8
1231.836     7.4    10.2     8.7
1233.496    -7.6     1.9   -21.5
1235.156   -17.4    -2.3   -28.7
1236.816   -36.3     0.2    -3.3
1238.477   -10.3    -9.7   -10.4
1240.137     2.5   -27.8   -18.8
1241.797     7.9     1.7    12.1
1243.457    -7.1     8.7    -6.0
1245.117   -15.1     2.5   -13.6
1246.777   -31.7    -1.7   -18.0
1248.438   -12.5    -2.4     2.4
1250.098     9.4    -9.4     0.4
1251.758    19.7   -22.1    -8.9
1253.418   -18.1     2.1    -2.1
1255.078   -34.6     0.4   -15.0
1256.738   -29.6    -6.6   -22.1
1258.398   -12.1    -0.7    -7.6
1260.059    20.4   -13.6    -1.7
1261.719    15.1   -16.6    -2.5
1263.379    10.4   -15.1    -2.9
1265.039    -9.3   -14.1    -4.0
1266.699   -40.2    -4.4   -23.1
1268.359   -26.3     1.0   -16.6
1270.020     3.1     1.9     4.0
1271.680    17.0    -9.9   -11.8
1273.340    21.9   -16.9    -2.6
1275.000   -20.2   -11.8   -14.9
1276.660   -38.7   -23.7   -42.9
1278.320   -38.5   -10.5   -25.8
1279.980   -17.4    15.6    11.4
1281.641     6.2     8.5     3.5
1283.301    32.0   -18.6    -0.3
1284.961    24.4   -12.3    10.4
1286.621   -24.2   -15.9   -19.8
1288.281   -41.2   -24.0   -39.2
1289.941   -42.6     9.0     0.4
1291.602     6.6    10.6     3.4
1293.262    36.5   -15.5   -12.4
1294.922    31.6   -21.4     3.4
1296.582     5.0    -2.7    10.2
1298.242   -31.2   -13.3   -25.5
1299.902   -47.2    -5.5   -16.5
1301.562   -34.2     5.0    -7.9
1303.223     2.7     5.4    -1.8
1304.883    34.1   -16.6     2.5
1306.543    21.5    -9.9     1.8
1308.203    12.1    -8.8    -3.0
1309.863   -35.9    -9.2   -23.4
1311.523   -52.5     0.0   -18.3
1313.184     7.1   -11.3    -4.2
1314.844    24.9    -7.8     4.5
1316.504    43.6    -1.5    18.3
1318.164    28.3   -12.9    -4.2
1319.824   -27.7   -14.4   -25.7
1321.484   -64.6     3.3   -11.5
1323.145   -31.0   -11.2   -23.1
1324.805    -3.3   -21.9   -25.3
1326.465    42.2     4.2    27.5
1328.125    41.7     5.8    25.8
1329.785    13.8    -4.5   -12.1
1331.445   -57.8    -5.7   -21.2
1333.105   -52.7    -0.4   -10.4
1334.766   -19.0   -19.9   -30.2
1336.426    28.5    -7.0    20.7
1338.086    29.3     2.3    11.4
1339.746    17.6    -3.7   -14.1
1341.406   -41.0   -10.4   -31.6
1343.066   -70.6    -6.3   -19.6
1344.727   -16.2   -27.8   -23.6
1346.387    20.2   -18.9     0.0
1348.047    41.3     8.2    19.5
1349.707    28.2     7.1     1.6
1351.367   -11.4     0.1   -19.3
1353.027   -57.5    -7.0   -23.3
1354.688   -55.9   -26.8   -32.6
1356.348   -27.2   -28.7   -22.6
1358.008    42.0     7.1    17.2
1359.668    11.9    -0.9    -4.2
1361.328   -10.2    -0.1   -10.1
1362.988   -43.3    -2.6   -17.6
1364.648   -42.2   -23.2   -34.7
1366.309    -8.7   -27.9   -10.2
1367.969    14.1    -0.1    21.0
1369.629    28.9     0.0    -5.5
1371.289   -11.1    -6.5   -14.7
1372.949   -20.4    -3.5    -9.5
1374.609   -27.2   -34.6   -32.2
1376.270   -16.3   -29.5   -25.5
1377.930    14.6     9.6    16.3
1379.590    18.1     2.7    -4.8
1381.250     9.2    -4.4   -12.0
1382.910   -25.9    -4.0    -7.6
1384.570   -45.3   -12.2   -19.2
1386.230    -8.0   -24.7   -14.5
1387.891    12.6    -9.8     2.2
1389.551     1.8    -5.1   -10.8
1391.211    -7.8    -4.6    -7.5
1392.871   -24.9    -6.3    -1.4
1394.531   -26.4    -1.9    -6.4
1396.191   -19.0   -16.3   -25.8
1397.852     3.9    -7.6    -2.7
1399.512    10.7    10.5     4.4
1401.172    -1.7   -14.8   -19.9
1402.832   -14.8   -14.9   -11.4
1404.492   -11.4     3.2     1.9
1406.152   -18.1   -16.1   -25.1
1407.812    -2.5   -15.0    -4.8
1409.473     5.4    -3.2    -7.0
1411.133   -14.9   -17.6   -27.3
1412.793   -15.9   -18.4   -25.1
1414.453   -17.4     0.5    -4.1
1416.113     5.3   -14.5   -18.0
1417.773     5.2   -11.7   -13.5
1419.434    -2.4    -4.4     0.2
1421.094   -16.6   -14.2   -22.3
1422.754   -19.9    -5.9   -10.1
1424.414   -15.1     3.9    -0.5
1426.074    -0.5    -3.8    -8.6
1427.734    10.1   -16.9   -12.6
1429.395    -0.9    -5.7    -1.4
1431.055   -13.8    -9.6    -5.3
1432.715   -20.4   -14.2   -20.3
1434.375   -13.5     6.4     0.3
1436.035    -1.6     1.8    -2.9
1437.695    -1.0   -17.6   -11.6
1439.355    -0.3   -17.2   -11.2
1441.016   -10.5   -12.2    -6.2
1442.676   -13.7   -11.1   -23.9
1444.336   -12.7     5.7    -7.6
1445.996   -11.3     3.9     1.1
1447.656    -0.4   -18.1   -14.5
1449.316     4.4   -17.0    -5.6
1450.977    -2.6    -9.8    -0.2
1452.637   -11.4    -4.7   -18.5
1454.297   -13.2     5.4    -8.3
1455.957   -16.1    10.3     1.3
1457.617    -1.8   -15.1   -17.4
1459.277     7.3   -26.6   -13.9
1460.938   -13.4    -7.2   -17.9
1462.598    -8.5    -6.1   -21.4
1464.258    -8.3    17.5     5.9
1465.918   -16.2    16.8     6.5
1467.578   -13.9   -19.5   -21.9
1469.238    -0.8   -26.5    -9.5
1470.898    -3.9    -7.4    -0.5
1472.559    -2.9    -6.2    -6.3
1474.219   -10.0     7.8    -6.3
1475.879   -16.0    14.4    -8.3
1477.539    -9.5   -26.8   -12.8
1479.199    -0.4   -27.3    -2.7
1480.859    -2.3   -20.3    -5.4
1482.520     0.0    -7.5    -9.5
1484.180   -15.2    19.7     2.9
1485.840   -20.6    13.5    -2.6
1487.500    -6.1   -17.8   -22.4
1489.160    -6.4   -32.1    -3.5
1490.820    -6.6   -20.2    -4.0
1492.480     1.5    -6.7   -12.5
1494.141    -7.2    14.1     0.8
1495.801   -12.3     0.0   -14.2
1497.461   -13.0   -14.1   -19.8
1499.121   -10.7   -28.0    -5.0
1500.781    -1.0   -16.5     0.7
1502.441     4.1   -11.9    -7.8
1504.102    -9.9    12.3    -2.7
1505.762   -13.9    17.8    -2.1
1507.422   -14.7   -15.4   -19.3
1509.082    -9.1   -26.1   -18.1
1510.742     4.3   -19.1     4.0
1512.402    -4.8    -6.3   -14.5
1514.062   -11.5    -2.3   -20.3
1515.723   -21.3     2.4    -7.9
1517.383    -9.2   -16.3   -15.9
1519.043    -7.6   -17.4   -14.3
1520.703    10.0   -17.3    -0.2
1522.363    -7.9   -11.8   -12.9
1524.023   -17.8    -7.2   -17.3
1525.684   -18.8    -0.6    -3.5
1527.344   -14.6    -4.7   -20.6
1529.004     2.4   -12.2    -3.1
1530.664     2.2   -13.6    -3.6
1532.324     2.0   -13.0    -4.9
1533.984    -5.0   -20.2   -22.9
1535.645   -25.1    -3.9    -0.2
1537.305   -27.8     7.0    -5.9
1538.965     0.2    -7.3   -26.9
1540.625     6.7    -4.3     4.0
1542.285     5.0    -3.2    10.1
1543.945    -0.8   -30.0   -28.7
1545.605    -6.3   -27.9   -24.9
1547.266   -34.1    10.5    -4.1
1548.926   -10.6    -6.7   -24.7
1550.586    11.4    -0.9     5.3
1552.246    10.5     4.0    15.6
1553.906    -4.9   -38.2   -32.6
1555.566   -15.9   -34.6   -19.6
1557.227   -25.8     6.7     4.1
1558.887    -3.5    -7.5   -23.6
1560.547    -3.3    -5.2   -17.7
1562.207    12.9     0.6    11.1
1563.867    -0.7   -36.7   -20.3
1565.527   -14.5   -24.1   -11.7
1567.188   -21.8     1.1    -7.6
1568.848   -24.3    12.1   -18.2
1570.508    -9.5     0.2    -4.3
1572.168     3.4    -4.6     3.2
1573.828    19.4   -26.2    -9.4
1575.488   -10.3   -16.1    -4.3
1577.148   -24.9    -1.0    -5.6
1578.809   -30.8     5.0   -25.7
1580.469   -19.2     4.7   -10.2
1582.129     2.2    -0.9     9.2
1583.789    23.7   -36.4   -18.2
1585.449    11.8   -32.0   -13.1
1587.109   -20.5    11.2     9.3
1588.770   -25.2    10.8   -10.6
1590.430   -21.4    -0.9    -6.8
1592.090    -4.0     2.0    15.7
1593.750     9.3   -14.8     8.0
1595.410    21.9   -40.1   -16.9
1597.070    -8.1    14.0     9.1
1598.730   -23.9    18.4    -1.9
1600.391   -26.8   -17.4   -26.5
1602.051    -7.0    -6.6    10.2
1603.711    18.4   -15.3     8.1
1605.371    27.7   -31.5   -12.9
1607.031   -24.6    13.6    -1.6
1608.691   -37.0    21.3    -8.6
1610.352   -24.9   -11.4   -12.9
1612.012   -21.6   -11.8   -12.0
1613.672    21.1   -19.0    -1.1
1615.332    19.3   -14.3     2.3
1616.992     1.4    -4.2     3.4
1618.652   -27.2    -0.6   -23.1
1620.312   -39.9     3.3   -15.6
1621.973    -3.3    -5.5    -1.2
1623.633    18.3   -27.2   -10.2
1625.293    20.1    -3.5    11.9
1626.953    15.4    -1.4    12.7
1628.613   -38.7   -15.3   -36.3
1630.273   -35.5    -7.1   -25.1
1631.934     1.7    10.5    14.0
1633.594    18.6   -13.6    -8.1
1635.254    18.0   -25.2    -2.7
1636.914    -5.5    -3.8     3.0
1638.574   -35.1   -10.9   -33.9
1640.234   -32.6   -10.5   -24.6
1641.895    -2.7     8.5     5.2
1643.555    16.4    -9.2    -3.1
1645.215    20.3   -19.4    -9.1
1646.875   -14.1   -16.4    -7.8
1648.535   -22.3   -20.3   -24.8
1650.195   -26.1   -17.3   -22.9
1651.855   -12.9    13.4     0.9
1653.516     3.4    10.3    -7.8
1655.176     7.4   -16.8     3.5
1656.836    -2.1   -18.1     2.0
1658.496   -18.0   -27.6   -26.6
1660.156   -19.3     5.7    -2.9
1661.816    -7.9    11.0   -14.2
1663.477     7.2   -11.8    -5.4
1665.137     1.9   -12.0    -7.0
1666.797    -4.0   -25.5   -12.7
1668.457    -8.3   -27.6   -25.6
1670.117   -14.8    17.5     5.2
1671.777   -13.0    33.9    10.6
1673.438    -5.8   -20.5   -27.8
1675.098    -7.2   -18.7    -5.4
1676.758     0.8   -18.9     1.6
1678.418     1.4   -23.5   -17.5
1680.078   -11.9    22.3    -0.8
1681.738   -17.9    22.5    -0.5
1683.398   -27.3   -27.9   -29.8
1685.059    -8.0   -27.2    -5.6
1686.719    23.2    -9.3    15.7
1688.379    23.7    -9.4    -1.2
1690.039    -5.5     7.1    -6.1
1691.699   -38.6     7.1   -20.3
1693.359   -38.1   -16.9   -34.2
1695.020    -9.1   -28.6     1.5
1696.680    13.6   -18.4    15.3
1698.340    25.7     9.6     1.5

Event #35  ts=2026-09-25 13:03:16.096  [SELECTED]
  t[ns]  u1[mV]  u2[mV]  u3[mV]
  0.000    21.7   -27.1   -14.5
  1.660   -31.8   -18.7   -17.9
  3.320     4.6     4.4     1.4
  4.980    19.5    -6.2   -12.7
  6.641    15.7    -9.5    -0.9
  8.301   -13.9    -5.1    -6.8
  9.961   -31.9   -15.6   -26.6
 11.621   -16.2    -3.8    -1.8
 13.281    15.3     4.0     4.9
 14.941    16.4     4.1     4.7
 16.602    25.5    -4.4    -3.0
 18.262   -14.3   -15.1   -18.0
 19.922   -31.1    -6.4   -19.1
 21.582   -33.9    -0.3    -7.7
 23.242     7.8    -7.1   -10.4
 24.902    17.8    -5.9    -7.4
 26.562    -7.4   -11.9    -4.0
 28.223    -7.3   -11.5    -4.7
 29.883   -20.2   -19.7   -21.0
 31.543   -22.1    -0.9    -8.5
 33.203   -13.6    15.4     8.8
 34.863     6.7   -12.1   -17.9
 36.523     5.4   -25.0   -15.7
 38.184    -6.2   -12.8     5.8
 39.844    -9.0    -9.4   -16.5
 41.504   -11.8   -12.7   -22.6
 43.164    -9.3    14.3     2.0
 44.824    -7.2     8.0    -4.2
 46.484    -3.9   -32.6   -26.7
 48.145    -6.3   -29.2    -3.2
 49.805    -3.6     1.2    -3.3
 51.465    -1.6     9.7    -7.4
 53.125    -6.9     5.4    -9.1
 54.785    -7.6   -13.5   -10.6
 56.445    -8.4   -19.6   -14.0
 58.105    -6.0   -26.9   -11.4
 59.766     4.0     2.2    -2.5
 61.426     3.8    21.8     7.3
 63.086    -6.1    19.4    -1.6
 64.746   -14.3   -10.7   -24.2
 66.406   -19.7   -28.6    -9.7
 68.066   -17.3   -24.1    -3.8
 69.727     4.9   -12.9    -7.5
 71.387     8.7    14.2    -0.1
 73.047    -3.3    30.6     0.7
 74.707   -15.6    -3.5   -24.7
 76.367   -23.5   -41.4   -28.5
 78.027   -19.0   -28.6     0.6
 79.688    15.9    -8.2    -2.6
 81.348    18.3     1.0    -5.4
 83.008   -12.9    23.2    -0.6
 84.668   -16.5    13.6    -5.7
 86.328   -18.1   -44.2   -22.8
 87.988    -5.1   -29.6   -12.0
 89.648     0.0   -11.0     3.5
 91.309     3.2     6.8     1.5
 92.969    -4.8     8.3    -7.2
 94.629    -9.9     8.6   -14.2
 96.289   -19.2   -26.9   -12.7
 97.949    -7.4   -26.8    -9.6
 99.609     4.7   -14.8    -6.4
101.270     0.5    11.1     2.5
102.930    -5.7    12.4    -7.3
104.590   -14.3    -6.8   -27.5
106.250   -10.6   -14.9     7.8
107.910    -8.1   -15.5    10.0
109.570     3.9   -20.5   -14.0
111.230    -7.5    -8.7   -14.9
112.891   -12.9    11.2    -0.6
114.551   -16.6    10.5    -9.1
116.211    -5.4   -25.6   -32.8
117.871     9.1    -9.1    19.5
119.531     0.4   -12.0   -12.7
121.191   -19.1   -11.3   -18.9
122.852   -23.8    -9.7   -14.6
124.512     7.3    -8.0   -22.3
126.172    11.2   -18.0   -27.0
127.832     7.2    -7.8    14.9
129.492    -0.9    -3.8     4.5
131.152   -21.3   -23.4   -27.9
132.812   -27.8    -0.9    -8.5
134.473    -3.4     9.9    -6.0
136.133    13.8    -3.8   -10.3
137.793    17.5   -10.3     2.6
139.453    -8.8   -23.9   -11.5
141.113   -14.9   -24.2   -14.5
142.773   -35.7    -2.9   -16.8
144.434   -17.8     1.9   -14.8
146.094     2.9     4.7    -5.8
147.754    34.4     7.1    18.7
149.414    16.3   -19.0   -14.8
151.074   -42.1   -30.6   -28.2
152.734   -50.7    -2.9   -12.5
154.395   -16.7     4.8    -9.4
156.055    27.5    -4.2    -3.8
157.715    20.5    -2.3     7.8
159.375   -36.3   -35.7   -35.5
161.035   -30.2   -33.3   -32.5
162.695   -35.8     4.6    -4.6
164.355     8.2     5.7    -7.8
166.016    34.5    -0.8    -6.1
167.676    34.8    -1.0     4.2
169.336   -11.7   -30.6    -8.9
170.996   -38.3   -28.9   -33.2
172.656   -43.7     5.2   -13.4
174.316   -13.9    19.4    -1.0
175.977    41.2   -10.0     2.8
177.637    32.5   -14.7     3.4
179.297   -23.0   -18.1   -13.5
180.957   -39.3   -15.4   -23.5
182.617   -39.8     3.0   -20.8
184.277   -24.8     6.9   -12.1
185.938    24.9     2.2    12.0
187.598    34.8   -16.3     2.4
189.258    -3.1   -29.3   -18.6
190.918   -43.0    -5.3   -11.4
192.578   -44.3     5.5   -14.0
194.238    -2.6    -2.4   -14.3
195.898     1.7    -4.1   -10.2
197.559    21.4   -18.7     3.5
199.219     4.5   -31.6   -19.1
200.879   -19.7   -20.9   -16.9
202.539   -44.9     7.4   -17.8
204.199   -26.1     6.3   -24.0
205.859     5.7   -16.3    -5.0
207.520     7.1   -30.0    -2.0
209.180   -72.2  -131.7   -60.6
210.840  -183.8  -225.8  -110.3
212.500  -181.6  -221.9  -108.1
214.160   -99.0  -198.4  -116.1
215.820   -89.9  -183.9  -111.1
217.480   -45.9  -140.7   -81.1
219.141   -55.0  -123.5   -86.3
220.801   -63.9   -79.9   -75.8
222.461   -74.5   -46.2   -60.6
224.121   -47.7   -45.6   -48.5
225.781   -14.7   -43.2   -19.4
227.441    12.9   -37.0   -16.8
229.102    11.1   -39.8   -22.6
230.762    -2.0   -35.2   -18.2
232.422   -40.4    -8.5   -14.9
234.082   -49.5   -16.5   -45.1
235.742   -21.7   -14.1   -18.7
237.402    16.5    -7.5    12.3
239.062    27.7   -21.1     0.0
240.723    -4.7   -25.1   -16.9
242.383   -32.5   -10.9   -12.6
244.043   -53.8    -7.1   -37.7
245.703   -30.3   -15.8   -32.0
247.363    20.8   -13.1     5.3
249.023    29.9   -17.7    -8.5
250.684   -14.5    -9.0   -11.9
252.344   -53.7   -10.6   -30.7
254.004   -44.4   -17.7   -35.1
255.664   -26.2   -16.1   -14.3
257.324     8.1    -5.5     0.9
258.984    26.5   -12.0    -3.1
260.645    -2.3    -6.0     0.1
262.305   -23.7    -6.4   -17.1
263.965   -46.5   -20.1   -30.1
265.625   -17.5   -11.6    -6.8
267.285     7.0   -10.4     4.1
268.945    25.5   -14.3    -4.2
270.605    13.1    -7.8    -1.2
272.266   -22.6    -1.9    -2.3
273.926   -39.0   -22.3   -32.0
275.586   -33.0   -18.4   -21.9
277.246   -18.0   -12.4    -3.6
278.906    20.2   -11.6   -10.4
280.566    12.7   -10.9    -6.0
282.227    -8.0     7.7    11.8
283.887   -26.6   -12.4   -25.5
285.547   -26.6   -27.9   -28.5
287.207    -8.4   -11.0     4.0
288.867    11.5    -8.8    -4.8
290.527    13.6    -3.0    -3.0
292.188   -19.3    -2.6   -15.5
293.848   -18.9   -17.5   -27.0
295.508   -21.6   -28.6   -18.8
297.168   -13.2   -14.1    -7.4
298.828    -0.6   -13.3   -10.1
300.488    12.8     2.7    -1.0
302.148    12.4     8.7     3.9
303.809   -19.4    -7.0   -18.0
305.469   -21.1   -26.2   -14.7
307.129    -5.4   -27.2   -16.0
308.789    -5.9   -26.2   -19.1
310.449    -9.5    15.8     7.1
312.109     2.0   -20.8   -21.4
313.770     3.2   -22.6   -20.2
315.430   -12.5   -22.3   -10.0
317.090   -19.3   -21.4    -6.3
318.750    -5.4   -17.0   -10.5
320.410   -11.1     4.5     1.2
322.070    -4.1     1.7   -12.3
323.730    -8.4   -19.3   -14.4
325.391    -7.9   -21.8    -6.2
327.051    -2.6   -21.9    -8.9
328.711   -13.9     1.9    -9.7
330.371   -17.1     9.9    -8.8
332.031   -26.0     8.2    -8.3
333.691     1.8   -15.7    -9.8
335.352     7.4   -16.0    -4.6
337.012     0.0   -17.1    -2.5
338.672    -3.1   -13.8    -6.3
340.332   -14.6     8.5   -12.0
341.992   -30.7   -12.4   -18.0
343.652     3.1   -15.9    -3.2
345.312    21.8    -8.3     1.1
346.973     7.9    -9.5    -3.0
348.633    -9.8    -4.3    -3.2
350.293   -25.3     3.8   -10.3
351.953   -36.0   -14.9   -31.1
353.613   -24.7   -20.3   -20.3
355.273    12.9   -18.7     6.1
356.934    23.3    -4.3    -5.4
358.594    10.5     5.2    -8.4
360.254   -28.5     3.3   -10.4
361.914   -37.9   -24.6   -33.7
363.574   -15.0   -20.9     1.7
365.234    19.3    -3.3     4.5
366.895    29.3    -9.1   -12.9
368.555    23.4     3.7    -8.9
370.215   -13.9    20.0     4.3
371.875   -40.3   -21.0   -37.5
373.535   -17.0   -33.1   -13.7
375.195   -14.1   -24.1    -0.6
376.855    27.1    -5.2    -9.5
378.516     7.0    16.0     6.6
380.176     2.1    17.4     8.0
381.836   -40.6   -24.9   -36.5
383.496   -29.8   -34.6   -17.7
385.156    -6.0   -22.9     0.9
386.816     9.1   -10.4     6.6
388.477     7.1    17.9     0.9
390.137   -11.1    10.5   -14.0
391.797   -33.0   -19.7   -29.8
393.457   -19.5   -29.1    -9.0
395.117   -15.1   -26.7    -3.2
396.777    15.2    15.0     2.0
398.438    -1.8    20.4    -2.2
400.098   -12.8    12.1    -9.3
401.758   -26.7   -25.5   -22.6
403.418   -17.2   -22.5    -3.0
405.078     5.8   -19.6    -9.8
406.738     9.2    -7.4    -8.4
408.398    -7.8    21.8     0.3
410.059   -18.1     0.2   -14.6
411.719   -15.2   -17.0   -20.4
413.379    -7.0   -20.8    -6.0
415.039    -1.5   -23.1    -0.7
416.699     0.0   -12.7   -16.3
418.359    -5.8    11.0    -1.7
420.020   -18.1    17.5   -10.3
421.680    -5.4   -22.1   -21.2
423.340    10.2   -21.9     9.3
425.000     8.2   -20.2     5.2
426.660    -4.5   -16.3   -21.7
428.320   -24.6     2.9   -16.7
429.980   -18.7     6.4    -5.8
431.641    -4.4    -0.7    -3.7
433.301    13.2   -24.5    -1.1
434.961    11.5   -21.4    -4.6
436.621   -25.1    -2.9   -14.2
438.281   -34.4     0.1   -14.9
439.941   -12.5     0.4   -11.7
441.602     1.5    -3.5    -4.5
443.262    23.3   -14.1     5.2
444.922    11.8   -25.9   -12.2
446.582   -24.4    -4.5   -12.3
448.242   -44.2     7.2   -18.3
449.902   -18.8    -4.2   -20.4
451.562    16.8    -2.5     4.5
453.223    26.9    -7.8    15.8
454.883    24.0   -19.9     5.3
456.543   -28.3    -1.7   -16.3
458.203   -47.3     9.7   -16.6
459.863   -32.6    -3.6   -25.4
461.523    13.2    -5.9     2.4
463.184    37.3   -10.3    12.2
464.844     3.7   -20.8   -19.6
466.504   -30.2   -11.5   -20.0
468.164   -50.3     3.7   -17.5
469.824   -30.1    -1.5   -15.1
471.484    19.8   -12.4     5.7
473.145    24.6   -12.3     3.3
474.805    27.1   -12.9    -2.0
476.465   -35.8    -5.0   -12.6
478.125   -37.9    -6.1   -26.0
479.785   -26.4    -7.2   -23.3
481.445   -15.4    -1.0    -0.8
483.105    16.4   -14.1    -1.2
484.766    29.4   -18.8    -3.9
486.426    -8.9     2.9    -4.1
488.086   -32.9     2.3   -20.9
489.746   -31.8   -11.3   -29.8
491.406   -16.9    -4.7     0.8
493.066    12.2    -8.6    -5.0
494.727    20.8   -14.1    -3.7
496.387     7.9     5.4     1.2
498.047    -2.1     8.4     4.3
499.707   -31.3   -13.1   -17.9
501.367   -29.0   -14.0   -15.2
503.027     8.0   -11.0    -5.3
504.688    17.0    -5.5     8.4
506.348    17.8    -4.9     9.0
508.008     4.7     3.3    -3.1
509.668   -40.0   -12.3   -27.4
511.328   -23.3   -20.1   -15.3
512.988    -7.9   -22.7   -13.9
514.648    16.8   -10.6     4.1
516.309    25.1    12.8    18.1
517.969    13.7    10.9    -4.9
519.629   -17.5    -5.1   -28.0
521.289   -44.4   -18.8    -7.6
522.949   -25.3   -26.0   -20.6
524.609    25.6     9.2     9.3
526.270    30.8    17.9    23.9
527.930    11.4    14.6    -0.1
529.590   -24.0   -22.5   -25.7
531.250   -41.8   -12.7    -5.8
532.910   -26.0   -31.3   -34.8
534.570     8.7   -20.3   -16.4
536.230    30.6    23.3    34.7
537.891    16.7    15.0    -0.6
539.551     2.1   -14.3   -32.4
541.211   -43.9   -22.3   -18.0
542.871   -29.1   -23.6   -19.7
544.531   -10.5   -24.5   -19.2
546.191    19.7     5.3    10.0
547.852    -6.5    -7.3   -17.7
549.512     0.0    -2.3   -16.7
551.172   -29.5   -32.6   -24.5
552.832   -18.2   -26.7   -14.5
554.492    -8.0   -14.5    -8.9
556.152    12.1    15.1     5.3
557.812    -0.1    -0.4    -3.4
559.473    -4.0    -0.4    -1.9
561.133   -19.2   -34.1   -20.3
562.793   -19.9   -36.4   -27.9
564.453   -15.1    10.0     3.8
566.113    -5.1    26.8     9.2
567.773     6.5    -4.9    -6.0
569.434     0.0   -12.1    -9.7
571.094   -11.6   -11.2   -12.4
572.754   -11.2   -24.6   -22.4
574.414    -9.4    -5.9    -9.0
576.074    -7.4    22.2    13.2
577.734    -8.0     3.2    -7.3
579.395    -8.4   -22.2   -17.9
581.055    -1.6   -12.9    -1.3
582.715    -3.9    -7.3    -3.0
584.375     0.3    -2.5   -12.5
586.035   -20.0     6.5   -11.5
587.695   -25.8    -3.2    -8.8
589.355    -1.0   -24.3   -12.1
591.016    16.6    -8.5     2.6
592.676     8.6     8.2    -0.4
594.336   -14.2     3.9   -14.6
595.996   -34.1   -11.1   -27.1
597.656   -16.2   -20.3    -6.6
599.316     1.1   -22.0     4.4
600.977    16.6   -19.5    -8.0
602.637     9.9    13.6     3.1
604.297    -1.6    28.5    10.7
605.957   -38.8   -28.7   -42.3
607.617   -22.4   -33.4   -20.9
609.277     5.5    -7.0    17.8
610.938    22.7    -6.2    -8.5
612.598    10.6    -3.1    -4.0
614.258   -30.0    17.3    -1.4
615.918   -36.8    -1.2   -17.2
617.578   -25.7   -34.1   -31.3
619.238    17.7     0.6    14.5
620.898    22.1    -4.0     6.3
622.559   -14.5     6.0    -8.3
624.219   -36.2    11.0    -8.3
625.879   -35.0    -5.9   -19.2
627.539    -1.5   -28.9   -13.1
629.199    16.7   -11.6     4.4
630.859    12.4     1.0     0.0
632.520    -7.5     2.9    -3.9
634.180   -31.6    -4.5   -16.8
635.840   -21.2    -9.3   -17.6
637.500    -8.8    -6.2   -11.2
639.160     6.4   -12.2    -3.0
640.820     8.1   -15.1    -8.8
642.480    -4.8    -7.9    -4.5
644.141   -21.5    -8.4   -24.8
645.801   -20.9   -10.0   -29.0
647.461     3.0     5.3     7.8
649.121    12.2    -4.2    11.8
650.781     6.9   -24.4    -9.9
652.441   -14.9   -29.5   -23.9
654.102   -26.3     3.8    -0.5
655.762   -12.9     3.9   -16.6
657.422     8.7    -3.8    -4.7
659.082    12.0    -7.0     9.7
660.742     9.4   -15.7     0.0
662.402   -22.1   -33.0   -25.8
664.062   -25.9     1.1    -2.6
665.723    -6.6    12.7    -6.1
667.383    13.6     3.6    -4.1
669.043     7.5    -8.0     0.0
670.703    -5.9   -30.1   -14.2
672.363   -24.3   -28.1   -15.2
674.023   -25.9    -1.6   -10.7
675.684    -0.4    21.0     0.5
677.344     4.6    15.5     2.1
679.004     7.3   -28.3   -11.0
680.664     6.6   -41.3   -13.2
682.324   -22.9    -7.9    -3.0
683.984   -25.7    11.0    -6.0
685.645   -21.2    11.7   -16.2
687.305     7.9     0.0     9.4
688.965    12.9   -30.5    -6.0
690.625    11.1   -34.7   -10.9
692.285   -16.3     1.8     4.6
693.945   -20.2    26.3     7.4
695.605   -14.2     6.5   -25.3
697.266    -3.2   -10.3   -21.5
698.926     4.6   -18.1     4.8
700.586    10.4   -28.6    -0.7
702.246   -14.4    -2.5    -2.0
703.906   -15.6     1.5    -1.6
705.566   -22.8    33.1   -10.4
707.227   -11.1   -18.9   -16.9
708.887    -0.6   -34.1    -7.1
710.547    14.7   -33.9    -0.6
712.207     4.7    -5.0    -6.0
713.867    -3.2     7.8    -1.9
715.527   -24.3    25.7   -12.3
717.188   -30.7    12.3   -12.2
718.848     0.8   -39.4   -13.4
720.508    25.3   -42.1    -4.2
722.168    20.0   -17.2     3.0
723.828   -21.7    27.6     2.8
725.488   -28.5    13.4   -35.4
727.148   -30.5    -6.8   -21.8
728.809    -0.5   -32.2    -3.4
730.469    25.2   -46.9    -8.8
732.129   -15.4    32.4     8.1
733.789   -30.8    29.3   -16.5
735.449   -36.7    14.8   -30.0
737.109   -24.4   -18.0   -13.4
738.770     5.2   -23.1     2.1
740.430    18.5   -22.7    -0.7
742.090     4.4    -0.5    -1.1
743.750   -16.3    17.0    -6.0
745.410   -43.7     5.7   -19.3
747.070   -30.4    -9.2   -18.0
748.730    23.8   -26.2    -1.0
750.391    27.1   -21.7     7.6
752.051    17.3    -0.2     4.5
753.711   -39.7     2.0   -28.4
755.371   -49.7     4.7   -31.8
757.031   -30.2    -3.2   -11.3
758.691    34.1   -20.2     4.6
760.352    32.3   -17.2    -5.6
762.012    23.3   -12.6     4.7
763.672   -45.1    -5.6   -32.9
765.332   -54.3   -24.0   -47.5
766.992   -18.1    -5.4    -4.5
768.652    32.0     2.4    17.8
770.312    42.9   -14.6   -10.3
771.973     6.1    -7.5    -2.3
773.633   -41.1     2.1    -2.2
775.293   -55.8   -26.2   -45.4
776.953    -3.2    -5.8     1.0
778.613    30.7    16.6    14.8
780.273    32.3     1.8    -0.3
781.934    10.8   -14.3   -10.3
783.594   -50.0   -18.2   -22.5
785.254   -11.6   -22.7   -21.2
786.914   -12.6   -23.5   -21.8
788.574    19.2    21.2    21.4
790.234    11.4    -1.8    -8.4
791.895     2.0   -10.0   -10.5
793.555   -24.2   -21.6   -14.0
795.215   -23.8   -26.1   -24.9
796.875    -7.0   -12.3    -9.7
798.535    22.4    10.5     1.9
800.195     4.2     0.0    -8.1
801.855   -19.4   -18.8   -17.0
803.516   -19.9   -27.6   -18.9
805.176   -11.2   -18.4   -10.1
806.836    -0.3     8.7     6.4
808.496     9.9    13.6    -1.4
810.156    -2.2     0.6   -16.8
811.816   -21.0    -9.5    -9.1
813.477    -8.2   -32.2   -15.4
815.137    -8.1   -31.9   -16.6
816.797     9.6    -1.6     4.6
818.457    -1.1    14.3    -1.6
820.117   -29.6    -9.5   -24.4
821.777   -23.1    -8.6   -11.1
823.438   -14.0   -12.3    -0.8
825.098    15.2   -18.9    -4.9
826.758    19.6   -16.1    -8.4
828.418   -12.7    14.7    -0.9
830.078   -31.8    -4.7   -17.1
831.738   -32.4   -19.4   -28.9
833.398    -7.5   -14.7    -2.8
835.059    20.8    -4.3     8.2
836.719    19.2    -4.8     1.3
838.379   -17.6    -3.5   -14.7
840.039   -33.3    -5.3   -17.6
841.699   -21.4   -15.1   -19.8
843.359    -9.3   -18.7   -12.5
845.020    25.8    -1.3    15.2
846.680     6.2     0.8    -5.4
848.340   -24.5   -12.3   -32.1
850.000   -38.7   -14.4   -23.2
851.660   -28.0    -2.7    -2.1
853.320    18.1   -15.0    -9.3
854.980    21.0    -8.4     1.3
856.641     3.5     5.1    13.0
858.301   -21.6   -11.0   -24.3
859.961   -20.9   -19.5   -23.3
861.621   -12.6    -4.8    -2.3
863.281    -2.1    -1.7    -3.6
864.941     8.9   -15.9    -9.3
866.602     4.0    -8.4    -2.4
868.262   -13.7    -2.8    -3.0
869.922   -11.3    -8.0   -20.0
871.582    -9.5    -2.3    -2.3
873.242    -1.5     1.3    -3.6
874.902    -0.1    -6.1    -6.8
876.562    -9.4   -17.7    -9.7
878.223   -18.3   -16.8   -12.6
879.883     7.6     1.2     0.4
881.543    10.5     2.8     0.0
883.203    -3.9    -6.0   -14.7
884.863   -21.1   -15.3   -14.1
886.523   -26.8    -9.8    -4.1
888.184    -3.5   -19.5   -17.8
889.844    -2.8   -16.3   -15.4
891.504    17.6    16.0    13.0
893.164    -6.7     6.7    -8.0
894.824   -39.4   -29.2   -25.1
896.484   -42.1   -15.6    -6.1
898.145    -8.2    -6.8    -1.7
899.805    31.3     2.7     4.4
901.465     7.5    12.0     6.6
903.125    -8.2    -3.8    -7.3
904.785   -49.6   -28.8   -35.7
906.445   -47.4   -19.1   -21.0
908.105   -32.7   -11.8    -9.5
909.766    33.3     2.4    11.4
911.426    42.3     8.7    11.8
913.086   -34.5   -16.8   -27.5
914.746   -61.4   -28.0   -25.1
916.406   -50.7   -20.1   -18.0
918.066    -4.8   -10.7    -5.8
919.727    41.5     5.3     6.2
921.387    36.1    14.2    16.4
923.047    -8.9   -16.1   -13.6
924.707   -65.9   -32.4   -37.6
926.367   -50.5    -6.9    -9.0
928.027    20.1    -3.3    -6.5
929.688    51.5     9.7    17.4
931.348    47.5    12.0    19.7
933.008   -12.2    -8.3   -20.3
934.668   -65.3   -28.5   -40.0
936.328   -48.9    -5.9    -2.1
937.988    27.1    -3.6    -7.6
939.648    53.7     2.4     9.4
941.309    16.2     7.4    14.0
942.969   -21.7    -1.6   -12.5
944.629   -40.9   -16.1   -39.9
946.289   -41.7    -4.9    -7.2
947.949     3.7    -0.2    -3.0
949.609    44.4   -12.4    -2.2
951.270    41.0    -1.9    15.1
952.930   -35.8   -12.7   -28.1
954.590   -48.9   -11.3   -24.7
956.250   -49.3   -13.7   -21.3
957.910   -28.7    -1.5   -10.0
959.570    28.4   -17.0     4.2
961.230    31.3   -12.9     6.0
962.891   -28.0    -7.1   -22.6
964.551   -35.1    -4.5   -21.5
966.211   -39.3    -6.0   -16.0
967.871     3.2   -18.4   -14.5
969.531    22.7   -13.7     7.8
971.191     9.9    -5.9    -2.1
972.852    -6.1    -7.8   -23.5
974.512   -28.3     3.8   -11.8
976.172   -12.5    -5.1   -11.4
977.832     5.3   -24.5   -19.5
979.492    16.3   -23.2    -0.3
981.152    11.3    -9.4    11.6
982.812     2.4    -5.0     0.1
984.473   -29.3     9.8   -18.2
986.133   -27.0    13.3   -15.2
987.793     0.0   -18.7    -8.0
989.453     6.7   -28.6   -16.4
991.113     9.8   -32.2   -10.4
992.773    -7.1     1.0    -3.3
994.434   -13.4     2.0    -3.9
996.094   -30.1     2.9   -17.0
997.754    -6.4     2.7    -7.4
999.414    13.7   -21.3     0.3
1001.074    15.0   -27.8    -4.1
1002.734    -6.2   -23.9   -16.2
1004.395   -33.4    -6.0   -13.6
1006.055   -31.6    12.4    -6.9
1007.715    -7.2     2.7    -4.0
1009.375     1.9   -10.7   -13.5
1011.035    18.0    -8.9    13.3
1012.695     3.5   -11.2    -0.3
1014.355   -32.6   -19.1   -36.0
1016.016   -22.0    17.2     9.5
1017.676    -7.9    15.0     5.5
1019.336    17.1   -21.6   -25.6
1020.996    23.0   -24.4    -4.3
1022.656     0.1     0.1    16.3
1024.316   -18.6    -8.2    -8.2
1025.977   -33.0    -9.4   -17.8
1027.637   -29.3     7.4     5.5
1029.297    14.3    -0.5   -11.7
1030.957    24.9   -15.1   -19.2
1032.617    -0.9    -2.0     8.3
1034.277   -16.4    -5.8   -10.3
1035.938   -27.7   -22.5   -34.3
1037.598   -25.8    -8.7   -10.4
1039.258   -12.8     3.0     0.5
1040.918    13.1    -0.4    -4.9
1042.578     7.4    -7.1    -0.6
1044.238   -15.0   -15.8   -15.6
1045.898   -26.1   -18.5   -18.5
1047.559   -25.5   -14.4   -14.8
1049.219    -6.8    -7.4   -19.4
1050.879    10.0     6.4     5.5
1052.539    13.4     6.6     7.4
1054.199    -0.5   -20.7   -20.9
1055.859   -23.8   -17.7   -13.6
1057.520   -25.3     0.3    -0.9
1059.180    -5.6   -12.2   -21.8
1060.840    -1.1   -11.5   -21.6
1062.500    -3.5     4.4    11.0
1064.160    -0.4   -15.7    -9.3
1065.820    -6.1   -22.4   -12.2
1067.480    -9.3    -8.2    -6.3
1069.141    -9.0     1.0    -9.8
1070.801    -8.7     1.7   -15.2
1072.461   -15.6    -9.1    -8.8
1074.121    -6.5    -3.8     1.5
1075.781    -2.7   -11.4    -4.0
1077.441     7.2    -8.6    -7.1
1079.102    -8.9     0.8    -6.9
1080.762   -18.1    -3.9   -15.5
1082.422   -15.9    -6.8   -18.6
1084.082   -13.2   -14.9    -5.7
1085.742    -0.6    -7.9    -6.0
1087.402    16.3     0.2     0.8
1089.062    10.0     2.4    -2.1
1090.723   -11.5    -5.0   -19.4
1092.383   -35.6   -11.6   -21.0
1094.043   -28.7   -22.8   -14.3
1095.703   -13.6   -21.1   -10.5
1097.363    23.3    -2.2     3.6
1099.023     9.2    13.3    -4.2
1100.684   -12.6    -2.0   -22.5
1102.344   -20.8    -5.5   -22.6
1104.004   -40.7   -20.7   -15.8
1105.664   -22.8   -24.4   -17.4
1107.324    12.6   -12.0    -3.3
1108.984    24.4    11.8    12.7
1110.645    11.2    11.7    -2.5
1112.305   -35.9   -14.1   -17.9
1113.965   -41.7   -23.2   -18.5
1115.625   -36.6   -21.9   -18.8
1117.285     3.8   -15.3    -5.0
1118.945    20.8     9.7    11.5
1120.605    13.4    11.1    -1.8
1122.266   -18.1    -8.5   -14.7
1123.926   -29.0   -15.2   -14.3
1125.586   -17.6   -29.0   -17.0
1127.246   -14.9   -31.4   -17.0
1128.906     9.1    -3.6     7.5
1130.566     9.0    16.7    -0.9
1132.227    -3.5     1.1   -17.4
1133.887   -25.8   -14.2   -12.3
1135.547   -13.2   -28.8   -18.0
1137.207    -6.3   -20.0    -3.9
1138.867    -1.2     6.6    -2.0
1140.527     3.1     8.0   -14.5
1142.188     0.4     3.2    -6.6
1143.848     1.8    -0.7    -0.5
1145.508    -8.9   -22.9   -17.2
1147.168    -8.0   -18.8    -9.1
1148.828   -14.3     4.0    -3.7
1150.488    -5.8    -3.6   -14.5
1152.148    -0.9     1.3     2.6
1153.809     1.5     2.6     1.0
1155.469    -1.8   -19.1   -11.4
1157.129    -0.1   -25.8   -15.3
1158.789   -16.1   -18.8   -11.6
1160.449   -19.4     4.7    -4.0
1162.109   -13.4    -2.6   -14.8
1163.770     4.4    -0.8    -9.1
1165.430    13.4    -8.9     4.7
1167.090    14.3   -11.9     0.2
1168.750   -27.4   -21.0   -17.7
1170.410   -28.8    -3.9   -13.5
1172.070   -22.9     3.2   -10.8
1173.730     9.6     2.2     1.5
1175.391    28.7   -16.5    -6.2
1177.051    11.4   -22.1   -12.7
1178.711   -25.1    -9.3    -6.7
1180.371   -39.6    -6.7   -28.0
1182.031   -23.5    -4.7   -23.6
1183.691     1.4     5.8    -3.4
1185.352    32.4     1.9    20.6
1187.012    13.5   -27.2   -25.6
1188.672   -20.8    -9.8    -7.6
1190.332   -45.0    -1.0   -22.9
1191.992    -9.7   -15.6   -25.2
1193.652    23.5     0.7    14.1
1195.312    32.4    -0.6     9.8
1196.973    18.7   -21.2   -22.1
1198.633   -40.1    -4.5    -3.9
1200.293   -46.5    12.0    -2.6
1201.953   -26.8   -12.0   -33.7
1203.613     1.5   -18.0   -11.0
1205.273    25.0   -11.6     1.9
1206.934    26.8   -12.6     3.4
1208.594    13.6   -12.7    -8.3
1210.254   -35.6    -8.6   -19.0
1211.914   -40.0     0.1   -21.0
1213.574   -13.7    -8.2   -11.8
1215.234    35.7   -16.0    -1.4
1216.895    31.8   -14.0    -3.7
1218.555     4.0    -2.7     3.5
1220.215   -27.0     2.6    -6.8
1221.875   -47.1   -17.5   -35.8
1223.535   -19.7    -1.3     0.1
1225.195    12.3    -0.5     5.7
1226.855    31.8   -21.2    -7.8
1228.516    -0.5    -3.3     6.9
1230.176   -22.1    12.4     4.4
1231.836   -43.0   -17.8   -36.8
1233.496   -28.2   -12.4   -13.8
1235.156    -4.3    -1.9     5.5
1236.816    23.2    -7.6     7.2
1238.477    10.3   -14.7    -2.6
1240.137   -10.9     7.6    -4.5
1241.797   -43.5    -0.6   -24.3
1243.457   -40.6    -8.4   -28.5
1245.117    10.9   -17.9     3.4
1246.777    19.7   -13.7     8.2
1248.438    24.1    -7.9     5.9
1250.098   -13.5     4.4   -12.8
1251.758   -38.6    -0.9   -12.6
1253.418   -28.1   -14.7   -16.0
1255.078   -16.4   -27.4   -17.8
1256.738    12.3   -13.3     1.6
1258.398    21.1     1.8    10.9
1260.059    16.5    13.1     8.7
1261.719   -28.1   -11.1   -23.7
1263.379   -34.3   -13.2   -20.8
1265.039   -20.2   -24.3   -11.1
1266.699    10.7   -26.5   -14.8
1268.359    12.3   -26.3   -15.4
1270.020    12.7    21.1    15.0
1271.680   -22.1    -5.1   -40.4
1273.340   -31.8   -20.9   -17.3
1275.000   -28.5   -17.5    -4.7
1276.660    -6.1   -32.1   -17.4
1278.320    22.5    -3.3     7.8
1279.980    19.7    10.3    18.1
1281.641    -3.9    19.3    -5.0
1283.301   -28.2   -18.4   -33.8
1284.961   -31.0   -26.4   -10.7
1286.621    -0.3   -25.3   -13.5
1288.281     9.2   -24.4   -10.8
1289.941    19.7    13.8    10.8
1291.602   -12.2    15.0    -9.5
1293.262   -21.6     3.4   -20.8
1294.922   -27.9   -24.7   -22.7
1296.582    -6.3   -31.3   -14.3
1298.242    11.1   -18.4    -0.7
1299.902    14.0    19.0    13.5
1301.562     2.1    23.0     1.8
1303.223   -23.4    -5.2   -24.1
1304.883   -28.9   -14.2   -22.7
1306.543   -24.5   -29.3   -15.5
1308.203   -11.3   -33.2   -11.2
1309.863    13.0    -8.8     1.1
1311.523     1.3    20.9    -3.3
1313.184   -24.8   -10.7   -29.2
1314.844   -26.9   -13.7   -25.8
1316.504   -27.5   -23.7   -13.2
1318.164    12.7   -29.4    -8.6
1319.824    18.2     4.2     5.2
1321.484     9.1    15.4     6.5
1323.145   -14.0    15.7   -12.2
1324.805   -28.0   -15.8   -24.0
1326.465   -18.8   -21.4    -8.5
1328.125     7.0   -24.3    -4.0
1329.785    17.4   -16.6    -9.2
1331.445    11.7     3.5    -1.4
1333.105   -17.5    15.7    -3.9
1334.766   -29.8    -6.9   -25.3
1336.426   -22.0   -14.7   -21.5
1338.086     9.9   -21.0    -1.1
1339.746    18.0   -14.2    -3.8
1341.406     5.0    -1.0     0.8
1343.066   -13.7    11.3     1.2
1344.727   -30.9    -0.9   -29.1
1346.387   -24.6    -9.0   -27.2
1348.047    -3.1   -16.6    -2.3
1349.707    22.1   -24.2     2.9
1351.367     9.8   -13.8    -1.2
1353.027   -14.6     7.1    -5.9
1354.688   -31.2     0.2   -32.6
1356.348   -25.2    -9.4   -24.1
1358.008   -17.0    -7.3    -7.9
1359.668     7.3   -10.8    10.3
1361.328    18.3   -19.4   -10.5
1362.988    -2.4    -7.7    -6.5
1364.648   -22.2     2.1   -12.2
1366.309   -24.9    -5.7   -24.2
1367.969    -3.5    -3.5   -11.0
1369.629     8.8    -0.9     8.1
1371.289    15.6   -19.3    -7.6
1372.949    -4.4   -24.1    -9.1
1374.609   -16.4   -13.9    -5.5
1376.270   -35.2    -2.9   -18.3
1377.930     2.4     2.5     2.0
1379.590    11.0     0.6     1.4
1381.250    11.1    -9.7    -1.6
1382.910    -9.9   -22.8    -5.2
1384.570   -28.5    -9.2   -23.1
1386.230   -29.7    -9.8   -27.5
1387.891   -17.2     7.0    -9.3
1389.551     5.7     4.5     3.0
1391.211    17.6   -13.0    -3.6
1392.871     5.6   -23.0    -8.3
1394.531    -5.3   -21.0    -3.7
1396.191   -29.8   -13.9   -29.6
1397.852    -5.3    11.0     9.6
1399.512     0.0    13.0    11.9
1401.172    13.7    -2.4    -8.1
1402.832    12.5   -21.0   -18.0
1404.492   -26.8   -13.3    -3.7
1406.152   -25.4   -14.4    -4.5
1407.812   -13.6    -7.5   -15.5
1409.473    -2.1    14.2    -0.8
1411.133     3.4    19.4     0.7
1412.793     1.2   -24.8   -15.2
1414.453   -10.1   -26.0    -8.8
1416.113   -14.6   -15.8    -6.7
1417.773   -17.4    -3.3    -7.3
1419.434    -8.7    15.5    -9.0
1421.094     5.1    12.5    -5.3
1422.754     2.3    -9.2    -8.8
1424.414   -14.4   -35.5   -15.5
1426.074    -9.0   -12.4   -12.9
1427.734   -12.1    16.9    -6.9
1429.395     1.6    16.6     3.4
1431.055     0.9     3.8    -1.6
1432.715    -5.5   -26.8   -19.3
1434.375   -17.8   -33.7   -17.9
1436.035   -12.3   -21.8    -5.0
1437.695    -4.9     7.9   -12.0
1439.355    -2.0    20.5     8.2
1441.016    -2.4    25.2    16.4
1442.676   -10.4   -23.8   -28.7
1444.336   -13.7   -49.2   -34.2
1445.996   -11.8   -36.6    -5.9
1447.656   -11.0    11.2    -4.1
1449.316     2.4    16.6   -15.9
1450.977    -2.9    24.3     5.4
1452.637   -12.1   -14.7    -6.5
1454.297   -10.3   -54.3   -28.1
1455.957    -6.9    -5.4     8.8
1457.617   -10.1    25.5   -14.5
1459.277   -11.0    24.4   -15.6
1460.938   -10.4    16.2   -22.5
1462.598    -7.3    -3.2    -0.8
1464.258    -5.7   -24.9   -10.7
1465.918     0.3   -49.6   -15.3
1467.578     0.2   -19.3     0.3
1469.238    -9.0    12.7    -0.9
1470.898   -27.3    14.7   -11.2
1472.559   -12.4     1.5    -8.6
1474.219     3.1   -26.6   -14.2
1475.879    15.0   -37.2    -5.7
1477.539     8.6   -28.4     3.3
1479.199   -15.5    -0.7   -15.3
1480.859   -21.3     0.6   -21.7
1482.520   -33.6    13.6   -11.6
1484.180    -1.7   -18.8   -15.6
1485.840    18.0   -34.0    -4.5
1487.500    19.1   -13.3    14.2
1489.160     4.7    -3.4    -1.0
1490.820   -29.9    -2.6   -29.9
1492.480   -51.0     0.8   -32.8
1494.141   -31.2     6.1    -8.1
1495.801    41.2   -27.6     0.6
1497.461    44.3   -29.8     3.8
1499.121    29.1     2.7     6.7
1500.781   -29.0     5.6   -12.4
1502.441   -61.9   -16.8   -43.2
1504.102   -61.1   -14.4   -38.6
1505.762   -10.0   -11.1     1.9
1507.422    41.1   -10.7    11.6
1509.082    -4.0     3.9    -1.4
1510.742   -22.0     6.2    -6.5
1512.402   -54.7   -16.7   -29.1
1514.062   -53.8   -25.5   -35.8
1515.723   -26.8   -22.4   -24.6
1517.383    33.6     3.0    14.7
1519.043    46.8     8.0    19.9
1520.703    18.7     8.1     7.0
1522.363   -44.9   -18.1   -28.3
1524.023   -55.0   -19.9   -29.1
1525.684   -52.4   -26.5   -28.8
1527.344    19.6   -14.8    -6.9
1529.004    37.4     5.8    20.7
1530.664    21.7    18.6    14.6
1532.324   -29.5   -28.2   -38.6
1533.984   -47.0   -20.1   -11.8
1535.645   -39.5   -14.5   -10.2
1537.305     0.5   -10.6   -13.1
1538.965    25.0     3.1    -1.2
1540.625    11.5    21.1    12.9
1542.285    -7.1    -8.9   -14.3
1543.945   -26.3   -35.3   -24.0
1545.605   -33.1   -22.4   -14.7
1547.266   -16.1    -6.7   -17.0
1548.926    -0.5     2.4    -9.1
1550.586    10.3     9.7     8.6
1552.246     9.0     5.7     7.4
1553.906    -9.9   -17.0   -16.6
1555.566   -18.5   -18.7   -15.9
1557.227   -19.2   -13.1   -14.8
1558.887   -11.1    -5.9   -13.2
1560.547    -9.2    -2.9    -3.5
1562.207    -3.2    -4.4    -6.9
1563.867     2.9   -10.3    -9.7
1565.527     6.7    -9.5    -3.8
1567.188   -10.1   -16.1   -20.8
1568.848   -13.2   -18.8   -21.4
1570.508   -25.0     4.3    -5.5
1572.168   -18.8    -4.4    -8.7
1573.828    13.4   -12.1    -8.9
1575.488    16.0     6.1    10.3
1577.148     9.4     4.3     8.6
1578.809   -17.8   -23.7   -31.3
1580.469   -36.1    -8.8   -16.1
1582.129   -25.4    -2.4    -6.8
1583.789    -5.9   -10.3   -11.9
1585.449    26.1    -2.2     4.5
1587.109     7.5     1.4     1.3
1588.770    -1.7    -3.2    -7.3
1590.430   -33.9   -23.3   -29.1
1592.090   -38.6   -13.0   -17.4
1593.750   -14.2    -2.2    -7.4
1595.410    10.2    -8.0    -3.8
1597.070    20.4     0.4     3.3
1598.730    13.0    -4.1    -4.6
1600.391   -11.2   -14.2   -18.7
1602.051   -36.6   -15.8   -20.7
1603.711   -20.2   -10.4   -17.3
1605.371    12.8     2.6     1.8
1607.031    14.7    -4.9     6.3
1608.691    11.7   -10.2     2.5
1610.352   -25.1   -24.0   -24.3
1612.012   -27.0    -1.3    -4.4
1613.672   -23.2     7.8     2.2
1615.332     6.6    -6.0   -14.1
1616.992    -4.9   -11.4     5.9
1618.652    -7.7   -16.0   -10.3
1620.312    -6.7   -26.6   -19.8
1621.973    -8.7    -0.2     2.7
1623.633   -14.2    12.3    -3.6
1625.293    -9.2     2.1   -22.6
1626.953    -6.5   -11.8   -13.6
1628.613    -6.5    -8.9     8.0
1630.273    -8.3   -25.9   -15.7
1631.934    -3.9   -18.2   -14.6
1633.594   -12.6    19.6    -0.5
1635.254   -11.0    20.0     0.3
1636.914    -7.4   -18.3   -20.3
1638.574   -10.9   -25.6   -10.6
1640.234    -8.7   -30.6   -19.9
1641.895     0.7   -12.9     0.4
1643.555     3.1    15.8    -5.6
1645.215    -4.4    19.6   -14.2
1646.875   -17.4     5.6   -12.6
1648.535   -16.1   -34.5   -19.4
1650.195     0.0   -37.7   -21.8
1651.855     6.6    -8.7     5.4
1653.516    -0.2    19.6     5.0
1655.176    -3.8    14.5   -15.7
1656.836   -28.1   -12.3    -7.9
1658.496   -22.4   -37.8   -20.6
1660.156     8.3   -35.9   -11.9
1661.816     7.7   -33.0    -6.2
1663.477     6.2    30.0     8.0
1665.137    -9.0    11.3   -13.7
1666.797   -25.2    -9.6   -18.7
1668.457   -25.4   -16.1   -14.6
1670.117    -2.5   -41.5    -6.8
1671.777    12.1   -21.7    -3.1
1673.438   -10.9    22.4   -11.1
1675.098   -29.7     8.9   -12.5
1676.758   -30.0    -0.4   -16.2
1678.418    -8.0   -27.6   -13.4
1680.078    11.3   -25.8     0.2
1681.738    11.0   -13.8     5.9
1683.398     0.3     9.2    -8.0
1685.059   -29.9     8.0   -21.2
1686.719   -37.4    -1.6   -11.7
1688.379    -7.5   -13.0    -2.1
1690.039    18.0   -28.0   -11.5
1691.699     7.1     7.5    15.3
1693.359     2.6     6.5     9.8
1695.020   -31.9    -0.8   -32.9
1696.680   -25.9   -10.1   -10.1
1698.340   -12.3     0.2     9.8

Event #40  ts=2026-09-25 13:03:20.176  [SELECTED]
  t[ns]  u1[mV]  u2[mV]  u3[mV]
  0.000    -5.4   -26.9    -4.3
  1.660   -31.3   -26.9   -10.1
  3.320    10.8   -25.3   -20.9
  4.980    15.7    -9.4   -14.6
  6.641     6.5    26.1    23.3
  8.301   -16.6    11.3   -13.1
  9.961   -28.5   -27.4   -39.5
 11.621   -20.1   -24.0    -0.8
 13.281     1.2   -17.5    -8.5
 14.941    17.0     6.2     0.9
 16.602    -5.6    27.7     9.0
 18.262   -22.7    -8.5   -21.3
 19.922   -22.8   -41.7   -33.9
 21.582   -10.0   -34.7    -1.9
 23.242     8.0     0.2    -3.2
 24.902     9.9     6.0   -14.8
 26.562   -18.1    15.8     0.3
 28.223   -25.7    -8.6   -13.2
 29.883   -13.4   -35.8   -25.5
 31.543    -6.8   -21.7    -4.0
 33.203     3.4     9.4     5.3
 34.863    -4.4    13.7    -9.8
 36.523     1.3     7.2    -9.8
 38.184   -21.6   -19.0   -22.6
 39.844    -1.2   -20.1    -6.0
 41.504     0.0   -20.8    -7.6
 43.164    -3.5    17.7     1.5
 44.824   -12.4    19.5    -3.0
 46.484   -24.5    -6.2   -22.3
 48.145   -13.2   -37.5   -18.3
 49.805    -2.8   -15.5     6.7
 51.465     2.5     0.7    -8.7
 53.125    -2.5     6.3   -17.8
 54.785   -27.2    18.3     7.8
 56.445   -20.0    -2.3    -7.3
 58.105   -13.8   -42.3   -27.7
 59.766    13.8   -24.2     2.8
 61.426     6.1     3.7    16.5
 63.086   -12.9     0.6   -23.5
 64.746   -20.3     2.4    -3.9
 66.406   -18.7    -4.9    -0.8
 68.066     6.9   -36.9   -17.4
 69.727    18.6   -16.9     2.1
 71.387     4.0     5.7     6.6
 73.047   -23.4     4.7   -20.0
 74.707   -30.2   -10.0   -18.5
 76.367   -15.7   -14.5   -15.0
 78.027    18.6   -29.3    -5.7
 79.688    22.2     4.8    22.9
 81.348    11.9    15.1     7.5
 83.008   -36.3    -7.1   -33.7
 84.668   -32.7    -4.9     2.1
 86.328    -0.4   -13.2    -3.0
 87.988    32.0   -18.7    -8.2
 89.648    26.1     4.0    19.1
 91.309   -13.6     0.1   -22.4
 92.969   -47.4   -28.1   -51.1
 94.629   -46.2   -13.2    -6.1
 96.289    25.9   -14.4    -6.1
 97.949    36.4   -18.0    -7.0
 99.609    16.9    21.4    19.2
101.270    -6.1    24.8     9.2
102.930   -55.3   -38.8   -52.7
104.590   -49.8   -37.5   -37.3
106.250    -7.9     0.3    12.1
107.910    35.3     1.6    -0.5
109.570    11.4     8.3     9.9
111.230     1.9     4.4     7.4
112.891   -52.4   -32.9   -46.6
114.551   -30.8   -23.8   -18.5
116.211    19.1     7.6    13.1
117.871    32.8    15.3    10.1
119.531    20.8     6.4     0.7
121.191     4.0     2.3     3.1
122.852   -43.4   -32.4   -35.0
124.512   -38.8   -34.9   -31.5
126.172    -4.7     1.3     4.3
127.832    19.1    18.2    -1.5
129.492    12.8    13.2     6.0
131.152   -17.8   -11.5   -12.4
132.812   -24.7   -50.4   -32.6
134.473   -24.0   -43.7   -28.2
136.133   -17.5    -3.2     2.8
137.793     3.9    13.1    -6.6
139.453    -1.4     7.5     4.4
141.113   -16.0   -11.7   -10.9
142.773    -8.6   -43.6   -29.2
144.434    -5.0   -27.7     0.1
146.094    -2.8     7.6     1.4
147.754    -4.3     9.7   -16.7
149.414   -20.9     8.7    -3.4
151.074   -22.0     0.8    -2.8
152.734    16.6   -31.6     7.3
154.395     3.0     3.3     5.1
156.055    -4.3     6.8   -10.5
157.715   -34.4    10.3   -16.9
159.375   -39.1     7.3    -0.8
161.035    21.3   -36.2   -15.4
162.695    27.4   -32.0     1.4
164.355    27.9   -16.0    18.4
166.016   -17.0     4.3   -23.4
167.676   -40.4    -4.6   -33.5
169.336   -41.3    -0.7    -7.3
170.996     5.4   -13.8   -10.3
172.656    43.5   -32.0    -4.3
174.316    26.5     6.8    20.4
175.977    13.8    13.5    14.3
177.637   -56.9   -15.1   -46.0
179.297   -52.1    -8.3    -7.1
180.957    11.4    -9.7     0.3
182.617    31.6   -14.8    -3.9
184.277    28.1     8.5    20.5
185.938    -6.1     9.1     2.2
187.598   -66.0   -21.1   -47.4
189.258   -47.8   -16.8   -19.1
190.918    11.9    -1.5     6.8
192.578    52.8    -5.8     5.0
194.238    44.5    -1.1    10.9
195.898   -17.0    -1.7    -7.9
197.559   -71.7   -27.9   -36.5
199.219   -49.9   -26.9   -14.9
200.879   -38.3   -33.2   -16.5
202.539   -32.0   -49.5   -36.9
204.199   -78.9   -95.8   -55.6
205.859  -145.4  -144.0  -116.6
207.520  -146.9  -144.8  -116.3
209.180  -120.8  -111.3   -80.3
210.840   -36.9   -69.6   -53.4
212.500   -10.6   -68.3   -50.6
214.160    -0.4   -26.9   -19.7
215.820   -51.1   -43.8   -75.3
217.480   -60.9   -50.2   -62.1
219.141   -26.5   -12.9     1.1
220.801    25.6   -29.2   -23.9
222.461     8.2    -2.0    -6.4
224.121   -23.3     8.2     3.0
225.781   -42.0   -26.4   -37.7
227.441   -37.3   -37.3   -27.5
229.102   -10.0    -5.3    -1.9
230.762    17.4     0.6   -11.1
232.422    14.9   -14.9   -13.2
234.082   -28.6    -0.5   -10.8
235.742   -32.5     2.4   -12.6
237.402   -36.7   -27.9   -25.1
239.062     4.8     1.3    10.2
240.723    15.5    -6.6   -13.7
242.383   -16.7   -17.2   -14.9
244.043   -19.8   -17.2   -16.0
245.703   -28.5   -21.3   -28.2
247.363   -22.9   -28.1   -20.8
249.023    25.7     7.8    18.5
250.684    26.9     4.8     1.6
252.344     3.9   -24.9   -24.7
254.004   -38.0   -14.7    -4.8
255.664   -35.5   -24.5   -21.3
257.324    -4.4    -8.8   -11.2
258.984    30.9    12.8    28.4
260.645    13.5    -3.2   -13.0
262.305   -22.7   -20.9   -35.9
263.965   -45.6   -13.7    -9.9
265.625   -20.1   -17.9   -17.5
267.285    20.3    -9.4    -1.6
268.945    19.4    12.9    17.0
270.605     1.8     3.0   -15.3
272.266   -19.6   -23.8   -37.6
273.926   -42.8   -14.8    -8.5
275.586   -25.0   -14.8    -1.9
277.246     7.4    -6.1   -14.0
278.906    17.1     3.5     3.9
280.566    -0.4     7.2    -1.6
282.227   -17.3   -15.1   -24.1
283.887   -26.5   -27.4   -17.8
285.547   -14.5   -11.3    -7.5
287.207    -3.3    -7.6    -1.1
288.867     4.4     3.7    -4.3
290.527    -7.6    -9.4    -8.3
292.188   -14.7    -0.9    -4.3
293.848   -13.8    -5.5    -5.7
295.508    -9.7   -17.6   -16.4
297.168   -10.3   -17.3   -14.0
298.828    -8.5    -6.7     2.7
300.488   -11.7   -15.4   -24.1
302.148   -11.5   -13.1   -21.0
303.809    -7.9     9.8     9.4
305.469     1.7   -22.7   -16.1
307.129    -1.2   -22.2    -7.4
308.789   -23.1    -3.4   -16.1
310.449   -25.1    -3.9   -17.0
312.109    -4.4    -3.9     3.4
313.770     5.2    15.7    19.4
315.430    10.5   -13.9   -17.7
317.090    -1.2   -18.5    -6.0
318.750   -33.9   -10.3    -3.7
320.410   -25.8   -23.2   -30.3
322.070     1.2     8.1     9.4
323.730    11.6    17.7    14.3
325.391    18.4   -12.2   -10.1
327.051    -0.1   -21.8    -3.0
328.711   -19.1   -16.6    -2.6
330.371   -38.7   -19.6   -37.9
332.031   -20.9    -9.6    -6.4
333.691    18.1     9.4     0.7
335.352    15.5   -18.6   -11.0
337.012     0.4   -14.6     0.9
338.672   -12.2    -9.1     3.0
340.332   -33.2   -27.5   -39.8
341.992   -19.2    -1.1     3.0
343.652     5.7     8.6    11.3
345.312    20.6    -8.3   -14.3
346.973     1.5   -10.6    -1.1
348.633   -15.3    -8.4    -3.8
350.293   -21.5   -24.3   -32.7
351.953   -32.1   -23.8   -32.5
353.613   -12.5     6.9     9.4
355.273     6.2    -4.6   -12.5
356.934    10.2    -9.7    -2.5
358.594    -9.1    -1.3    -1.4
360.254   -14.8   -21.4   -27.4
361.914   -19.6   -19.3   -13.4
363.574   -23.6    -7.6    -1.9
365.234   -12.8    -3.3    -4.5
366.895    11.6    -1.2     6.2
368.555     9.5     4.1     6.6
370.215    -0.7    -8.1   -22.1
371.875    -7.6   -22.7   -20.6
373.535   -32.6   -13.3   -19.4
375.195   -11.8   -10.0   -12.1
376.855   -11.4    -2.4    -5.8
378.516     6.2    11.6    19.0
380.176    15.2   -14.5   -18.6
381.836    14.3   -16.7   -16.2
383.496   -37.8   -19.6   -32.8
385.156   -32.4   -26.0   -36.7
386.816   -10.5    10.8     5.5
388.477    14.9    29.6    13.5
390.137    26.1   -17.6   -13.8
391.797     1.9   -19.9    -2.3
393.457   -29.0   -10.1   -12.6
395.117   -39.7   -20.7   -35.2
396.777   -12.5    12.9    10.7
398.438    20.8    18.3     8.4
400.098    40.6    -9.1     0.0
401.758    27.3   -19.6     0.3
403.418     2.4   -16.2    -2.1
405.078   -44.9   -22.2   -28.1
406.738   -49.6   -14.2   -22.5
408.398    -3.8    13.3    -5.8
410.059    17.3    -0.6   -10.3
411.719    29.4   -15.0     0.5
413.379     1.9   -10.5    -2.5
415.039    -5.9   -12.3   -11.5
416.699   -55.5   -11.7   -22.9
418.359   -38.4    17.3     0.2
420.020    16.1   -12.2   -11.3
421.680    29.4   -21.7    -0.6
423.340    22.1    -5.3    14.3
425.000     1.2    -6.9    -3.8
426.660   -22.7   -13.7   -25.0
428.320   -49.7     2.8    -6.8
429.980   -34.3    12.4    -1.5
431.641    30.4   -23.0   -10.3
433.301    36.5   -17.8     9.0
434.961     0.5    -1.6    -0.4
436.621   -47.5    -6.3   -36.9
438.281   -46.1     0.6   -19.5
439.941   -26.8    -4.6    -4.3
441.602     5.3   -18.5    -9.7
443.262    40.1   -19.8     0.4
444.922    33.3   -23.9     0.8
446.582   -28.8     2.4   -18.7
448.242   -40.2    -0.3   -23.7
449.902   -33.4    -0.6   -20.0
451.562   -28.5   -12.6   -27.0
453.223    36.4   -19.6     8.2
454.883    32.2   -15.5     8.8
456.543     5.0    -7.7   -20.1
458.203   -35.2    11.1    -6.3
459.863   -48.8    15.3    -4.2
461.523   -34.5   -10.2   -23.1
463.184    28.5   -21.7    14.1
464.844    27.6    -1.7     2.2
466.504    -1.6   -12.3   -27.2
468.164   -18.2    -7.4   -24.6
469.824   -47.6     9.6   -17.0
471.484    -8.0   -27.3   -28.7
473.145    15.4   -26.2    -7.0
474.805    27.0    -4.3    16.0
476.465     6.5   -12.5   -21.9
478.125   -23.8     0.3   -15.9
479.785   -49.7    14.7   -17.3
481.445   -28.7   -15.4   -34.0
483.105    21.2   -28.4    11.1
484.766    25.3   -13.9     6.3
486.426    16.3    -9.1    -3.5
488.086   -22.6     3.0   -13.4
489.746   -37.1     4.2   -20.1
491.406   -34.5     1.4   -22.9
493.066     5.3   -21.7    -3.7
494.727    29.0   -10.2    25.0
496.387    24.9    -7.2     1.3
498.047   -24.2     4.8   -11.8
499.707   -34.3    21.4    -5.7
501.367   -22.8   -16.5   -37.0
503.027   -14.5   -16.1   -35.0
504.688    24.2   -14.8    21.5
506.348    21.9   -12.3    -0.4
508.008     6.4   -10.3   -19.7
509.668   -35.1    26.4     7.8
511.328   -31.5     1.9   -23.7
512.988   -13.2   -36.9   -33.7
514.648    14.1   -11.9    17.7
516.309    24.7   -14.1    23.4
517.969     9.4    -8.1   -14.8
519.629   -40.3    19.6     2.5
521.289   -28.3     5.9   -12.1
522.949   -27.5    -9.1   -20.3
524.609     2.0   -27.0   -14.9
526.270    16.4   -15.6    15.4
527.930    15.9    -9.3     4.2
529.590   -14.6     5.6   -15.3
531.250   -32.6    11.9   -10.5
532.910   -11.9   -25.6   -22.2
534.570    -0.3   -25.0   -16.1
536.230    16.6   -27.6    -7.1
537.891    12.0    -9.6     5.5
539.551   -11.5    -0.7   -14.1
541.211   -33.7     3.5   -13.3
542.871   -22.1    -5.2   -15.4
544.531     4.4    -8.1    -5.1
546.191    18.3   -17.1     1.6
547.852    15.0   -14.5     3.6
549.512    -3.5    -3.7    -3.1
551.172   -35.9    11.8   -12.0
552.832   -32.2   -14.0   -30.4
554.492     3.7    -6.7     1.5
556.152    19.3    -8.8     4.6
557.812    20.3   -23.6   -15.3
559.473   -19.5     4.4    -1.2
561.133   -41.7    -3.5   -26.6
562.793   -32.4   -16.8   -30.2
564.453    -6.6   -17.0   -26.0
566.113    19.4     2.7     9.3
567.773    14.0   -18.4   -10.6
569.434   -33.4    -2.8    -1.3
571.094   -35.5     1.9   -19.3
572.754   -12.9   -10.6   -11.6
574.414   -13.6   -11.6   -17.5
576.074    19.7     4.4     4.3
577.734    27.0     5.3     4.2
579.395    11.3   -20.0   -10.2
581.055   -36.6    -3.9    -7.1
582.715   -40.9   -15.7   -40.4
584.375   -12.2    -8.8   -10.6
586.035    15.7    10.3    26.0
587.695    36.2     9.3    11.0
589.355   -11.0   -19.5    -6.6
591.016   -44.3    -4.9    -7.4
592.676   -35.5   -15.0   -30.9
594.336    -9.4    -7.1   -17.3
595.996    23.2    19.6    23.4
597.656    29.0     6.2    12.6
599.316     0.9   -28.4   -21.1
600.977   -42.5   -13.4   -11.1
602.637   -42.6   -12.7   -28.7
604.297   -26.8    -9.1   -26.8
605.957    20.5     8.9    15.6
607.617    22.1     2.6     6.0
609.277     6.2   -18.2   -21.1
610.938   -37.2   -12.4    -8.2
612.598   -36.5    -5.9   -22.8
614.258    -7.1    -1.9   -19.0
615.918    24.2    10.4    12.9
617.578    22.1    -0.5     8.8
619.238    -4.6   -21.0   -11.0
620.898   -22.1   -17.8    -8.0
622.559   -44.0   -12.9   -30.3
624.219   -29.0    -6.6   -19.7
625.879    23.7    -4.1    -6.5
627.539    24.8    -4.7    -5.6
629.199    25.4   -17.5   -14.7
630.859   -12.3   -14.0     6.5
632.520   -36.5   -17.1   -31.0
634.180   -23.5   -23.2   -37.8
635.840     6.3    18.7    20.0
637.500    21.9     7.1    -3.6
639.160    20.7   -23.3   -24.7
640.820    -3.2   -20.6    -0.7
642.480   -35.6    -3.6    -4.7
644.141   -26.2   -27.6   -28.0
645.801    -7.6    -6.4     3.3
647.461    12.6     6.5    -3.2
649.121    18.5   -12.7   -13.1
650.781    -0.9   -13.6    -2.3
652.441   -25.8    -4.3   -13.6
654.102   -21.0   -23.0   -19.3
655.762   -18.1   -12.5    -4.2
657.422     5.2     4.5     2.2
659.082     5.7   -23.2    -4.8
660.742    -2.2    -4.6     3.2
662.402   -25.4    -6.1   -23.8
664.062   -26.3   -18.9   -29.5
665.723    -1.9    -2.5     9.2
667.383     8.0    -1.8     5.4
669.043    13.0   -20.4   -19.0
670.703   -11.1     7.0     9.2
672.363   -18.9     0.4    -6.9
674.023   -22.4   -21.6   -31.7
675.684   -17.0   -22.4   -15.3
677.344     7.1   -12.7    -2.1
679.004    12.4   -12.0   -13.2
680.664    -5.7    -6.1   -14.9
682.324   -24.7    12.0     2.6
683.984   -16.7   -10.9   -19.6
685.645    -4.8   -29.3   -15.1
687.305    -1.5    -4.3    12.6
688.965    -0.1    -4.0    11.3
690.625    -3.0    -8.9   -22.1
692.285   -25.7    19.7     7.3
693.945   -13.0    -9.7   -15.0
695.605    -4.5   -20.7   -14.5
697.266     4.1   -30.7    -7.4
698.926     5.4    -6.0    -1.8
700.586     1.5    -2.2   -10.4
702.246   -21.5     8.6   -10.1
703.906   -26.8     1.5   -13.2
705.566     2.4   -14.5     0.9
707.227    18.6   -34.2   -13.7
708.887    17.1   -33.4   -11.3
710.547    -1.4    -5.1    -1.8
712.207   -33.4    13.4   -15.7
713.867   -38.4     8.7   -28.0
715.527   -19.5    -8.8    -6.0
717.188    27.3   -16.0     5.0
718.848    19.2   -37.7   -16.4
720.508    -4.9    -2.0    -0.7
722.168   -20.9    16.0     5.8
723.828   -41.9     9.6   -28.9
725.488   -31.6    -8.2   -30.3
727.148    -6.1   -12.4     2.6
728.809    22.3    -9.1    18.2
730.469    33.9   -34.7   -15.1
732.129   -25.3    11.2    -4.3
733.789   -54.8    -0.5   -39.7
735.449   -49.5    -8.6   -44.0
737.109   -14.4   -15.5   -12.6
738.770    37.3   -19.7     1.1
740.430    40.3   -19.4     1.1
742.090    20.4   -13.0     3.7
743.750   -40.7    21.3    -9.6
745.410   -59.9   -12.5   -42.3
747.070   -29.8   -19.6   -11.5
748.730    28.6   -12.7     8.7
750.391    46.2   -20.2    -5.0
752.051    40.8   -10.7     7.2
753.711   -12.4    14.2    11.5
755.371   -63.3    -4.9   -44.5
757.031   -64.3   -17.9   -49.8
758.691    -2.6   -17.7     8.0
760.352    59.6   -18.0     4.3
762.012    54.0    -7.7     5.3
763.672    19.5    20.0    19.0
765.332   -51.9     6.0   -38.0
766.992   -64.2   -26.0   -60.5
768.652   -42.8   -28.9   -17.1
770.312    25.9   -21.1    15.4
771.973    53.9   -16.0     2.0
773.633    31.6    13.4     8.2
775.293   -38.7    14.2   -15.2
776.953   -66.2   -14.8   -41.7
778.613   -64.4   -34.1   -55.0
780.273   -37.5   -38.3   -15.9
781.934    39.6    -7.9    15.4
783.594    48.3     7.8     4.8
785.254    38.2    15.3     0.9
786.914   -43.8     3.6   -21.0
788.574   -49.0   -22.3   -46.7
790.234   -39.6   -42.3   -30.9
791.895     6.3   -26.2     2.5
793.555    28.6    -2.9     4.1
795.215    42.3    17.8    16.5
796.875     7.2    19.5     5.8
798.535   -44.3   -26.5   -31.4
800.195   -39.1   -28.7   -21.8
801.855   -23.3   -30.7   -11.1
803.516    23.0   -14.5    -5.9
805.176     4.4    29.7    18.8
806.836    -3.1    23.0     5.3
808.496   -17.9    -1.1   -28.7
810.156   -20.1   -31.7   -13.9
811.816   -18.1   -26.6    -3.8
813.477     3.5   -16.2   -11.5
815.137     3.2   -14.8    -5.9
816.797    -5.7    22.3    11.2
818.457    -5.8   -16.9   -19.2
820.117    -5.9   -22.4   -15.4
821.777   -11.9    -6.5     5.7
823.438    -4.2   -15.2   -10.4
825.098   -15.3    -1.1     4.4
826.758   -22.1    -3.3     0.4
828.418   -10.5     9.2   -19.2
830.078     0.4   -12.6    -7.3
831.738     7.9    -2.6     8.6
833.398     2.8   -10.2   -18.0
835.059   -25.5   -22.3   -11.2
836.719   -29.6    -7.4     4.7
838.379   -19.6    -1.2   -11.2
840.039     2.3    -8.0   -21.1
841.699     7.8     4.4     8.0
843.359    20.5    12.7    16.9
845.020    -7.5   -25.3   -28.5
846.680   -34.2   -10.2   -11.4
848.340   -17.8    -4.2   -12.9
850.000    13.1    -9.7    -8.8
851.660    14.6    -6.4    -6.7
853.320    16.2    10.8    15.0
854.980   -17.1   -24.7   -29.7
856.641   -22.8   -27.9   -27.5
858.301   -23.9    -9.3    -9.2
859.961    -1.8    -8.8   -17.9
861.621     6.2    -8.9   -14.6
863.281    19.5    14.5    10.6
864.941    -6.1    -8.9   -12.7
866.602   -12.6   -20.2   -25.7
868.262   -31.4   -13.2    -6.5
869.922   -11.4    -4.5   -17.4
871.582     9.2     0.1    -9.4
873.242    17.2     5.5     3.4
874.902    -4.3    -7.6    -5.2
876.562   -17.0   -20.6    -9.0
878.223   -12.0    -4.8   -11.4
879.883   -13.2    -6.0   -12.1
881.543   -11.1    -4.8   -21.2
883.203     2.6    12.1    15.1
884.863    -2.8     0.6    -0.2
886.523   -12.2   -30.0   -26.9
888.184   -12.0   -18.0    -2.1
889.844   -11.4     1.8    10.2
891.504    -1.1   -12.9   -25.2
893.164    -1.3     2.2     4.6
894.824   -12.0     5.9     7.4
896.484   -12.4   -30.5   -30.1
898.145    -8.5   -43.9   -27.3
899.805    -1.5    18.0     9.9
901.465     1.7    24.5     4.7
903.125    -0.1    -9.6   -13.3
904.785   -14.7    -2.0     1.9
906.445   -23.7   -17.6   -15.6
908.105   -15.4   -33.9   -14.7
909.766     0.6    -0.8     9.0
911.426     9.6    28.4     7.3
913.086     1.0    11.2   -10.4
914.746   -15.3    -9.5    -9.1
916.406   -16.6   -36.9   -21.8
918.066   -16.6   -38.3   -24.0
919.727    -8.0    -8.5     3.6
921.387     8.2    21.9     0.3
923.047    -1.2     6.9   -17.8
924.707    -6.1    -0.8   -10.4
926.367   -18.5   -18.4    -1.8
928.027   -18.8   -43.3   -36.7
929.688     3.6    29.6    24.2
931.348     3.0    32.6    18.5
933.008     1.1     4.3   -26.3
934.668   -12.0   -15.1   -25.7
936.328   -18.3   -20.0     0.0
937.988    -2.9   -38.4   -21.0
939.648     2.9   -11.0   -16.7
941.309    -9.3    16.2     8.0
942.969    -8.3    25.8    -3.3
944.629    -3.6     2.2   -24.3
946.289    -8.6   -30.9   -21.6
947.949    -2.9   -24.1     5.3
949.609     6.0   -22.4    -9.3
951.270     0.3     8.0    -5.7
952.930   -22.9    26.1    -2.4
954.590   -13.9   -29.5   -26.3
956.250    -8.0   -39.1   -18.0
957.910     9.5   -34.4    -0.9
959.570    13.5   -16.1     1.5
961.230    -9.8    19.5   -10.6
962.891   -25.4    21.2   -12.9
964.551   -32.6    -7.5   -17.3
966.211   -18.1   -28.5   -17.8
967.871    10.7   -33.5    -6.3
969.531    24.8   -15.2     2.7
971.191    16.4    18.4    10.1
972.852    -1.4    31.1     3.2
974.512   -47.3   -19.5   -28.5
976.172    -5.8   -32.1    -0.4
977.832    12.1   -27.9     2.7
979.492    33.1   -15.2    -6.0
981.152    23.0     4.2     3.1
982.812   -24.9    24.5    -1.4
984.473   -46.1     1.4   -28.5
986.133   -24.7   -31.6   -11.3
987.793    16.2   -16.5    10.2
989.453    19.4   -17.0     9.7
991.113    12.8    20.5     6.9
992.773    -4.9    29.1     4.3
994.434   -54.3    -5.2   -39.3
996.094   -26.5   -36.5   -10.7
997.754   -13.4   -34.0     3.3
999.414    23.6   -10.0     1.2
1001.074    27.8    -1.9    -4.5
1002.734   -12.8    18.8     1.3
1004.395   -32.9    10.1   -17.4
1006.055   -23.7   -31.8    -8.0
1007.715    -5.6   -16.9     7.3
1009.375     8.6   -10.3     6.4
1011.035    25.3    -8.0   -11.0
1012.695    14.1     1.1     0.7
1014.355   -23.6    14.5    -9.0
1016.016   -30.9   -23.8   -37.5
1017.676   -19.8   -13.9     2.4
1019.336    -5.1    -5.2    11.7
1020.996    11.6    -9.1    -4.2
1022.656    -1.3    -5.5    -6.9
1024.316   -12.9    10.6     4.6
1025.977   -20.5   -21.1   -32.7
1027.637   -10.2   -10.4     6.4
1029.297    -8.0    -9.6    10.6
1030.957    -2.3   -23.4   -21.0
1032.617    -8.0   -12.3   -13.4
1034.277    -6.8     2.2     1.8
1035.938    -1.7     1.0   -13.8
1037.598   -10.3   -10.8     0.5
1039.258   -19.0   -12.0     0.5
1040.918   -15.5   -31.1   -24.1
1042.578    -9.5   -25.0   -26.0
1044.238     2.5     3.3    13.4
1045.898     9.2    16.8    15.5
1047.559     2.7     2.1   -18.0
1049.219   -18.9    -7.2    -9.4
1050.879   -32.7   -21.3   -14.6
1052.539   -21.6   -35.5   -24.7
1054.199     9.1     4.7    14.3
1055.859     9.5     4.1    15.8
1057.520    13.5    11.8   -11.7
1059.180   -14.7     2.9     2.0
1060.840   -36.9   -26.3   -28.1
1062.500   -30.0   -53.7   -31.5
1064.160    -6.0    -9.3     9.8
1065.820    20.4    27.5    13.9
1067.480    29.2    22.5    -9.8
1069.141   -22.6     9.3    -0.2
1070.801   -40.3   -19.4   -21.9
1072.461   -30.3   -56.3   -41.2
1074.121    -8.0   -30.5     3.0
1075.781    13.0    18.1    18.9
1077.441     4.0    18.7    -1.9
1079.102   -16.1     5.1    -1.2
1080.762   -37.3   -28.4   -30.3
1082.422   -33.3   -45.2   -35.0
1084.082    -6.3   -30.4     3.8
1085.742    18.4    23.5     1.1
1087.402     3.8    23.4    -0.9
1089.062   -16.7    20.6     0.7
1090.723   -22.7   -35.9   -33.3
1092.383   -17.1   -57.7   -31.2
1094.043     7.9     8.7    16.1
1095.703    10.8    23.8    -3.3
1097.363     0.0    16.8   -16.6
1099.023   -25.7    12.0    -4.9
1100.684    -7.4   -34.2   -18.4
1102.344    -3.1   -54.8   -22.9
1104.004     5.8   -22.9    -2.1
1105.664     7.1    25.1    15.7
1107.324   -14.8    14.7   -16.2
1108.984   -29.7    -4.6   -22.7
1110.645   -17.9   -12.2     0.4
1112.305    26.9   -29.9   -11.6
1113.965    25.6   -32.7   -10.7
1115.625   -15.2    21.7    12.4
1117.285   -41.5     7.1   -23.7
1118.945   -38.7    -5.3   -29.5
1120.605    -5.0   -19.8     0.5
1122.266     7.8   -25.9    -1.7
1123.926    33.9   -14.2     6.3
1125.586    14.5     4.7     9.7
1127.246   -51.6     9.8   -25.3
1128.906   -37.1   -12.3   -20.0
1130.566   -11.8   -23.2   -11.3
1132.227    46.5   -18.4     7.7
1133.887    24.0    10.0    13.9
1135.547    19.3    11.1    13.8
1137.207   -39.1     3.5   -31.0
1138.867   -60.0    -9.1   -13.1
1140.527   -10.0   -16.1     0.8
1142.188    28.4   -22.6     0.5
1143.848    44.3     1.0    20.2
1145.508   -33.1    13.5   -17.6
1147.168   -70.1   -20.5   -39.5
1148.828   -70.5   -20.2   -41.5
1150.488   -35.8    -3.6     0.0
1152.148    40.8    -9.8     4.6
1153.809    61.5   -26.1     1.1
1155.469    16.9     5.2    14.7
1157.129   -45.3     9.9   -18.1
1158.789   -80.7   -16.2   -56.1
1160.449   -23.1    -3.7     0.0
1162.109    -9.7     2.8    10.0
1163.770    68.9   -18.1     8.1
1165.430    33.3    -7.3    15.8
1167.090   -52.9    -1.4   -26.7
1168.750   -89.5   -15.2   -51.6
1170.410   -32.3    -9.2    -2.5
1172.070    23.1     1.7    19.4
1173.730    73.9    -7.7     5.5
1175.391   -13.3    -0.1    -0.9
1177.051   -34.4    -3.0   -10.9
1178.711   -90.9   -27.2   -54.9
1180.371    -0.4     7.2    15.7
1182.031    56.6    12.2    20.0
1183.691    73.3    -3.9     2.8
1185.352    32.5    -1.7    11.5
1187.012   -60.2   -16.0   -27.2
1188.672   -82.0   -26.6   -55.0
1190.332   -55.1   -10.9   -22.3
1191.992    45.0    17.7    28.5
1193.652    79.5    -0.6    12.7
1195.312    40.0   -15.3    -1.0
1196.973   -33.6    -3.1     1.3
1198.633   -78.0   -17.1   -42.8
1200.293   -41.9   -13.6   -26.8
1201.953     0.8     3.3    11.0
1203.613    70.6     6.4    20.3
1205.273    59.3    -5.8     5.5
1206.934   -54.0    -9.5   -17.7
1208.594   -71.3   -14.4   -34.0
1210.254   -60.4   -20.3   -41.5
1211.914     2.3    -5.3     7.6
1213.574    47.1     1.9    17.2
1215.234    48.8     0.0     5.8
1216.895   -36.3    -8.2   -14.5
1218.555   -58.9   -10.8   -20.2
1220.215   -44.1   -13.4   -25.1
1221.875     6.3   -11.6    -5.9
1223.535    34.5    -3.8     4.9
1225.195    27.1    -0.4     5.9
1226.855   -30.1    -4.1   -17.0
1228.516   -31.2    -5.1   -18.7
1230.176   -27.7    -6.8   -10.4
1231.836    -1.0    -9.8    -0.9
1233.496    14.0   -14.4    -6.2
1235.156    17.4   -17.9    -6.5
1236.816   -16.0    15.2     9.7
1238.477   -30.3    -7.9   -25.4
1240.137   -14.5   -12.4   -13.5
1241.797     1.7   -18.7    -9.6
1243.457     3.8   -17.3   -10.0
1245.117   -17.4     4.1    -0.6
1246.777   -21.2    20.3    -4.5
1248.438   -15.9    -2.5   -24.6
1250.098    -4.9   -12.5    -8.1
1251.758     4.6   -12.8    -1.3
1253.418     2.6   -31.4   -20.3
1255.078   -15.7    -2.3    -4.7
1256.738   -24.7    19.2    -3.2
1258.398   -14.3    -4.0   -19.3
1260.059    -1.3     0.3    14.0
1261.719     1.8    -6.2    13.9
1263.379     5.2   -35.3   -24.1
1265.039   -19.3   -21.4    -7.8
1266.699   -31.4     0.0     3.4
1268.359   -20.0     7.6   -24.7
1270.020    -1.8    -6.0    -5.1
1271.680     9.1    -4.9     8.1
1273.340    16.1   -20.6   -14.5
1275.000    -9.1   -20.3   -15.5
1276.660   -29.2    19.3     1.5
1278.320   -18.2   -16.2   -29.1
1279.980    17.6    -8.9     9.9
1281.641    11.4   -10.8    10.1
1283.301    -0.5   -18.8   -21.5
1284.961   -18.9    -2.8    -6.4
1286.621   -29.5     3.5    -7.0
1288.281   -33.0    -0.8   -20.4
1289.941     9.6   -11.1    -2.1
1291.602    13.2    -4.0    10.0
1293.262     3.9   -11.3   -17.5
1294.922    -7.7    -0.8    -5.4
1296.582   -32.7    -9.9   -27.4
1298.242   -28.7   -18.0   -27.3
1299.902    -1.9   -12.8     8.2
1301.562    13.2    -5.5     6.6
1303.223    12.7    -5.4    -7.4
1304.883    -0.8     2.4     6.6
1306.543   -23.2     3.4    -6.2
1308.203   -25.9   -27.3   -34.0
1309.863   -15.1   -19.2     2.1
1311.523     1.3    -2.9    -4.8
1313.184     9.9   -11.9   -17.9
1314.844    -5.0    18.2    15.8
1316.504    -7.3    19.2    14.2
1318.164   -22.2   -32.2   -25.8
1319.824   -21.1   -14.8     0.0
1321.484   -14.1    -5.3    -2.6
1323.145    11.5   -12.7    -9.8
1324.805     2.1     5.1     7.8
1326.465    -0.9     6.6    -5.0
1328.125    -2.2    -7.1   -16.1
1329.785   -16.8   -16.7    -5.7
1331.445   -13.8   -16.6   -19.0
1333.105   -15.4   -12.3   -17.4
1334.766    10.3     8.7     7.4
1336.426     9.3    16.4     2.9
1338.086    -3.3   -14.0   -19.0
1339.746   -24.1    -9.1     0.0
1341.406   -19.2   -22.7   -19.2
1343.066   -10.9   -13.9    -7.7
1344.727     3.4    15.2    13.9
1346.387    15.0    12.3    -2.9
1348.047    -5.8   -16.6   -21.4
1349.707   -17.3   -16.1    -4.2
1351.367   -19.1    -7.0     7.8
1353.027   -13.0   -27.5   -29.1
1354.688   -12.2    -0.1    -3.1
1356.348     1.4    23.7    14.9
1358.008    10.5    -3.7   -12.1
1359.668     1.9    -6.5   -13.7
1361.328   -17.5    -0.9    -0.7
1362.988   -21.9   -21.3   -20.0
1364.648    -8.8   -26.9   -21.3
1366.309   -11.0     0.0     2.5
1367.969     6.0    -1.0    -8.1
1369.629    -9.5    -6.0    -9.4
1371.289   -14.2   -17.0   -11.1
1372.949    -0.1   -15.2   -11.1
1374.609    -9.2   -12.8   -15.0
1376.270   -17.5     0.9    -7.1
1377.930    -3.3     2.9    -3.3
1379.590    -4.1     1.0     0.4
1381.250    -3.5   -26.0   -12.3
1382.910     0.6   -30.2    -9.2
1384.570    -6.6   -12.8     0.0
1386.230   -18.8    -8.7   -22.7
1387.891   -23.5     0.4   -11.4
1389.551    -9.0     6.4     9.8
1391.211     6.6    -5.2    -7.8
1392.871    11.8   -23.5    -7.1
1394.531    -2.5   -13.6     0.2
1396.191   -17.1   -10.2   -22.6
1397.852   -27.6   -20.7   -29.8
1399.512   -17.4    14.4     1.9
1401.172     1.3    -0.7     0.0
1402.832    22.1   -21.1   -12.3
1404.492    16.7   -12.2     8.4
1406.152   -27.8   -12.5   -30.7
1407.812   -35.8    -7.1   -18.5
1409.473   -24.5     8.8     5.7
1411.133    -2.0     2.6    -2.1
1412.793    32.8   -10.8    14.0
1414.453    22.5   -11.7     8.8
1416.113   -40.0   -20.2   -38.8
1417.773   -53.4    -7.7   -15.5
1419.434   -36.9    10.0    -0.4
1421.094    11.1     3.2    -9.0
1422.754    22.9    -4.8   -10.8
1424.414    34.8    -3.5    20.7
1426.074   -17.6   -25.2   -36.7
1427.734   -60.0   -17.3   -20.6
1429.395   -63.1    -6.4    -7.3
1431.055     9.3     5.4   -12.7
1432.715    33.1    -5.1    26.3
1434.375    34.4    -6.5    26.6
1436.035   -17.1   -23.3   -25.8
1437.695   -53.1   -31.1   -46.7
1439.355   -48.2    12.8    -2.4
1441.016    -2.6     9.8    -2.8
1442.676    62.2    -9.8    18.6
1444.336    35.0    -7.0    21.9
1445.996     3.0   -12.3    -4.2
1447.656   -69.5   -17.7   -43.4
1449.316   -18.4     7.5    -1.7
1450.977     3.3     0.2    -1.3
1452.637    40.1    -3.8    -0.9
1454.297    20.8    -8.4     6.5
1455.957   -20.1   -16.2   -21.9
1457.617   -66.4   -14.3   -26.6
1459.277   -68.8   -10.1   -29.2
1460.938   -26.8    -0.6    -8.5
1462.598    54.6    -4.2    14.7
1464.258    30.0    -1.9     8.2
1465.918   -24.2   -14.7   -27.3
1467.578   -60.2   -11.3   -24.1
1469.238   -60.0    -2.6   -13.6
1470.898   -16.9   -10.7   -18.9
1472.559    39.9    -6.5    13.2
1474.219    46.5     1.0    23.9
1475.879    12.3    -9.2   -11.0
1477.539   -39.5    -3.6   -19.1
1479.199   -59.2     1.5   -18.1
1480.859    -2.4   -18.0   -20.8
1482.520    11.2   -17.6     2.4
1484.180    23.0     0.0     3.0
1485.840     4.7    -6.5    -6.4
1487.500   -31.7     5.3    -3.4
1489.160   -43.0     6.5   -16.1
1490.820   -32.6   -25.7   -34.5
1492.480     2.3   -10.8     3.8
1494.141    26.6    -5.5    -5.9
1495.801    20.9     3.8    -2.8
1497.461   -17.0     6.5    -1.8
1499.121   -25.3   -15.3   -33.7
1500.781   -26.2   -15.3   -31.3
1502.441   -10.7    -6.9    10.2
1504.102    14.5    -9.8   -12.4
1505.762    14.9   -11.7   -10.9
1507.422    -4.8     2.9     8.8
1509.082    -8.5   -11.9   -30.9
1510.742   -20.1   -28.0   -27.2
1512.402   -20.6    -6.9     1.8
1514.062    12.6    -3.5   -11.7
1515.723    11.6     0.3    -3.2
1517.383     0.1    14.0     4.7
1519.043    -6.2    -3.1   -19.4
1520.703   -14.0   -24.3   -36.5
1522.363   -21.6   -21.6    -8.1
1524.023    -5.1   -14.0   -12.9
1525.684     9.6    -4.1    -0.4
1527.344     0.0     0.5    12.2
1529.004    -6.0     0.3   -16.2
1530.664   -12.6   -19.1   -17.9
1532.324   -21.9   -12.4    -3.2
1533.984   -22.0   -20.8   -13.4
1535.645    -9.2   -20.9   -17.9
1537.305     7.6    -9.1     3.1
1538.965     0.7    -9.5   -15.7
1540.625    -7.8    -1.4   -10.6
1542.285   -22.9   -11.3   -12.2
1543.945   -10.9   -28.0   -18.9
1545.605    -6.1   -11.4   -10.1
1547.266     2.5    -6.4    -1.1
1548.926     6.4   -15.7   -24.1
1550.586   -12.3    -6.9    -1.9
1552.246   -14.6     8.0     5.4
1553.906    -5.3   -13.9   -12.6
1555.566    -8.2    -7.6    14.6
1557.227    -1.2    -7.6   -17.5
1558.887    -3.6   -23.5   -31.4
1560.547    -7.3     7.7     0.8
1562.207    -9.0    10.4     2.2
1563.867    -2.0   -27.3   -35.0
1565.527   -16.8    -7.5    11.2
1567.188    -5.1   -11.8   -17.2
1568.848    -1.0   -11.6   -14.9
1570.508    -0.4    15.9     4.9
1572.168    -3.3    -2.9   -16.2
1573.828    -9.8   -24.8   -17.0
1575.488    -1.7   -21.2    -2.7
1577.148   -12.9   -14.7   -24.9
1578.809   -19.6   -20.1   -18.3
1580.469    -5.5    11.9     8.5
1582.129    -1.0    -4.7   -12.6
1583.789    -9.1   -15.4   -10.0
1585.449   -11.2   -11.4    -9.7
1587.109   -14.8   -16.4   -21.6
1588.770   -13.2   -15.0   -13.0
1590.430    -3.8     8.5     6.9
1592.090     0.8   -10.6   -19.2
1593.750    -6.8   -16.3   -13.0
1595.410   -16.2    -1.6     8.9
1597.070   -11.3   -15.8   -26.1
1598.730    -9.6     3.7     5.3
1600.391    -8.4    11.7    14.5
1602.051     0.6    -3.6    -7.5
1603.711     1.1   -16.7   -14.7
1605.371    -5.4    -9.6     1.3
1607.031   -10.6   -18.7   -20.1
1608.691   -13.0   -20.1   -28.6
1610.352    -9.2    -2.4   -14.2
1612.012     0.2   -11.5    -7.1
1613.672     8.6   -26.0   -21.6
1615.332   -10.9    -3.7     8.8
1616.992   -15.3    -9.2   -10.7
1618.652   -15.1    -0.1   -17.6
1620.312    -2.6     3.7    -2.3
1621.973    -5.5     2.6     2.1
1623.633    -3.9   -10.1   -11.9
1625.293   -11.6     6.3    -8.3
1626.953    -9.4     9.9    -4.0
1628.613    -4.4    -8.9    -7.1
1630.273   -10.4   -16.9   -12.9
1631.934    -9.5    -4.4    -6.9
1633.594    -3.2    -2.5     1.7
1635.254     0.2    -9.4    -0.3
1636.914    -5.1   -10.3   -10.9
1638.574   -10.7    -3.6    -8.7
1640.234   -16.4    -7.7   -21.0
1641.895    -6.1   -41.0   -20.6
1643.555     4.9   -17.5     0.3
1645.215   -11.1    -9.2   -26.3
1646.875    -8.3    -2.7   -15.5
1648.535   -11.5    -3.8     1.1
1650.195   -15.6   -12.9    -8.9
1651.855    -3.0   -35.6   -29.3
1653.516     1.0     6.9    13.2
1655.176    -4.7    20.1     5.4
1656.836    -9.3   -19.1   -18.3
1658.496   -14.9     3.3    -5.6
1660.156   -18.7   -10.0   -15.1
1661.816    -5.7   -37.3   -17.0
1663.477     0.6    -3.0     6.2
1665.137     0.6     4.5     6.1
1666.797     0.4     2.9   -17.5
1668.457   -21.4   -22.6   -22.2
1670.117   -22.6   -24.0   -17.0
1671.777     2.9   -12.2    18.3
1673.438     8.4    16.9    18.9
1675.098     1.6    16.8    11.4
1676.758   -13.0    -5.3   -22.0
1678.418   -14.3   -31.6    -4.8
1680.078   -17.3   -30.6   -12.0
1681.738     3.3   -28.9   -10.9
1683.398     2.8    13.1    12.6
1685.059    -0.2    23.6    -6.8
1686.719   -11.1     0.6   -27.6
1688.379   -24.5   -22.5    -9.6
1690.039   -23.4   -36.0   -10.1
1691.699     4.1   -27.5   -23.0
1693.359     6.4    27.8    17.5
1695.020    -6.3    35.7    12.4
1696.680   -13.9     1.1   -22.6
1698.340   -11.7   -28.0   -17.1

Event #41  ts=2026-09-25 13:03:20.997  [SELECTED]
  t[ns]  u1[mV]  u2[mV]  u3[mV]
  0.000    34.4   -13.1     3.8
  1.660    -6.7   -20.9   -18.6
  3.320    10.2   -11.1     5.4
  4.980    16.6    10.3     8.4
  6.641    18.6    13.2    11.8
  8.301   -16.6   -22.7   -29.7
  9.961   -21.6   -18.6   -24.0
 11.621   -37.3    -9.0   -11.0
 13.281    -8.0   -18.5   -18.3
 14.941    17.6     0.2     8.8
 16.602    22.6    13.1     8.4
 18.262     0.1   -14.2   -20.5
 19.922   -12.3   -17.1   -22.6
 21.582   -34.9   -15.0   -16.8
 23.242   -15.8   -16.2   -15.1
 24.902    11.2    -0.8     2.9
 26.562    19.9     5.7     1.8
 28.223    -3.6    -9.4    -7.1
 29.883    -8.3   -10.2   -10.2
 31.543   -31.5   -18.1   -31.2
 33.203   -30.1   -11.4   -14.7
 34.863    10.3     6.1    10.3
 36.523    20.5     7.1     4.3
 38.184    14.3   -12.9   -12.0
 39.844    -9.8    -0.7     8.5
 41.504   -26.9   -12.4   -21.2
 43.164   -33.1   -20.6   -20.6
 44.824     2.6    10.3    20.5
 46.484    22.5    -2.4   -13.3
 48.145    14.7   -12.1   -15.6
 49.805     4.3     2.4    13.2
 51.465   -25.4   -15.5   -33.5
 53.125   -36.4   -37.9   -51.1
 54.785   -24.3    -5.9     0.0
 56.445    -3.8    19.3    11.7
 58.105    22.9   -10.7    10.5
 59.766    25.0   -11.6    11.4
 61.426     0.8     6.6    24.6
 63.086   -27.8   -19.0   -31.8
 64.746   -37.3   -23.6   -20.9
 66.406   -28.3     4.4     4.6
 68.066    35.0    -8.6    -3.7
 69.727    32.7    -3.2     9.7
 71.387    12.0     6.5     8.8
 73.047   -20.5    -9.5   -18.6
 74.707   -40.9   -35.4   -27.6
 76.367   -26.2    -9.5   -16.9
 78.027    -2.5    -0.8    -7.4
 79.688    27.4    11.7    16.6
 81.348    20.9     5.5     7.8
 83.008     1.4   -17.1   -17.0
 84.668   -50.7   -20.9   -22.1
 86.328   -33.6   -12.0   -20.0
 87.988   -10.4   -13.5   -17.6
 89.648    14.3    -0.3     1.2
 91.309    29.3     6.1    11.0
 92.969     8.4   -14.4   -12.7
 94.629   -44.5   -28.6   -28.0
 96.289   -44.7   -21.9   -23.5
 97.949    -9.8    -8.0   -10.6
 99.609     5.6    -2.8   -10.5
101.270    26.9    18.5    13.5
102.930     2.1   -13.0   -12.1
104.590   -21.4   -33.0   -31.9
106.250   -38.8   -27.0   -22.7
107.910   -42.1   -15.5   -13.4
109.570    12.2    12.7     0.6
111.230    28.6    18.6     6.9
112.891    15.4     7.4     9.3
114.551    -6.4   -29.4   -20.0
116.211   -20.7   -35.6   -26.6
117.871   -38.8   -18.8   -22.7
119.531    -1.9     7.3     4.8
121.191    -0.2     8.3     5.1
122.852    11.5     1.2   -14.0
124.512    -0.4   -20.8    -3.6
126.172   -28.5   -21.5   -16.0
127.832   -30.2   -30.9   -32.1
129.492   -20.9   -11.8   -19.1
131.152     1.7    24.7     9.9
132.812     4.1    20.3     1.9
134.473    10.2   -17.2   -12.2
136.133    -2.6   -12.8    12.8
137.793   -22.0   -26.8   -38.9
139.453   -28.4   -16.6    -7.7
141.113   -33.7    -2.8    -1.3
142.773   -13.4    20.3    -1.8
144.434    21.0   -13.4   -17.4
146.094    24.8   -17.3     4.3
147.754    -2.4    -4.0     3.6
149.414   -28.9   -32.9   -30.6
151.074   -35.1     5.7    -5.2
152.734   -16.2     5.4   -10.2
154.395     0.0     2.2   -13.8
156.055    24.3    -9.9     5.9
157.715    22.3   -12.2    14.8
159.375     2.4   -21.3   -14.9
161.035   -20.9   -29.1   -20.8
162.695   -37.0     4.7    -9.6
164.355    -6.4    -1.9   -19.4
166.016    25.4    -3.9    11.9
167.676    29.2    -0.4    18.7
169.336    25.3   -10.1    -1.3
170.996   -26.9    -6.9   -15.3
172.656   -44.6    -6.5   -10.7
174.316   -39.9     2.1   -17.1
175.977    -7.9   -16.1   -22.7
177.637    31.4     3.3    20.9
179.297    29.5    -7.4     5.9
180.957   -14.6   -16.4   -20.3
182.617   -45.2     0.2   -14.3
184.277   -49.0    -4.0   -18.1
185.938   -22.9   -14.3   -30.6
187.598    14.3    -9.7     6.3
189.258    22.1    -1.4    20.2
190.918    12.6   -14.4    -8.5
192.578   -21.2    -4.3    -7.8
194.238   -40.9     0.7   -12.6
195.898   -36.5    -6.5   -25.1
197.559     4.3   -18.2    -6.1
199.219    17.0    -6.7     9.5
200.879    23.0   -13.9     1.8
202.539    -4.6    -4.2    -8.4
204.199   -26.7    11.2    -5.0
205.859   -28.6    -6.8   -25.4
207.520   -10.6   -19.7   -11.1
209.180    -6.1   -13.5     3.6
210.840    -0.1   -16.3     2.5
212.500   -50.8   -35.4   -11.4
214.160  -162.5   -62.2     4.2
215.820  -175.2   -90.4   -13.3
217.480  -154.2  -113.3   -33.7
219.141   -74.6   -96.3     9.8
220.801   -55.4   -86.2     1.5
222.461   -54.2   -86.9   -16.6
224.121   -60.6   -54.3     1.6
225.781   -47.1   -21.3     0.5
227.441   -44.8   -16.9   -16.1
229.102   -29.4   -43.5   -27.7
230.762   -14.5   -27.7    -1.8
232.422    -4.1   -39.0   -20.3
234.082   -11.8   -32.2   -23.2
235.742   -34.5    12.5     2.7
237.402    -9.9   -21.7   -24.7
239.062     1.2   -31.1   -18.8
240.723    11.5   -19.8     6.5
242.383    -5.3   -28.2   -16.2
244.043   -25.5   -21.7   -19.4
245.703   -45.4     0.8   -10.7
247.363   -37.3     8.8   -10.3
249.023    -4.4    -9.0   -23.1
250.684    23.8    -9.1     5.9
252.344    14.7   -25.8    -3.4
254.004   -15.2   -17.9   -15.6
255.664   -42.2   -18.0    -8.4
257.324   -33.4    -2.3   -21.6
258.984   -18.8   -11.0   -19.6
260.645    14.6   -13.2     7.5
262.305    31.9    -0.8    11.3
263.965    13.9   -17.0    -9.1
265.625   -41.1   -13.7   -21.0
267.285   -52.4    -5.2   -24.0
268.945   -35.5   -16.5   -29.7
270.605    14.0    -8.8     0.6
272.266    33.2     5.4    14.1
273.926    22.8   -10.1     4.4
275.586   -15.5   -22.3   -21.4
277.246   -52.4    -7.8   -21.1
278.906   -45.8   -18.6   -26.5
280.566    30.7    -1.5     9.0
282.227    34.8    13.9    11.6
283.887    26.0    -0.1     7.1
285.547   -23.2    -8.7   -15.4
287.207   -40.0   -20.6   -26.3
288.867   -42.3   -16.5   -32.1
290.527    12.4    -6.0     8.7
292.188    35.1     2.2    15.0
293.848    27.8     3.4     8.6
295.508   -12.2   -10.1   -10.0
297.168   -31.9    -2.3   -10.3
298.828   -38.9   -18.1   -29.8
300.488   -11.4   -24.4   -11.7
302.148    21.8    15.2    23.9
303.809    12.7     8.0    -7.9
305.469    -2.3   -20.0   -29.1
307.129   -18.2    -8.9    -1.8
308.789   -17.1   -23.1   -34.6
310.449     2.4   -23.9   -12.3
312.109     3.6   -16.9    -2.9
313.770     1.8    11.8    29.3
315.430   -11.1   -19.7   -39.6
317.090    -9.5   -27.5   -34.3
318.750   -17.1     3.6    16.2
320.410    -7.3    -1.3    -9.1
322.070     5.6   -28.0   -33.8
323.730   -21.5     8.9     5.3
325.391   -24.7    -0.9   -17.0
327.051   -17.7   -26.1   -32.6
328.711    -2.8    -7.6     1.0
330.371     6.7     4.4     6.6
332.031     8.4   -15.3   -16.0
333.691    -0.3   -12.9    -9.5
335.352   -28.3    -9.4   -13.7
337.012   -27.3   -19.0   -20.7
338.672   -18.1    -9.3    -4.6
340.332    28.6    -0.5     7.0
341.992    30.0    -3.4     0.8
343.652    -0.9    -4.4    -4.5
345.312   -34.0    -9.2   -14.8
346.973   -44.6   -24.9   -31.1
348.633    -8.4     1.5     5.0
350.293     7.8     6.3    10.0
351.953    36.5    -1.4     7.7
353.613    14.1    -8.6   -14.5
355.273   -27.1    -9.8   -14.1
356.934   -45.4   -17.0   -20.2
358.594   -45.8   -24.4   -26.7
360.254     3.7     9.2     5.2
361.914    30.3    -8.3    -4.9
363.574    16.6   -14.1   -13.9
365.234   -19.3   -17.6   -13.6
366.895   -46.3   -17.7   -19.1
368.555   -46.6   -21.7   -28.8
370.215    -2.0     3.3     0.0
371.875    28.4    15.7    17.0
373.535    30.7     2.3     4.6
375.195    -4.3   -27.0   -16.0
376.855   -26.3   -28.2   -21.7
378.516   -54.5   -18.1   -22.5
380.176   -12.0     2.8    -5.0
381.836    12.7    11.8     4.1
383.496    24.1     0.0     0.5
385.156    -3.7   -28.2    -3.9
386.816   -40.6   -29.3   -36.6
388.477   -41.0   -17.8   -34.9
390.137   -14.8    12.3     5.8
391.797     4.8    29.4    19.2
393.457    22.9   -20.0   -23.1
395.117     7.4   -28.8    -5.9
396.777   -20.2   -21.6    -2.0
398.438   -22.2   -27.0   -30.0
400.098   -21.0     0.0   -19.7
401.758   -15.0    39.1    15.8
403.418     4.3    15.1    -1.5
405.078     8.0   -19.7   -20.0
406.738    -9.1   -19.4     8.8
408.398   -11.6    -9.9   -21.1
410.059   -15.1    -0.2   -22.7
411.719   -23.8    20.3    -3.7
413.379   -16.8    16.2    -0.2
415.039     4.3   -32.9   -17.3
416.699     6.0   -40.1    -7.1
418.359     3.2    -8.3    -5.8
420.020   -12.8    11.2    -9.5
421.680   -17.8    15.3    -9.8
423.340   -22.3   -12.9   -21.0
425.000   -17.0   -26.2   -27.4
426.660    12.5   -28.6    10.4
428.320    19.1    -9.7    -5.3
429.980    12.3    -9.0    -8.0
431.641   -23.1    20.0    -6.8
433.301   -41.3    14.2   -14.0
434.961   -26.9   -38.1   -37.4
436.621    -2.1   -45.7   -12.7
438.281    28.9     0.0     4.5
439.941    12.0    -3.3   -20.6
441.602    -5.6     3.1   -19.5
443.262   -41.7    16.1   -10.4
444.922   -53.2     3.2   -15.9
446.582   -10.0   -42.5   -25.5
448.242    39.2    -9.2    23.4
449.902    39.9     8.3     7.4
451.562     4.4     7.0   -14.0
453.223   -27.0     5.4   -25.1
454.883   -59.7   -10.6   -30.8
456.543   -20.2   -29.2   -23.1
458.203    41.7    -2.5    18.6
459.863    20.9     3.9     0.6
461.523    12.7     3.7    -2.7
463.184   -49.3    -1.8   -23.6
464.844   -49.1   -22.6   -39.6
466.504   -40.2   -26.5   -36.4
468.164    33.0    -0.2    24.9
469.824    14.9   -11.6   -17.4
471.484     1.2    -6.2   -11.9
473.145   -53.7     8.3   -13.1
474.805   -52.7    -6.8   -32.9
476.465   -14.5   -27.6   -28.9
478.125     8.6    -7.4     8.7
479.785    39.5    11.6    30.7
481.445    11.1   -23.9   -31.4
483.105   -27.5   -16.0   -16.6
484.766   -41.5     4.5    -9.8
486.426    -5.8   -16.9   -27.4
488.086    -6.0   -16.5   -29.9
489.746    17.8    17.8    30.1
491.406     1.4   -31.6   -30.8
493.066   -12.9   -35.5   -29.3
494.727   -36.1    13.9     2.0
496.387   -16.8    -0.8   -23.3
498.047     5.6   -12.7   -15.4
499.707     9.6    -8.0     9.4
501.367    11.1   -28.4   -15.1
503.027    -0.9   -30.1   -14.4
504.688   -33.7    -9.7   -16.8
506.348   -28.0    10.0   -19.7
508.008   -10.2    14.1    -5.2
509.668    11.6   -31.0   -18.5
511.328     6.9   -32.1   -15.3
512.988   -22.3   -18.8    -2.8
514.648   -28.6    -4.5    -1.5
516.309   -17.1    -2.5   -24.0
517.969     0.0    12.9     1.6
519.629     4.1   -10.2    -5.1
521.289     0.4   -42.9   -21.1
522.949    -7.4   -24.9    -3.7
524.609    -9.4    11.4     4.7
526.270    -9.8    -0.6   -17.5
527.930   -10.7    -2.3    -9.9
529.590    -8.6     4.0    -2.9
531.250     1.6   -39.6   -10.6
532.910     0.4   -26.9    -9.7
534.570    -9.0     7.9    -1.5
536.230   -23.8    22.2    -2.9
537.891   -19.1     2.2   -20.5
539.551     1.2   -16.8   -15.9
541.211     6.4   -31.7    -1.7
542.871     4.0   -25.9    -2.9
544.531   -20.7    14.8   -16.1
546.191   -25.4    21.8   -14.3
547.852   -18.4     4.9    -7.0
549.512     7.5   -27.5    -6.5
551.172     7.8   -39.6   -20.5
552.832     7.6    -9.3    10.9
554.492     8.4     7.5    20.8
556.152   -31.9     9.3   -35.6
557.812   -38.8     0.6   -35.8
559.473    -7.2    -9.1     9.9
561.133    26.1   -50.0   -30.3
562.793    25.1   -36.4   -15.5
564.453   -28.1    25.7    -5.3
566.113   -45.5    -6.3   -52.8
567.773   -46.0    -8.0   -53.4
569.434   -26.4   -19.2    -8.4
571.094    36.5   -23.4    -2.2
572.754    43.6   -35.2   -15.2
574.414    13.8    -2.6     2.0
576.074   -55.8    24.1   -28.1
577.734   -33.1   -35.7   -34.2
579.395    31.7   -16.9    18.0
581.055    31.1   -17.1    17.1
582.715    47.7   -21.5     3.7
584.375     8.5    -1.7    -1.4
586.035   -42.5    22.4    -4.3
587.695   -64.1    -5.1   -37.1
589.355   -39.7   -27.8   -27.9
591.016    18.4   -24.0     6.3
592.676    58.5    -9.2     8.9
594.336    47.0     1.3    11.8
595.996   -41.8    10.6   -17.6
597.656   -70.3   -14.8   -39.4
599.316   -50.2   -28.2   -24.1
600.977    20.2    -8.7    14.7
602.637    65.2    -6.2    11.5
604.297    43.2     0.4    -1.9
605.957   -25.6    10.7    -7.2
607.617   -69.8   -35.6   -45.9
609.277   -56.9   -38.9   -42.0
610.938    22.8    -7.2    13.6
612.598    53.6     3.0     2.4
614.258     3.6     0.7   -15.4
615.918   -44.0     3.6   -12.2
617.578   -66.6    -4.5   -24.2
619.238   -17.5   -38.6   -30.1
620.898    13.1   -30.2    -8.5
622.559    48.1    12.4    20.0
624.219    13.3     7.3    -9.0
625.879   -33.6    -1.3   -15.3
627.539   -70.0   -14.6   -30.5
629.199   -32.1   -28.6   -24.3
630.859    22.4   -19.4     3.9
632.520    40.2     9.3     4.7
634.180    13.9     9.2    -7.9
635.840   -36.8     3.6    -7.8
637.500   -47.4    -2.5   -16.7
639.160     0.4   -31.4    -7.7
640.820    25.6   -15.3    16.3
642.480    39.7     0.7    10.9
644.141    -3.2    -2.0   -20.1
645.801   -36.4     6.8    -0.5
647.461   -47.2    15.2    -6.5
649.121    11.2   -32.0    -7.7
650.781    20.8   -10.9    20.1
652.441    21.9    -7.8    -0.5
654.102   -21.7   -12.7   -32.6
655.762   -54.6     6.2    -3.7
657.422   -29.7     8.0    -3.6
659.082    30.1   -25.6     1.9
660.742    29.5   -21.1     2.6
662.402    13.2   -15.8    -4.1
664.062   -34.5   -18.1   -33.0
665.723   -45.6   -21.1   -25.3
667.383   -34.5    14.6    -7.0
669.043    15.2    -7.3    -4.4
670.703    43.5    -4.7    16.2
672.363    13.6   -25.2   -12.9
674.023   -46.8   -14.0   -21.5
675.684   -48.7   -16.6   -19.7
677.344     7.6     6.5   -10.2
679.004    24.3    -3.3    -1.3
680.664    39.2     6.1    23.3
682.324    19.8   -14.3    -8.6
683.984   -33.4   -36.9   -31.0
685.645   -54.6     3.6    -9.0
687.305   -17.7     1.2   -23.0
688.965    12.8   -11.3   -14.2
690.625    30.8     8.8    19.6
692.285    10.7   -28.8   -12.0
693.945     1.2   -30.0   -22.1
695.605   -48.5     2.9   -12.3
697.266   -42.4    18.3   -11.6
698.926   -24.3     5.9   -21.6
700.586    22.9    -7.8     7.5
702.246    28.8    -6.4     6.1
703.906     6.4   -24.2   -10.7
705.566   -20.9   -18.1   -14.5
707.227   -44.1    -0.3   -17.1
708.887   -19.1    -2.7   -14.9
710.547    25.3    -8.9     3.7
712.207    14.3   -20.2    -5.2
713.867    14.5   -21.7   -10.4
715.527   -12.9     6.2    -9.5
717.188   -40.8    -9.4   -39.7
718.848   -43.3    -9.0   -14.9
720.508   -17.9    -2.6    -0.3
722.168    30.3   -32.1    -9.8
723.828    30.4   -16.9     8.2
725.488   -13.1    22.1    -0.4
727.148   -41.4    -2.0   -50.3
728.809   -40.1    -7.0     1.2
730.469   -24.3    -5.6    11.5
732.129    44.6   -32.1   -18.4
733.789    38.9   -10.5    13.3
735.449   -10.2    32.8     3.3
737.109   -36.4    10.4   -41.2
738.770   -57.4   -25.6   -45.2
740.430   -36.9   -19.4     0.1
742.090    25.2   -24.9   -14.4
743.750    57.7    -4.2    21.8
745.410    26.8    27.3    33.9
747.070   -40.8     0.7   -41.1
748.730   -48.0    -8.6   -45.7
750.391   -27.9   -24.8   -15.7
752.051    19.4   -32.3    -2.6
753.711    52.9   -20.0     7.6
755.371    11.5    26.6    -4.0
757.031   -19.5    19.2   -19.1
758.691   -64.5    -8.8   -30.8
760.352   -61.3   -23.4   -23.3
762.012     8.6   -46.6   -15.2
763.672    34.1    14.7    13.0
765.332    35.6    11.4    19.2
766.992   -39.1     6.5   -27.0
768.652   -45.0     7.0   -24.9
770.312   -35.8   -13.7   -14.6
771.973    17.4   -49.0   -14.8
773.633    27.1   -11.3     4.1
775.293     1.0    21.2     6.0
776.953   -26.6    12.1   -15.2
778.613   -39.2    -4.7   -34.4
780.273   -22.2   -14.7   -17.0
781.934    -8.2   -34.2    -8.5
783.594    14.4   -38.8    -9.2
785.254     8.6    -1.4     8.2
786.914   -31.2    23.3   -11.2
788.574   -35.0     7.6   -22.3
790.234   -19.1   -11.0   -15.0
791.895     2.1   -26.7    -1.8
793.555    29.7   -29.8     0.9
795.215    13.9   -13.5    -2.6
796.875   -44.8    16.1   -25.4
798.535   -38.3    12.8   -16.6
800.195     4.5   -14.9   -12.2
801.855    26.6   -30.9    -3.5
803.516    10.0   -16.4     6.1
805.176   -46.7    -0.5   -39.9
806.836   -47.9     4.3   -40.4
808.496   -31.9    15.3     7.9
810.156    14.2    -0.2     0.8
811.816    36.0   -42.5    -8.0
813.477     0.5   -15.9    13.7
815.137   -31.7     1.0    -7.8
816.797   -51.1    -7.8   -43.4
818.457   -22.9     9.7     4.0
820.117     2.7    14.3    18.1
821.777    46.5   -29.0   -14.1
823.438    37.2   -33.5    -2.8
825.098   -29.9     4.3    -5.7
826.758   -56.2   -11.6   -46.0
828.418   -31.6     5.7    -6.3
830.078    -9.5     1.2     2.5
831.738    51.4   -24.2    -4.9
833.398    37.3   -28.4     0.0
835.059   -18.6    -1.0    -7.1
836.719   -57.4    -6.8   -31.8
838.379   -27.1     4.4    -3.2
840.039    28.7    -9.8     3.2
841.699    44.2   -19.9    -0.6
843.359    22.3   -11.1     3.1
845.020   -59.1    -7.9   -37.2
846.680   -57.1   -22.7   -46.7
848.340   -34.4    -3.7   -11.8
850.000    21.8    -8.4     6.7
851.660    37.1    -7.1     1.2
853.320    26.7    -8.4     1.4
854.980     8.1     4.5    12.2
856.641   -53.3   -13.6   -36.6
858.301   -34.6   -15.2   -21.9
859.961    20.6    -7.1    10.2
861.621    30.4   -11.2     0.1
863.281    15.7    -5.4     3.0
864.941   -41.9   -22.9   -32.1
866.602   -40.1   -24.8   -31.8
868.262   -25.3   -21.3   -17.4
869.922    -8.8   -14.5     2.1
871.582    24.6   -12.3    -9.9
873.242    20.7    -2.9     5.1
874.902   -19.4    -6.3   -10.1
876.562   -30.1   -30.8   -30.9
878.223   -28.2   -22.6   -10.7
879.883    -2.5    -3.7    -8.5
881.543    13.8     9.3     8.6
883.203     5.5     3.4    11.4
884.863     3.4     6.0     4.5
886.523   -31.8   -17.9   -19.3
888.184   -19.2    -8.7    -0.7
889.844     6.6   -24.1   -17.9
891.504     3.4   -19.4   -28.4
893.164    -1.4    10.1    16.2
894.824    -7.6     1.1   -12.1
896.484    -9.5   -18.7   -12.3
898.145    -4.6    -0.9     4.3
899.805    -1.6   -19.5   -19.4
901.465    -4.0   -14.1   -11.8
903.125   -11.8     6.4     8.5
904.785    -2.5     8.3    -9.7
906.445     0.4   -15.6   -22.0
908.105    -3.7   -21.3     1.8
909.766   -15.5    -9.7   -22.6
911.426   -16.2    -7.6   -23.0
913.086   -12.6     9.8    -6.2
914.746    -6.4    -3.2   -12.8
916.406    -4.2   -24.5    -5.5
918.066    -9.1    -8.3   -11.6
919.727    -9.3   -14.6   -20.4
921.387   -14.3    -9.7   -19.1
923.047   -14.1    13.3     4.4
924.707    -5.6    -3.9   -23.6
926.367     0.6   -19.4     0.9
928.027    -4.5   -15.0    -2.1
929.688     0.8   -14.9   -13.9
931.348   -21.4     7.7    -0.3
933.008   -21.6    16.4    -3.1
934.668    -7.4   -11.6   -23.3
936.328    -1.9   -12.1    10.7
937.988    -3.2    -2.4     7.4
939.648    -3.7   -11.9   -13.4
941.309   -11.4     5.8     2.2
942.969   -13.0    11.1    -2.5
944.629   -14.5   -15.2   -22.5
946.289    -2.4   -18.0    -6.8
947.949    -1.8   -12.3    -7.9
949.609    -3.0    -8.8    -9.1
951.270    -0.7    10.6    -9.8
952.930    -0.6    14.5    -4.1
954.590   -19.9   -15.2   -12.2
956.250    -7.0   -26.9    -4.0
957.910    -5.2   -18.0    -7.3
959.570    -3.0    -4.9   -11.5
961.230     5.0    15.1    -1.3
962.891    -8.5     1.4   -26.8
964.551   -23.3   -19.7   -27.8
966.211   -15.3   -16.3     0.6
967.871    -4.4   -16.8    -2.3
969.531     6.3    -1.2    -7.7
971.191    10.0    25.7    18.0
972.852    -7.8     0.2   -21.1
974.512   -15.0   -25.9   -15.9
976.172   -16.6   -11.9    -6.4
977.832   -21.2   -17.4   -11.6
979.492     9.7   -13.4   -16.7
981.152    15.2    29.3    25.2
982.812    -5.3    -9.1   -40.5
984.473   -12.9   -34.0   -41.0
986.133   -32.3   -11.5     8.7
987.793   -11.9   -24.1   -26.2
989.453    17.0    -3.7     4.3
991.113    12.6    20.6    14.0
992.773    -6.7    -5.8   -23.3
994.434   -16.5   -29.0   -30.8
996.094   -27.0   -17.2    -8.0
997.754   -12.8   -23.7   -22.6
999.414     9.3     7.1     8.7
1001.074    18.4     9.7     3.6
1002.734    -5.0    -3.6   -16.1
1004.395   -28.2    -8.6    -8.2
1006.055   -31.1   -13.2    -7.9
1007.715   -22.2   -14.3   -17.4
1009.375    13.5     6.7     7.0
1011.035    15.7     6.0    10.4
1012.695    -1.4   -12.6   -22.3
1014.355   -22.1    -1.0    -4.8
1016.016   -23.9   -23.3   -19.8
1017.676     0.5   -18.2   -12.1
1019.336    13.5    -1.0    10.9
1020.996    11.9     5.6    11.4
1022.656    -5.4   -15.2   -25.7
1024.316   -25.5    -4.9    -8.5
1025.977   -24.5   -10.2     1.2
1027.637   -14.1   -26.2   -24.1
1029.297     4.9    -3.1     1.2
1030.957     2.5   -10.1    -1.4
1032.617    -2.1   -13.6   -26.4
1034.277   -15.0    -8.2   -19.2
1035.938   -29.1    -6.6     0.4
1037.598   -12.1    -7.8    -7.9
1039.258     9.9    -2.0    -1.8
1040.918     6.9    -0.4     2.8
1042.578    -1.2    -5.9   -18.5
1044.238   -11.8    -8.1   -15.5
1045.898   -23.7   -10.6   -14.3
1047.559    -5.2   -10.6   -14.2
1049.219     4.2    -2.2    -0.2
1050.879     7.1   -12.3    -4.0
1052.539    -7.7    -4.1     6.3
1054.199   -13.4    -3.8     4.8
1055.859   -22.3   -23.0   -27.8
1057.520    -9.0    -8.3    11.3
1059.180    -8.6    -8.3    11.7
1060.840     2.8    -1.1   -12.5
1062.500     3.2    -4.4    -9.1
1064.160   -18.0     1.2    -2.4
1065.820   -14.6   -20.1   -25.6
1067.480   -11.1   -29.5   -20.1
1069.141    -9.7     3.5     5.3
1070.801     2.2     9.9    -7.7
1072.461     7.8    -7.7   -18.5
1074.121    -5.9     4.6     5.1
1075.781    -1.6    -6.9   -11.2
1077.441   -11.1   -16.6   -12.1
1079.102   -18.6   -12.1    -9.5
1080.762   -12.4     0.7   -16.4
1082.422    -2.7     0.0     1.6
1084.082     5.4    -4.0     1.4
1085.742    -5.8   -21.3   -18.7
1087.402   -15.9   -19.7   -12.0
1089.062   -22.8    -7.3    -8.9
1090.723   -15.6    -4.6   -22.8
1092.383    -5.1    -1.8   -18.3
1094.043    15.0     6.4     6.9
1095.703     2.6   -24.7   -21.1
1097.363    -2.4   -34.6   -25.1
1099.023   -19.2   -10.9    -4.0
1100.684    -5.8    -3.9   -16.1
1102.344    -7.8   -10.5   -26.6
1104.004    24.0    -6.1     1.4
1105.664    12.3   -23.1   -14.3
1107.324     7.4   -37.4   -26.0
1108.984   -34.4   -11.0   -12.8
1110.645   -28.4    -8.1   -22.4
1112.305   -24.1    -5.7   -15.1
1113.965    21.9    16.1    22.3
1115.625    36.2    -5.1     2.1
1117.285    -7.7   -23.6   -13.3
1118.945   -23.2   -22.9   -17.7
1120.605   -56.3   -15.2   -29.9
1122.266   -29.3    -9.4   -15.2
1123.926    29.3    17.0    16.9
1125.586    38.5   -11.2   -10.8
1127.246     8.6   -17.5    -5.8
1128.906   -27.9   -12.6    -8.0
1130.566   -57.9   -20.3   -39.4
1132.227   -16.6    14.4     9.1
1133.887    32.2    38.5    33.5
1135.547    35.6   -16.4   -12.1
1137.207    16.8   -16.0    -0.7
1138.867   -25.2    -6.8    -4.6
1140.527   -51.6   -30.0   -53.3
1142.188   -36.4    -7.7   -12.1
1143.848    34.3     8.7     8.3
1145.508    46.4   -21.4   -18.5
1147.168    10.8    -6.7    10.2
1148.828   -40.4    -9.7   -17.8
1150.488   -49.1   -30.7   -40.0
1152.148   -35.9    -0.4     0.8
1153.809     4.0    18.3     9.8
1155.469    32.0   -16.0    -6.3
1157.129    29.3   -19.0    -1.4
1158.789   -21.7    -0.1   -16.7
1160.449   -40.1   -11.4   -29.8
1162.109   -41.5   -10.0   -16.8
1163.770    -2.1   -16.7   -16.8
1165.430    24.6    -6.8     3.9
1167.090    19.1     0.9    -0.5
1168.750    10.8     1.5    -8.6
1170.410   -40.5    -7.0   -21.7
1172.070   -26.1   -20.0   -23.1
1173.730   -12.3   -27.1   -23.7
1175.391    25.5     2.8    16.5
1177.051    13.5    13.9     2.9
1178.711    -1.6    -0.5   -18.1
1180.371   -31.9    -1.7    -9.2
1182.031   -35.2   -14.3   -15.4
1183.691   -15.9   -40.0   -26.5
1185.352    13.3   -19.4   -11.0
1187.012    19.8    21.9    19.9
1188.672    10.5     9.9     4.0
1190.332   -13.1    -8.2   -18.5
1191.992   -31.9   -11.4   -23.1
1193.652   -36.4   -22.1   -20.6
1195.312     2.0   -34.6   -12.6
1196.973     8.3    27.9     5.9
1198.633    -3.7    23.5     7.2
1200.293   -25.4    -1.2   -18.3
1201.953   -27.0   -26.2   -29.4
1203.613   -28.4   -39.4   -30.9
1205.273     7.4   -25.7     2.1
1206.934    23.1     3.5     6.3
1208.594   -11.3    16.1   -14.1
1210.254   -22.0     5.3    -2.9
1211.914   -19.3   -30.3   -21.8
1213.574   -23.0   -41.9   -40.8
1215.234     9.9   -17.3     9.8
1216.895    11.8    28.2    14.3
1218.555   -11.3     1.6   -31.1
1220.215   -30.3    -1.3    -3.3
1221.875   -26.9    -5.1     1.7
1223.535    10.3   -47.7   -33.5
1225.195    13.4    -4.3    16.7
1226.855     0.6    37.7    11.4
1228.516   -21.7   -17.8   -35.8
1230.176   -35.0   -23.0   -14.2
1231.836   -19.7   -10.9    -7.0
1233.496     5.5   -23.3   -20.4
1235.156    12.2     3.3    11.4
1236.816     3.1    20.0    10.8
1238.477   -22.6     7.6   -26.0
1240.137   -30.2   -21.8    -9.3
1241.797     1.9   -20.2    -4.0
1243.457     5.4   -24.3    -3.6
1245.117    15.7    11.9     8.2
1246.777   -14.9    12.0   -14.4
1248.438   -37.8   -14.7   -22.6
1250.098   -30.9   -15.5   -11.7
1251.758    -3.7   -20.0    -5.1
1253.418     5.5   -19.0    -8.7
1255.078     1.1    17.8     7.6
1256.738    -1.6    15.6     5.2
1258.398   -28.4   -16.8   -33.2
1260.059   -23.5   -16.6   -10.0
1261.719    -8.2    -8.8     4.4
1263.379    16.5   -14.0    -9.5
1265.039     8.1     9.9     3.4
1266.699     2.2    10.4     5.3
1268.359   -23.7    -2.7   -16.7
1270.020   -31.1   -30.2   -34.1
1271.680     3.8    -0.6    18.6
1273.340    17.0     0.6    -7.8
1275.000     9.0    -3.4   -18.0
1276.660   -20.3     3.9    -4.7
1278.320   -25.8   -13.6   -18.4
1279.980   -12.9   -31.6   -24.8
1281.641    11.8    -2.5     6.9
1283.301    11.4    11.3     2.9
1284.961   -29.2   -10.3   -10.7
1286.621   -30.6   -19.5   -21.7
1288.281   -22.7   -19.1   -17.7
1289.941     7.3   -13.5     0.1
1291.602    17.5     3.3     6.5
1293.262   -11.5    -1.5    -9.7
1294.922    -9.8    13.5     9.0
1296.582   -24.9     7.6     3.9
1298.242    -4.5   -25.1   -18.8
1299.902    10.7   -10.2     5.8
1301.562    24.4    13.7     6.8
1303.223     0.7    -9.1   -26.2
1304.883   -36.6   -14.7   -19.7
1306.543   -39.1   -17.0   -14.6
1308.203   -33.7   -21.0   -21.6
1309.863    25.9    -8.5     4.7
1311.523    30.1    28.5    21.4
1313.184    -7.8    -6.6   -24.4
1314.844   -27.2   -25.3   -33.6
1316.504   -37.6   -21.6   -16.9
1318.164    -5.5   -14.3   -10.0
1319.824    32.8    10.1    12.7
1321.484    31.9    20.5    12.6
1323.145    -4.2   -11.0   -18.5
1324.805   -45.3   -32.3   -27.3
1326.465   -58.6   -34.6   -30.3
1328.125   -17.5   -22.3   -23.3
1329.785    29.9    29.2    27.4
1331.445    22.4     8.7    -3.7
1333.105     2.4   -11.6   -18.6
1334.766   -35.8   -35.1   -19.7
1336.426   -29.6   -31.0   -28.5
1338.086    24.3    20.0    19.3
1339.746    23.4    19.1    17.6
1341.406    23.3    35.5    15.3
1343.066   -13.8   -44.2   -34.0
1344.727   -22.0   -44.1   -29.0
1346.387   -40.1   -29.4   -14.4
1348.047    -1.4    -9.7   -14.8
1349.707    10.4    18.2     8.4
1351.367    13.4    19.1     6.8
1353.027    -7.8   -42.0   -30.1
1354.688   -10.1   -28.5    -4.6
1356.348   -15.5   -16.2    -8.5
1358.008   -18.2    -2.1   -12.9
1359.668   -15.0    18.4    -0.7
1361.328     1.0    21.0    -2.9
1362.988     6.5   -10.4   -10.1
1364.648    12.4   -35.0     0.4
1366.309    -8.3   -17.7   -16.4
1367.969   -11.4   -17.6   -18.4
1369.629   -29.7    16.6    -2.8
1371.289   -20.6     2.8    -8.5
1372.949     4.3   -24.3   -13.6
1374.609    18.4    -8.0    15.6
1376.270    33.4     1.0    19.4
1377.930   -21.3   -16.2   -40.9
1379.590   -44.9   -14.8   -26.4
1381.250   -25.4     0.7   -21.5
1382.910   -10.4   -24.2   -34.5
1384.570    26.0   -12.5     4.4
1386.230    20.7    10.3     9.9
1387.891   -19.0   -19.0   -48.8
1389.551   -63.1   -16.5   -11.4
1391.211   -49.4     0.8    -7.3
1392.871    23.3   -19.9   -13.4
1394.531    52.4     2.3    25.9
1396.191    41.7    14.2    28.3
1397.852   -21.2   -28.1   -31.2
1399.512   -69.2   -12.7   -21.3
1401.172   -54.5   -12.5   -26.6
1402.832    28.3    -9.6     0.8
1404.492    48.7     9.5    27.6
1406.152    24.7   -11.8   -10.1
1407.812   -16.2   -21.5   -20.5
1409.473   -62.3   -24.0   -24.3
1411.133   -47.1   -15.5   -29.9
1412.793    16.5     0.4     4.5
1414.453    49.8    19.6    27.1
1416.113    36.4    -2.0     4.4
1417.773   -20.2   -27.3   -16.1
1419.434   -50.5   -15.5   -19.7
1421.094   -50.3   -18.5   -30.4
1422.754    -8.9    -2.2    -8.6
1424.414    38.2    18.7    22.5
1426.074    33.7    -2.4     3.5
1427.734    10.1   -26.0   -16.1
1429.395   -21.5   -28.1   -18.0
1431.055   -46.6    -7.7   -12.0
1432.715    -8.3    -4.2   -16.4
1434.375     2.6     3.5   -10.0
1436.035    20.2   -11.2     9.9
1437.695     2.7   -22.0   -13.5
1439.355   -12.2   -17.9   -14.9
1441.016   -42.7    11.6   -13.1
1442.676   -39.4    10.5   -10.9
1444.336    12.7   -13.4    -4.4
1445.996    10.9   -26.5    -2.5
1447.656    13.3   -23.2    -2.7
1449.316    -2.7    -8.9    -2.3
1450.977   -29.2     1.7   -18.3
1452.637   -11.6    -5.5    -9.0
1454.297    -6.0   -16.1   -12.6
1455.957     3.7   -38.6   -19.1
1457.617    14.2   -20.3    10.8
1459.277     6.7     3.2     7.7
1460.938   -19.1    19.8   -11.7
1462.598   -26.8    -1.3   -30.8
1464.258   -16.4     3.4     7.8
1465.918     8.8   -40.0   -23.7
1467.578     5.3    -3.6    16.6
1469.238     0.7    20.1    23.7
1470.898   -12.9    21.1   -16.1
1472.559   -25.4     0.1   -21.3
1474.219   -11.0   -13.5    -1.5
1475.879    12.1   -43.0   -18.4
1477.539    19.3   -21.9     3.4
1479.199    -9.7    11.3     6.6
1480.859   -35.4    10.9   -31.9
1482.520   -25.8   -11.0   -12.5
1484.180   -17.9    -2.1    -8.0
1485.840    20.5   -34.4    -7.5
1487.500    15.7   -11.7    11.1
1489.160    -9.9     6.5     1.4
1490.820   -39.2    10.3   -29.2
1492.480   -20.7    -7.7   -12.5
1494.141    12.1   -16.2    -5.7
1495.801    25.0   -32.9   -10.2
1497.461    32.3   -25.9     5.1
1499.121   -19.8     0.7    -6.6
1500.781   -47.3   -13.0   -42.8
1502.441   -44.3    -6.8   -30.7
1504.102   -17.1    -3.4    -4.9
1505.762    40.9   -17.2    -0.4
1507.422     0.9    -2.7     5.9
1509.082   -14.5     6.5     0.4
1510.742   -40.9     4.9   -14.3
1512.402   -39.3   -17.2   -30.8
1514.062   -26.1    -9.9   -14.3
1515.723    50.0    -8.9    -0.8
1517.383    41.6   -13.2    -2.0
1519.043   -34.1     3.8    -2.8
1520.703   -63.0   -14.1   -34.1
1522.363   -24.4   -16.6   -18.5
1524.023    17.1     0.9     8.9
1525.684    47.7    -1.7     5.7
1527.344    37.3   -12.1     4.1
1529.004   -48.2    -3.8   -21.9
1530.664   -58.9   -21.8   -41.5
1532.324   -45.7   -22.8   -24.4
1533.984    -2.1   -12.5    -1.2
1535.645    22.9    -3.7    11.0
1537.305    21.9    -1.1     6.2
1538.965     5.5     7.6    10.3
1540.625   -48.5   -14.5   -40.9
1542.285   -54.6   -25.9   -45.5
1543.945   -23.6   -14.2    -7.9
1545.605    31.6     1.3     6.5
1547.266    38.2    -5.2     2.7
1548.926    -0.7     1.7     5.1
1550.586   -39.1     1.0   -12.4
1552.246   -40.0   -26.4   -35.7
1553.906   -10.0   -12.7     7.1
1555.566    18.4     4.9    14.3
1557.227    38.4    -4.8    -8.9
1558.887    13.5    -6.9   -10.4
1560.547   -33.4     4.8    -0.5
1562.207   -28.9    -7.1   -14.5
1563.867   -17.1   -21.9   -12.7
1565.527     0.7     3.4     7.3
1567.188    15.0   -11.7    -9.2
1568.848   -16.7    -2.2    -0.5
1570.508   -21.8     7.3    -8.1
1572.168   -15.3    -7.2   -19.3
1573.828   -10.3   -14.3    -8.0
1575.488     0.2   -12.5    -1.2
1577.148    19.0    -8.6    -3.1
1578.809   -12.1   -11.6    -0.3
1580.469   -16.0     7.3     2.4
1582.129   -13.6    -9.1   -27.2
1583.789    -9.8   -15.8   -15.1
1585.449     9.7   -10.4     0.4
1587.109     9.3   -14.2    -9.2
1588.770   -11.2   -27.1   -19.9
1590.430   -23.8    14.1    -0.3
1592.090   -19.7     8.0   -14.1
1593.750    -2.0    -7.2   -16.8
1595.410     8.2    -1.1     8.2
1597.070   -12.2   -30.6   -28.9
1598.730   -24.0   -30.3   -26.8
1600.391   -18.1    -6.9    -1.7
1602.051    -1.7     5.5    -1.5
1603.711     2.3   -12.0   -12.3
1605.371     6.4   -14.8    -3.5
1607.031   -10.1   -21.3    -8.6
1608.691   -24.8   -28.3   -18.9
1610.352   -24.3    -3.1   -12.7
1612.012    -1.0     5.9    -1.8
1613.672     7.9   -10.4    -2.7
1615.332     6.6   -15.3    -6.9
1616.992   -20.1   -27.5   -23.8
1618.652   -32.7   -17.7   -30.2
1620.312   -18.8     1.0     3.2
1621.973     9.9     8.5    -3.8
1623.633     2.3    -1.1   -15.5
1625.293     4.7   -16.2     6.7
1626.953   -19.2   -31.8   -36.5
1628.613   -35.2   -40.6   -40.5
1630.273   -22.6     8.0    15.2
1631.934    -0.3    15.3   -13.1
1633.594    21.7    -7.9   -11.0
1635.254     7.3   -14.6     0.0
1636.914   -17.0   -28.6   -36.3
1638.574   -25.5   -38.8   -47.3
1640.234   -24.9    -7.2    -4.1
1641.895   -11.6    21.1    -3.8
1643.555     6.1    -9.1   -28.8
1645.215     7.4   -12.8     4.5
1646.875   -10.5   -21.8    -2.6
1648.535   -14.4   -28.0   -24.2
1650.195   -24.7   -20.7   -12.8
1651.855   -11.4    21.1    -4.7
1653.516     1.7    -3.0   -18.9
1655.176    11.5    -5.8   -10.7
1656.836    -4.6   -13.2    -1.1
1658.496    -7.9   -24.5   -19.8
1660.156   -10.3   -20.7   -12.0
1661.816   -18.0    12.4    -6.0
1663.477   -12.7     9.9   -11.9
1665.137   -11.4    -0.7    -4.0
1666.797    -4.4    -8.6     0.3
1668.457    -3.4   -20.1   -13.1
1670.117    -2.1   -20.8    -9.8
1671.777     0.7     9.5     0.7
1673.438   -19.6     3.9   -22.1
1675.098   -22.2    -3.4    -3.7
1676.758    -2.3   -14.1     9.3
1678.418    24.8   -34.1   -13.5
1680.078    19.3   -34.6   -14.2
1681.738    -6.4    10.4     2.0
1683.398   -28.4     5.0   -10.3
1685.059   -41.0   -10.2   -33.4
1686.719    -6.1    -8.8     2.4
1688.379    19.8   -20.5    -1.4
1690.039    24.1   -18.4    -2.8
1691.699   -12.2    10.3     0.0
1693.359   -42.6    14.1   -22.5
1695.020   -40.8    -7.0   -28.9
1696.680   -24.7   -18.0   -21.1
1698.340     0.1   -15.6     5.1

Event #42  ts=2026-09-25 13:03:21.394  [SELECTED]
  t[ns]  u1[mV]  u2[mV]  u3[mV]
  0.000     1.9    -4.4     2.1
  1.660   -38.8     6.1   -24.8
  3.320   -57.4    -9.1   -32.3
  4.980   -42.2   -10.0   -11.5
  6.641    17.7   -12.3     7.0
  8.301    48.1   -21.1     0.4
  9.961    53.1   -13.0     8.0
 11.621    17.9     4.8    15.7
 13.281   -54.9    -3.3   -41.8
 14.941   -43.2    -8.6   -14.9
 16.602    36.5    -8.0    10.6
 18.262    42.8   -20.2     7.8
 19.922    53.1   -26.4     2.1
 21.582   -17.7     7.9    -6.1
 23.242   -58.5    -6.6   -43.5
 24.902   -66.5   -11.6   -43.1
 26.562   -30.4    -5.1     2.0
 28.223    40.7   -17.6    -1.0
 29.883    49.2   -25.3     6.2
 31.543     9.7     2.6     6.9
 33.203   -40.2     5.6   -32.2
 34.863   -63.5    -3.3   -41.2
 36.523   -46.7     2.6    -4.2
 38.184    21.3   -15.6    -9.0
 39.844    40.4   -33.3   -11.7
 41.504    15.2    -2.7    22.4
 43.164   -19.4     2.4   -24.2
 44.824   -44.1    -6.4   -46.1
 46.484   -53.3     1.5   -19.7
 48.145    -1.8    -4.4     1.1
 49.805    20.3   -34.0   -15.2
 51.465    35.9   -34.5     1.5
 53.125     3.1    14.4    12.8
 54.785   -31.1    13.1   -28.9
 56.445   -42.0     0.2   -31.6
 58.105   -13.4     3.4     3.9
 59.766     5.0   -26.2   -10.0
 61.426    20.2   -42.8   -18.3
 63.086    22.4   -36.1    -8.4
 64.746   -11.1    22.2    -2.3
 66.406   -25.0    20.8   -24.3
 68.066   -29.7    14.3   -22.2
 69.727   -11.7   -26.7    -9.7
 71.387     5.1   -44.1   -13.1
 73.047    20.7   -40.4    -3.1
 74.707     3.3    10.0     0.1
 76.367   -16.4    32.5    -7.7
 78.027   -21.9    25.4   -15.7
 79.688   -23.1    12.0   -10.8
 81.348     8.0   -53.0   -11.9
 83.008    13.4   -34.4     3.0
 84.668    14.6   -12.8     1.8
 86.328    -7.5    24.9   -14.1
 87.988   -27.8    23.0    -8.2
 89.648   -25.4    16.5    -2.6
 91.309    -7.3   -41.2   -23.6
 92.969     5.3   -37.0    -3.6
 94.629     8.2   -12.7     7.6
 96.289    -1.9    13.6    -7.8
 97.949   -10.2    17.4   -20.4
 99.609   -34.3    16.5    -9.5
101.270     2.0   -43.4   -21.1
102.930     6.7   -53.6   -15.1
104.590     9.7   -34.9     0.4
106.250     1.4    -9.2     9.2
107.910   -23.0    20.7   -15.6
109.570   -19.7    20.0   -21.6
111.230   -31.0    -1.4    -9.2
112.891    -6.4   -35.5   -13.4
114.551    17.0   -39.4    -3.9
116.211    14.3    -6.4     1.8
117.871   -31.2    11.5   -19.1
119.531   -41.5     8.7   -16.7
121.191   -23.1     6.5   -14.1
122.852     2.1   -23.8   -13.3
124.512    20.7   -29.3     3.4
126.172    16.6   -18.7    11.9
127.832    -9.3    -2.4   -22.0
129.492   -36.8     4.8   -16.9
131.152   -23.2    -4.4   -17.2
132.812    24.3   -21.0   -13.6
134.473    34.6   -22.2     0.1
136.133    14.6    -4.0    19.1
137.793   -16.3   -16.8   -31.5
139.453   -29.3   -17.2   -36.3
141.113   -30.8     4.8    -9.7
142.773    11.5   -16.6   -17.8
144.434    14.4   -21.9   -13.5
146.094    24.1     0.6    24.0
147.754    -6.4    -9.8   -16.4
149.414   -22.6   -26.5   -34.7
151.074   -47.1    -2.3   -15.7
152.734     0.6     0.0    -9.2
154.395    18.9    -6.9    -6.7
156.055    35.7    -3.2    12.6
157.715    16.6    -0.6     7.6
159.375   -33.7   -20.5   -22.1
161.035   -39.7    -7.6   -25.4
162.695   -35.4    -2.3   -18.6
164.355   -22.7    -1.7   -16.0
166.016    25.7     1.1     6.6
167.676    29.0    -5.1     6.5
169.336    -1.2   -15.1   -13.0
170.996   -23.2    -7.8   -14.7
172.656   -31.5    -2.1   -15.4
174.316    -8.8    -6.3   -16.4
175.977     9.4     1.7    -0.1
177.637    23.3     5.8    15.8
179.297    12.7   -14.4    -3.8
180.957    -4.4   -20.9   -21.2
182.617   -14.2     4.7     1.7
184.277   -24.3     3.3    -1.8
185.938   -14.5   -18.0   -26.4
187.598     0.4    -3.3     4.5
189.258     5.0     3.0     9.0
190.918    -0.7   -23.6   -23.8
192.578    -9.9   -16.6   -14.5
194.238   -18.0     8.1    11.5
195.898   -16.6     4.0    -5.7
197.559    -9.9   -20.8   -34.0
199.219   -14.8    -0.7     7.1
200.879    -3.1    -3.2     1.3
202.539    -5.0   -23.5   -19.1
204.199    -2.6     1.6     5.0
205.859    -9.7     8.7   -14.0
207.520    -3.6    -0.9   -30.9
209.180   -17.0   -17.9   -11.0
210.840   -19.8   -11.3   -13.2
212.500   -64.9   -29.8   -28.9
214.160   -89.7   -33.5   -40.8
215.820  -143.3   -86.7  -109.3
217.480  -166.2  -141.9  -161.0
219.141  -174.3  -168.7  -140.5
220.801  -131.4  -149.8  -136.9
222.461   -97.1  -141.9  -127.2
224.121  -101.4  -117.0   -99.7
225.781   -72.0   -60.8   -63.9
227.441   -44.2   -61.3   -71.6
229.102   -41.4   -64.8   -76.7
230.762   -39.9   -37.5   -29.8
232.422   -33.0   -40.4   -44.9
234.082   -33.8   -37.4   -53.2
235.742   -22.0    -1.2   -11.3
237.402     4.6   -23.2   -21.9
239.062     1.3   -26.9   -25.4
240.723    -4.7   -18.7   -19.9
242.383   -17.2   -17.1   -26.3
244.043   -33.9   -20.7   -29.2
245.703   -24.6   -11.6   -13.6
247.363    -1.1    -8.7   -10.4
249.023    10.4   -11.8    -9.7
250.684     5.1   -12.9    -3.6
252.344    -8.4   -14.7   -15.9
254.004   -31.4   -18.4   -31.2
255.664   -35.5   -12.0   -20.9
257.324    -7.3   -27.5   -16.7
258.984    26.1   -10.2     5.4
260.645    19.7    -0.8     6.8
262.305     3.7    -5.1   -22.9
263.965   -27.7    -9.8   -23.0
265.625   -46.3   -16.6   -18.5
267.285   -44.9   -13.3   -15.7
268.945    10.5   -30.8   -12.2
270.605    27.0     5.8    13.2
272.266    25.8     4.9    13.2
273.926   -39.2   -16.6   -27.7
275.586   -36.7    -7.7   -12.4
277.246   -45.7   -16.3   -27.4
278.906    13.2   -32.2    -9.5
280.566    20.9   -23.9    -2.9
282.227    29.5     5.7    12.8
283.887   -10.7    -2.1   -30.1
285.547   -39.1    -0.1   -11.0
287.207   -48.4     0.6   -11.5
288.867     3.9   -37.8    -1.1
290.527    35.5   -13.2    21.3
292.188    34.3     0.5    10.4
293.848    19.3     9.2   -14.0
295.508   -15.7     3.6   -23.6
297.168   -50.4    -0.9   -14.1
298.828   -25.7   -35.2   -30.7
300.488    -0.1   -32.2    -6.8
302.148    23.5   -10.8    24.5
303.809    37.8     0.6    12.3
305.469   -10.3    -0.2   -26.6
307.129   -39.3     6.6    -1.9
308.789   -25.1   -49.4   -37.3
310.449    15.4   -22.7     5.4
312.109    21.5   -19.1    17.4
313.770    20.2     4.9   -14.7
315.430   -15.5   -11.8   -28.6
317.090   -30.8     4.1   -23.5
318.750   -41.6   -10.7   -23.4
320.410    17.1   -23.6     0.1
322.070    24.9   -18.4     9.9
323.730    18.5     7.9    -3.4
325.391    -3.8     5.2   -22.3
327.051   -37.1    -7.0   -15.8
328.711   -43.2     8.6   -10.7
330.371   -24.3   -36.9   -25.7
332.031    11.7   -24.0    -6.0
333.691    28.8    -5.1     9.7
335.352     7.5     2.6    -8.2
337.012   -30.6     0.4   -19.1
338.672   -29.5     1.1   -18.5
340.332   -29.0   -35.6   -25.1
341.992    -0.5   -15.6     0.8
343.652    25.7    -2.7     2.9
345.312    22.1    -3.6    -8.7
346.973   -16.7    10.7   -10.9
348.633   -39.8     2.3   -19.0
350.293   -42.6   -25.1   -32.9
351.953   -12.9   -25.0   -10.4
353.613    18.6   -11.1    10.8
355.273    27.3    11.4    -0.7
356.934    13.3    12.9    -7.0
358.594   -23.3    11.9    -3.3
360.254   -33.4   -40.3   -42.1
361.914   -13.9   -51.5   -31.8
363.574    12.0     5.3    14.7
365.234    22.7     6.7    24.1
366.895    17.5    16.4    -4.5
368.555   -28.9    -4.4   -16.6
370.215   -42.1   -25.0   -22.8
371.875   -27.3   -34.4   -24.5
373.535     6.5   -26.0    -0.7
375.195    14.9    -3.7    -0.8
376.855     8.2     7.9    -0.2
378.516   -21.2    -3.1    -9.6
380.176   -34.1   -14.8   -21.4
381.836   -29.1   -33.6   -21.5
383.496    -1.0   -13.8    -2.3
385.156    10.7    -9.7    -8.6
386.816    18.3     9.3     2.1
388.477    -4.2    22.4    11.5
390.137   -22.6   -13.6   -32.1
391.797   -29.9   -43.2   -37.9
393.457   -23.1    -9.2     9.7
395.117    20.8    -3.0   -11.4
396.777    23.4    -9.7   -16.5
398.438    -6.5    19.7     6.9
400.098   -15.3   -19.7   -27.2
401.758   -22.8   -35.2   -31.2
403.418   -20.8   -16.7     1.6
405.078    -8.3   -13.5    -4.4
406.738     7.9    -2.0    -9.0
408.398     0.7     1.4    -5.9
410.059    -6.0     0.4    -7.8
411.719    -9.4   -21.5   -18.1
413.379   -20.4   -22.1   -16.4
415.039    -4.9    -8.6    -9.6
416.699     2.4    -0.6    -2.6
418.359     2.2    -0.1    -1.8
420.020    -1.8     2.0    -8.1
421.680   -10.4   -12.5   -14.8
423.340   -10.7   -12.6   -11.0
425.000    -6.7   -13.1    -6.5
426.660   -17.5   -19.3   -20.1
428.320    -6.8     7.3     0.9
429.980     2.7    -5.6   -20.3
431.641     1.5    -5.8   -22.2
433.301    10.0    -2.9    -5.0
434.961    -3.2    -9.2     0.7
436.621   -22.6   -24.1   -18.7
438.281   -24.8   -22.3   -22.2
439.941   -10.0     3.5     4.4
441.602     0.3     4.7   -12.5
443.262    16.0     5.5    -0.4
444.922    13.0     1.6    12.5
446.582   -12.6   -24.4   -25.2
448.242   -26.9   -40.5   -30.2
449.902   -25.4    -2.3     2.8
451.562    -5.6     7.5    -8.3
453.223     6.3    -4.8   -11.3
454.883    15.3     3.5    17.9
456.543    -0.9     2.7    -8.7
458.203   -27.8   -25.9   -13.1
459.863   -35.5   -26.5    -5.5
461.523    -4.9     4.9   -13.9
463.184    17.1    12.6     5.8
464.844    14.0    22.6    11.8
466.504     2.7    -0.9   -20.7
468.164   -13.6   -39.0   -28.8
469.824   -24.8   -10.6    -2.4
471.484   -23.6   -11.0   -14.4
473.145     7.1     6.6    -8.2
474.805     6.3    24.2    15.8
476.465     2.1    -2.6   -12.9
478.125    -9.8   -38.3   -35.1
479.785   -22.9   -25.3    -0.4
481.445   -21.8    -9.9    -8.9
483.105     4.9     2.2    -6.3
484.766     7.2    20.7    10.3
486.426     2.5     1.5    -9.5
488.086    -0.3   -29.3   -22.7
489.746   -24.6   -13.8    -3.1
491.406   -23.0    -8.3    -5.2
493.066   -10.1    -6.5   -15.7
494.727    10.0    13.4     0.7
496.387    -5.0     3.6    -2.1
498.047    -5.2   -13.5   -14.0
499.707   -14.2   -32.7    -8.6
501.367   -19.0   -15.5    -4.6
503.027   -18.5     3.1    -9.3
504.688    -1.9    10.3    -6.3
506.348    -2.3    -0.7   -12.5
508.008    -7.7   -18.5   -11.5
509.668   -11.1   -20.3    -8.2
511.328    -6.4   -17.5    -8.9
512.988   -11.6     3.7    -8.5
514.648    -6.9    16.8     4.6
516.309   -13.3    11.3   -11.0
517.969    -8.6   -29.3   -21.8
519.629    -2.0    -8.0     6.6
521.289    -5.8   -16.9   -10.6
522.949   -14.9   -10.9   -22.7
524.609   -23.8     4.8    -6.2
526.270   -24.4     6.8    -8.5
527.930     4.4   -22.3    -4.8
529.590     6.0    -4.2    -2.2
531.250   -12.9     0.0    -6.3
532.910   -10.2   -12.7   -16.3
534.570    -7.7    -0.9    -7.3
536.230   -14.9   -11.6   -15.1
537.891     1.2   -10.4   -14.8
539.551     1.0    -5.9     0.1
541.211    -2.3    -3.0    -0.1
542.871    -7.0    -0.7    -7.6
544.531    -2.6    -5.3    -3.6
546.191   -19.9   -25.8   -26.4
547.852   -11.6   -21.1    -9.2
549.512     0.9    -3.6    18.7
551.172     2.5     5.7    -8.1
552.832    -4.9    -9.0   -16.7
554.492   -22.0     0.3     5.8
556.152   -13.0   -10.7   -19.6
557.812     2.4   -31.0   -29.8
559.473    -7.6    15.5    18.9
561.133   -14.2    -7.7   -33.2
562.793   -14.1   -12.6    -0.5
564.453   -11.6   -14.1    -1.0
566.113     1.2   -22.2   -24.2
567.773     3.7   -12.8   -11.1
569.434   -13.6    13.4     9.3
571.094   -24.7    15.6     0.8
572.754    -4.2   -12.8   -18.5
574.414   -10.5    -5.4    -5.4
576.074     6.7   -16.9   -12.6
577.734     2.4   -12.2    -5.6
579.395   -33.7     0.0   -17.7
581.055   -31.0    -8.0   -16.6
582.715    -7.4   -11.5    -1.8
584.375    16.5    -6.4     0.6
586.035    22.0    -8.6    -2.2
587.695     4.8    -7.1     1.1
589.355   -22.3     1.8    -8.7
591.016   -44.4   -16.8   -27.6
592.676   -32.3   -20.0   -13.6
594.336    23.1    -4.3     7.7
595.996    38.5    -1.2    -0.9
597.656     3.5     5.2     4.3
599.316    -8.7     4.2     6.0
600.977   -48.6   -30.0   -37.9
602.637   -33.9   -23.6   -22.4
604.297    -5.1    -7.2     9.1
605.957    39.4     2.2    -1.6
607.617    34.9     5.4     0.7
609.277   -19.8     1.8    -1.3
610.938   -50.4   -16.9   -17.7
612.598   -39.3   -37.5   -32.1
614.258    28.3    14.3    10.1
615.918    23.8    14.8    18.2
617.578    18.1     5.1     5.7
619.238     5.0     7.6    10.6
620.898   -47.1   -24.2   -29.1
622.559   -36.4   -37.9   -28.9
624.219    -7.9     4.9     7.5
625.879    30.7     9.7    -1.9
627.539    26.2     3.0     6.0
629.199    -5.3    -0.3    -0.4
630.859   -30.4   -25.9   -34.2
632.520   -44.6   -33.0   -40.0
634.180   -34.8   -20.0   -18.3
635.840     4.9    -0.7   -11.7
637.500    23.7     7.4    13.3
639.160    11.0     8.1    21.0
640.820   -10.2   -19.4   -30.1
642.480   -25.7   -37.3   -36.2
644.141   -33.4   -10.2    -6.2
645.801   -13.8    -0.3    -2.1
647.461     5.6    -1.0    -8.9
649.121    10.9    19.9    14.1
650.781     6.6    -9.4   -16.5
652.441   -23.8   -21.5   -11.5
654.102   -33.7     1.2   -19.5
655.762   -25.1   -27.2   -28.5
657.422    -9.1   -15.0    -3.0
659.082    15.6    -2.5    11.8
660.742    24.4     6.1    -0.7
662.402   -13.8   -10.9   -20.6
664.062   -37.5   -11.8   -25.6
665.723   -48.1   -22.8   -34.3
667.383   -31.9   -22.1   -25.2
669.043    20.1     7.9     0.0
670.703    25.8    11.0     6.8
672.363    18.8    27.6     0.9
674.023    -8.8     2.1   -12.6
675.684   -54.5   -49.7   -48.9
677.344   -33.6   -23.3   -13.2
679.004    12.2    -5.1     9.8
680.664    30.2    20.9     7.7
682.324    26.6    19.5    14.9
683.984    -8.6    14.6    -1.1
685.645   -49.2   -41.2   -40.2
687.305   -50.7   -56.4   -31.3
688.965    11.1     1.5     9.5
690.625    35.1    28.9    -6.4
692.285    23.0    29.9     7.5
693.945   -12.6     0.9     1.0
695.605   -43.0   -61.4   -30.2
697.266   -28.1   -33.3   -10.8
698.926     2.1     9.5     4.9
700.586    30.4    30.5     0.4
702.246    23.0    18.0    -0.6
703.906   -14.8    -7.8   -10.6
705.566   -30.0   -28.2   -28.4
707.227   -25.0   -44.7   -10.5
708.887     9.6     8.1    -2.0
710.547    13.0    33.2    -2.2
712.207     8.3    27.6    10.9
713.867   -12.7   -28.9   -20.6
715.527   -16.4   -10.3    15.6
717.188   -14.1   -10.6    16.3
718.848     3.5    16.5     5.1
720.508     9.5    16.9   -24.8
722.168   -15.6    18.7    17.6
723.828    -7.1     2.7    -0.1
725.488     4.7   -47.9   -18.7
727.148     1.7     2.0    24.6
728.809    -4.8    27.9    16.6
730.469   -16.8     3.0   -33.5
732.129   -10.3    -4.3     1.7
733.789   -12.0   -22.7    -1.4
735.449     6.5   -33.7   -15.2
737.109    -5.0     5.7     7.7
738.770   -12.9    17.4    -4.3
740.430   -26.1     0.2   -24.9
742.090   -26.4    -4.9   -22.5
743.750   -12.7   -16.0    -6.9
745.410    22.8   -21.2     5.9
747.070    10.6     2.3    -6.9
748.730   -23.9     7.1   -22.5
750.391   -41.5     5.8   -15.0
752.051   -19.9    -0.3    -3.6
753.711     8.7   -25.7    -6.7
755.371    18.4   -16.6    -5.4
757.031     6.2     0.0     0.8
758.691   -22.2    -0.8    -9.8
760.352   -30.0    -7.3   -21.6
762.012   -16.5     2.2    -4.7
763.672    20.6   -20.7    -5.4
765.332    20.5   -22.2    -4.8
766.992   -19.1    -1.8    -0.2
768.652   -28.6   -13.7   -27.4
770.312   -18.0    -7.3   -22.1
771.973    -7.8     1.8    -1.4
773.633     8.6    -3.4     4.3
775.293    18.5   -19.9    -2.9
776.953   -26.6    -9.0    -8.2
778.613   -25.3   -15.6   -16.1
780.273   -12.1     0.4    -6.4
781.934    16.6    13.0    11.9
783.594    24.2     5.5     7.1
785.254    10.8   -24.1   -13.7
786.914   -32.7   -10.3   -14.1
788.574   -38.4   -27.0   -30.5
790.234   -27.4   -23.1   -24.9
791.895    15.8    19.3     7.8
793.555    20.5     5.3    -2.6
795.215     4.9   -21.1    -4.7
796.875   -36.5   -32.7   -29.8
798.535   -33.4   -41.7   -37.6
800.195    20.4    22.7    16.8
801.855    30.0     1.2   -15.4
803.516    15.3     9.4   -14.4
805.176   -28.2   -10.0     2.9
806.836   -33.0   -28.2   -20.2
808.496    -9.4    -1.5    -1.2
810.156     1.3    19.8    12.6
811.816    27.9    11.3    -5.3
813.477     1.9   -25.8   -26.8
815.137   -30.9   -29.1   -10.2
816.797   -41.6   -20.7   -14.8
818.457   -20.0   -24.4   -28.6
820.117    -0.2    24.7    12.2
821.777    10.3    35.8     8.4
823.438     4.8   -20.6   -22.1
825.098   -29.1   -20.9   -12.3
826.758   -18.5    -8.4    -6.2
828.418    -2.7    -9.8    -1.4
830.078     1.7    21.3    -9.6
831.738    -2.9    21.1    -6.2
833.398   -17.1   -17.5   -14.3
835.059   -13.4   -33.5   -14.9
836.719   -13.8   -31.0   -15.3
838.379   -10.3    -0.2     4.2
840.039     5.8    15.1     2.0
841.699    -8.2     7.8   -17.7
843.359   -19.8   -10.3    -3.5
845.020   -12.2   -19.3     1.8
846.680    -3.2   -17.6    -8.9
848.340   -10.6     6.0    -4.2
850.000    -7.3    26.7     3.9
851.660   -20.0   -20.0   -33.7
853.320     1.4   -20.8    -2.7
854.980    16.1   -10.8    14.4
856.641    15.2   -12.9   -10.3
858.301    -1.4    -4.3   -21.7
859.961   -28.2     6.4    -5.7
861.621   -19.1   -23.0   -32.2
863.281    10.6   -24.7    -3.7
864.941    22.8    -3.4    12.2
866.602    -2.7     0.7   -10.0
868.262   -32.1     1.1   -12.8
869.922   -40.3    -1.3   -20.6
871.582   -14.3   -24.6   -31.1
873.242    14.1   -14.5    12.2
874.902    21.6    -0.7    -8.6
876.562    11.0    -5.4   -15.0
878.223   -45.9     3.5    -3.8
879.883   -39.4   -20.4   -35.4
881.543    20.5   -20.0    11.0
883.203    30.3    -7.3    25.1
884.863    45.8    11.3    20.5
886.523    -5.5    -4.9   -20.7
888.184   -46.3    -8.1   -24.0
889.844   -42.7   -16.2   -27.7
891.504    -3.3   -27.9   -26.4
893.164    45.7     7.9     5.6
894.824    43.9     7.8    16.6
896.484    -5.1     0.7   -13.3
898.145   -67.5   -15.3   -31.3
899.805   -52.6   -17.0   -34.0
901.465   -34.9   -21.5   -23.3
903.125    52.0    11.2    31.4
904.785    48.8     3.7    27.0
906.445   -28.0    -4.6   -18.7
908.105   -65.1    -9.1   -26.7
909.766   -63.6   -10.5   -23.6
911.426   -12.7   -27.8   -21.6
913.086    52.3    -0.1    11.0
914.746     5.4    -1.4    -3.4
916.406   -35.2    -2.9   -17.3
918.066   -59.8   -17.3   -29.1
919.727   -39.4   -25.5   -34.8
921.387     2.9   -19.0   -15.5
923.047    41.1     9.7    22.6
924.707    15.8     2.1   -11.1
926.367   -24.2    -5.9   -27.6
928.027   -60.3    -2.1   -27.7
929.688   -38.9   -20.1   -27.0
931.348    10.1   -28.0   -17.3
933.008    42.7    -1.8    17.6
934.668    -0.3    -4.0   -19.6
936.328   -36.1   -12.3   -10.0
937.988   -48.2    -1.5    -7.5
939.648   -24.6   -16.5   -26.0
941.309    26.9    -5.0     4.7
942.969    37.8    -1.7     8.0
944.629   -10.5   -12.6   -20.3
946.289   -40.4    -7.2   -12.4
947.949   -44.5     2.0   -18.4
949.609   -26.1     3.4   -17.1
951.270    22.2     6.1    18.5
952.930    22.4     0.0    18.5
954.590   -41.4   -14.8   -19.5
956.250   -37.4    -4.7    -3.7
957.910   -38.3    11.4    -5.6
959.570    -0.6   -21.0   -25.8
961.230    25.8    -9.3    20.1
962.891    22.7     2.1    21.3
964.551   -14.9   -20.1   -36.1
966.211   -47.0    -0.4   -20.1
967.871   -15.4     1.6    -1.3
969.531     3.7   -11.7   -12.7
971.191    32.1   -37.6   -13.9
972.852     5.3     6.5    22.8
974.512   -29.8   -16.5   -37.4
976.172   -35.7     3.2    -7.0
977.832   -17.6    24.4    15.2
979.492    15.0    -8.6    -9.9
981.152    26.2   -42.5   -25.6
982.812    -5.5    -5.0     8.7
984.473   -29.4    -1.0   -15.0
986.133   -38.3     4.3   -17.7
987.793   -15.1     6.2    -0.2
989.453    29.4   -20.6    -0.4
991.113    26.8   -29.2     1.7
992.773   -11.6   -20.2   -13.2
994.434   -51.9    11.7   -20.1
996.094   -33.7    15.9    -5.1
997.754    16.3    -9.2    -1.7
999.414    36.4   -24.5     4.3
1001.074     7.4   -23.8    -3.8
1002.734   -25.8   -19.4   -26.1
1004.395   -52.1    -4.8   -33.6
1006.055   -24.8    25.3    -3.6
1007.715     2.3    10.5     3.3
1009.375    33.9   -35.4    -2.3
1011.035    15.8   -22.6    11.8
1012.695   -26.2   -14.3   -13.1
1014.355   -57.7    -1.3   -36.4
1016.016   -29.6    21.0    -4.7
1017.676    34.5   -16.5     2.0
1019.336    49.8   -29.3    -5.1
1020.996    19.8   -28.3     1.1
1022.656   -57.1    -6.0   -35.3
1024.316   -57.1     0.9   -41.5
1025.977    -7.3     8.8    10.3
1027.637    37.3    -8.0     6.7
1029.297    50.0   -27.7     3.8
1030.957     3.9   -17.8    -3.2
1032.617   -48.1    -3.3   -27.1
1034.277   -55.0     2.6   -22.6
1035.938   -30.5     3.2   -12.4
1037.598    31.2   -14.0    -1.7
1039.258    45.4   -13.4    14.5
1040.918    27.2    -9.4    23.1
1042.578   -22.7   -13.9   -28.6
1044.238   -34.0   -18.2   -35.0
1045.898   -44.0    11.9    -6.2
1047.559    35.0   -28.6   -11.3
1049.219    43.5   -17.5    17.2
1050.879    18.6    -1.1    11.4
1052.539   -12.4    -7.2   -29.9
1054.199   -44.0   -16.5   -34.5
1055.859   -56.9     4.7    -4.8
1057.520    -7.6    -9.6   -13.1
1059.180    29.2   -18.3     8.2
1060.840    10.4    -0.2     7.7
1062.500   -14.5    -0.8   -13.6
1064.160   -28.1   -11.8   -25.3
1065.820   -33.0    -0.3   -12.8
1067.480    -8.0   -15.9   -15.8
1069.141    16.3   -13.2     0.7
1070.801    16.1    -4.3     2.4
1072.461    -1.3    -6.5    -9.7
1074.121   -21.6    -3.2   -17.3
1075.781   -19.6    -7.6   -14.0
1077.441   -14.3   -16.1   -16.6
1079.102     7.5   -19.6    -0.8
1080.762     7.8   -15.2     4.1
1082.422    -3.4     2.9    -6.7
1084.082   -11.5     6.3    -9.2
1085.742   -16.9    -7.7   -14.8
1087.402   -12.1   -24.3   -22.1
1089.062   -10.5   -22.9    -7.6
1090.723    -1.8    -6.1   -12.6
1092.383     2.2    -4.0   -12.9
1094.043     1.3    -6.5   -11.6
1095.703    -9.9     1.3   -12.1
1097.363   -12.5   -21.3   -31.8
1099.023    -5.3   -19.2     0.8
1100.684    -8.2    -7.2     5.5
1102.344    -8.3   -21.6   -24.8
1104.004    -6.7   -11.1   -19.5
1105.664    -0.6    13.9   -11.8
1107.324    -2.1     8.9   -11.5
1108.984    -9.8   -28.6   -14.0
1110.645   -13.4   -14.6   -10.4
1112.305    -9.1   -15.3   -19.5
1113.965    -9.0    -3.4    -0.9
1115.625     4.4    25.0     7.8
1117.285     1.4    13.3    -8.4
1118.945    -0.1   -13.5   -22.5
1120.605   -12.2   -12.6     5.0
1122.266   -10.8   -23.4   -27.2
1123.926   -16.7   -11.0    -5.3
1125.586   -10.8     9.0    12.1
1127.246     2.3     1.7   -18.7
1128.906     2.4   -14.3    -6.4
1130.566    -1.3    -4.1    12.6
1132.227    -9.2   -21.4   -29.3
1133.887   -24.4   -23.5   -20.5
1135.547   -10.4    -1.5   -16.3
1137.207     6.7   -12.4   -26.2
1138.867     9.8    -8.9    -2.1
1140.527    12.7     5.2    16.1
1142.188     3.7   -15.4   -15.9
1143.848   -35.9    -3.4    -6.6
1145.508   -33.4     3.1    -5.0
1147.168   -30.2     0.4    -6.9
1148.828    22.7     1.2     1.5
1150.488    18.0     7.1    17.2
1152.148    -1.2   -17.1   -13.9
1153.809   -26.4   -23.5   -24.1
1155.469   -42.9   -18.1   -20.6
1157.129   -19.7    -1.5    -7.3
1158.789   -18.6    -1.8    -5.2
1160.449    35.6     6.4    11.2
1162.109    21.1   -10.7    -6.9
1163.770   -27.6   -14.3   -11.5
1165.430   -39.4   -18.4   -19.6
1167.090   -26.7   -17.5   -19.5
1168.750     5.9     4.3     5.5
1170.410    35.1    22.5    21.7
1172.070    33.6   -13.8   -10.0
1173.730    -6.6   -15.5   -10.0
1175.391   -53.0   -12.8   -20.6
1177.051   -58.7   -27.6   -35.6
1178.711   -16.1   -14.2   -11.2
1180.371    34.0    26.2    24.2
1182.031    32.1    -8.6    -8.9
1183.691     5.8   -19.6   -15.3
1185.352   -41.7   -18.2   -22.5
1187.012   -36.6   -23.0   -26.1
1188.672    23.9    13.2     8.4
1190.332    22.9    12.1     8.3
1191.992    25.7    12.3     7.5
1193.652    -3.5    -9.9    -3.6
1195.312   -22.4   -20.3   -16.8
1196.973   -48.9   -34.3   -34.3
1198.633    -5.6    -1.1     3.4
1200.293    26.7     9.7    -1.8
1201.953    25.1    -0.7    -3.1
1203.613    -7.0     6.9    11.3
1205.273   -38.7   -33.7   -48.8
1206.934   -35.3   -40.8   -38.3
1208.594    -1.3     6.1    18.2
1210.254    10.8    12.9    -0.1
1211.914    15.7    -2.5   -14.6
1213.574    -1.9     6.3    10.7
1215.234   -17.1    -5.5   -11.3
1216.895   -16.2   -39.1   -29.8
1218.555   -16.8   -38.5   -29.1
1220.215    -8.5     6.1     7.0
1221.875    12.0    -1.8   -17.5
1223.535   -10.3     6.8     4.1
1225.195   -18.8    -5.9    -7.8
1226.855   -14.0   -19.0   -22.9
1228.516    -6.7   -25.2    -8.3
1230.176   -10.1   -13.0     2.7
1231.836    -0.7     4.5   -15.3
1233.496    -8.5     5.7    -6.2
1235.156   -17.8    13.1     3.3
1236.816    -4.2   -32.1   -16.0
1238.477    -1.7   -30.9    -3.5
1240.137    -1.6   -13.4   -11.1
1241.797   -19.9     5.6   -10.1
1243.457   -24.5    19.2    -2.8
1245.117    -1.7    -0.8    -5.8
1246.777     1.6   -23.6   -11.8
1248.438     7.2   -20.5    -3.5
1250.098   -13.8   -10.5   -16.9
1251.758   -24.5    -0.3   -25.3
1253.418   -23.3    24.9    -0.8
1255.078    -9.1     1.1    -6.7
1256.738    17.8   -26.9    -6.6
1258.398    10.8   -22.6    11.6
1260.059    -3.7   -14.7    -9.2
1261.719   -31.8     0.0   -28.3
1263.379   -39.7    34.1     1.5
1265.039   -12.0     7.0    -2.9
1266.699    19.3   -40.4   -17.9
1268.359    29.9   -19.5    13.9
1270.020    20.9   -17.0    16.1
1271.680   -29.9     1.8   -30.6
1273.340   -54.9    14.4   -10.4
1275.000   -18.1     5.4    -2.3
1276.660    29.0   -36.9   -10.0
1278.320    39.5   -40.2     4.4
1279.980    21.8   -17.2    14.7
1281.641   -10.8    -6.9   -14.3
1283.301   -54.9    12.3   -15.3
1284.961   -51.6    14.3   -16.0
1286.621     2.6   -22.6   -10.2
1288.281    44.5   -31.1    19.6
1289.941    32.6   -14.0    -2.9
1291.602   -28.2     2.5   -18.5
1293.262   -38.3     8.0   -16.5
1294.922   -40.0    -3.9   -35.1
1296.582    -8.9   -30.0   -20.9
1298.242    44.6   -21.5    24.8
1299.902    40.2   -10.7     3.4
1301.562   -11.4     4.4   -20.4
1303.223   -72.6    27.5   -12.7
1304.883   -33.3   -24.9   -26.6
1306.543    -2.3   -37.9   -22.8
1308.203    44.4   -16.7    21.1
1309.863    44.1    -1.9    12.5
1311.523    20.8    -0.4    -2.1
1313.184   -52.4    23.5   -21.1
1314.844   -59.1    -3.0   -21.9
1316.504     6.2   -44.7   -14.2
1318.164    51.6   -10.7    19.0
1319.824    50.5    -3.6    22.7
1321.484    20.9    14.9     6.5
1323.145   -47.8    12.4   -29.3
1324.805   -64.7   -18.7   -39.4
1326.465   -26.2   -31.2   -13.2
1328.125    40.4   -26.9    21.4
1329.785    40.1   -11.6     3.4
1331.445    -6.6    27.8    -1.0
1333.105   -57.0    15.5   -20.0
1334.766   -60.7    -3.0   -37.0
1336.426   -26.3   -45.6   -24.3
1338.086    38.6   -14.6    22.2
1339.746    40.6    -5.4    -0.1
1341.406    -1.0    18.7     0.1
1343.066   -51.6    15.2   -19.9
1344.727   -52.2   -25.2   -40.4
1346.387   -23.7   -42.1   -21.8
1348.047     9.5   -33.8    10.1
1349.707    32.0    -5.1    -1.8
1351.367     4.1    12.8    -0.4
1353.027   -35.6    23.9   -12.5
1354.688   -49.3     4.3   -32.9
1356.348     2.0   -28.4     5.8
1358.008    23.2   -13.3    -2.2
1359.668    24.2   -13.9   -10.6
1361.328    15.1    -6.7    -8.0
1362.988   -23.0    18.6    -3.0
1364.648   -28.1    12.0   -15.8
1366.309     4.7    -9.9    14.9
1367.969     8.6    -5.5    22.4
1369.629    18.3   -16.6   -20.5
1371.289    -9.0    -3.1    -2.9
1372.949   -29.5    13.7   -11.0
1374.609   -21.0   -12.3   -37.8
1376.270   -10.6   -26.4   -24.9
1377.930     8.3    -1.8    18.4
1379.590     3.9   -18.4   -20.4
1381.250   -12.3   -13.7    -8.3
1382.910   -28.4     8.5     8.1
1384.570   -19.8     0.3   -13.3
1386.230   -11.7   -17.3   -29.2
1387.891     7.6     6.7    21.0
1389.551     2.9     2.7    13.6
1391.211   -11.7   -20.7   -22.9
1392.871   -15.5   -12.8   -12.9
1394.531   -21.5    -4.3    -2.4
1396.191     0.9   -13.9   -21.9
1397.852     3.2   -13.2   -17.4
1399.512     3.1    -1.0     4.1
1401.172    -9.7   -14.9   -16.4
1402.832   -21.8   -14.6   -14.1
1404.492   -10.8    -9.2   -13.2
1406.152     1.8   -11.2   -12.7
1407.812     5.0    -4.5    -3.7
1409.473     7.7     3.1     1.2
1411.133   -12.9   -12.6   -14.8
1412.793   -18.4   -13.0   -12.4
1414.453    -9.8    -7.3    -2.4
1416.113     3.8   -13.0    -7.7
1417.773     8.2     6.0    -5.8
1419.434   -17.0   -12.8   -19.0
1421.094   -21.3   -21.1   -18.4
1422.754   -17.4   -26.3   -14.5
1424.414    -3.9   -12.9    -6.0
1426.074     5.6    -2.7    -9.4
1427.734    10.2    -9.7   -13.5
1429.395    -7.0     7.6    -5.8
1431.055   -20.6   -11.6   -14.5
1432.715   -21.2   -25.9   -15.8
1434.375   -10.2   -19.8   -11.3
1436.035     9.9     5.0    -6.8
1437.695    16.0     0.9   -11.8
1439.355     2.5     4.0    -5.9
1441.016   -33.2   -15.4   -15.5
1442.676   -34.7   -25.7   -20.8
1444.336   -10.6   -26.4   -15.0
1445.996     9.1    -2.7    -4.1
1447.656     8.0    11.9     1.6
1449.316    -3.4     9.3    -2.9
1450.977   -16.9   -13.4   -19.6
1452.637   -16.8   -34.5   -20.4
1454.297     0.6     5.9    12.5
1455.957     5.7    10.4    -4.9
1457.617     6.8     2.3    -7.5
1459.277   -11.5     9.5     6.0
1460.938   -23.5   -11.5   -19.2
1462.598   -13.1   -35.9   -17.5
1464.258    -4.6    -4.1    13.3
1465.918     0.0     4.8   -12.1
1467.578     0.7    -2.4   -14.0
1469.238   -11.7     3.9    -1.1
1470.898   -10.6    -9.9   -15.7
1472.559     5.4   -34.6   -21.1
1474.219    -8.2   -12.9     2.6
1475.879   -14.1     9.0    -3.8
1477.539   -18.3    -5.5   -18.9
1479.199    -9.9    -8.3   -17.4
1480.859     0.1    -6.2    -4.9
1482.520    11.5   -15.9    -8.9
1484.180     3.8    -5.6    -5.3
1485.840    -2.9     6.5     1.5
1487.500   -27.5   -11.1   -19.9
1489.160   -28.7   -13.0   -11.0
1490.820    -0.1    -7.9    -0.7
1492.480    21.0    -5.2     3.8
1494.141    10.3    10.5     4.0
1495.801   -16.8     3.9   -13.6
1497.461   -34.2   -17.1   -22.6
1499.121   -41.5   -18.3   -17.6
1500.781    -1.1   -18.9    -4.3
1502.441    28.7     9.3     5.3
1504.102    14.1    24.8    13.7
1505.762     0.9    24.4    11.9
1507.422   -39.8   -19.7   -36.7
1509.082   -46.3   -40.3   -37.4
1510.742   -15.3   -20.7     8.2
1512.402    21.3    -5.8    -6.4
1514.062    37.9     9.4    -9.6
1515.723   -32.5    18.0    -3.0
1517.383   -38.2   -14.4   -26.6
1519.043   -54.0   -39.8   -48.0
1520.703   -17.5   -25.8     5.1
1522.363    20.0     2.6     2.1
1524.023    28.1     5.7   -10.2
1525.684   -19.2    27.9     9.3
1527.344   -38.3    -5.4   -27.6
1529.004   -29.3   -55.9   -22.2
1530.664   -24.5   -56.7   -18.4
1532.324    23.3     1.6     9.8
1533.984    23.3    16.0    -2.4
1535.645   -20.2    30.2     1.1
1537.305   -35.1   -12.1   -27.5
1538.965   -12.5   -46.5    -8.7
1540.625     9.9   -23.6     7.4
1542.285    22.6    -4.7   -11.7
1543.945    -3.0    22.5    -4.6
1545.605   -28.4    29.5    -1.2
1547.266   -26.3    24.4    -7.0
1548.926   -18.1   -37.3   -25.3
1550.586     9.4   -19.8    16.4
1552.246    10.6   -14.3   -23.9
1553.906   -10.1     2.5   -18.3
1555.566   -40.0    18.9    -0.5
1557.227   -38.4    26.6     3.0
1558.887    -2.9   -42.3   -24.9
1560.547     6.9   -42.8   -19.5
1562.207    32.3    -1.7    19.7
1563.867    -1.5    -5.2   -19.0
1565.527   -36.5     2.6   -26.9
1567.188   -42.7     8.3    -8.6
1568.848   -11.4   -18.4   -14.8
1570.508    12.6   -22.2    -7.0
1572.168    26.2   -12.1     8.8
1573.828   -13.4    -2.7   -12.9
1575.488   -43.3    -2.6   -28.5
1577.148   -36.9    -7.3   -25.5
1578.809     2.1    -9.7    -6.4
1580.469    22.1    -9.0    13.2
1582.129    23.9   -14.2    -3.9
1583.789    -9.1    -9.2   -15.7
1585.449   -41.1     2.5   -12.4
1587.109   -47.9    -5.7   -22.9
1588.770   -16.6   -18.0   -21.3
1590.430    28.3     5.6    19.0
1592.090    26.9    -6.5     2.3
1593.750   -12.7   -19.8   -18.0
1595.410   -32.3    10.2    -3.4
1597.070   -28.1    -6.3   -27.9
1598.730    -2.7   -17.9   -14.8
1600.391     9.3    -2.1    10.4
1602.051     7.6   -12.5    -8.7
1603.711    -5.8   -26.0   -22.1
1605.371   -17.7   -14.2    -9.8
1607.031   -16.6    11.0    -0.5
1608.691    -4.6   -14.1    -7.1
1610.352    -4.4   -15.0    -4.5
1612.012    -3.0    -3.7    -2.0
1613.672    -5.5   -17.3   -13.8
1615.332     1.8    -5.7     0.8
1616.992     1.9     2.3   -14.2
1618.652   -11.0    -2.9   -10.8
1620.312   -18.1    -4.4     0.5
1621.973   -22.9   -10.4    -7.2
1623.633   -16.9   -32.0   -34.2
1625.293     0.2   -15.6     0.9
1626.953    15.7    17.0    18.3
1628.613    11.4    -4.7   -26.9
1630.273   -19.4    -6.6    -2.1
1631.934   -34.7    -5.5    -4.6
1633.594   -33.2   -35.9   -39.8
1635.254     1.7   -17.3    -1.4
1636.914    21.1    28.3    33.2
1638.574    21.7    16.6     2.0
1640.234     8.3   -23.3   -37.5
1641.895   -48.9   -20.3    -5.1
1643.555   -42.4   -20.6   -24.1
1645.215     9.7   -17.2    -3.5
1646.875    15.4    -3.7     8.9
1648.535    19.3    15.6    -6.4
1650.195     9.0    -6.2   -20.5
1651.855   -39.8   -22.0   -28.8
1653.516   -34.0   -16.8   -14.5
1655.176    -0.7    -7.4    -3.8
1656.836    26.4     5.4     8.3
1658.496    27.8    10.8     5.0
1660.156   -11.7   -11.9    -9.1
1661.816   -25.6   -12.6   -22.2
1663.477   -37.9   -31.0   -31.9
1665.137   -18.6     0.9     4.6
1666.797    -0.8    12.5    13.7
1668.457    23.8    -3.0    -0.6
1670.117    -8.9     4.1    -5.3
1671.777    -7.7     4.6    -4.8
1673.438   -24.4   -27.1   -23.5
1675.098   -13.7     0.0    -6.6
1676.758     6.9    12.7    13.4
1678.418     3.7    13.5     4.0
1680.078     4.5   -25.0   -17.6
1681.738    -5.9     1.9     7.6
1683.398    -5.6    -4.1    -0.9
1685.059   -11.7   -22.1   -29.0
1686.719   -23.7    -4.2    -8.3
1688.379   -13.2    -0.1    -3.0
1690.039    14.0   -24.5   -19.3
1691.699    12.5   -13.4    -5.2
1693.359    12.6    -6.0     7.8
1695.020   -12.9    -7.6   -16.4
1696.680   -23.2   -10.3   -22.9
1698.340   -41.0   -16.3   -18.2

Event #43  ts=2026-09-25 13:03:21.486  [SELECTED]
  t[ns]  u1[mV]  u2[mV]  u3[mV]
  0.000    -3.7   -31.1     1.0
  1.660    -3.2    12.4   -10.5
  3.320    -6.6    -8.7   -12.5
  4.980    -5.4    -0.8    -2.4
  6.641    -3.9   -15.8   -10.0
  8.301    -5.8   -16.7    -7.8
  9.961    -8.9    -8.6    -2.2
 11.621   -17.6     4.2   -10.2
 13.281    -7.7    -9.1    -8.6
 14.941    11.9    -9.0    -5.6
 16.602     6.6   -15.8    -9.4
 18.262   -12.9    -9.7    -3.7
 19.922   -18.4    -7.3   -11.6
 21.582   -23.7   -10.8   -20.4
 23.242    -5.7     1.4    -2.9
 24.902    20.3     4.5     5.0
 26.562    15.8   -14.2   -14.1
 28.223    -8.4   -13.2    -3.6
 29.883   -32.7    -7.6    -7.5
 31.543   -27.8   -21.9   -27.8
 33.203    11.5    10.5    12.2
 34.863    18.0    10.8    15.2
 36.523    22.4    -5.5   -14.4
 38.184   -18.6    -9.4    -4.9
 39.844   -50.5   -22.7   -30.4
 41.504   -52.1   -23.7   -29.3
 43.164    -6.2   -10.0   -10.1
 44.824    30.5    19.7    18.7
 46.484    26.7    11.6     9.0
 48.145    17.8   -17.8   -17.2
 49.805   -47.6   -10.8   -16.4
 51.465   -49.2   -23.2   -34.0
 53.125     3.6    -7.9     3.2
 54.785    33.9    23.6    10.0
 56.445    13.9    -6.7    -5.5
 58.105    -9.2   -14.5    -0.6
 59.766   -40.1   -19.8   -34.9
 61.426   -44.1   -25.9   -34.8
 63.086   -19.4    -0.6     8.3
 64.746    20.2    11.4     8.0
 66.406    40.2    -7.6   -15.5
 68.066   -10.1    -2.1    10.3
 69.727   -10.7    -1.3     9.9
 71.387   -46.9   -31.2   -43.7
 73.047   -30.1    -9.9    -8.7
 74.707    13.1    16.4    12.7
 76.367    31.7   -17.1   -18.5
 78.027    26.8   -18.3   -11.2
 79.688   -15.6     8.0    11.3
 81.348   -31.1    -7.5   -21.2
 83.008   -32.8    -9.1   -14.3
 84.668   -10.6     9.7    11.1
 86.328    21.2     4.5     3.9
 87.988    26.4   -19.6    -9.1
 89.648    -9.7     8.9     9.2
 91.309   -38.9    -8.2   -24.7
 92.969   -38.9   -16.5   -27.7
 94.629   -10.7    -7.0     2.7
 96.289    26.5    -9.4     7.3
 97.949    37.5   -11.4     1.8
 99.609   -12.6     3.5    -6.7
101.270   -43.7    -0.3   -20.6
102.930   -42.6    -6.1   -23.8
104.590    -8.8   -22.6   -11.2
106.250    25.5   -27.8    -3.1
107.910    34.0     5.8    11.2
109.570    -0.8     9.5    -4.9
111.230   -42.2    -2.4   -29.1
112.891   -54.4    -8.0   -14.1
114.551   -12.3   -24.9    -8.7
116.211    32.4   -32.8    -6.6
117.871    39.2    -2.9    15.2
119.531     3.9    24.3    -4.1
121.191   -21.6    10.0   -19.9
122.852   -55.1    -9.8   -27.7
124.512   -32.5   -22.2    -9.1
126.172    35.2   -30.4     4.2
127.832    47.5    -2.9    13.1
129.492    23.7    19.1     8.9
131.152   -14.0    20.8    -2.7
132.812   -57.4    -6.2   -30.5
134.473   -24.7   -29.8   -20.4
136.133     2.8   -35.4    -0.5
137.793    47.2     3.2    22.5
139.453    -3.7    16.7   -13.0
141.113   -50.8     8.6   -26.5
142.773   -53.1   -27.1   -19.0
144.434   -52.6   -26.2   -21.0
146.094    31.8   -16.2     2.3
147.754    46.6    15.7    29.5
149.414    -0.7    14.9   -17.0
151.074   -44.4    -7.7   -39.6
152.734   -66.1   -12.0   -16.4
154.395     1.9   -35.7   -24.1
156.055    48.6   -16.7    11.2
157.715    32.4    21.2    35.1
159.375   -13.3    22.9   -15.7
161.035   -37.1   -13.7   -43.2
162.695   -49.7   -34.9   -31.1
164.355   -32.0   -21.9    -6.6
166.016    26.6   -30.9   -11.5
167.676    22.2    17.8    16.9
169.336   -25.6    14.1   -24.3
170.996   -41.9    -7.2   -29.1
172.656   -39.8   -25.6   -21.9
174.316    -5.8   -39.5   -13.4
175.977    25.5   -15.3     3.3
177.637    18.4    19.5    16.4
179.297    -6.4    14.6   -16.3
180.957   -35.6    -1.4   -19.3
182.617   -11.5   -29.2   -11.2
184.277    12.5   -39.1   -18.9
185.938    15.8   -35.8    -8.3
187.598    -2.2    18.8    11.4
189.258   -18.6    10.3   -26.9
190.918   -25.1    -1.0   -17.1
192.578    -0.9   -18.8     0.7
194.238     7.5   -43.8   -25.5
195.898    -4.2   -17.4    -6.3
197.559   -15.0    13.5     6.8
199.219   -18.6    24.9    -1.3
200.879   -32.5   -12.9   -31.1
202.539   -59.8   -41.1   -27.3
204.199   -87.3  -102.5   -76.9
205.859  -107.5  -144.5  -120.9
207.520  -135.1  -115.2  -113.1
209.180   -97.6   -83.6  -136.7
210.840   -88.7   -87.0  -136.7
212.500   -54.8   -70.5  -108.9
214.160   -28.3   -85.7   -62.4
215.820   -27.9   -97.8   -72.2
217.480   -61.4   -26.1   -51.0
219.141   -60.6   -15.1   -51.4
220.801   -16.4   -16.4   -29.8
222.461    14.9   -15.3    -3.5
224.121     6.4   -40.7   -34.4
225.781   -13.0   -48.6   -30.4
227.441   -34.1   -26.7   -18.6
229.102   -43.9    -9.8   -35.7
230.762    -8.6    11.9     9.1
232.422    13.0    15.2    16.8
234.082    28.6   -20.0   -16.3
235.742    10.0   -43.0   -30.0
237.402   -17.6   -38.8   -13.7
239.062   -36.0    -6.2   -35.7
240.723   -32.0   -10.4   -38.0
242.383     1.2    13.8    17.7
244.043     9.0    16.6    17.7
245.703    28.2   -34.0   -19.0
247.363   -13.7   -16.8    -5.9
249.023   -22.7   -13.5    -5.3
250.684   -28.4    -7.8   -34.2
252.344   -23.0    -5.1   -25.1
254.004     3.1     4.5    10.2
255.664    18.6   -31.4    -7.1
257.324     6.2   -37.8   -14.5
258.984    -6.2   -19.2   -13.6
260.645   -22.6    -0.2    -9.3
262.305   -32.1     7.6   -17.2
263.965   -23.3     0.0   -19.5
265.625     7.8   -23.3    -2.0
267.285    12.5   -14.8    -0.9
268.945    -0.5    -7.8   -14.5
270.605   -40.3     5.3   -17.1
272.266   -37.3    11.0    -9.9
273.926   -25.7    -9.4   -15.1
275.586    -1.6   -31.0   -23.9
277.246    14.6   -23.4    -6.7
278.906    20.8    -9.1     9.0
280.566   -15.4    -3.1   -25.5
282.227   -28.3    -5.3   -26.5
283.887   -28.5    -0.3    -6.0
285.547   -24.9    -7.9    -9.3
287.207    15.3   -29.5   -12.8
288.867    19.2    -6.2    12.6
290.527    -2.0     8.9    -2.5
292.188   -25.8    -5.0   -30.5
293.848   -28.4     0.1   -15.9
295.508   -32.6    -0.7    -7.7
297.168    16.3   -37.3   -12.2
298.828    16.1     3.6     7.6
300.488    -3.9    14.1    -4.3
302.148   -20.7     4.8   -17.5
303.809   -29.4    -6.7   -13.3
305.469   -17.3   -16.6   -17.4
307.129     3.3   -23.4   -15.3
308.789    23.3    -5.3    14.0
310.449    -1.9    -3.6   -17.9
312.109   -32.3    -4.3   -25.1
313.770   -27.7     7.0    -4.5
315.430    -4.8   -11.9   -20.3
317.090    19.8   -29.2    -7.1
318.750     8.0    -0.4    11.6
320.410    -2.9     5.4     0.0
322.070   -28.1   -15.2   -35.9
323.730   -29.2    12.6     8.3
325.391   -17.1    10.9    -0.8
327.051    21.2   -28.7   -24.7
328.711    20.4   -12.4    17.3
330.371     7.4    -0.9    19.0
332.031   -48.7   -23.7   -48.1
333.691   -43.0    -2.1   -18.8
335.352    -4.3    13.7    13.3
337.012     9.6     3.0     0.9
338.672    25.7   -14.3     5.1
340.332    -5.1   -13.4    -0.7
341.992   -34.0   -13.5   -25.0
343.652   -46.1    -6.9   -22.8
345.312   -21.5    11.8     0.7
346.973    25.1    -5.7    -5.0
348.633    29.2   -16.1     5.6
350.293    21.5   -16.6     4.7
351.953   -27.5   -19.2   -27.3
353.613   -47.6    -0.5   -21.5
355.273   -24.7     4.6   -15.4
356.934   -12.9     5.1   -10.4
358.594    40.3   -12.0     4.9
360.254    39.4   -17.6     9.2
361.914    -3.7   -27.3   -14.1
363.574   -52.1   -13.6   -36.5
365.234   -62.0     6.2   -17.6
366.895    16.9   -12.8   -11.7
368.555    33.6   -16.7    -2.8
370.215    53.2   -14.0     4.2
371.875    11.9   -11.1     0.7
373.535   -42.8   -16.0   -34.5
375.195   -61.6     2.8   -24.1
376.855   -16.2    -0.7    -6.5
378.516    28.5   -19.0    -4.0
380.176    50.2    -5.5    20.8
381.836    46.4    -4.3    19.7
383.496   -19.7    -9.5   -26.8
385.156   -70.4    -3.2   -31.6
386.816   -53.7    -3.0   -23.5
388.477    23.2   -15.6    -2.9
390.137    67.7    -8.2    18.7
391.797    37.1    -0.4     3.4
393.457   -41.7    -0.8   -24.0
395.117   -75.4   -10.4   -34.1
396.777   -65.5   -19.9   -39.2
398.438   -42.7   -25.3   -38.1
400.098    51.5    -6.0    30.8
401.758    50.5     8.2     3.9
403.418   -48.4    -0.2   -22.7
405.078   -77.3    -5.7   -18.3
406.738   -36.6   -42.2   -43.2
408.398   -39.7   -39.6   -43.8
410.059    42.3     2.9    32.9
411.719    49.2    13.4    37.4
413.379    37.5     9.9    -7.1
415.039   -40.5    -9.9   -22.0
416.699   -80.1   -15.1   -27.4
418.359   -40.7   -44.5   -39.6
420.020    22.5   -23.3     0.6
421.680    42.7     5.2    24.7
423.340    20.1    15.6    -2.0
425.000   -37.7    -8.2   -22.2
426.660   -61.9   -31.1   -34.4
428.320   -39.2   -45.2   -31.7
429.980    21.5    -3.8     8.0
431.641    42.3    22.4    15.1
433.301    10.6    19.8    -1.9
434.961   -34.7    -2.8   -12.7
436.621   -43.4   -45.9   -37.3
438.281   -33.5   -50.1   -33.6
439.941    -3.3   -19.0     1.7
441.602    23.9    24.8     5.2
443.262    10.8    16.7    -8.9
444.922   -14.5     2.4     3.6
446.582   -21.4   -46.1   -31.8
448.242   -15.9   -52.6   -39.2
449.902    -2.7     7.5    17.2
451.562    -0.6    30.6    11.3
453.223    -9.1     3.0   -30.4
454.883   -10.2    -1.3    -7.8
456.543    -5.2   -13.6     8.2
458.203     0.0   -42.5   -21.0
459.863   -22.7    16.4     0.8
461.523   -21.4    16.5     2.0
463.184   -30.7    22.9    -6.6
464.844   -21.1    -3.8   -25.3
466.504     8.9    -8.2     9.9
468.164    12.7   -19.0   -10.8
469.824   -10.3   -13.8   -11.6
471.484   -34.5     2.7   -12.3
473.145   -49.9     4.2   -32.1
474.805   -42.0    -9.0   -26.5
476.465     2.0    -4.6    10.8
478.125    42.2   -18.3    -3.0
479.785    26.0   -22.6    -4.6
481.445   -37.0     1.2   -15.4
483.105   -62.2   -17.6   -46.9
484.766   -45.6   -15.4   -24.2
486.426    19.5    12.8    27.0
488.086    54.5   -20.4   -11.3
489.746    37.6   -18.2    -1.0
491.406   -12.3     2.5    15.1
493.066   -63.5   -36.5   -56.8
494.727   -48.9   -35.7   -44.8
496.387    20.4    13.4    27.5
498.047    33.6     8.0    27.8
499.707    22.2   -12.1    -8.6
501.367     2.6    -6.6    -1.4
503.027   -54.4     1.4   -22.1
504.688   -42.6   -24.3   -33.2
506.348     2.0     0.0    10.5
508.008    48.9     7.7    22.4
509.668    40.0     0.4    -0.6
511.328   -26.7    -2.1   -17.3
512.988   -39.1   -11.9   -18.8
514.648   -55.1   -13.7   -31.5
516.309     2.5    -4.7    -1.7
517.969    22.8    -9.5     6.0
519.629    29.2     0.7     6.3
521.289   -23.8    -9.6   -21.5
522.949   -22.4   -10.5   -21.9
524.609   -37.7   -10.2   -23.0
526.270     3.5     0.2    -4.4
527.930    17.0   -10.8    -7.6
529.590    16.5   -12.7    -7.7
531.250    -4.1    -7.1    -3.2
532.910   -24.5   -12.3   -28.1
534.570   -27.0   -17.2   -25.2
536.230    -8.4     7.2    -1.4
537.891     4.0    -5.6    -2.6
539.551     1.8   -18.3   -14.7
541.211   -25.0    -7.4    -4.9
542.871   -26.3    -3.2   -10.8
544.531    -9.8   -15.6   -18.0
546.191    11.8    11.6     8.8
547.852    -0.9     6.4     8.8
549.512    -6.2    -9.6   -16.6
551.172   -18.1   -16.3   -13.9
552.832   -19.6    -3.3    -6.8
554.492    -1.1    -9.7    -0.6
556.152     7.1     1.6     0.4
557.812    -5.9     0.3   -10.5
559.473   -13.0   -11.6   -19.0
561.133   -17.7   -20.3   -10.5
562.793   -15.4   -18.4    -1.0
564.453    -9.6   -14.1   -23.2
566.113     4.9     6.8     8.5
567.773    -4.5    -5.2   -16.0
569.434    -9.7   -13.8   -25.4
571.094   -17.2   -23.4   -23.4
572.754   -18.2    -1.4    10.1
574.414    -2.0   -17.6   -27.5
576.074     3.7   -19.4   -31.8
577.734    -3.0     2.6     7.4
579.395   -12.5    -6.1   -15.6
581.055    -9.7   -19.0   -25.3
582.715    -3.4    -0.6     1.2
584.375    -7.3     1.2    -5.8
586.035    -2.5   -16.3   -18.1
587.695    -5.0   -13.2    -4.2
589.355   -17.0    -0.3    -7.9
591.016   -12.5    -6.2   -23.2
592.676     2.6    -2.2     3.8
594.336     4.8     0.2     3.7
595.996     3.6   -15.3   -18.1
597.656   -14.1   -20.1   -19.3
599.316   -35.1    -6.2   -11.3
600.977   -14.2   -10.4   -18.8
602.637     5.3    -0.1    -2.0
604.297    14.9     6.6     8.4
605.957     4.2    -7.3   -16.3
607.617   -19.0   -23.4   -20.0
609.277   -32.6   -18.0   -12.8
610.938   -23.4   -18.9   -17.8
612.598   -11.0   -10.0   -17.1
614.258    12.1     4.3     0.5
615.918    15.8     6.5     5.7
617.578    -5.9   -19.3   -20.9
619.238   -30.5   -25.9   -25.4
620.898   -30.2   -12.8    -6.1
622.559    -8.6   -13.0   -21.3
624.219     8.8    -1.7   -12.1
625.879    21.4    20.6    19.1
627.539     4.4    -5.2    -9.1
629.199    -6.7   -32.2   -29.0
630.859   -32.5   -28.4   -27.1
632.520    -3.4    -4.1   -15.8
634.180    13.6     2.6   -11.5
635.840    24.0    12.1     7.9
637.500     0.0    -4.6   -10.6
639.160   -26.6   -40.8   -28.9
640.820   -32.8   -32.4   -22.9
642.480   -31.5    -5.0    -4.4
644.141     6.3     5.3     0.1
645.801    25.9     5.3     4.6
647.461     9.4    -5.9   -12.3
649.121    -2.6   -18.8   -26.7
650.781   -31.5   -25.5    -2.2
652.441    -6.8   -13.7   -22.8
654.102    -2.4    -4.6   -13.8
655.762     9.8    15.2    16.8
657.422     9.0    19.9    17.3
659.082    -8.2   -39.3   -27.3
660.742   -18.4   -39.9   -21.7
662.402   -30.8     3.1     8.1
664.062    -7.3    -0.9   -23.3
665.723     4.7    -8.7   -19.6
667.383     2.6    15.8    19.0
669.043    -3.3   -26.7   -32.3
670.703   -17.0   -40.4   -34.0
672.363   -32.5   -13.8    -4.8
674.023    -2.7     8.0    -0.9
675.684    10.6     2.1    -9.5
677.344     5.1     0.7    -7.1
679.004   -11.1    -2.3    -9.5
680.664   -15.0   -27.3   -14.3
682.324    -9.5    -4.9    -6.3
683.984    -4.1     3.8    -1.6
685.645    -1.3     9.3    -2.7
687.305    11.5     1.5    -5.8
688.965    -0.5   -21.0   -17.4
690.625    -9.3   -26.2   -12.2
692.285   -14.9    -6.4    -7.0
693.945   -11.3    -7.5   -19.5
695.605    -7.5    -3.7   -14.1
697.266     5.4    13.4     7.0
698.926     6.6   -15.0   -16.8
700.586    -3.9   -29.8   -29.2
702.246   -16.4    -3.2     5.4
703.906   -12.2    -8.5   -19.3
705.566    -8.4   -18.0   -30.1
707.227    -2.9     0.0    -0.9
708.887    -1.8    10.9     7.5
710.547    -2.9   -24.3   -20.5
712.207    -6.7    -3.9    10.2
713.867   -10.8     2.4    15.8
715.527   -16.0    -0.6    -1.7
717.188    -4.0   -19.4   -16.3
718.848    -4.8    -6.1    -3.8
720.508    -6.8     4.5    -9.8
722.168     0.0    -8.4   -17.1
723.828     1.0   -10.7    -0.1
725.488   -22.6   -12.5   -18.0
727.148   -14.5   -19.8   -20.8
728.809    -7.3   -13.8    -9.3
730.469    -4.6     2.5   -15.7
732.129    -4.1     0.3   -15.9
733.789    -0.8     3.9    15.7
735.449    -3.0     1.5    11.9
737.109   -11.9   -23.0   -24.6
738.770   -15.6   -15.7    -2.4
740.430    -7.7    -1.4    -5.7
742.090    -5.0    -9.0   -19.1
743.750    -4.4     4.8     9.0
745.410    -4.8    15.1    19.6
747.070    -4.1   -23.7   -24.3
748.730   -11.3   -39.4   -28.4
750.391    -7.2     7.2     7.4
752.051    -1.7     4.2    -3.2
753.711    -8.7   -12.0   -31.6
755.371   -10.1    11.7     6.8
757.031    -0.3    -3.2     6.0
758.691     1.0   -23.2   -12.8
760.352    -6.3   -33.3   -15.5
762.012   -14.2     7.4    -2.0
763.672    -8.2     6.2    -6.8
765.332   -13.1     6.5    -7.0
766.992    -6.8    -3.4     2.6
768.652    -1.9   -27.1   -14.9
770.312     6.8   -32.8   -12.7
771.973    -9.0    -4.8    -4.6
773.633   -22.0    15.2   -13.9
775.293   -22.6    15.0   -19.7
776.953   -15.9    -7.1    -8.9
778.613    -4.3   -19.4    -2.4
780.273    12.2   -33.8    -5.2
781.934     2.2    -9.0     2.1
783.594   -11.8     6.1   -14.9
785.254   -28.9     9.7   -14.3
786.914   -20.0    -7.2    -2.7
788.574     9.7   -32.1   -10.3
790.234    21.3   -34.1    -6.8
791.895    15.7    -3.6     8.0
793.555    -2.9     8.3    -3.5
795.215   -42.8     4.2   -33.4
796.875   -43.4     4.0   -11.5
798.535    -8.3   -16.8    -2.9
800.195    26.2   -30.4    -3.9
801.855    29.6   -19.5     1.6
803.516     6.6     3.3    -1.0
805.176   -27.1     1.9   -19.7
806.836   -32.0     1.2   -21.9
808.496   -25.8   -19.6   -14.0
810.156    20.6   -28.3     4.6
811.816    37.8   -19.2     7.3
813.477    19.4    -0.3    -0.3
815.137   -12.2     5.5   -12.4
816.797   -46.4     3.5   -21.1
818.457   -46.6    -7.3   -19.7
820.117     7.4   -35.5   -11.5
821.777    29.9    -2.2    17.4
823.438    30.2    -4.5    15.3
825.098   -22.4     0.0   -19.9
826.758   -31.5    -0.7   -13.7
828.418   -41.3    -6.5   -20.5
830.078     9.9   -32.4   -20.7
831.738    12.6   -22.5    -6.5
833.398    26.2     5.2    27.4
835.059     1.4    -3.0   -21.7
836.719   -30.6    -3.1   -16.6
838.379   -47.1     6.0    -4.5
840.039    11.3   -32.9   -20.6
841.699    20.4   -14.7     4.1
843.359    16.3    -4.1    12.4
845.020     8.7    12.8     8.6
846.680   -10.0    -1.0   -15.4
848.340   -28.7    -5.6   -14.3
850.000   -16.7    -6.3   -18.1
851.660    10.7   -26.0   -14.3
853.320    11.3   -10.9     9.8
854.980    10.1     4.7     8.6
856.641    -9.8    -0.5   -11.9
858.301   -13.2    -5.3    -6.7
859.961    -8.9   -19.6   -19.2
861.621    -5.5    -5.6    -2.3
863.281    -7.2    -0.8     0.9
864.941    -2.0    -9.1   -18.0
866.602    -9.6   -18.3   -13.7
868.262   -11.2    -9.7    -6.8
869.922    -4.5    -2.7   -19.0
871.582    -9.4     1.5     2.5
873.242    -8.0    -0.9    10.2
874.902   -14.2   -21.3   -25.6
876.562   -16.3   -29.5   -31.7
878.223    -1.8    -1.8     7.7
879.883     3.0    16.3    15.3
881.543     5.8    -7.9   -15.1
883.203    -5.3   -10.6   -16.6
884.863   -26.5     2.5     1.0
886.523   -28.1   -26.3   -26.3
888.184     4.4    -8.3     5.4
889.844     5.8    -8.4     6.4
891.504    11.3    21.6     1.3
893.164    -3.4   -16.9   -21.2
894.824   -20.0   -18.7    -6.9
896.484   -30.3   -23.2   -21.7
898.145    -8.2   -32.9   -21.8
899.805    11.7    -3.2     9.2
901.465    20.9    23.4    11.8
903.125    -0.9   -10.1    -7.7
904.785   -21.2   -14.7   -11.9
906.445   -35.8   -35.2   -37.6
908.105   -25.3   -26.9   -19.4
909.766     1.4     1.8    14.6
911.426    10.4     4.9   -12.6
913.086    -6.1    11.3     0.7
914.746   -26.5   -10.7    -4.6
916.406   -28.0   -16.4   -18.9
918.066   -16.8   -52.0   -29.2
919.727    -1.6    18.7    22.3
921.387    13.0     9.6   -22.2
923.047     0.6    -3.9   -17.8
924.707   -18.1     5.3     9.1
926.367   -11.0   -23.1   -12.7
928.027   -13.3   -27.8    -9.0
929.688    -6.4    13.1    16.4
931.348    -3.8    27.6     8.5
933.008    -7.2    -4.1   -22.3
934.668    -3.8    -4.7     1.3
936.328    -0.6    -9.5     0.7
937.988     1.9   -35.7   -16.9
939.648   -12.0   -19.4   -15.6
941.309   -20.4    10.0    -6.4
942.969   -15.5    20.8    -3.0
944.629    -0.8    -6.3   -11.0
946.289     8.7   -26.6    -6.0
947.949    10.4   -19.4    -4.6
949.609    -7.1   -14.0   -15.1
951.270   -32.7    -9.2   -28.0
952.930   -41.9    -3.8   -30.4
954.590    -4.9     6.7     3.0
956.250    14.2     7.9     5.1
957.910    30.5   -15.8    -1.8
959.570    15.1    -7.5     1.4
961.230   -41.5   -15.9   -28.1
962.891   -42.1   -15.5   -25.6
964.551   -24.5     5.5    -3.7
966.211    41.6    -8.6    -0.3
967.871    32.6   -20.5    -0.6
969.531    29.4   -19.7    -1.2
971.191   -18.7    -0.4    -6.1
972.852   -52.9   -24.9   -39.8
974.512   -32.5    -4.8   -13.3
976.172   -14.2     6.8     1.1
977.832    49.7    -1.2     5.8
979.492    13.3    -5.2     6.8
981.152   -57.1   -22.6   -30.5
982.812   -57.0   -21.4   -32.6
984.473   -53.5   -18.1   -17.7
986.133   -14.4    -2.1    -8.4
987.793    18.7    -5.6   -13.4
989.453    42.7     7.0    23.2
991.113    22.4    11.5    20.7
992.773   -23.4   -21.5   -32.2
994.434   -58.1   -21.7   -18.1
996.094   -59.7   -19.3   -14.0
997.754    16.2    -8.5   -21.8
999.414    37.1    -6.2    -1.2
1001.074    24.3    13.2    26.9
1002.734   -22.4   -15.2   -24.7
1004.395   -47.7   -28.5   -32.8
1006.055   -42.2    -9.2    -5.1
1007.715    -0.1     3.3    -3.9
1009.375    22.2    -4.4     8.5
1011.035    19.4     5.2    14.1
1012.695    -6.2    -0.7    -6.3
1014.355   -31.5   -21.0   -21.0
1016.016   -22.6    -5.4     1.7
1017.676    -9.4    -5.6    -9.3
1019.336     7.8   -18.4   -17.6
1020.996    12.5     3.8    10.1
1022.656     0.9     7.3     5.3
1024.316   -15.0   -10.7   -14.7
1025.977   -19.9    -7.0    -9.8
1027.637   -14.4   -11.7   -18.6
1029.297    -1.0   -20.8   -15.7
1030.957     0.5   -12.0     3.9
1032.617    -6.1     5.6    -2.7
1034.277   -16.6    -4.1   -15.5
1035.938   -10.4    -5.6    -6.2
1037.598    -5.9   -14.0   -16.6
1039.258    -6.8   -25.5   -23.8
1040.918    -7.5     5.0     6.8
1042.578   -17.6     8.1    -4.1
1044.238   -18.5    -1.8   -21.3
1045.898    -6.1    -4.4    -1.8
1047.559    -5.4   -11.3    -6.6
1049.219     3.5   -26.5   -17.9
1050.879   -11.0     2.3    -2.3
1052.539   -19.1    11.1     1.6
1054.199   -23.8    -4.0   -22.4
1055.859    -7.2   -10.9   -11.3
1057.520    11.7    -8.4     3.8
1059.180    11.8   -15.1    -3.8
1060.840   -16.0     0.7    -6.0
1062.500   -15.2     1.2    -5.7
1064.160   -34.2    -0.2   -27.4
1065.820    -8.7   -18.0   -10.3
1067.480     2.5   -14.9    -2.7
1069.141    22.7    -7.6     5.3
1070.801    14.1    -3.9    -2.7
1072.461   -35.2    -2.3   -14.9
1074.121   -51.1    -2.1   -24.6
1075.781   -15.8    -8.2    -4.5
1077.441   -12.2    -8.6    -6.8
1079.102    30.0    -0.6    25.3
1080.762    22.1     7.8    19.1
1082.422   -44.2    -1.5   -33.7
1084.082   -60.4   -22.7   -49.3
1085.742   -35.8    -7.8     3.9
1087.402     9.7   -13.0     1.2
1089.062    50.3   -17.3    -5.8
1090.723    28.5     9.6    19.2
1092.383   -23.7    13.5    -8.0
1094.043   -58.8   -31.2   -49.3
1095.703   -62.3   -36.6   -38.9
1097.363    11.8    -4.7    14.8
1099.023    53.8   -11.0     6.5
1100.684    58.0    -8.5     7.7
1102.344   -10.1    20.0    -6.5
1104.004   -51.8    -9.9   -30.3
1105.664   -62.5   -24.2   -20.8
1107.324   -14.9   -14.9    -8.3
1108.984    43.8   -11.5     7.8
1110.645    37.8    14.8    18.2
1112.305   -43.6    -5.1   -27.9
1113.965   -57.5   -11.0   -21.4
1115.625   -60.3   -14.8   -24.3
1117.285    24.1   -23.8    -6.0
1118.945    43.1     3.4    24.7
1120.605    26.9    15.1    11.8
1122.266     0.8    11.4    -4.8
1123.926   -63.7   -14.0   -31.4
1125.586   -47.0     0.6    -5.8
1127.246    26.9   -27.1   -15.3
1128.906    34.6   -26.1     1.6
1130.566    -0.4    14.5     4.7
1132.227   -23.6     2.3   -25.5
1133.887   -48.2   -12.6   -23.3
1135.547   -29.9     2.2     6.4
1137.207    23.6   -25.4   -10.8
1138.867    36.4   -30.3    -9.1
1140.527    25.6    -8.2    14.3
1142.188   -29.8     9.4   -15.8
1143.848   -34.9    -5.9   -25.8
1145.508   -23.6    -1.6    -3.1
1147.168    -9.6    -9.1    -8.9
1148.828    24.2   -28.5     5.8
1150.488    20.3   -23.7     6.7
1152.148   -18.3     6.5   -14.4
1153.809   -30.4    12.9    -8.1
1155.469   -27.9     9.6    -6.2
1157.129    -1.6   -41.4   -28.3
1158.789     6.5   -42.5    -3.4
1160.449    16.7    -6.1    20.8
1162.109    11.5     0.0    -8.5
1163.770   -23.4    11.0   -13.1
1165.430   -13.8   -12.7   -24.3
1167.090   -18.2    -4.2   -17.5
1168.750     3.0   -33.2    13.0
1170.410     1.2   -19.6    16.4
1172.070     9.6     5.7   -16.8
1173.730   -16.0    14.9    -8.2
1175.391   -23.2    16.5     5.8
1177.051   -13.9   -47.0   -37.3
1178.711    -7.8   -51.0   -18.4
1180.371     4.5   -10.9    15.2
1182.031    12.7    15.5     2.9
1183.691     7.4    17.9   -16.3
1185.352   -12.1    17.9   -15.9
1187.012   -26.4   -13.1    -8.8
1188.672   -14.9   -53.3   -27.3
1190.332     0.0   -23.6    -5.8
1191.992     8.3    18.1     9.1
1193.652     6.5    33.0     4.5
1195.312   -17.7     4.4   -21.9
1196.973   -26.8   -14.6   -19.9
1198.633   -13.9   -43.8   -13.3
1200.293    -2.1   -31.7    -6.2
1201.953     3.2    13.7     1.3
1203.613    -4.1    33.4     3.0
1205.273   -12.4   -11.6   -17.8
1206.934   -13.4   -42.3   -21.9
1208.594   -16.6   -35.8   -10.5
1210.254    -5.3    -3.5     2.5
1211.914     3.8     5.8   -10.4
1213.574     1.6    28.8    10.5
1215.234    -3.0    -5.1    -5.5
1216.895    -9.4   -38.7   -27.8
1218.555    -5.9   -43.4   -17.8
1220.215   -11.8     3.9     0.8
1221.875    -9.3     7.8    -8.7
1223.535     1.9     4.0    -8.6
1225.195    -0.7     8.5     0.7
1226.855     3.1   -15.6    -7.5
1228.516    -7.3   -36.2   -11.6
1230.176   -22.6   -10.0   -16.0
1231.836   -23.6    -7.6   -16.0
1233.496    -4.7     8.2     1.1
1235.156     6.5     6.8     1.4
1236.816     5.5   -11.8   -21.8
1238.477     3.6   -16.5    -2.8
1240.137   -24.5   -14.2   -20.4
1241.797   -24.8   -14.5   -26.9
1243.457   -11.8     7.5     2.8
1245.117     3.1     7.8     6.8
1246.777     9.4   -13.1    -2.3
1248.438   -11.0   -13.3     2.5
1250.098   -34.5    -9.5   -19.3
1251.758   -29.0   -32.5   -33.1
1253.418    -6.7   -10.6    -3.5
1255.078     9.7    20.7    12.4
1256.738    28.1    21.8     7.5
1258.398     5.6   -17.5    -5.5
1260.059   -41.0   -17.3   -10.6
1261.719   -28.0   -28.9   -28.4
1263.379   -29.5   -30.3   -28.6
1265.039    16.7    21.6     7.3
1266.699    -9.1   -15.7    -3.3
1268.359    -7.0   -17.7    -2.8
1270.020   -36.2   -28.8   -20.2
1271.680   -35.1   -30.6   -26.0
1273.340    -7.9     7.0     1.7
1275.000     6.8    25.3    10.7
1276.660     5.5    -5.5    -3.6
1278.320   -17.0   -13.6    -4.4
1279.980   -22.6   -24.8   -10.7
1281.641   -18.9   -31.4   -23.2
1283.301     9.6    18.0    11.3
1284.961    12.9    23.3    -1.1
1286.621     2.8    11.2   -12.3
1288.281   -10.3   -15.5     1.1
1289.941    -7.7   -33.9   -17.0
1291.602   -12.5   -13.5   -18.3
1293.262    -4.7    -1.6   -12.2
1294.922    -5.4    26.5     6.7
1296.582    -6.4   -13.7   -19.1
1298.242    -1.9   -17.0     5.7
1299.902     1.1   -22.5    -7.0
1301.562     0.5   -12.1   -12.8
1303.223   -11.7     8.9     0.6
1304.883   -28.1    17.1    -5.9
1306.543   -15.5   -18.0   -30.0
1308.203     2.2   -24.4    -8.6
1309.863     6.6   -10.9    11.7
1311.523    11.0   -12.6   -11.4
1313.184    -4.2    -0.7    -9.6
1314.844   -37.7    -6.0   -29.2
1316.504   -30.7   -20.6   -29.2
1318.164    21.6   -12.3    12.5
1319.824    32.3    -3.4    -6.9
1321.484     9.5    -0.2    -3.2
1323.145   -23.4     4.4    -3.2
1324.805   -49.5    -8.8   -34.8
1326.465   -32.7   -38.4   -25.6
1328.125    21.9     4.9    25.2
1329.785    32.0     1.0    15.3
1331.445    -5.1    15.5     4.7
1333.105   -54.2     0.1   -15.9
1334.766   -56.0    -8.2   -27.7
1336.426   -18.0   -45.5   -23.4
1338.086    27.7    18.5    27.6
1339.746    39.5    26.0    15.6
1341.406    42.4    14.5    -7.0
1343.066   -56.5   -10.3   -17.8
1344.727   -54.9   -44.4   -38.3
1346.387   -17.2   -47.4   -26.7
1348.047    45.1    17.3    25.3
1349.707    42.6    19.4    21.5
1351.367   -45.1    -4.0   -20.7
1353.027   -57.1   -33.1   -35.7
1354.688   -51.5   -39.2   -30.4
1356.348    21.9   -20.3     3.7
1358.008    42.6    10.5    14.1
1359.668    -9.0    28.4     2.3
1361.328   -39.3    16.8   -12.6
1362.988   -51.2   -47.7   -39.8
1364.648   -15.0   -39.3   -13.9
1366.309    24.9   -13.1    14.9
1367.969    42.5    13.3    10.3
1369.629    14.5    10.5    -9.0
1371.289   -43.0    10.9   -10.4
1372.949   -49.5   -14.6   -25.4
1374.609   -11.8   -49.5   -25.1
1376.270    49.9     4.9    39.5
1377.930     3.1    10.3   -23.5
1379.590   -14.2     0.1   -34.5
1381.250   -57.5     3.1   -18.7
1382.910   -48.3   -11.8   -14.9
1384.570    52.8   -32.1     3.2
1386.230    55.3    -7.1    24.0
1387.891    -6.6    15.0   -15.2
1389.551   -55.6   -11.7   -36.8
1391.211   -67.3   -20.5   -21.6
1392.871   -38.2   -18.0   -18.6
1394.531    55.0    -7.1    28.1
1396.191    66.0     6.1    27.5
1397.852    19.9     4.3    -9.0
1399.512   -61.7   -13.0   -24.6
1401.172   -57.0   -11.8   -29.5
1402.832    -3.1   -23.1   -23.0
1404.492    61.9     2.6    41.3
1406.152    46.5    11.8    15.9
1407.812    -1.9    -8.5   -32.3
1409.473   -46.3   -22.5   -42.6
1411.133   -51.7   -11.3   -20.6
1412.793     0.0   -29.7   -29.4
1414.453    58.0     3.0    30.3
1416.113    36.7    16.5     9.7
1417.773   -20.1   -24.1   -42.5
1419.434   -66.8    -9.1   -13.5
1421.094   -44.1    -3.9    -8.3
1422.754     0.5   -22.1   -20.2
1424.414    38.8    -8.3    12.4
1426.074     4.3     6.3    -2.2
1427.734    -9.6    -5.9   -23.9
1429.395   -33.1   -16.3   -29.4
1431.055   -23.2   -11.3    -6.4
1432.715    13.1   -18.5    -5.2
1434.375    20.7   -14.0    -0.2
1436.035     4.7     1.6     5.2
1437.695   -12.7     1.0   -13.2
1439.355   -12.8     5.8   -14.6
1441.016   -14.9    -6.1   -12.2
1442.676    -3.1   -19.9   -17.1
1444.336    -9.3   -14.4   -21.5
1445.996   -10.9   -12.6    -6.9
1447.656    -7.5     6.3    -8.6
1449.316     3.6    21.3     7.8
1450.977    -1.4     2.7    -3.9
1452.637     5.5   -20.0   -17.8
1454.297   -32.0   -21.9   -13.6
1455.957   -27.0   -21.2   -12.3
1457.617    12.0    11.0    -3.2
1459.277    18.8    28.0    13.3
1460.938    19.5    24.7    12.0
1462.598    -6.6   -28.0   -19.6
1464.258   -44.6   -40.1   -20.9
1465.918   -27.4    -8.4   -17.7
1467.578     3.5    17.4    -4.1
1469.238    38.3    38.4    20.1
1470.898    33.7    11.1     7.9
1472.559    -0.6   -31.1   -14.3
1474.219   -43.3   -51.9   -30.5
1475.879   -50.4   -11.1   -19.5
1477.539   -12.8    20.2     1.7
1479.199    46.0    38.6    17.6
1480.859    43.6    14.5     4.1
1482.520    10.8   -29.8   -17.5
1484.180   -49.4   -48.4   -24.5
1485.840   -49.7   -19.1   -34.9
1487.500    -3.8    20.6     2.3
1489.160    27.8    42.2    26.3
1490.820    36.5     9.6    -4.1
1492.480     8.6   -37.9   -14.1
1494.141   -17.8   -40.5    -7.6
1495.801   -51.5   -27.9   -37.8
1497.461   -23.7    13.4    -5.9
1499.121    -7.6    43.2    22.0
1500.781    25.6    30.7    13.5
1502.441   -12.5   -31.8    -0.2
1504.102    -4.0   -33.9    -2.0
1505.762   -32.4    -3.3   -28.0
1507.422   -29.4    10.7    -9.0
1509.082   -20.1    27.9     3.0
1510.742    24.4    -3.1    -5.5
1512.402    19.0   -31.5     5.3
1514.062    11.3   -28.3     5.5
1515.723   -32.2    -9.7   -27.2
1517.383   -54.3     6.9   -23.6
1519.043   -26.4     8.0   -11.8
1520.703     1.1    -3.0    -7.6
1522.363    37.2   -26.6     0.3
1524.023    29.6   -13.1     9.7
1525.684    -7.9   -13.3   -24.6
1527.344   -56.1    12.1   -17.2
1529.004   -56.0     7.6   -14.4
1530.664   -17.5   -16.0   -22.5
1532.324    31.0   -25.0     1.8
1533.984    34.5     5.0    27.4
1535.645     5.8    -4.3   -17.5
1537.305   -60.7     0.8   -22.1
1538.965   -56.5    10.0    -5.0
1540.625   -14.2   -24.9   -27.8
1542.285    56.1   -15.8    12.6
1543.945    53.5    13.2    37.2
1545.605   -24.6    -8.6   -36.4
1547.266   -65.5   -14.8   -39.5
1548.926   -53.4    -5.7   -16.2
1550.586     7.3   -23.1   -12.8
1552.246    57.4    -9.9    20.1
1553.906    35.5     9.1    17.4
1555.566    -6.8     3.2   -16.9
1557.227   -64.4   -12.3   -22.8
1558.887   -63.0   -10.1   -25.6
1560.547    19.7   -15.0     0.2
1562.207    59.0    -1.6    31.7
1563.867    43.6     2.1    13.7
1565.527   -15.7   -10.1   -26.6
1567.188   -73.0    -1.5   -20.9
1568.848   -29.6   -25.6   -42.3
1570.508   -13.9   -24.5   -28.4
1572.168    49.0    10.0    44.4
1573.828     6.7   -19.5   -31.2
1575.488   -13.5   -23.8   -39.6
1577.148   -59.9     2.7   -16.7
1578.809   -10.9   -28.2   -32.3
1580.469    27.6   -25.0    -8.7
1582.129    40.6    18.3    32.6
1583.789    25.3    -7.5    -9.2
1585.449   -27.3   -25.9   -31.1
1587.109   -65.0    -0.9   -16.7
1588.770   -14.5   -10.7   -18.4
1590.430    17.0   -17.9   -10.2
1592.090    44.7    -6.3     8.8
1593.750    17.8    -2.3     6.9
1595.410     1.6   -15.4    -4.8
1597.070   -43.5    -8.5   -27.8
1598.730   -15.9    -8.0    -7.9
1600.391    13.7    -7.1     1.7
1602.051    44.6    -6.3     9.7
1603.711    12.3    -8.2    -3.0
1605.371   -21.8    -9.8   -13.8
1607.031   -43.9    -4.6   -19.4
1608.691   -35.2   -14.3   -29.3
1610.352    14.0    -0.8     5.8
1612.012    37.7    -3.2    13.8
1613.672    11.7   -18.7   -14.5
1615.332   -16.3   -20.8   -16.6
1616.992   -45.5    -0.1   -10.7
1618.652   -30.0    -9.7   -30.8
1620.312     5.7    -7.2    -4.6
1621.973    28.0    -0.9    16.9
1623.633    17.9   -20.2    -7.7
1625.293   -27.7   -11.1    -9.5
1626.953   -46.5     6.2   -10.1
1628.613   -27.7    -5.7   -25.4
1630.273    19.2    -9.9     7.3
1631.934    29.5    -9.2     9.5
1633.594    15.2   -18.5    -9.6
1635.254    -7.5   -12.8    -6.5
1636.914   -42.7    -0.4   -25.2
1638.574   -41.7    -9.8   -32.0
1640.234    -6.5    -9.1    -0.5
1641.895    28.3   -14.5    -5.5
1643.555     9.6   -20.9    -7.2
1645.215     0.0   -20.4    -5.9
1646.875   -42.6     1.9   -28.4
1648.535   -34.4   -16.7   -29.2
1650.195    12.0    -5.6    17.4
1651.855    31.8    -2.3    10.5
1653.516    20.6   -19.0   -20.4
1655.176    16.6   -12.8    -9.9
1656.836   -46.6    -7.6   -32.4
1658.496   -44.3   -12.9   -35.1
1660.156   -11.4   -18.3    -7.7
1661.816    33.5    -5.2     6.3
1663.477    32.6   -10.3    -7.9
1665.137     1.0     2.6    -1.6
1666.797   -38.8    17.2     4.0
1668.457   -47.8     5.8   -12.8
1670.117   -36.2   -39.1   -47.4
1671.777     3.7   -12.7     7.2
1673.438    32.6    -1.0     2.1
1675.098    14.8     3.2    -9.3
1676.758   -26.7    14.9    -5.4
1678.418   -51.4   -11.3   -26.0
1680.078   -32.0   -39.7   -24.5
1681.738     3.1   -25.5     0.0
1683.398    29.5     0.7     1.6
1685.059    23.1    13.8     1.1
1686.719   -41.8   -14.9   -26.9
1688.379   -36.0   -35.4   -29.9
1690.039   -32.5   -36.6   -21.2
1691.699    20.9   -19.0     7.2
1693.359    31.5    -4.9     5.2
1695.020   -17.3    28.8    -0.9
1696.680   -30.7    10.9    -8.8
1698.340   -32.3   -16.0   -29.6

Event #46  ts=2026-09-25 13:03:22.495  [SELECTED]
  t[ns]  u1[mV]  u2[mV]  u3[mV]
  0.000   -28.5   -10.1   -35.5
  1.660    -7.8   -43.5   -23.2
  3.320    18.1     8.0    13.1
  4.980     5.3    11.3   -10.5
  6.641     4.1    10.3   -10.0
  8.301   -30.8     6.1   -11.4
  9.961   -19.6   -35.6   -22.2
 11.621     0.7   -24.1     1.2
 13.281    10.6    -4.8     3.7
 14.941     9.8    10.5    -1.1
 16.602    -7.7    15.4    -6.7
 18.262   -25.5     0.7   -24.0
 19.922   -19.5   -19.8   -16.5
 21.582     1.4   -19.0     1.9
 23.242    10.7   -25.7   -16.3
 24.902    -2.9    20.6     8.1
 26.562   -16.3    30.2     8.2
 28.223   -17.5    11.3   -23.9
 29.883    -9.3   -29.2    -6.9
 31.543     3.8    -9.5    10.5
 33.203    12.2   -26.0    -7.5
 34.863    -0.1   -10.9   -11.3
 36.523   -19.2    25.6    -7.7
 38.184   -24.3    11.0   -20.2
 39.844   -13.6   -15.5   -18.2
 41.504     8.5   -26.7    -1.4
 43.164     8.4   -18.9    -3.4
 44.824     2.8   -11.8    -5.8
 46.484   -18.0    12.0    -9.2
 48.145   -17.0   -10.1    -8.3
 49.805   -18.8   -11.1   -10.8
 51.465    14.2   -38.6    -7.9
 53.125    12.8   -23.1    -5.6
 54.785     0.2   -13.4    -2.3
 56.445   -23.4    22.5    -6.9
 58.105   -22.3   -20.4   -27.0
 59.766   -21.9   -17.3   -15.6
 61.426    18.6   -16.2    20.6
 63.086    24.6   -35.6   -13.8
 64.746    -5.8     6.2     2.6
 66.406   -23.5    27.1    11.6
 68.066   -41.1    13.8   -27.0
 69.727   -23.5   -34.9   -33.5
 71.387    13.3   -12.9    28.2
 73.047    19.1   -19.5   -23.0
 74.707     5.7   -13.7   -22.6
 76.367   -24.5    26.3    12.1
 78.027   -36.4    16.8   -15.2
 79.688    -8.7   -39.5   -36.0
 81.348    -1.6   -20.4     9.6
 83.008    22.0    -6.9    -4.2
 84.668    10.4    -4.7   -10.9
 86.328   -33.9    21.1    -4.2
 87.988   -33.0    -4.7   -25.0
 89.648   -11.2   -28.9   -16.7
 91.309    12.1   -19.8     5.2
 92.969    14.1    -4.2    -1.5
 94.629   -14.3    17.9    -3.3
 96.289   -32.3     4.4   -22.8
 97.949   -16.2   -20.7   -13.5
 99.609     1.1   -19.0     0.8
101.270    12.5   -22.1    -5.2
102.930     3.1    -7.9    -6.4
104.590   -15.2    12.2     2.2
106.250   -19.0    -5.7   -26.8
107.910    -7.0   -21.4   -17.2
109.570    -1.6   -15.8     2.7
111.230     6.1   -19.5    -6.3
112.891   -10.2    -5.2   -12.8
114.551   -23.8    15.8    -6.1
116.211   -19.2    10.6    -7.4
117.871     7.0   -18.9   -10.8
119.531     3.8   -11.5     1.6
121.191    -0.5   -12.7    -1.0
122.852   -28.8    -3.9   -18.3
124.512   -25.8     8.4   -12.5
126.172   -10.8     0.4    -7.4
127.832    19.2    -8.7     5.1
129.492    20.8   -12.4     4.5
131.152    -7.5   -18.9    -9.8
132.812   -34.5   -13.8   -26.1
134.473   -32.4     4.4   -11.7
136.133   -11.5     7.8    -4.9
137.793    18.7     3.1     3.6
139.453    25.7    -9.9     4.3
141.113    11.1   -18.5    -5.4
142.773   -29.5   -20.0   -21.5
144.434   -23.3     2.7   -17.2
146.094   -10.0     2.8   -16.0
147.754    30.4     1.4    10.1
149.414    25.1    -3.0    15.2
151.074     8.2   -16.9    -8.4
152.734   -25.8   -26.6   -31.1
154.395   -49.9    -2.6    -6.8
156.055    -8.6    -0.6   -16.3
157.715    30.6    -4.5     2.0
159.375    17.3     3.5    16.9
161.035     8.9   -11.3    -0.3
162.695   -21.7   -32.5   -28.9
164.355   -39.1     8.1    -4.3
166.016   -17.3     4.7   -14.8
167.676    11.8    -8.7    -6.9
169.336    17.6    -1.6    11.6
170.996     8.3   -17.8   -12.9
172.656   -15.2   -21.3   -15.3
174.316   -38.9    -4.2   -16.7
175.977   -19.0     4.8    -6.1
177.637    -2.8     1.9    -1.7
179.297    19.6   -12.8    -1.8
180.957    24.7   -25.9    -7.2
182.617   -11.5     1.8     4.5
184.277   -28.6     6.5    -6.2
185.938   -41.6    -6.2   -28.3
187.598    -4.0    -3.0     4.5
189.258    14.6   -15.3    -2.2
190.918    20.1   -16.4    -6.6
192.578     4.4     4.7    13.8
194.238   -25.3    10.6    -4.0
195.898   -81.6   -42.5   -39.7
197.559  -110.1   -88.7   -25.3
199.219  -120.4  -165.0     4.6
200.879  -107.6  -203.0     3.1
202.539   -85.6  -225.4    12.0
204.199   -93.8  -220.5     9.7
205.859  -154.8  -180.7   -29.2
207.520  -123.2  -189.4   -21.2
209.180   -75.7  -163.9   -14.1
210.840    17.0   -90.0     6.6
212.500     2.7   -39.6    20.9
214.160     0.0   -23.0    22.3
215.820   -28.6   -41.2   -14.4
217.480   -75.7   -64.4   -49.0
219.141   -42.1   -43.0    -8.5
220.801    30.6   -20.2     6.6
222.461    41.6    -3.4    14.6
224.121    22.3    14.1    22.0
225.781   -48.0   -20.6   -42.3
227.441   -82.1   -52.4   -57.9
229.102   -48.4   -43.3    -6.4
230.762    14.8   -30.0    -0.6
232.422    27.2    32.8    35.2
234.082   -14.8    23.4     9.7
235.742   -28.5    -4.8   -25.0
237.402   -49.2   -65.6   -50.2
239.062   -42.6   -46.2    -3.4
240.723    32.9    -2.6    -0.4
242.383    50.3     6.6     4.1
244.043    22.8    21.2    27.5
245.703   -42.5   -25.4   -33.5
247.363   -46.5   -42.7   -45.9
249.023   -30.1   -36.4    -4.4
250.684    10.2   -11.8     0.9
252.344    25.7     5.2     7.7
254.004   -12.2    17.7     0.8
255.664   -17.7    14.5    -4.4
257.324   -36.3   -27.7   -17.2
258.984   -14.7   -36.5   -10.5
260.645    11.7   -21.9    -7.8
262.305    12.1   -13.9    -2.4
263.965   -25.7    18.4   -12.0
265.625   -25.5    -9.3   -31.3
267.285    -6.9   -20.2    -5.0
268.945     4.7   -25.2    -8.2
270.605     7.7   -31.7   -13.9
272.266   -16.9    -8.6     3.4
273.926   -33.9    15.7    -2.1
275.586   -22.6    -2.5   -26.7
277.246     6.2   -11.2     7.1
278.906    14.7   -12.5     3.0
280.566    19.2   -34.0    -8.4
282.227   -14.1   -23.3   -12.7
283.887   -50.2    10.4   -23.9
285.547    -7.6    -4.3    -0.9
287.207    -7.7    -3.9    -0.4
288.867    37.7    -6.6     8.7
290.527     0.9   -25.7    -3.8
292.188   -12.0   -33.9   -13.8
293.848   -49.1    -8.6   -25.1
295.508   -31.5     2.6   -14.6
297.168     5.7    11.0     7.9
298.828    44.2   -10.0     0.8
300.488    10.8   -23.7    -4.2
302.148   -42.7   -13.0   -21.4
303.809   -60.3   -15.4   -35.1
305.469   -31.6     0.0   -16.1
307.129    14.9    13.5    25.1
308.789    46.4    -8.3    15.9
310.449    27.6   -32.7   -20.0
312.109   -18.3   -18.8    -6.7
313.770   -57.6    -3.2   -31.8
315.430   -57.9    -1.8   -33.1
317.090    -4.2    -6.2    -9.5
318.750    31.8     8.8    32.2
320.410    14.4   -37.1   -25.9
322.070   -22.6   -13.1    -0.1
323.730   -42.8     3.2     4.3
325.391   -38.8    -4.6   -35.3
327.051   -13.0   -11.9   -33.4
328.711    18.7    -6.4    17.9
330.371    20.6   -23.7    -2.5
332.031     4.8   -35.2   -19.9
333.691   -37.2    14.7    -2.6
335.352   -26.0    12.8   -14.0
337.012     2.6   -14.6    -8.3
338.672     6.5   -27.1    -2.6
340.332     4.1   -31.1   -12.2
341.992   -15.1    -5.3    -3.5
343.652   -24.5    11.5    -7.6
345.312    -3.1     9.5    -2.6
346.973     1.0   -19.6    -5.7
348.633    -1.6   -41.7   -20.0
350.293   -10.6   -32.6    -9.5
351.953   -15.1     7.9     7.2
353.613    -6.6    19.6    -7.1
355.273     0.1     7.7   -11.5
356.934     7.3    -2.1     2.1
358.594    -5.8   -40.9   -18.9
360.254   -20.9   -46.0   -25.3
361.914   -25.6     0.0     3.1
363.574   -12.5    29.4     4.2
365.234    12.8    11.5    -8.1
366.895    13.5    -4.8   -11.1
368.555     7.5   -20.9     4.5
370.215   -25.0   -40.1   -28.1
371.875   -38.7     1.7    -7.5
373.535   -23.9    26.9     2.5
375.195     2.9    23.4     3.2
376.855    25.6     1.8     0.7
378.516    20.0   -22.0    -1.5
380.176   -29.1   -31.0   -15.2
381.836   -32.2   -29.0   -16.2
383.496   -36.3    16.2   -10.0
385.156     1.5    14.2    -3.7
386.816    37.9     3.1    15.8
388.477    14.2   -39.7   -19.5
390.137     7.4   -36.9   -19.3
391.797   -51.7     6.5    -7.0
393.457   -49.6    17.7   -13.5
395.117     8.2    -5.6   -11.1
396.777    30.2    -0.7    21.7
398.438    43.1    -7.2    19.0
400.098   -26.2   -21.3   -24.9
401.758   -73.5     4.2   -13.8
403.418   -53.5     4.0   -14.3
405.078    10.2   -14.4   -16.9
406.738    43.8    -5.8    13.4
408.398    46.7    -3.5    20.3
410.059    23.5    -8.0     0.1
411.719   -53.3   -15.4   -25.8
413.379   -62.5    -6.1   -24.1
415.039    20.5   -14.6     0.8
416.699    44.6    -7.3    13.3
418.359    52.3    -3.4    17.6
420.020     9.2    -2.0    -5.3
421.680   -53.0    -1.1   -21.5
423.340   -76.5   -16.1   -35.4
425.000   -23.6   -20.9   -13.7
426.660    42.7    -0.5    20.8
428.320    40.3    -4.0     2.4
429.980   -13.7     2.2    -0.2
431.641   -43.5     5.1   -10.0
433.301   -63.0   -21.6   -42.9
434.961    -2.8   -21.1    -3.2
436.621    35.4     1.5    21.0
438.281    41.2     2.4    -2.9
439.941    -5.1     0.0    -1.3
441.602   -60.7    -4.4   -27.0
443.262   -60.5   -28.0   -38.7
444.922   -36.8   -36.7   -34.6
446.582    29.6     7.6    19.8
448.242    42.0     3.0     3.9
449.902     9.5    -2.5    -2.3
451.562   -20.5     2.0    -4.1
453.223   -45.7   -30.6   -34.6
454.883     0.7   -14.2     2.1
456.543     4.8    -7.1     6.3
458.203    23.2     2.9     9.4
459.863     3.4     0.4     4.2
461.523    -6.4     5.4     4.6
463.184   -34.9   -30.5   -30.4
464.844   -33.0   -32.5   -23.9
466.504     9.4     5.9     8.9
468.164    21.4     3.9    -6.3
469.824    -6.9     0.0     2.3
471.484   -15.7     1.0     4.8
473.145   -17.0   -18.6   -29.1
474.805   -19.3   -30.1   -33.2
476.465     0.7    12.4    15.9
478.125    15.6     1.8   -13.6
479.785     9.6    -8.1   -14.8
481.445     1.8    -0.5     9.1
483.105   -16.4     4.5    12.5
484.766    -9.1   -31.0   -30.7
486.426    -8.6   -23.6   -17.0
488.086    -8.0    17.5     3.4
489.746    -3.8     2.3   -19.6
491.406    -3.1   -21.3   -23.5
493.066    -7.5     0.3    11.3
494.727    -8.7    -4.2     1.6
496.387   -10.5   -27.7   -21.6
498.047   -27.6     1.6    -1.9
499.707    -5.9    -0.7   -11.2
501.367     3.9   -12.2    -8.3
503.027     1.4   -12.3    -3.5
504.688     2.2   -15.8    -8.8
506.348     0.0    -9.7    -6.2
508.008   -26.5    -2.6    -7.3
509.668   -27.8    -2.5   -22.0
511.328    -0.4    -2.2     4.1
512.988     7.3     1.5     4.1
514.648    10.2   -18.0   -14.5
516.309   -31.0     0.8    -4.9
517.969   -27.6     6.3    -9.9
519.629   -21.4   -22.6   -30.7
521.289    -9.1   -16.0   -11.4
522.949     3.6     5.0    10.3
524.609    18.4    -5.5     2.0
526.270    -6.8    -9.7    -8.4
527.930   -25.4    -0.6    -7.1
529.590   -27.0    -8.9   -23.3
531.250   -22.4   -20.1   -23.7
532.910     6.6     1.2     1.4
534.570    19.7     4.4    11.2
536.230    12.6    -6.3    -1.3
537.891   -17.5    -8.0   -19.8
539.551   -37.2    -6.6   -19.8
541.211   -34.3   -12.4   -12.8
542.871    21.7   -13.7    -7.7
544.531    12.5    -0.2    -2.1
546.191    -5.4     5.5     3.8
547.852    -8.0    -0.6    -1.7
549.512   -37.0   -25.8   -36.0
551.172   -14.4    -5.3    -2.1
552.832    14.9     5.2    13.2
554.492    19.6    -5.1   -12.9
556.152    -6.5    -2.6   -15.9
557.812   -26.9     3.5     2.2
559.473   -27.1   -26.9   -32.6
561.133    -9.3   -27.9   -27.3
562.793    12.9    11.5    18.8
564.453     9.8     9.1    -7.6
566.113    -1.6    -9.6   -28.1
567.773   -27.6    -9.7     0.0
569.434   -16.9   -15.9   -17.8
571.094    -8.1   -22.8   -30.2
572.754    13.2    -0.7    11.8
574.414    -1.9    22.2    13.5
576.074    -0.5    12.0    -6.9
577.734   -28.0   -14.6   -11.9
579.395   -28.1   -13.0    -7.1
581.055    10.8   -25.3   -14.9
582.715    25.6   -18.2    -3.0
584.375    -7.8    14.9    -6.2
586.035   -23.4     4.4   -16.9
587.695   -30.7    -3.6   -15.3
589.355   -12.1   -18.8    -6.1
591.016    12.5   -26.3    -9.9
592.676    19.1    -9.1     1.2
594.336    -1.4    11.4    -2.8
595.996   -17.9     9.9   -11.2
597.656   -36.9    -4.6   -13.7
599.316     0.6   -22.3    -6.2
600.977    25.1   -26.5   -10.6
602.637    26.1   -23.1    -8.3
604.297     7.2    11.0     7.9
605.957   -20.8     7.9   -14.7
607.617   -39.7    -9.9   -26.0
609.277   -16.9    -5.5     2.7
610.938    11.0   -17.7    -4.2
612.598    15.1    -1.9     6.4
614.258     1.5     2.0     8.7
615.918   -20.3    14.2    -4.8
617.578   -51.2    -9.1   -31.0
619.238   -12.7    -6.4     1.0
620.898    30.3   -10.5     6.7
622.559    34.3   -18.5    -7.3
624.219    -3.9    -4.9    -4.3
625.879   -51.7    -3.7   -29.6
627.539   -48.1    -6.3   -31.3
629.199   -23.2    -6.4    -2.5
630.859    45.5    -8.2     9.6
632.520    43.0   -12.3    -3.3
634.180   -19.9    -0.4    -5.8
635.840   -52.1    -5.9   -30.0
637.500   -44.9   -14.8   -20.5
639.160     8.8    -6.8     5.1
640.820    48.2    -1.5     1.3
642.480    40.2   -10.0    -1.7
644.141    19.8   -11.0    -2.9
645.801   -50.7    -2.5   -20.0
647.461   -45.0   -16.0   -29.6
649.121    26.1     3.2    22.1
650.781    50.9    -6.6     8.4
652.441    12.6   -16.2   -11.8
654.102    18.3   -13.4    -9.4
655.762   -61.8    -5.5   -21.9
657.422   -63.7    -9.4   -30.6
659.082   -23.9   -18.5   -22.4
660.742    33.9     6.1    26.9
662.402    45.1    -3.2     7.3
664.062     2.9   -18.8   -20.6
665.723   -48.8    -0.9   -11.5
667.383   -57.4     0.2   -15.1
669.043    -3.9   -20.9   -16.1
670.703    28.9    -0.2    11.1
672.363    38.3    -2.0     8.7
674.023     1.6   -14.3    -4.0
675.684   -49.8    -1.7   -26.0
677.344   -50.7    -6.9   -36.7
679.004    -7.3    -1.8    -0.4
680.664    34.1    -8.9    -1.2
682.324    33.0   -25.5    -3.8
683.984    13.7    -7.8     7.6
685.645   -39.2     1.7   -10.5
687.305   -38.4    -8.1   -28.0
688.965   -11.9     6.5    11.1
690.625    32.6   -11.6    -2.9
692.285    15.8   -34.0   -11.1
693.945   -18.1    -7.2    -3.4
695.605   -35.6     5.8   -22.2
697.266   -36.8    -8.4   -33.6
698.926   -12.7     5.1    -4.1
700.586     7.7     6.1     4.3
702.246    25.5   -27.5    -7.1
703.906    12.4   -23.3     0.2
705.566   -42.1    -1.0   -21.6
707.227   -41.5    -1.0   -19.9
708.887   -35.8     5.0    -8.0
710.547    -6.5     1.0    -5.0
712.207    16.7   -23.5    -8.0
713.867    15.1   -18.9    -0.4
715.527   -26.9    -6.5   -22.6
717.188   -36.1    -7.5   -26.5
718.848   -40.5     5.0    -9.2
720.508   -22.5     8.7     3.8
722.168     3.9   -21.8   -21.4
723.828    18.4   -21.4     9.9
725.488    18.8     4.0    27.1
727.148   -21.4   -10.1   -38.8
728.809   -42.6   -14.2   -32.9
730.469   -37.8     8.0     9.4
732.129    11.2   -13.8   -17.4
733.789    32.0   -22.6    -0.4
735.449    28.8     0.5    25.0
737.109     0.7    13.7    12.9
738.770   -44.4   -36.0   -34.7
740.430   -42.0   -10.9    -9.1
742.090     8.5    -4.6   -17.0
743.750    20.7   -10.9   -15.5
745.410    15.7     9.0    21.3
747.070    10.3     8.9    15.2
748.730   -23.6   -17.5   -31.4
750.391   -52.4    -6.9   -17.9
752.051   -23.9    -3.0   -11.9
753.711    39.5    -1.3     9.7
755.371    41.7     2.0    18.5
757.031     0.0   -10.4   -17.4
758.691   -17.2   -16.2   -19.3
760.352   -53.1   -19.0   -22.6
762.012   -18.1   -18.6   -20.8
763.672    12.6    -5.9     1.9
765.332    35.4    22.0    17.3
766.992    10.8   -12.9   -10.9
768.652    11.9   -13.1   -11.3
770.312   -50.0   -17.9   -22.3
771.973   -22.6   -18.5   -29.2
773.633     3.9     9.9     4.3
775.293    16.6    16.7    19.2
776.953    26.7     6.7     5.1
778.613    -1.9   -21.7   -16.6
780.273   -19.3   -16.1   -15.5
781.934   -46.5   -12.1   -24.9
783.594   -19.4    -8.8   -18.0
785.254    19.2     9.1     7.8
786.914    22.6     1.6     7.6
788.574    15.3   -12.9     0.3
790.234   -11.9   -17.6   -18.6
791.895   -34.9   -10.2   -16.0
793.555   -32.1    -4.3   -10.5
795.215   -14.3    -7.4   -20.5
796.875    12.6    -3.5     1.8
798.535    12.7   -15.7     1.9
800.195    11.4   -12.3     0.7
801.855    -8.4    -6.0   -14.1
803.516   -30.5    -3.2   -21.9
805.176   -28.3    -1.9   -12.4
806.836   -22.5   -11.1    -3.8
808.496    -0.6   -10.9    -4.3
810.156    16.5   -12.6    -3.1
811.816    -8.4     7.0    -1.1
813.477   -24.1   -17.5   -36.3
815.137   -22.0    -8.9   -27.6
816.797   -27.2    -1.5     0.0
818.457     0.9   -18.7   -20.3
820.117    25.2   -17.3    -0.2
821.777    13.0     2.7    14.2
823.438     3.5    14.7    10.5
825.098   -22.8   -15.3   -34.8
826.758   -27.1    -9.2   -12.7
828.418   -14.5   -17.6    -6.1
830.078    11.4   -28.4   -18.9
831.738    17.6   -17.4    -2.3
833.398    -1.5    14.6    10.4
835.059    -8.5    -6.7   -15.4
836.719   -14.5   -14.2   -24.7
838.379   -24.6   -11.0   -16.5
840.039     6.7   -14.1    -3.4
841.699    11.4    -6.9     4.7
843.359     1.7     6.3     7.8
845.020   -10.2     4.5   -12.5
846.680    -8.0    -3.4   -11.8
848.340   -10.1   -11.1    -7.8
850.000   -11.1   -28.2   -25.5
851.660    -1.9    -6.4    -1.5
853.320    -2.6    13.0    12.2
854.980   -12.3   -13.9   -27.0
856.641    -9.0   -22.1   -20.4
858.301    -9.3    -6.2    -5.6
859.961    -3.0    -2.5     2.8
861.621     1.7   -22.9   -20.0
863.281   -11.6    -5.0     0.7
864.941   -13.5    11.4     6.8
866.602    -6.8   -22.0   -23.5
868.262     2.2   -14.2    -9.0
869.922     2.9     3.9     6.7
871.582     5.7    -8.8   -17.8
873.242   -13.8    -7.9   -12.2
874.902   -22.6    -6.0    -3.3
876.562   -28.9    -0.6   -11.1
878.223     8.5   -11.2    -5.0
879.883    16.1     1.2    -1.0
881.543     9.1     1.9    -1.5
883.203   -15.2    -0.5    -2.6
884.863   -32.0   -14.0   -21.2
886.523   -29.8   -19.4   -27.6
888.184   -17.6   -23.1   -16.0
889.844    18.7     3.8    15.8
891.504    26.1     1.7     0.5
893.164     3.0    -4.6   -14.2
894.824   -13.4     1.0    -8.1
896.484   -35.7    -6.9   -11.1
898.145   -15.9   -27.2   -17.3
899.805     7.5   -11.2    10.9
901.465    25.2    14.6    16.3
903.125    28.1    11.4    -4.3
904.785   -28.6    -2.5     2.8
906.445   -36.9     2.1     6.6
908.105   -29.3   -28.1   -26.3
909.766    -3.7   -37.2   -31.5
911.426     9.9    -8.9     9.0
913.086    13.1    18.7     6.2
914.746    -5.9   -11.2   -18.6
916.406   -21.0   -11.3    -3.8
918.066   -37.6    -7.5    -6.1
919.727    -6.6   -26.1   -29.8
921.387     5.2   -18.4    -9.9
923.047     9.6     4.5    12.9
924.707     8.9     2.3    -7.7
926.367   -15.9    -0.7    -9.9
928.027   -18.4   -21.1   -20.9
929.688    -4.6   -15.7    -2.1
931.348    -2.7   -12.4    -3.4
933.008     4.7     1.0    -9.2
934.668     0.2    -2.1    -6.0
936.328    -4.2     5.2     6.5
937.988   -14.7   -22.3   -26.8
939.648   -13.8   -24.5   -10.2
941.309    -8.3   -20.7    -0.4
942.969     2.3    -5.9   -15.8
944.629     7.1   -11.9    -8.7
946.289    -0.3    -1.8     3.2
947.949   -19.8     2.0   -17.6
949.609   -10.3   -20.9   -17.3
951.270    -4.2   -11.2    -4.5
952.930    -4.2   -10.5    -6.8
954.590    -3.0   -21.0   -12.8
956.250   -12.4    15.6    -3.9
957.910    -8.2     7.0   -12.2
959.570    -8.9     0.4    -9.2
961.230    -8.7   -11.9   -13.8
962.891     4.1   -13.8    -8.1
964.551    -9.8   -15.2   -13.4
966.211    -5.4   -13.7    -1.4
967.871    -2.5     4.8     6.2
969.531    -4.2    10.2    -9.2
971.191   -12.5   -12.5    -6.2
972.852     4.8   -22.2    -0.1
974.512     3.5   -27.8    -7.7
976.172   -13.9   -18.7   -18.3
977.832   -10.2    -5.3    -0.9
979.492   -17.7     5.0   -14.2
981.152   -20.9     2.0   -27.4
982.812    -9.9    -6.0    -0.3
984.473     6.7   -19.6    -3.3
986.133     6.3   -33.5   -26.5
987.793   -17.9    -1.7     4.5
989.453   -28.7    21.9    10.4
991.113   -34.0     6.3   -28.6
992.773   -20.7   -13.4   -38.3
994.434     5.0    -2.0    13.4
996.094     4.4   -25.5   -20.6
997.754     9.4   -38.7   -27.7
999.414   -14.9    -6.1    -4.6
1001.074   -32.6    17.9    -7.2
1002.734   -24.2   -11.5   -43.2
1004.395    -3.8   -13.6   -27.5
1006.055     5.5     3.6    19.8
1007.715    27.2   -17.4    -2.3
1009.375   -43.5    -1.0   -11.5
1011.035   -46.7    14.2   -17.8
1012.695   -22.4    -2.5   -15.9
1014.355    -0.5   -10.5    -4.5
1016.016    14.4   -13.9     6.1
1017.676    29.2   -13.1    -2.9
1019.336   -13.8   -11.2    -2.9
1020.996   -25.5    -4.8   -13.8
1022.656   -41.5    -5.1   -29.9
1024.316   -35.7    -6.1   -15.5
1025.977    -1.5     5.5     7.0
1027.637    25.2   -21.2    -7.6
1029.297    16.3   -17.3     3.2
1030.957   -23.2     5.2    -5.0
1032.617   -55.6   -19.9   -44.5
1034.277   -14.1     5.4     8.7
1035.938    18.8    15.8    18.9
1037.598    48.9   -11.4     7.3
1039.258    28.1   -26.6    -4.9
1040.918   -29.1    -3.9   -13.4
1042.578   -49.0    -0.3   -25.5
1044.238   -37.7   -15.8   -24.1
1045.898    -2.7     1.5     3.6
1047.559    30.6     7.2     9.2
1049.219    30.9   -10.4    -2.9
1050.879    -1.6   -18.8    -6.1
1052.539   -16.7   -13.2   -13.6
1054.199   -32.4    -6.9   -19.5
1055.859   -13.2     3.6    -0.8
1057.520    11.7    -0.7    -1.0
1059.180    24.0   -11.6    -1.5
1060.840     6.4   -16.5     3.7
1062.500   -21.4   -16.9   -15.8
1064.160   -29.9    -5.8   -23.4
1065.820   -20.3     6.6     2.7
1067.480    -0.9    -7.3    -7.6
1069.141     5.3   -15.1   -13.7
1070.801    -5.1    -6.9     9.9
1072.461   -11.0    -6.1    -0.2
1074.121   -11.6   -10.7   -30.4
1075.781   -12.5     8.8    -0.6
1077.441   -15.3    15.5    10.6
1079.102    -3.4   -10.0   -18.6
1080.762     8.9   -34.0   -12.6
1082.422     1.3    -2.3    12.3
1084.082    -0.3     2.3     0.0
1085.742   -12.4    10.1    -8.4
1087.402   -26.3     7.1    -7.0
1089.062   -24.3     1.0    -8.7
1090.723    -9.3   -30.0   -23.4
1092.383    -4.9   -36.8    -8.6
1094.043    11.8     1.5     8.2
1095.703     8.3    16.2   -14.1
1097.363   -20.8    10.5   -12.6
1099.023   -36.1    -5.6   -16.6
1100.684   -27.7   -23.4   -25.6
1102.344     0.2   -25.7    -0.1
1104.004    15.4    -6.3     0.9
1105.664     7.0    15.1     0.0
1107.324   -27.5     8.3   -10.8
1108.984   -34.6     2.6   -15.9
1110.645   -26.3   -42.2   -21.5
1112.305    -6.1   -19.8     6.2
1113.965     9.1    -5.3     9.4
1115.625    25.2    12.1     2.4
1117.285   -36.7     0.0   -23.0
1118.945   -40.2   -13.8   -32.0
1120.605   -23.0   -38.7   -14.7
1122.266   -13.3   -22.2     2.3
1123.926    16.7     1.9     2.8
1125.586    30.2     0.6    -3.6
1127.246     6.5    12.5     3.8
1128.906   -26.3     7.5   -16.3
1130.566   -35.9   -33.0   -38.8
1132.227   -16.0   -26.9    -5.0
1133.887    16.6     8.9     5.9
1135.547    17.4     9.3     6.7
1137.207     8.5     3.6    -3.0
1138.867   -19.3    -7.9   -21.4
1140.527   -33.6   -21.4   -32.5
1142.188   -23.4   -18.1    -5.5
1143.848    10.1     3.4     4.2
1145.508    19.2     4.1    -1.4
1147.168     6.7     6.8     1.8
1148.828   -15.1    -9.7   -15.8
1150.488   -20.5   -26.8   -37.0
1152.148   -25.4   -22.1   -11.9
1153.809    -5.9     5.2    14.9
1155.469    13.0     2.4   -12.3
1157.129    -3.0     1.9    11.7
1158.789   -13.3    -4.4     5.6
1160.449   -18.4   -31.0   -42.9
1162.109   -20.9   -34.2   -47.4
1163.770   -11.6    10.7    25.9
1165.430     0.7     5.5   -11.6
1167.090     4.8   -22.8   -20.4
1168.750    -1.1    -9.7     7.6
1170.410   -11.9   -10.4   -13.2
1172.070    -6.2   -22.6   -33.0
1173.730   -16.9    24.0    12.9
1175.391    -6.3     7.3    -7.9
1177.051    -4.1   -16.4   -25.7
1178.711    -4.2   -21.4    -2.0
1180.371     3.9    -5.8    -7.5
1182.031    -0.4    -8.9   -11.8
1183.691   -13.9     7.2    -3.2
1185.352   -24.8     0.3   -15.6
1187.012   -10.4   -15.2   -15.9
1188.672    -0.7   -16.4    -2.8
1190.332    12.7   -14.5   -12.5
1191.992    -2.9    13.0    12.6
1193.652   -15.1     9.6     5.2
1195.312   -28.2   -21.8   -34.3
1196.973   -21.9   -23.0   -13.7
1198.633    -8.0    -6.4     0.0
1200.293    19.1   -11.8    -6.8
1201.953    20.1   -15.7   -12.5
1203.613    -8.7    18.6     3.4
1205.273   -23.7     2.7   -13.3
1206.934   -34.6   -40.2   -30.2
1208.594    -8.6    -0.6     5.1
1210.254    15.1     5.0     5.3
1211.914    17.3     2.6    -1.7
1213.574   -22.6    10.4    -5.4
1215.234   -25.7     6.9    -6.9
1216.895   -47.2   -23.4   -26.1
1218.555   -12.1   -26.2   -16.3
1220.215     4.2    -5.4    -2.1
1221.875    23.8     8.7     8.5
1223.535     2.3     7.9    -2.2
1225.195   -35.9   -17.4   -19.6
1226.855   -30.9   -30.3   -20.4
1228.516   -31.4   -29.9   -21.9
1230.176   -11.2   -13.7    -5.9
1231.836     7.9     1.7    -0.4
1233.496    20.0    16.5    13.4
1235.156     6.3    10.3    -2.3
1236.816   -21.8   -17.5   -30.5
1238.477   -32.9   -30.3   -27.7
1240.137   -10.6   -12.2    -1.9
1241.797    -4.8    -9.6    -1.9
1243.457     8.5    10.5     2.4
1245.117     3.8    22.7    17.7
1246.777    -8.1    -7.4   -24.9
1248.438    -6.7   -34.8   -32.2
1250.098   -19.3   -17.7     5.2
1251.758   -25.0   -10.1     1.1
1253.418    -0.5   -10.9   -22.5
1255.078     0.6    20.9     6.6
1256.738     1.9    16.8     2.6
1258.398     5.1   -27.1   -22.9
1260.059   -24.8   -11.4    -4.1
1261.719   -21.3   -15.9   -20.9
1263.379   -10.0   -16.3   -20.6
1265.039   -10.5     9.8     4.3
1266.699     2.8     5.5    -6.6
1268.359    12.6    -5.5    -8.3
1270.020    -3.5   -13.6    -2.4
1271.680   -17.5   -23.0   -17.9
1273.340   -20.7   -25.0   -23.9
1275.000   -23.5    -0.2    -8.9
1276.660    -7.2    11.0    -2.9
1278.320    18.6     4.8    -2.4
1279.980     1.1    -7.8    -3.5
1281.641   -10.4   -23.0   -20.3
1283.301   -29.5   -26.7   -17.1
1284.961   -33.5   -17.9   -14.7
1286.621     4.1    11.6   -10.4
1288.281    22.9     2.2    -4.5
1289.941    18.6     9.0    15.7
1291.602    -5.0   -23.5    -5.2
1293.262   -31.7   -45.8   -38.9
1294.922   -34.7   -26.6   -29.6
1296.582   -16.9    14.5    -7.2
1298.242    22.7     8.9    -6.6
1299.902    34.5     8.6    15.0
1301.562    10.4   -16.3    -6.5
1303.223   -26.7   -39.8   -25.4
1304.883   -50.5   -23.8   -17.9
1306.543     2.2    11.6    -8.4
1308.203     5.8     9.6    -9.5
1309.863    25.0     6.6    14.5
1311.523    13.2   -17.2     0.0
1313.184    -2.6   -31.0   -10.9
1314.844   -36.7   -24.8   -20.0
1316.504   -28.5     7.9   -13.2
1318.164    -4.5    10.8   -16.2
1319.824     7.2     9.6    11.2
1321.484    12.1   -27.8   -13.3
1323.145    13.8   -29.2   -15.4
1324.805   -41.9     8.3    -4.5
1326.465   -28.9    12.4   -10.1
1328.125   -11.7     5.0   -23.2
1329.785     6.1     7.0     5.7
1331.445    22.4   -17.3     6.9
1333.105     2.1   -39.8   -28.1
1334.766   -22.6    -0.8     2.0
1336.426   -29.4    20.7     5.8
1338.086   -19.0    -5.5   -32.4
1339.746     2.0    -5.9     6.3
1341.406    -1.1    -6.9    13.7
1343.066    16.6   -33.3   -17.5
1344.727    -5.0   -21.3   -11.9
1346.387   -18.6     4.3     0.6
1348.047   -29.1    19.2   -16.0
1349.707   -11.1    -7.3   -16.1
1351.367     1.9   -14.7    -0.1
1353.027    19.9   -21.4    -3.6
1354.688    13.4   -13.7     3.0
1356.348   -26.1     6.2   -22.1
1358.008   -25.0     3.9    -5.2
1359.668    -1.9   -25.0   -15.4
1361.328    -1.1   -22.5    -9.1
1362.988    12.8    -5.9    11.9
1364.648   -10.1    21.0    -1.2
1366.309   -24.8    -5.9   -34.3
1367.969   -21.6    -7.2   -37.1
1369.629   -13.6    -7.9     1.4
1371.289     9.9   -21.9   -13.9
1372.949    13.7    -5.4     7.6
1374.609   -10.4    28.1     9.2
1376.270   -30.3   -12.4   -26.7
1377.930   -29.7   -21.5   -23.5
1379.590     7.1   -14.7    -3.1
1381.250    22.1   -25.2    -3.0
1382.910     5.8     2.3    -0.5
1384.570   -11.3    17.6    -5.0
1386.230   -35.9     7.9   -20.6
1387.891   -26.9   -12.3    -9.4
1389.551     9.5   -20.7    -5.4
1391.211    19.4   -22.9    -6.7
1392.871     4.5    -2.5     4.2
1394.531   -25.4     2.2   -24.0
1396.191   -29.0    -0.2   -27.7
1397.852    -8.2    -5.8     8.8
1399.512    22.4   -15.8     5.1
1401.172    32.1   -25.6    -9.7
1402.832    -3.6    13.8    13.0
1404.492   -23.0    20.8     1.6
1406.152   -48.7   -11.4   -48.1
1407.812   -41.7   -26.2   -38.7
1409.473    29.7     0.8    30.5
1411.133    22.0   -16.9   -21.5
1412.793    28.0   -17.9   -22.8
1414.453   -60.3     9.2   -12.7
1416.113   -61.6     6.7   -21.3
1417.773   -15.4   -31.1   -28.9
1419.434    29.3     8.3    34.5
1421.094    42.8    -5.3    -3.2
1422.754   -10.3    -9.2    -8.1
1424.414   -53.2     7.4    -8.3
1426.074   -65.3    -3.3   -35.0
1427.734   -21.2   -27.0   -25.5
1429.395    15.9    -7.8    15.1
1431.055    47.5    11.2    29.6
1432.715    34.0    -4.7    -6.0
1434.375   -48.0    -7.4   -27.9
1436.035   -65.2   -14.0   -38.9
1437.695   -31.6   -17.1    -8.9
1439.355     7.8    -5.6     8.5
1441.016    55.8    -1.4     5.1
1442.676    39.9    -2.1     6.7
1444.336   -46.4     0.0   -13.5
1445.996   -59.3   -22.3   -42.9
1447.656   -30.4   -11.8    -4.9
1449.316    32.6     5.5    11.2
1450.977    47.3    -4.2     2.8
1452.637   -22.6     8.3    -6.0
1454.297   -37.9    -5.3   -19.4
1455.957   -58.6   -36.1   -51.0
1457.617   -36.8    -9.2   -16.6
1459.277    35.7     8.4    14.1
1460.938    39.4   -10.4     1.3
1462.598    19.6    -4.4    -3.7
1464.258    -8.7     8.0    -5.4
1465.918   -51.6   -15.9   -32.9
1467.578   -39.5   -23.7   -30.5
1469.238    -3.3    -0.6    -0.2
1470.898    18.1     3.2    10.1
1472.559    24.7   -11.0    -6.6
1474.219    -4.0    -4.5    -3.0
1475.879   -41.8    -7.0   -16.7
1477.539   -40.4    -3.0   -16.3
1479.199   -18.4   -17.1   -18.1
1480.859     0.3   -13.2    -6.5
1482.520    26.9    -6.1    12.5
1484.180    23.3     1.6    10.1
1485.840   -24.7    -4.8   -29.5
1487.500   -43.4    -2.1   -12.4
1489.160   -36.3   -15.5   -17.8
1490.820     1.4   -34.8   -18.8
1492.480    26.8    19.7    23.7
1494.141    22.6    21.2    14.7
1495.801   -11.2    -1.7   -26.2
1497.461   -45.6    -3.8   -13.5
1499.121   -49.8   -14.7   -20.0
1500.781   -10.1   -44.0   -29.5
1502.441     4.3   -45.2   -26.0
1504.102    31.7    28.3    31.8
1505.762    11.6    16.9   -10.8
1507.422   -48.7   -12.2   -23.7
1509.082   -57.1   -16.5   -20.4
1510.742    -8.4   -39.9   -20.3
1512.402    29.5    23.5    16.7
1514.062    31.1    21.6    16.6
1515.723    -0.2    29.0    -2.5
1517.383   -22.8    13.8   -11.7
1519.043   -39.3   -44.3   -33.5
1520.703   -18.6   -51.9   -23.6
1522.363    36.7     7.5    19.6
1524.023    21.7    20.5     0.1
1525.684     6.7    22.2    -5.6
1527.344   -41.4     5.3   -10.2
1529.004    -5.7   -57.7   -28.9
1530.664     2.6   -49.5   -14.0
1532.324    21.0   -16.9    15.0
1533.984    -6.0    18.2   -18.6
1535.645   -29.5     8.3   -23.1
1537.305   -28.3    -8.7    -8.1
1538.965   -26.0   -15.8   -13.1
1540.625    21.2   -49.1   -14.3
1542.285    10.8     8.2    19.4
1543.945   -26.6    17.1   -23.0
1545.605   -38.0     0.0   -16.1
1547.266   -18.7   -14.2    -4.8
1548.926    15.8   -35.3   -13.2
1550.586    30.5   -28.0     3.5
1552.246     7.3     3.1     3.6
1553.906   -31.2     8.9   -20.7
1555.566   -58.1    -0.4   -29.6
1557.227   -21.6    -2.6    -1.4
1558.887    28.9   -22.9    -6.0
1560.547    33.0    -8.3    23.7
1562.207    14.7    14.3    13.0
1563.867   -65.0     2.5   -47.6
1565.527   -51.4    -6.7   -10.1
1567.188     1.5    -8.8    11.3
1568.848    45.1   -20.2     4.7
1570.508    61.3   -29.4     0.7
1572.168    -9.5    18.4    13.9
1573.828   -74.3   -10.5   -51.7
1575.488   -73.6   -12.4   -52.3
1577.148    13.6    -6.5    19.0
1578.809    62.4   -17.7    -2.7
1580.469    63.1   -21.6    -4.2
1582.129   -18.3    13.9    10.3
1583.789   -70.3    -4.1   -44.4
1585.449   -66.1   -25.2   -53.5
1587.109   -32.6   -19.8   -19.7
1588.770    55.7   -10.8     9.1
1590.430    42.1    -6.6     8.1
1592.090   -18.7     7.9    -2.8
1593.750   -73.3     1.7   -36.7
1595.410   -71.1    -6.9   -39.3
1597.070    43.1   -10.9    13.4
1598.730    60.3   -12.1    15.1
1600.391    32.9   -10.5     9.5
1602.051   -45.0    -2.6   -32.5
1603.711   -58.2    -2.5   -26.8
1605.371     3.4     4.7     3.5
1607.031    25.2   -17.9    -6.5
1608.691    39.1   -22.5    10.0
1610.352   -17.9    -5.4    -1.8
1612.012   -45.4    -8.0   -28.7
1613.672   -47.6    -8.8   -38.9
1615.332   -30.0    17.7    -3.2
1616.992    37.2   -15.0    -5.4
1618.652    43.3   -36.9    -2.1
1620.312   -12.1   -11.9     1.9
1621.973   -48.5    -2.0   -29.3
1623.633   -21.0    17.0   -10.2
1625.293   -11.4    21.2     1.2
1626.953    39.2   -11.2     5.3
1628.613    43.4   -35.0     2.5
1630.273   -36.1   -10.5   -19.2
1631.934   -60.1    -5.7   -29.4
1633.594   -29.9    14.3    -8.8
1635.254    13.7     7.1    -7.1
1636.914    44.4   -21.9     2.7
1638.574    22.5   -25.4     8.0
1640.234   -30.9   -18.1   -26.2
1641.895   -58.1    -7.3   -38.3
1643.555   -34.6    21.3   -10.5
1645.215    17.4     7.2    -1.1
1646.875    39.0   -27.2    -0.3
1648.535     8.5   -13.9    10.3
1650.195   -34.7   -10.6   -24.8
1651.855   -45.1   -10.6   -42.8
1653.516   -30.3    11.6     2.8
1655.176     3.0    27.0    31.4
1656.836    32.7   -37.6   -27.6
1658.496     0.9   -23.8     3.4
1660.156   -38.8     4.6    -8.2
1661.816   -51.1   -23.0   -49.4
1663.477   -28.4     6.0    -2.3
1665.137    24.4    -1.8    12.0
1666.797    47.9   -31.2    -3.6
1668.457    22.6   -29.4     0.2
1670.117   -37.3    10.0    -9.2
1671.777   -28.7    -8.4   -24.7
1673.438   -32.8   -14.9   -16.2
1675.098    -6.0    -2.5    -0.6
1676.758    31.4   -10.8    -0.7
1678.418   -17.6    -4.7   -12.4
1680.078   -23.2    -1.7   -21.2
1681.738   -38.8    -3.3   -21.5
1683.398   -26.5    -2.6    -7.6
1685.059    -7.5   -16.5   -11.9
1686.719    30.5   -17.9     7.4
1688.379     7.2    11.7    19.9
1690.039   -28.6   -13.9   -45.8
1691.699   -36.5   -20.3   -28.5
1693.359   -29.2    -4.5    -0.2
1695.020    16.0   -21.0   -14.3
1696.680    26.6   -19.7    -1.0
1698.340    12.2    -4.4     1.5

