# DRS4 export. File index 0, run_id=./medidas/run_20260925_120111
# Columns: t[ns] u1[mV] u2[mV] u3[mV]
Event #1  ts=2026-09-25 12:01:13.105  [SELECTED]
  t[ns]  u1[mV]  u2[mV]  u3[mV]
  0.000    -1.5   -24.5   -33.6
  1.660    -5.1   -16.9   -24.4
  3.320   -11.1    16.0     9.7
  4.980    -8.2    -0.3   -21.0
  6.641    -1.9   -31.4    -7.3
  8.301    -3.9   -19.5     8.0
  9.961     3.5    -7.2    -5.8
 11.621     1.2    -3.6   -12.5
 13.281   -21.1     7.0    -9.5
 14.941   -25.4     2.8   -14.5
 16.602     9.7   -21.8     0.4
 18.262    10.1   -20.2     0.4
 19.922     0.7    -4.3    -4.2
 21.582   -13.1     5.9     2.1
 23.242   -25.7     8.9   -11.8
 24.902   -24.1   -18.5   -21.9
 26.562     0.8    -8.7     6.5
 28.223    20.1    -8.2    -3.3
 29.883    18.1    -5.1    -7.6
 31.543   -10.6    13.9     5.9
 33.203   -26.8   -10.1   -30.4
 34.863   -35.2   -29.6   -40.1
 36.523    -9.0   -10.9     8.2
 38.184    26.8     2.3     8.1
 39.844    29.1    -0.5    -5.7
 41.504     5.6    -0.3   -10.3
 43.164   -30.5   -33.4   -30.7
 44.824   -32.8   -30.0   -29.9
 46.484    21.1     7.2    14.0
 48.145    29.8    18.3    16.8
 49.805    22.8    19.6    10.2
 51.465   -15.3    -2.7   -16.5
 53.125   -26.8   -29.8   -16.9
 54.785   -27.6   -33.0   -15.2
 56.445    -9.1   -16.4   -12.2
 58.105    16.6    10.4     7.4
 59.766     7.7    20.2     3.8
 61.426     0.0     7.2    -5.6
 63.086   -20.7   -23.3   -19.0
 64.746   -24.0   -29.6   -22.9
 66.406   -10.5   -14.5    -9.4
 68.066     6.2     4.6    -2.2
 69.727     3.5    12.7    -0.7
 71.387    -3.5     8.5    -0.8
 73.047   -13.1    -9.7    -6.8
 74.707   -13.0   -35.2   -21.7
 76.367    -9.6   -16.3    -6.1
 78.027     2.0     7.7     0.4
 79.688     3.3     3.9   -11.5
 81.348     6.2    16.5    10.2
 83.008     4.4     1.5     7.0
 84.668    -4.3   -28.5   -22.9
 86.328    -7.1    -2.2     3.0
 87.988    -8.9     2.4   -10.9
 89.648    -6.3    -1.3   -17.2
 91.309    -7.4    -5.0     0.2
 92.969    -4.9   -12.1    -6.6
 94.629     0.3   -19.1   -10.1
 96.289    -2.1    -9.3    -5.1
 97.949   -12.7    -7.9   -15.8
 99.609   -12.6    -7.0    -6.1
101.270   -10.5    -7.2    -7.6
102.930     0.3   -10.0   -13.1
104.590     5.7    -5.0     3.4
106.250    -4.9    -3.9    -6.8
107.910   -13.6   -19.2   -22.1
109.570   -14.5     0.9     9.1
111.230   -17.1     4.5     1.1
112.891    -4.5   -20.0   -28.4
114.551     1.1     7.0    16.0
116.211    -2.5     8.8     9.4
117.871   -10.8   -21.4   -13.5
119.531   -18.5     2.5     2.0
121.191   -12.7     0.2    -9.3
122.852    -2.3   -12.2   -13.6
124.512     2.3     6.7    14.2
126.172     6.7    -3.3    -9.8
127.832    -0.8   -28.0   -24.1
129.492    -9.5    -4.4     3.2
131.152   -18.3     2.3    -7.1
132.812   -16.8    -8.0   -21.8
134.473   -10.5    -1.9    -2.7
136.133    -1.3     0.7     4.1
137.793    13.0   -17.4    -9.9
139.453   -10.8    -3.2    -9.5
141.113    -9.6    -3.8   -17.7
142.773   -29.0    -7.4   -20.1
144.434   -24.2    -5.2    -3.1
146.094    -1.6   -11.2    -1.6
147.754    16.4   -14.6    -8.3
149.414     8.6    -0.9     1.2
151.074    -9.6     0.8    -6.3
152.734   -32.6   -12.9   -25.5
154.395   -23.3    -1.8    -5.1
156.055   -16.0    -8.4     1.2
157.715    22.2   -18.4   -10.3
159.375    19.0     5.4     9.5
161.035   -17.0     7.6     2.0
162.695   -36.5   -20.6   -37.1
164.355   -30.8   -18.4   -21.8
166.016    -9.2   -12.5     0.7
167.676    20.1   -16.2   -12.7
169.336    30.2    11.0    15.4
170.996   -15.6     6.4    -6.6
172.656   -27.6   -14.5   -31.3
174.316   -41.6   -27.6   -29.7
175.977   -35.4   -20.6   -10.2
177.637    25.7    -3.6     3.4
179.297    32.1     1.7     8.7
180.957    22.9    14.8     2.4
182.617   -37.6   -18.5   -14.6
184.277   -44.7   -35.3   -26.5
185.938   -45.9   -39.7   -30.7
187.598    13.3     2.7    14.2
189.258    29.2    25.7    16.8
190.918    21.0     4.9    -8.4
192.578    -5.7    -5.5    -1.4
194.238   -40.8   -19.4   -16.9
195.898   -49.4   -22.4   -31.9
197.559    -8.9    -2.6     7.5
199.219    -7.5     5.1    12.1
200.879   -16.1     2.5   -31.8
202.539   -84.6   -72.9   -83.7
204.199  -126.8   -83.8  -104.0
205.859  -153.1  -121.9  -151.6
207.520  -118.9  -109.7  -132.8
209.180  -103.5   -97.9  -119.0
210.840   -48.1   -42.8   -76.3
212.500   -12.2   -34.7   -59.6
214.160   -32.8   -53.5   -83.1
215.820   -58.1   -66.6   -68.3
217.480   -61.6   -61.4   -50.8
219.141   -27.6   -12.8   -35.1
220.801     6.9    13.1   -21.6
222.461    13.3    18.7    -4.6
224.121    -1.2   -17.7   -20.5
225.781   -20.6   -51.1   -37.9
227.441   -37.6    -9.8   -17.2
229.102   -15.0     3.1   -16.5
230.762     5.7    20.0     1.7
232.422    29.8    32.7    17.7
234.082    14.9    -5.1     0.0
235.742   -27.9   -44.9   -39.9
237.402   -31.9   -33.4   -30.4
239.062   -39.8    -8.2    -5.9
240.723   -11.3     5.2   -17.5
242.383    10.8     4.7   -24.5
244.043    12.0    -6.0    12.0
245.703    -2.2   -31.3    -8.8
247.363   -20.6   -43.5   -33.3
249.023   -39.5     9.3     2.0
250.684   -40.5    17.7     3.6
252.344    -3.3     2.6   -22.4
254.004    20.3   -12.5     7.9
255.664    10.6   -15.1    -1.7
257.324     3.9   -25.9   -12.9
258.984   -40.0    -1.4   -16.0
260.645   -41.3    13.7   -13.8
262.305    -4.1    -0.1   -12.6
263.965    23.2   -10.7     1.2
265.625    23.6   -19.6    -5.9
267.285     1.6   -16.7    -5.4
268.945   -32.8    -9.7    -9.8
270.605   -44.0    -5.9   -32.5
272.266   -12.1    -3.2    -2.6
273.926    21.0    -2.6     3.2
275.586    25.2   -15.3   -14.2
277.246    12.0   -22.1   -10.5
278.906   -30.1     4.4   -11.6
280.566   -37.1   -17.3   -36.1
282.227   -37.8   -17.3   -36.4
283.887     5.1     6.0    17.8
285.547    30.9   -18.3    -9.8
287.207    27.0   -26.1   -21.9
288.867   -14.5    -0.3    -0.1
290.527   -41.1   -13.3   -28.0
292.188   -32.7   -20.9   -32.0
293.848    12.1     6.3     9.0
295.508    27.5    -3.5     1.6
297.168    -6.8   -11.4    -7.6
298.828   -19.2    -4.5    -2.5
300.488   -28.2    -8.5   -18.7
302.148   -26.7   -17.7   -26.6
303.809    -3.6    -7.2    -7.0
305.469     8.0     1.3     0.0
307.129     6.7    -6.3     0.9
308.789   -10.7   -12.7   -10.8
310.449   -11.7   -11.8   -11.6
312.109   -25.8   -14.1   -25.8
313.770   -14.2    -6.3   -10.0
315.430    11.0    -7.8    -7.9
317.090    10.2    -2.2    -3.6
318.750     0.0    -0.8     0.7
320.410   -19.5   -18.8   -17.6
322.070   -14.9   -18.5   -26.0
323.730   -11.4     1.0     4.0
325.391     0.0    -3.1    -4.6
327.051     0.9   -16.7   -22.2
328.711    -2.3    -2.0     7.0
330.371    -8.3     3.3    -2.9
332.031   -11.4   -12.7   -25.9
333.691   -10.2    -2.5    -5.9
335.352    -9.4    -2.8    -9.8
337.012    -1.0   -19.8   -13.2
338.672    -1.4   -15.2    -2.1
340.332   -13.0    -2.4    -9.6
341.992    -4.3    -4.5   -12.0
343.652    -7.9    -7.3   -14.1
345.312   -13.3   -12.4   -11.6
346.973    -2.7    -7.4     1.1
348.633    -3.1   -12.6   -16.7
350.293    -7.9   -14.3   -23.1
351.953   -10.6     3.0     6.0
353.613   -11.3    -4.3   -13.8
355.273    -7.1   -25.9   -31.5
356.934    -4.3   -10.6     6.5
358.594    -6.1     0.9     6.2
360.254    -9.2   -22.8   -28.6
361.914   -12.6   -16.6   -17.8
363.574    -4.7    14.5     7.2
365.234     0.3   -18.7   -29.2
366.895    -8.4   -10.7     8.2
368.555    -7.3     3.3     3.2
370.215    -5.9    -9.1   -14.1
371.875    -8.1   -13.7   -15.4
373.535   -13.5     2.7    -4.0
375.195    -1.6   -20.0    -9.2
376.855     0.2   -16.5    -0.5
378.516    -3.7    -1.9    -9.8
380.176   -16.1   -11.4   -18.5
381.836   -21.5    -5.2    -0.5
383.496    -4.6   -11.1   -14.9
385.156    -4.3   -14.3   -16.0
386.816    -0.2     1.5     5.4
388.477    -2.2     0.8    -8.0
390.137   -24.3   -19.3   -18.7
391.797   -25.6    -6.7    -5.0
393.457    -5.2   -13.5    -9.6
395.117    -1.9   -13.0   -14.4
396.777     3.8    19.8    14.3
398.438     1.1     4.5     4.0
400.098   -21.0   -27.7   -31.8
401.758   -25.3   -15.8   -16.1
403.418   -20.6    -2.3     1.5
405.078    -2.4   -13.2   -14.6
406.738     9.4    -4.1    -5.9
408.398    -8.9    11.9     7.1
410.059   -16.6   -20.7   -34.4
411.719   -17.3   -22.6   -25.3
413.379   -17.9   -12.9     1.7
415.039    -1.8   -12.4   -16.9
416.699     6.3    -5.6    -6.5
418.359    -8.7    11.2     4.7
420.020   -10.1    -2.2   -15.6
421.680   -11.9   -21.2   -14.1
423.340   -17.9   -14.6    -3.7
425.000    -4.1   -12.2   -12.9
426.660     4.1    -5.4    -8.3
428.320     0.2     3.2    -8.2
429.980    -5.0    -2.2    -1.3
431.641    -7.0   -12.0    -4.3
433.301    -7.6   -23.4   -24.3
434.961   -13.0   -16.9    -3.4
436.621    -7.3     5.7    -1.6
438.281    -1.2     0.7   -16.2
439.941     8.6    -6.2   -16.9
441.602   -10.0     1.5     8.5
443.262    -8.1   -23.5   -23.6
444.922    -9.3   -32.5   -28.6
446.582   -20.8   -11.8    -2.2
448.242     5.0     1.2   -12.3
449.902     8.5    -0.8    -3.3
451.562     5.9     2.9     2.2
453.223     2.2     1.6     3.2
454.883   -19.1   -26.9   -20.8
456.543   -23.6   -26.2   -20.9
458.203     3.3     5.6     2.2
459.863     1.4     2.3    -3.6
461.523     9.3    -3.6    -9.8
463.184    -2.3   -16.6    -7.9
464.844   -17.9   -19.1   -12.9
466.504   -21.9   -10.8   -21.4
468.164   -16.4     1.0   -13.1
469.824    -1.3    16.8     5.5
471.484     7.7   -19.7    -8.4
473.145     1.3   -27.0    -9.7
474.805    -9.5   -19.9   -13.8
476.465   -19.8   -12.5   -12.1
478.125   -21.3    -4.3    -9.1
479.785    -4.6    12.8    -4.4
481.445     3.3    16.7    -4.5
483.105     7.6   -27.0    -6.5
484.766     1.6   -37.6   -19.8
486.426   -12.1   -31.7   -21.1
488.086   -23.9    14.3     1.7
489.746   -19.9    16.0    -2.9
491.406     2.7     0.0   -14.4
493.066     5.2   -10.0    16.6
494.727     0.8   -34.1   -17.7
496.387    -6.8   -31.7   -23.9
498.047   -18.1     9.6    -3.6
499.707   -24.1    31.7     7.6
501.367   -12.5    26.5    -4.0
503.027     3.9   -16.6    -5.1
504.688     4.1   -20.9     2.9
506.348    -0.6   -33.3   -15.3
508.008   -17.0   -11.3   -14.3
509.668   -22.1    31.4   -10.8
511.328     3.3     2.9     8.2
512.988     1.1   -10.7     3.3
514.648     1.2   -46.3   -18.0
516.309     0.5   -46.3   -19.9
517.969   -13.7    -2.2     6.3
519.629   -20.1    15.5     0.6
521.289   -12.6    14.9   -13.4
522.949    -7.0    14.0     8.8
524.609    11.4   -34.0    -8.9
526.270    15.4   -48.6   -21.3
527.930   -11.7    -6.7     4.6
529.590   -21.0    25.1     3.6
531.250   -28.1    19.7   -29.5
532.910   -13.9     4.1    -4.6
534.570     9.6     0.7    15.9
536.230    28.5   -30.0    -5.3
537.891   -18.5   -23.5    -6.4
539.551   -37.2    19.5   -13.2
541.211   -31.5    16.4   -25.1
542.871   -21.9     8.0   -14.9
544.531    20.6    -7.4     3.8
546.191    26.2   -37.2    -6.5
547.852     5.3   -35.3    -5.9
549.512   -26.7     2.3   -13.7
551.172   -42.3     9.2   -24.8
552.832   -29.8    14.4    -9.1
554.492    22.9    -6.8     6.2
556.152    33.3   -30.1    -2.7
557.812     3.6   -24.2    -1.3
559.473   -27.0    -5.3   -15.3
561.133   -45.1    -5.3   -29.3
562.793   -40.4     8.1   -17.0
564.453    24.1     4.0    10.4
566.113    34.6   -13.4     0.9
567.773    14.2   -27.0    -4.4
569.434   -21.8   -11.1    -0.3
571.094   -32.1    -8.0   -12.1
572.754   -37.2    -1.0   -27.3
574.414    -9.2    10.3    -1.2
576.074    28.2   -10.9     6.0
577.734    35.5   -21.6     1.1
579.395   -13.7    -8.6     0.8
581.055   -39.8    -5.2   -14.6
582.715   -52.7    -1.2   -35.8
584.375   -22.5     3.8     0.4
586.035     8.7    -2.0     6.4
587.695    36.2   -25.2    -3.2
589.355    13.6   -14.9     2.4
591.016    -3.7   -11.0    -2.0
592.676   -43.6     2.4   -17.7
594.336   -23.4    -3.5   -20.4
595.996    -1.2   -13.9   -13.2
597.656     7.5   -17.6    -8.6
599.316    33.6   -12.2    20.5
600.977    18.5    -4.8     0.5
602.637   -25.2    -3.9   -21.4
604.297   -50.0     7.7    -7.2
605.957   -39.8    -1.4   -24.4
607.617    23.2   -24.9    10.4
609.277    33.7   -13.4    26.1
610.938    31.8    -1.7    20.7
612.598    -7.3    -0.6   -18.3
614.258   -47.2    16.4    -4.7
615.918   -44.9    -9.5   -30.1
617.578     9.3   -45.3   -14.9
619.238    29.9   -12.8    24.8
620.898    15.2     9.7    -3.3
622.559    12.5     9.6    -6.2
624.219   -33.3    10.8   -11.9
625.879   -42.6    -5.3   -26.1
627.539   -22.0   -49.0   -23.4
629.199    18.2   -19.5     8.9
630.859    20.9    15.5     5.9
632.520    -6.0    24.2     2.6
634.180   -37.1     6.0   -19.3
635.840   -30.9   -41.7   -36.9
637.500   -17.6   -48.7   -17.6
639.160    -5.5   -38.1    -2.6
640.820    23.5    -0.3     2.0
642.480    -9.2    26.2    -0.6
644.141   -30.2    -1.4   -13.0
645.801   -22.3   -36.9   -26.1
647.461    -0.4   -38.3    -5.7
649.121    -1.5   -40.2    -8.2
650.781     9.2    11.5     7.7
652.441     7.1    16.3     4.5
654.102   -17.9    19.9   -14.4
655.762   -24.6    -4.5    -0.9
657.422   -14.9   -50.3   -25.5
659.082     9.1   -40.3   -15.6
660.742    11.2    12.5    26.9
662.402     2.2    31.5    19.0
664.062   -25.1    -1.9   -32.1
665.723   -19.0   -15.4     6.1
667.383     3.3   -32.2    -1.1
669.043    28.1   -33.6   -13.7
670.703    -8.1    20.3     9.1
672.363   -28.2    37.1     0.7
674.023   -25.0    -5.8   -26.1
675.684   -10.6   -32.2   -11.8
677.344    16.9   -33.6    -6.4
679.004    26.2   -23.8     4.4
680.664     6.0     7.1     4.7
682.324   -37.1    14.4   -23.8
683.984   -37.7     5.0   -12.7
685.645     2.8   -36.5   -11.7
687.305    31.6   -35.9     0.0
688.965    26.1     3.6    17.9
690.625    -9.4    24.4    -5.7
692.285   -38.0     5.7   -33.7
693.945   -41.2    -3.6    -5.5
695.605   -19.9   -12.3     0.4
697.266    34.4   -40.2    -7.2
698.926    34.6   -19.8     8.2
700.586   -32.5    16.6   -25.3
702.246   -30.2    16.7   -24.4
703.906   -48.7    -7.4   -32.5
705.566   -35.5   -23.4   -10.4
707.227    34.8   -26.0     0.2
708.887    34.6   -13.9    -4.2
710.547   -15.9    19.2    -5.6
712.207   -31.7     9.4   -16.0
713.867   -42.9   -10.5   -27.8
715.527   -31.4   -21.6   -19.6
717.188     0.3   -27.4     1.3
718.848    32.2   -10.2     5.7
720.508    15.7     1.3    -2.4
722.168   -29.8     7.0   -16.3
723.828   -44.6    -2.5   -19.9
725.488   -22.4   -16.1   -12.9
727.148    12.1   -25.6     0.4
728.809    16.5   -14.6    -0.9
730.469     3.6    -1.6    -7.2
732.129   -10.4    11.6    -4.5
733.789   -27.7   -14.9   -17.3
735.449   -20.8   -14.3   -10.7
737.109     7.5   -22.6    -3.5
738.770    13.4   -21.6    -8.0
740.430   -16.1     2.2    -1.7
742.090   -15.5     4.8    -4.8
743.750   -13.0     6.0   -19.4
745.410    -6.2    -6.2     3.4
747.070    -4.6   -21.2     0.8
748.730    -4.0   -27.6   -21.6
750.391    -8.6   -24.6   -17.7
752.051   -18.9     8.6    -6.9
753.711   -14.7    11.6    -7.7
755.371     5.4    10.4    -3.0
757.031     1.5   -22.1    -8.0
758.691    -7.7   -33.8   -21.0
760.352   -20.4   -25.7   -15.4
762.012   -12.8     9.9    -8.2
763.672   -11.6    10.3    -8.2
765.332    11.2    14.9     6.0
766.992    -5.7   -18.2   -18.4
768.652   -21.3   -44.6   -18.7
770.312   -24.2   -37.7   -11.2
771.973   -12.6    -7.8   -13.3
773.633     4.0    22.1    -6.2
775.293     5.7    27.1    11.7
776.953    -0.5     6.7     1.3
778.613   -11.8   -50.4   -35.7
780.273   -19.3   -28.1     3.3
781.934    -9.9     2.6   -13.4
783.594    -6.0     5.3   -20.1
785.254     3.0    22.1     3.1
786.914    -7.2     9.9     0.1
788.574    -8.8   -17.5   -22.9
790.234   -14.9   -57.5   -19.8
791.895    -3.7    -0.4     5.7
793.555    -0.2    12.0   -12.4
795.215   -12.4    20.2    -1.1
796.875   -12.5    23.2     2.1
798.535   -10.6   -26.9   -19.3
800.195    -7.8   -43.5   -16.5
801.855     0.7   -37.6    -0.9
803.516    14.3   -13.9     0.9
805.176    -6.3    16.1   -13.0
806.836   -32.7    13.9   -10.4
808.496    -4.9   -37.6   -19.2
810.156    -1.4   -39.5   -14.6
811.816    12.9   -24.2     6.9
813.477    12.2    -1.5    -9.9
815.137   -21.6     5.9   -19.8
816.797   -32.9    15.2   -15.9
818.457   -35.5    -3.5    -8.1
820.117    -1.4   -35.3   -22.9
821.777    24.5   -21.4     4.6
823.438    30.6     6.7    25.5
825.098    -4.1     0.2   -21.7
826.758   -30.0    -3.5   -39.7
828.418   -49.3    -2.5   -14.8
830.078   -20.0   -21.2   -14.2
831.738     9.7   -26.2   -13.8
833.398    44.3     6.3    24.9
835.059     5.2    11.7    -0.6
836.719   -32.0   -11.8   -35.4
838.379   -52.5   -20.9   -38.0
840.039   -41.6   -10.6   -10.4
841.699    -2.7   -13.3    -7.0
843.359    45.2    -8.3    10.7
845.020    31.3     4.4    10.1
846.680   -13.5     0.6   -10.9
848.340   -48.4   -16.1   -26.3
850.000   -49.2   -23.8   -30.4
851.660   -13.1   -13.9   -10.5
853.320     9.7     0.9    12.3
854.980    47.7    12.1    22.3
856.641    11.8   -14.8   -17.5
858.301   -21.9   -12.0    -8.2
859.961   -46.8    -6.8    -9.3
861.621   -26.0   -22.1   -31.9
863.281     5.3    -5.9    -0.3
864.941    28.2    11.6    24.9
866.602    27.7   -16.3   -12.2
868.262   -11.6   -24.5   -10.7
869.922   -30.2   -15.2    -8.7
871.582   -45.6     4.6   -20.9
873.242     2.6    -3.8     1.9
874.902     9.2     1.6     9.1
876.562    13.9    -1.4     6.7
878.223     2.6   -22.5    -8.3
879.883   -30.1     4.3   -16.3
881.543   -31.7     4.9   -16.2
883.203   -21.3     2.3   -10.3
884.863     1.6   -10.3    -1.6
886.523    10.4   -21.8    -9.6
888.184     1.7   -21.7    -5.8
889.844     0.5   -14.2    -3.2
891.504    -8.0     3.8   -10.6
893.164   -15.9    11.2    -2.1
894.824   -14.3     2.6    -2.8
896.484    -1.4   -30.4   -22.0
898.145    -0.8   -40.1   -18.4
899.805    -1.7     5.5    11.4
901.465     2.1    11.5     9.9
903.125    -4.3    11.0   -14.8
904.785   -11.8     7.6   -15.1
906.445   -16.8    -1.4    -4.8
908.105   -11.0   -42.4   -14.4
909.766    -3.2   -23.8   -13.0
911.426    -2.0     5.5     6.6
913.086    -2.6    29.1    10.4
914.746    -1.8     7.6   -20.2
916.406    -5.3    -8.7   -14.2
918.066   -18.5   -28.8    -1.8
919.727   -10.6   -38.0   -26.4
921.387    -4.7    -1.5    -0.9
923.047    -4.0    25.6    -3.2
924.707     8.5    -4.7   -19.2
926.367     3.6   -14.3   -18.9
928.027   -14.7   -24.4    -8.3
929.688   -11.8   -30.8   -18.1
931.348    -8.4   -20.8   -12.1
933.008    -9.4    19.1    -5.6
934.668    -3.4     3.8   -10.8
936.328    -1.3    -0.7    -7.3
937.988    -1.0   -24.9    -9.1
939.648    -5.7   -29.0   -16.4
941.309   -11.4   -19.0    -6.7
942.969   -23.5    11.5   -11.0
944.629    -3.8    -6.3   -16.4
946.289     2.5    -8.7     0.2
947.949     8.2   -12.7     2.0
949.609     6.3   -23.1   -21.3
951.270   -26.2     3.5     5.4
952.930   -24.8     4.4   -12.3
954.590   -23.8    -0.2   -15.8
956.250   -10.8   -17.8   -29.0
957.910    12.8    -2.9    14.5
959.570    15.5    -1.3     6.3
961.230     4.5   -16.3   -19.3
962.891   -20.6     2.3    -7.5
964.551   -29.3    12.9     1.0
966.211   -14.0   -32.9   -29.9
967.871     0.2   -21.0    -6.3
969.531    24.2     0.7    13.3
971.191    19.7     4.7    -4.1
972.852    -1.4    -4.3   -15.4
974.512   -35.2    -6.9   -10.6
976.172   -35.1    -8.1    -8.9
977.832    -5.4   -29.3   -14.0
979.492    19.0    -4.0     4.3
981.152    17.9     7.3     3.3
982.812   -17.7     8.0    -5.9
984.473   -32.9    -6.2   -13.6
986.133   -30.3   -19.9   -18.1
987.793   -14.4   -27.7   -20.0
989.453     5.5   -14.0    -2.8
991.113     7.6     4.6     3.4
992.773     7.4     5.6    -7.3
994.434   -16.7     0.5   -16.2
996.094   -29.5   -15.7   -10.4
997.754   -18.9   -31.9   -24.5
999.414    -7.5   -30.0   -26.8
1001.074    14.8     3.6    10.9
1002.734     8.8     9.7     0.4
1004.395   -33.4    -8.9   -10.8
1006.055   -32.4    -7.2   -10.5
1007.715   -11.2   -26.1    -9.3
1009.375     4.1   -29.9   -13.4
1011.035    14.8    -6.7    -1.0
1012.695    -5.4    20.6     0.1
1014.355   -22.3    -1.6   -16.8
1016.016   -26.0   -10.5   -20.1
1017.676    -9.5   -25.4   -11.4
1019.336     0.1   -23.9    -7.7
1020.996    18.8   -15.7     2.6
1022.656    -9.8     7.7   -11.0
1024.316   -17.2    10.0   -18.5
1025.977   -25.6    -3.2    -3.3
1027.637   -10.2   -38.0   -25.1
1029.297    17.8   -10.9    11.9
1030.957    17.1     7.0    18.8
1032.617    -0.7    10.8   -16.6
1034.277   -21.9    -0.3   -31.0
1035.938   -28.1     1.8     2.3
1037.598   -13.9   -20.0   -16.1
1039.258    13.6   -46.1   -14.5
1040.918    12.3    -9.2    17.0
1042.578    -3.2    21.7    -3.6
1044.238   -17.4     7.6   -29.2
1045.898   -28.6    -3.6    -4.6
1047.559   -25.4     1.9    11.1
1049.219    10.8   -40.6   -17.5
1050.879     3.5    -9.4     4.5
1052.539    -3.5     8.5     0.0
1054.199   -19.1    11.0   -17.0
1055.859   -23.1     6.9    -6.6
1057.520    -9.6   -10.3    -9.3
1059.180     1.3   -33.1   -19.3
1060.840     9.8   -17.0    10.9
1062.500    -3.8     0.2   -17.5
1064.160    -8.9    -1.0   -20.6
1065.820   -20.1    19.2     4.4
1067.480   -11.2    11.9     8.1
1069.141    11.5   -36.1   -13.7
1070.801    -4.6   -22.3    -2.3
1072.461    -5.5   -14.7    -1.1
1074.121   -18.3    -1.0   -19.0
1075.781   -28.5     8.5   -19.6
1077.441     0.2     7.9     6.7
1079.102    11.8   -12.3     6.9
1080.762     0.7   -23.1   -10.0
1082.422   -19.5    -6.3     2.5
1084.082   -23.9     2.4     0.8
1085.742   -29.6     2.9   -25.3
1087.402   -19.0     4.8   -21.0
1089.062     2.0     3.1    19.7
1090.723    14.1   -28.6   -18.9
1092.383     3.7   -28.6   -13.5
1094.043   -21.8    -8.5     0.0
1095.703   -35.4     4.5    -8.0
1097.363    -8.4    -1.4   -20.7
1099.023     3.9     4.3     2.9
1100.684     9.7   -23.7   -10.7
1102.344    -3.4   -19.0    -3.9
1104.004    -8.8   -15.8    -2.0
1105.664   -33.3    -1.1   -18.6
1107.324    -7.2    -6.8    -7.8
1108.984     2.6    -0.7    -4.4
1110.645    13.6    -8.2    -1.1
1112.305   -18.3   -17.3   -13.1
1113.965   -24.6   -12.5   -15.3
1115.625   -18.8   -11.7    -9.2
1117.285   -14.3    -1.5     1.5
1118.945     3.9     1.9    -8.8
1120.605    14.7    -4.9   -13.8
1122.266     5.6   -10.0     0.6
1123.926   -16.9     3.7     2.3
1125.586   -18.4   -20.7   -31.8
1127.246   -14.5   -18.1   -10.7
1128.906     0.5    13.7     3.2
1130.566     1.6    13.6     4.5
1132.227     2.5   -13.0   -14.9
1133.887   -20.0     1.1    -0.2
1135.547   -21.7   -10.7   -14.0
1137.207   -13.1   -28.2   -15.4
1138.867     2.8    -2.0    -4.2
1140.527     7.2     8.6    -0.4
1142.188    -2.4     4.7    -6.6
1143.848   -19.3    -7.0    -9.8
1145.508   -11.6   -15.2    -7.3
1147.168    -1.7   -22.2    -5.1
1148.828    -1.8   -19.2   -11.3
1150.488     2.4    -6.7   -10.9
1152.148   -11.4    12.7    -9.9
1153.809   -19.7    -4.5   -16.1
1155.469   -15.5   -24.2   -13.2
1157.129   -14.4   -26.5   -12.7
1158.789    10.8   -11.9     6.1
1160.449     5.6    -6.0    -9.9
1162.109   -22.2     9.2   -20.0
1163.770   -26.7    11.9    -3.0
1165.430   -17.6   -22.5   -12.9
1167.090    -0.5   -30.8   -18.3
1168.750    12.3    -0.1    10.9
1170.410     0.9     8.1    -4.2
1172.070   -13.2     2.9   -22.1
1173.730   -33.7    -1.1   -11.2
1175.391   -12.8   -17.0   -10.6
1177.051     2.8   -31.3   -18.0
1178.711    16.3   -19.2    -0.3
1180.371     5.1     8.1    14.7
1182.031    -9.6     3.7   -13.8
1183.691   -27.7    -3.7   -21.0
1185.352   -34.1    -7.6   -11.3
1187.012    16.7   -22.7    -1.4
1188.672    19.8   -22.5     1.3
1190.332     7.0     6.8    -5.5
1191.992   -15.1     1.9   -18.7
1193.652   -25.3     0.0   -10.6
1195.312   -29.7   -20.1   -21.2
1196.973   -20.6   -24.4   -29.5
1198.633    16.3    -4.4    16.7
1200.293    22.2     6.7    17.9
1201.953     1.5    -1.8   -19.1
1203.613   -27.9     1.4     0.7
1205.273   -31.1    -8.1   -14.4
1206.934    -7.7   -29.2    -8.7
1208.594    12.3    12.1    25.7
1210.254    13.0    14.1    26.7
1211.914    19.6     9.1    -4.8
1213.574   -22.7    -9.3    -2.9
1215.234   -33.9    -7.5    -6.6
1216.895   -28.9   -22.3   -27.1
1218.555    -2.5    -8.6     5.8
1220.215    18.1    26.8    14.5
1221.875    -7.2   -11.6   -14.8
1223.535    -6.2   -11.5   -16.5
1225.195   -21.5    -9.5    -7.1
1226.855   -25.9   -25.1   -19.6
1228.516   -21.3   -27.9   -27.3
1230.176    -3.7     3.3     1.1
1231.836     5.5    17.9     4.6
1233.496     7.7     0.5   -10.9
1235.156    -4.5   -13.8    -1.8
1236.816    -3.2   -15.5    -2.9
1238.477   -29.1   -26.0   -29.6
1240.137   -28.7    -0.4    -6.4
1241.797     3.7    10.7     4.1
1243.457    13.0    -1.7    -5.3
1245.117     2.3    -8.4     2.8
1246.777     1.2   -12.3     2.0
1248.438   -17.7   -29.5   -26.1
1250.098   -21.3     3.9     2.0
1251.758   -20.0     9.3     3.8
1253.418     9.5     0.5   -15.4
1255.078    13.1    -5.3    11.9
1256.738     0.0   -12.0     2.2
1258.398   -12.7   -24.1   -27.4
1260.059   -24.0   -16.0   -27.2
1261.719   -33.6     5.3    -3.9
1263.379   -24.3     3.1    -6.1
1265.039    19.9    -8.6    -3.9
1266.699    19.8    -6.3     6.7
1268.359    -0.8   -12.4    -6.2
1270.020   -25.0   -16.2   -22.9
1271.680   -37.5    -7.6   -12.5
1273.340   -31.8    -2.9   -16.5
1275.000    19.3    -1.8     4.9
1276.660    28.2    -1.1     6.5
1278.320    15.3    -9.4    -3.7
1279.980     2.3    -9.3    -2.0
1281.641   -51.0   -16.8   -38.2
1283.301   -42.8   -21.2   -34.8
1284.961   -20.4   -10.8     2.8
1286.621    28.5     6.2    11.0
1288.281    32.7   -13.3   -11.2
1289.941    17.4    -3.2     1.1
1291.602   -51.9   -12.1   -33.3
1293.262   -44.3   -36.5   -39.5
1294.922   -18.9   -18.5     0.0
1296.582    28.3    12.0     7.5
1298.242    33.1    -7.7    -3.0
1299.902    11.2     2.4     9.7
1301.562   -44.4   -23.6   -37.6
1303.223   -45.1   -26.7   -40.2
1304.883   -29.0   -25.9    -8.6
1306.543    16.9     7.2     7.9
1308.203    33.4     4.1     1.1
1309.863    23.0     9.6     7.7
1311.523   -20.0     0.7   -15.3
1313.184   -44.4   -28.9   -25.7
1314.844   -30.3   -26.3   -15.3
1316.504    22.2   -10.0    -7.1
1318.164    23.0    -8.6    -5.1
1319.824     1.0    17.7     3.3
1321.484    -7.5     0.3   -11.2
1323.145   -34.0   -31.5   -28.5
1324.805   -27.9   -19.9    -5.8
1326.465    -3.0   -19.6    -7.8
1328.125     7.7    -5.5   -13.4
1329.785    13.1    32.7    16.4
1331.445     2.7    16.0     7.6
1333.105   -22.0   -31.1   -35.1
1334.766   -22.0   -25.7    -3.7
1336.426   -19.5   -15.9     2.2
1338.086     2.7    -7.8   -22.6
1339.746     8.9     8.8    -3.4
1341.406     0.0    19.4    16.1
1343.066    -7.1    -2.1   -14.8
1344.727    -4.9   -32.9   -28.5
1346.387   -14.4   -22.2     4.4
1348.047   -13.2    -6.1   -11.8
1349.707    -8.0    -4.7   -19.0
1351.367   -12.4    17.3    10.4
1353.027    12.7   -14.7   -14.8
1354.688    -6.9   -16.6    -9.7
1356.348    -3.8   -20.2    -9.0
1358.008   -17.3   -11.7   -14.6
1359.668   -13.4     9.2    -0.4
1361.328    -3.8     6.6   -12.9
1362.988     2.8    -1.3   -16.7
1364.648     3.7    -9.6     9.3
1366.309    -9.1   -19.7   -18.2
1367.969   -19.9   -14.4   -13.0
1369.629   -21.0     6.4     2.1
1371.289     4.0    -6.4   -17.6
1372.949     1.4   -10.2    -7.0
1374.609     3.6    -6.0    -0.4
1376.270    -1.1   -24.5   -22.8
1377.930   -26.8   -18.4    -9.1
1379.590   -27.8     5.7     2.4
1381.250    -7.8     3.7    -7.4
1382.910     5.4   -12.0   -15.1
1384.570    -4.7     1.6     7.2
1386.230     0.5   -19.7   -11.7
1387.891    -7.7   -31.7   -20.1
1389.551   -17.5     1.8    -2.7
1391.211   -16.7     6.8    -3.0
1392.871    -5.6    -3.0   -10.6
1394.531    -1.4    -6.0     1.7
1396.191    -1.0   -12.5    -0.6
1397.852     1.0   -15.2   -11.7
1399.512    -6.2   -12.5   -11.0
1401.172   -16.1     0.3   -10.3
1402.832   -17.3     4.3   -10.6
1404.492   -14.7   -10.8    -1.4
1406.152     9.1   -22.0   -13.6
1407.812     6.0   -21.5   -12.4
1409.473    -1.8     0.0     5.9
1411.133    -5.0     3.5     1.5
1412.793   -22.3    -3.1   -22.6
1414.453   -26.7    -7.8    -8.2
1416.113    -1.3   -22.9   -10.6
1417.773    16.8   -16.5    -1.4
1419.434     6.7     2.4    11.7
1421.094    -8.9    13.5    -7.7
1422.754   -22.4     0.0   -27.0
1424.414   -27.1    -6.4   -15.5
1426.074   -28.8   -15.1    -1.9
1427.734     5.0   -32.1   -16.9
1429.395    16.0     2.4     6.4
1431.055    -5.8    13.7    -0.2
1432.715   -21.7     1.3   -19.7
1434.375   -21.6    -2.2   -14.4
1436.035   -18.7   -25.7   -16.8
1437.695    -7.1   -35.3   -20.3
1439.355    16.8    -1.2    13.5
1441.016     8.3    16.0    -3.0
1442.676   -15.9     6.7   -14.4
1444.336   -24.6   -10.4   -10.5
1445.996    -6.6   -35.2   -24.1
1447.656    10.4    -2.2    17.9
1449.316     3.3     7.4     9.8
1450.977    -5.9     7.5   -26.2
1452.637   -14.3     6.9    -6.2
1454.297   -16.4    -9.0   -11.5
1455.957    -5.8   -45.0   -36.2
1457.617    -0.7   -30.4    -6.6
1459.277    -4.9     8.9    20.3
1460.938    -4.0     0.7   -26.9
1462.598    -6.6    -7.5   -17.6
1464.258    -3.5     7.0     9.3
1465.918    -3.6   -17.0   -14.1
1467.578    -9.4   -35.5   -18.2
1469.238   -15.1     2.3     4.6
1470.898   -12.5     2.4   -22.8
1472.559   -12.4    -0.9   -17.9
1474.219     7.4    -1.5     4.7
1475.879    11.6   -12.6    -9.6
1477.539   -13.1   -32.3   -22.5
1479.199   -25.2    -6.0    -3.5
1480.859   -16.8    -1.8   -20.3
1482.520    -0.2     5.6     5.8
1484.180    18.8     2.2    10.2
1485.840    15.6   -23.7   -16.6
1487.500   -29.4    -6.7    -1.7
1489.160   -32.5    -6.3    -6.9
1490.820   -25.5   -16.5   -25.1
1492.480     7.7     9.5     9.1
1494.141    27.0    16.0    21.2
1495.801    14.1   -19.4   -18.4
1497.461     3.7   -26.8   -26.2
1499.121   -31.7    -9.4    -1.1
1500.781   -26.5    -9.5   -27.7
1502.441     4.0     6.3    -4.4
1504.102     6.8     9.0     5.7
1505.762    16.5   -12.5    -7.4
1507.422   -46.9   -14.0    -9.8
1509.082   -43.9   -15.3    -8.6
1510.742   -39.8    -3.0   -15.5
1512.402   -11.5    -3.4   -13.8
1514.062    22.2     5.6     8.4
1515.723    17.0     0.2    -3.2
1517.383   -17.4   -29.4   -14.2
1519.043   -41.8   -24.3   -11.5
1520.703   -35.4   -12.0   -15.4
1522.363     5.0    15.0     3.0
1524.023    13.1    -3.9    -6.0
1525.684    11.5   -16.8   -10.2
1527.344     4.4   -22.1     1.0
1529.004   -29.3   -20.7   -35.1
1530.664   -26.4    -4.0   -17.7
1532.324    -4.3    25.6    17.0
1533.984     6.4    20.0     7.7
1535.645    20.3   -30.0   -23.2
1537.305   -12.6   -11.1    10.1
1538.965   -22.4   -17.7   -28.2
1540.625   -23.9     4.0    -1.2
1542.285   -13.3    27.8    10.4
1543.945     4.5     1.8   -14.0
1545.605    12.0   -33.6   -15.5
1547.266    -2.1   -14.7     5.6
1548.926    -9.7   -10.0    -8.2
1550.586   -17.9   -10.0   -20.0
1552.246   -27.2    18.5    -9.9
1553.906   -15.8     5.9   -13.5
1555.566    18.8   -30.0    -2.0
1557.227    23.6   -28.1     1.5
1558.887    -8.6    -5.1    -7.7
1560.547   -33.7    19.3   -11.1
1562.207   -31.5    10.8   -19.4
1563.867   -22.5   -11.0   -28.7
1565.527     1.8   -30.6    -6.8
1567.188    31.8   -15.0     9.2
1568.848     0.9    -0.5   -13.0
1570.508    -9.4     3.1    -9.8
1572.168   -38.9    -3.2   -20.4
1573.828    -9.2   -32.1   -28.4
1575.488    -4.6   -30.8   -22.4
1577.148    36.1    -5.7    25.5
1578.809     5.5     1.2   -12.3
1580.469   -15.4     3.1   -25.4
1582.129   -45.7     6.8   -19.8
1583.789   -17.3   -31.6   -26.8
1585.449    31.4   -24.6    -5.4
1587.109    43.4     1.9    29.5
1588.770    -2.5     6.7   -23.4
1590.430    -9.6     4.9   -23.6
1592.090   -41.9   -15.1   -14.8
1593.750    -2.0   -35.3   -28.6
1595.410    15.1   -33.5    -7.1
1597.070    27.4    12.9    21.4
1598.730    -1.9     3.9   -16.2
1600.391   -50.6    -9.7   -25.2
1602.051   -52.3   -11.1   -19.4
1603.711    -3.9   -24.6    -9.6
1605.371    35.2    -4.0    21.6
1607.031    39.5    10.4    12.2
1608.691     7.8     4.0   -11.0
1610.352   -33.0    -2.6   -11.0
1612.012   -46.4   -28.0   -35.3
1613.672   -14.2   -30.6   -29.9
1615.332    21.1     7.4    23.5
1616.992    21.9     0.0    -5.1
1618.652   -27.2    -9.0   -12.3
1620.312   -35.5    -3.0    -8.7
1621.973   -33.4   -20.6   -24.4
1623.633    -9.6   -32.6   -33.9
1625.293    23.3    23.2    29.8
1626.953    25.4    24.1    14.7
1628.613   -21.1   -18.8   -26.1
1630.273   -37.7   -12.7   -10.4
1631.934   -16.7   -14.3   -22.7
1633.594    -4.7   -24.6   -22.9
1635.254    17.2    19.4    17.6
1636.914    13.8    19.0    11.7
1638.574    -8.3   -12.7   -17.4
1640.234   -33.5   -25.4   -12.4
1641.895    -7.9   -10.8   -12.8
1643.555     1.8     2.5    -1.6
1645.215     5.5     6.0     1.2
1646.875     0.6    -8.6   -12.5
1648.535   -10.3   -15.7   -12.1
1650.195   -19.4   -12.8    -4.2
1651.855    -3.2   -16.0   -24.2
1653.516    -5.0    -4.2   -10.8
1655.176    -2.9     2.9     4.7
1656.836    -1.7   -15.0   -20.8
1658.496    -9.7   -10.7    -6.7
1660.156    -9.7    -6.2    -3.2
1661.816   -10.6   -18.4   -17.6
1663.477    -6.1   -13.5   -14.4
1665.137    -3.0     6.0     5.9
1666.797    -0.6   -11.5   -15.9
1668.457     0.0   -14.1   -13.0
1670.117    -2.8     0.9     6.2
1671.777   -11.6   -20.7   -24.2
1673.438   -17.6   -11.6    -4.7
1675.098   -18.2    -6.7    -4.7
1676.758    -2.6    -2.7    -9.5
1678.418     9.8     3.7     1.3
1680.078     5.3     4.7    -0.8
1681.738   -13.4   -19.6   -20.5
1683.398   -17.5   -24.9   -11.3
1685.059   -16.4   -17.0   -43.6
1686.719    -7.2    -5.6   -10.6
1688.379    14.9    21.2    24.5
1690.039    -2.9    -2.7   -19.1
1691.699   -23.2   -28.0   -26.1
1693.359   -23.0   -31.9   -14.5
1695.020    -5.0   -17.4   -30.2
1696.680    -4.3   -15.8   -27.8
1698.340     8.5    38.2    28.6

Event #2  ts=2026-09-25 12:01:13.472  [SELECTED]
  t[ns]  u1[mV]  u2[mV]  u3[mV]
  0.000    -8.0    -4.7   -10.5
  1.660   -16.1   -24.6   -17.5
  3.320   -36.4    -7.2   -11.0
  4.980   -46.2    -3.4   -21.9
  6.641   -14.2    -3.7   -14.6
  8.301    18.0    26.9    20.3
  9.961    27.8     3.0     5.5
 11.621    -4.3   -48.1   -26.6
 13.281   -30.7   -21.0   -13.2
 14.941   -49.8     1.4   -19.8
 16.602   -21.6    -3.7   -21.7
 18.262    16.7    20.9    12.6
 19.922    23.9     9.0    14.2
 21.582    23.9   -26.0   -16.9
 23.242   -31.1   -30.1   -11.7
 24.902   -36.3    -8.4   -15.2
 26.562   -20.3     6.3   -17.1
 28.223   -21.2    12.4   -17.0
 29.883    27.0    -5.3     4.4
 31.543    23.2   -26.3    -8.4
 33.203     4.3   -30.2    -6.5
 34.863   -35.3     0.0   -26.0
 36.523   -34.3     9.7   -29.6
 38.184   -15.1    13.8     8.1
 39.844     1.8    11.1     6.3
 41.504    30.5   -36.4    -5.9
 43.164    19.8   -33.0    -5.6
 44.824   -14.7    -1.9     4.8
 46.484   -36.2    -1.8   -34.1
 48.145   -35.8    11.6   -16.0
 49.805    -2.2    -2.0     6.5
 51.465    30.1   -39.6   -19.9
 53.125    30.8   -39.8   -20.5
 54.785    -8.1     4.3     7.9
 56.445   -36.3     2.1   -35.6
 58.105   -28.3     3.1   -11.1
 59.766   -29.4     9.8    -2.7
 61.426    12.7   -23.1    -3.0
 63.086    25.2   -19.4    -1.4
 64.746    20.8   -15.0     8.2
 66.406   -15.0     9.9    -9.8
 68.066   -43.5    -1.4   -29.2
 69.727   -17.4   -12.0    -6.0
 71.387    15.9   -24.9    -6.3
 73.047    18.8   -21.1    -3.7
 74.707    23.9    -8.1     9.1
 76.367   -19.6     8.4   -12.3
 78.027   -28.4     8.1   -25.2
 79.688   -31.2    -8.8   -22.2
 81.348    -2.7   -21.5   -11.8
 83.008    21.4   -19.4    -5.2
 84.668    29.2     3.3    18.1
 86.328     7.9     6.1     4.6
 87.988   -36.1    -2.4   -32.8
 89.648   -39.9     0.5   -16.8
 91.309   -33.5    -5.8   -12.5
 92.969   -12.1   -19.7   -18.0
 94.629    17.5   -22.9    -4.0
 96.289     3.5    10.5     1.1
 97.949   -20.4    -5.9   -29.6
 99.609   -25.1    -3.5   -22.2
101.270   -30.1     0.5    -4.1
102.930     8.8   -28.6   -17.6
104.590    16.2   -20.4     6.4
106.250     7.5    -7.8     8.7
107.910    -8.1     7.5    -7.0
109.570   -20.5    -2.4   -12.9
111.230   -20.5    -3.4   -13.0
112.891   -11.0   -21.2   -18.2
114.551     8.6   -23.6    -3.2
116.211     9.9   -14.0     6.5
117.871    -4.4    -8.0   -10.4
119.531   -24.4     4.4    -2.8
121.191   -18.7    14.7     0.9
122.852    -1.5   -18.1   -28.9
124.512     4.4   -18.7     6.3
126.172    10.8    -7.3    12.6
127.832     1.3    -7.0    -3.6
129.492   -27.9    -5.5   -24.0
131.152   -32.5     7.4    -3.4
132.812    -4.3     9.4    -0.1
134.473    13.6   -30.6   -26.0
136.133     5.0   -14.5     6.3
137.793    -4.1    -1.3     6.3
139.453   -20.9   -16.3   -31.0
141.113   -25.3    -9.5   -16.9
142.773   -13.7    14.1     1.6
144.434    -2.7    -2.6   -10.4
146.094    16.1   -18.4    -4.6
147.754     8.6    -8.8    12.3
149.414    -2.2    -2.5     8.3
151.074   -20.6    -4.2   -21.0
152.734   -22.8     8.5    -9.2
154.395   -17.6     4.4    -0.8
156.055    13.6   -21.1    -9.8
157.715    23.7   -10.4     0.1
159.375    14.0   -12.7     2.3
161.035   -27.0    -8.2   -24.3
162.695   -18.0    -9.3   -12.0
164.355    -9.2    -3.4   -19.8
166.016    -1.9   -12.8   -23.6
167.676    14.9    -5.3    11.7
169.336    -8.5   -19.3   -21.4
170.996   -16.0   -17.7   -29.6
172.656   -30.8     6.5    -1.2
174.316   -19.6   -12.2   -27.9
175.977    -5.7   -37.7   -36.8
177.637    17.7    -3.6    24.7
179.297    17.8    -1.8    22.5
180.957     3.8    -7.0   -20.7
182.617   -38.1    -1.3     0.0
184.277   -34.3     4.3     1.0
185.938   -18.0   -31.7   -25.5
187.598     4.3   -36.3   -26.5
189.258     7.7    18.8    18.8
190.918     5.9    12.3     1.0
192.578    -6.4     0.6   -20.1
194.238   -29.9     0.1    -2.1
195.898   -29.1    -4.4    -6.6
197.559    -9.7   -37.1   -24.3
199.219    16.5    -1.6    13.0
200.879    16.0    14.4     6.7
202.539    -7.5     7.4   -16.2
204.199   -16.0     4.9    -7.6
205.859   -25.8    -8.9   -12.9
207.520   -18.5   -36.6   -24.6
209.180   -27.6   -21.9     0.9
210.840   -78.1     1.8     7.0
212.500  -154.2   -39.5   -12.3
214.160  -157.9   -58.1     3.8
215.820  -157.2   -72.8   -10.0
217.480  -118.8  -101.4   -29.5
219.141   -92.6   -71.5    -3.0
220.801   -73.0   -36.7    16.3
222.461   -47.3   -19.0   -20.7
224.121   -57.3   -25.7    -6.3
225.781   -52.7   -24.7    -2.0
227.441   -21.8   -62.1   -34.5
229.102    -7.8   -38.8   -14.9
230.762    -8.9   -17.7     3.7
232.422   -18.9    10.1    -9.3
234.082   -23.5    -2.3   -15.8
235.742   -17.4   -12.2    -7.2
237.402    -9.1   -39.1    -7.6
239.062    -3.7   -45.9   -16.5
240.723   -14.8     9.6    -2.2
242.383   -12.9    28.3    -3.9
244.043   -14.7    30.0     0.4
245.703   -22.2     6.9   -13.2
247.363    -9.2   -41.6   -12.8
249.023   -10.1   -52.3   -10.8
250.684     7.1   -20.1    -5.0
252.344    -5.8    10.0    -0.9
254.004   -21.5    25.3    -1.6
255.664   -18.4     1.7    -5.0
257.324    -2.7   -23.9    -9.7
258.984    -1.9   -54.5   -11.4
260.645     3.4   -37.6    -5.4
262.305     2.4     1.2    15.7
263.965   -19.0    19.2   -17.1
265.625   -26.4     6.1   -27.5
267.285   -23.7   -10.6     0.3
268.945    -3.2   -45.2   -18.3
270.605     9.1   -55.2   -22.2
272.266     0.9     1.7     7.9
273.926   -20.8    26.5     1.3
275.586   -36.4    10.1   -27.9
277.246   -26.8    -6.0   -17.4
278.906    -1.8   -19.6     0.0
280.566    17.9   -39.0    -7.5
282.227    13.7   -38.5    -2.2
283.887   -15.1     6.1    -6.2
285.547   -33.2    32.5   -15.9
287.207   -32.6     6.6    -5.6
288.867   -29.2    -5.5   -10.4
290.527     5.5   -53.8   -26.5
292.188    19.2   -34.6    -1.7
293.848   -26.3    12.5   -27.6
295.508   -32.8    13.2   -44.0
297.168   -34.7    17.1     1.0
298.828   -19.3     9.4    10.3
300.488    18.8   -40.3   -14.6
302.148    16.7   -44.5    -8.1
303.809    -4.0    20.6    19.3
305.469   -24.0    26.0   -16.0
307.129   -45.1    -3.5   -36.5
308.789   -29.8    10.2    -1.7
310.449    -4.5   -11.0    13.0
312.109    28.6   -48.8   -16.8
313.770    12.5   -23.5    -3.3
315.430   -29.7    14.9    -7.4
317.090   -39.8    -4.8   -37.7
318.750    -0.6     2.5    11.6
320.410     6.1   -12.0     6.3
322.070    29.2   -26.5    -4.0
323.730    22.0   -17.8    -7.7
325.391   -30.3    16.2   -11.6
327.051   -43.6     4.9   -32.1
328.711   -22.2    -5.4   -18.5
330.371    -0.4   -12.0     1.8
332.031    16.9   -22.0    -0.3
333.691    16.0   -19.6    -4.0
335.352     1.1    -0.5    -5.0
337.012   -28.2    -6.7   -16.5
338.672   -29.0    -1.7   -13.6
340.332     5.8   -12.9     2.1
341.992    10.6   -19.0   -13.0
343.652    10.3   -13.2     0.5
345.312     2.5     5.8    20.2
346.973   -21.2    -9.1   -29.2
348.633   -25.4   -18.7   -42.6
350.293   -14.6    -3.2     8.7
351.953     8.3   -13.0   -13.7
353.613     7.0   -20.8   -17.0
355.273    -4.8    13.8    10.4
356.934    -9.0     6.1    -1.1
358.594   -15.0   -32.9   -38.3
360.254   -17.7     0.1     4.9
361.914   -14.2     6.0     3.3
363.574    -5.1   -17.8   -24.5
365.234    -2.0   -11.0    -9.7
366.895    -2.8     7.2     7.3
368.555    -1.5    -7.8    -7.1
370.215    -9.9    -4.8    -7.7
371.875   -12.7    -1.8   -13.5
373.535   -19.3    -7.9   -18.3
375.195   -20.1    -9.0    -9.4
376.855    -9.8    -4.6     1.1
378.516     9.7   -12.6    -9.6
380.176     5.6    -2.8     3.4
381.836   -17.3   -11.1   -20.8
383.496   -26.8   -12.3   -26.7
385.156   -33.0   -10.3   -22.5
386.816    -0.1     0.9     2.6
388.477    21.7   -16.8   -12.7
390.137     7.3     6.8    19.9
391.797   -20.7   -10.5   -23.1
393.457   -25.5   -12.9   -26.5
395.117   -36.6    -4.8   -13.3
396.777   -10.4     1.8     7.9
398.438     7.7    -7.0    -1.7
400.098    25.0    -0.9     9.8
401.758   -28.1    -5.5   -26.6
403.418   -33.1   -13.7   -33.0
405.078   -34.7   -19.3   -16.3
406.738   -29.7   -13.1    -4.3
408.398    20.2    -2.2     3.8
410.059    38.1    -2.2     0.6
411.719    17.7     6.7     4.1
413.379   -28.7    -3.2   -16.9
415.039   -47.2   -26.2   -32.7
416.699   -29.4   -20.1   -17.5
418.359    19.1     4.3     7.6
420.020    19.4     3.6     7.0
421.680    20.3     5.9     0.9
423.340   -27.4   -18.0   -26.9
425.000   -40.6   -21.9   -25.5
426.660   -20.3   -15.6   -11.2
428.320     0.0   -13.6   -16.1
429.980    14.8    -2.6     2.8
431.641    20.4    22.5    23.6
433.301   -17.1   -20.0   -33.6
434.961   -27.2   -34.8   -37.7
436.621   -22.9   -10.1     2.3
438.281    -4.4    -4.7    -3.6
439.941     5.7   -12.9   -23.7
441.602    -6.5    17.2     7.3
443.262   -19.4    -3.4   -19.1
444.922   -14.1   -37.5   -25.7
446.582   -14.4   -40.4   -24.9
448.242    -1.6     4.1    11.1
449.902    -5.8    -2.0   -17.9
451.562   -11.5     0.8    -0.9
453.223   -12.3     3.8     3.9
454.883    -3.2   -30.5   -18.4
456.543     8.4   -19.0    -1.4
458.203    -4.2    10.7   -15.0
459.863   -17.2     5.5   -18.4
461.523   -30.1    -2.7   -13.7
463.184   -24.2   -15.8   -12.6
464.844    16.4   -22.9   -10.1
466.504    17.2   -12.5     7.9
468.164    15.6    13.1     7.1
469.824   -18.3    -6.6   -30.1
471.484   -40.5    -6.4   -15.3
473.145   -34.6   -10.5    -6.6
474.805     1.3   -32.7   -23.6
476.465    29.9    14.0    31.1
478.125    23.0    18.4    23.7
479.785   -18.1   -12.1   -36.2
481.445   -54.1   -19.8   -25.3
483.105   -52.4   -14.8   -11.4
484.766    12.0   -36.9   -15.0
486.426    23.9   -30.2   -16.2
488.086    20.9    32.6    21.3
489.746    -1.1    21.0    -4.5
491.406   -44.6   -25.4   -38.9
493.066   -32.1   -26.5    -3.9
494.727    -9.9   -29.0    -5.5
496.387    40.8    14.5    10.3
498.047    18.2    27.4     8.3
499.707    14.3    23.7     6.7
501.367   -36.3    -4.1   -27.0
503.027   -46.8   -42.0   -23.8
504.688    -7.7   -32.8    -8.5
506.348    12.3   -22.7     0.3
508.008    22.2    16.4     1.1
509.668   -15.5    13.2    -9.6
511.328   -44.5   -19.7   -20.7
512.988   -45.1   -18.9   -22.4
514.648   -25.4   -34.9   -16.7
516.309    16.5   -33.2    -9.7
517.969    23.6     3.9    11.7
519.629     3.4    31.2     2.2
521.289   -18.1     6.4   -26.6
522.949   -28.3   -16.1   -25.1
524.609   -11.0   -19.6    -0.2
526.270    -6.2   -31.9    -3.4
527.930    18.5   -19.0    -7.1
529.590    -9.1    11.4     2.6
531.250   -24.4    20.1   -17.1
532.910   -21.8    -3.5    -8.6
534.570   -15.9   -22.2    -2.6
536.230     5.5   -37.5   -10.6
537.891    12.3   -27.7   -11.0
539.551   -20.4    22.4   -16.1
541.211   -29.2    11.6   -23.1
542.871   -18.3     5.6    -0.1
544.531    17.2   -17.5   -13.7
546.191    13.7   -23.8    -7.4
547.852     1.4   -11.2     8.4
549.512   -11.2    -5.6   -11.5
551.172   -31.0     1.3   -31.1
552.832   -33.1     2.1   -12.7
554.492     9.0    18.7    14.6
556.152    27.4   -41.3   -23.8
557.812     4.6   -36.0    -3.2
559.473   -27.4    -6.0    -3.5
561.133   -30.9    -5.6   -35.6
562.793   -27.5     5.5   -19.7
564.453    14.0    23.2    20.6
566.113    25.1    -5.9    -4.3
567.773     9.5   -44.4   -11.9
569.434    -3.3   -32.6     2.5
571.094   -40.0    -5.3   -40.8
572.754   -37.7     3.9   -27.4
574.414   -11.6    20.8     2.7
576.074    25.7     0.1    12.1
577.734    22.5   -47.0   -19.6
579.395     5.1   -42.9   -16.4
581.055   -39.6     0.8   -19.8
582.715   -35.4     8.7   -21.6
584.375   -15.5    14.6    -3.7
586.035     8.5    -4.2    -0.7
587.695    21.3   -35.8    -1.8
589.355    13.8   -32.1     1.0
591.016   -44.5     7.4   -23.4
592.676   -42.2    10.5   -24.0
594.336   -15.8    21.7    -2.2
595.996    13.6   -23.8   -21.4
597.656    17.8   -34.5   -10.3
599.316    13.6   -20.1    17.1
600.977   -14.3    -6.1   -24.2
602.637   -42.0     9.6   -20.0
604.297   -35.5    23.9     7.0
605.957     4.3   -45.7   -27.1
607.617     7.9   -46.7   -26.3
609.277     2.3     9.9    -1.3
610.938     1.3     7.6   -14.2
612.598   -31.3     6.6   -16.3
614.258   -39.6    13.3    -3.7
615.918   -12.4   -27.5   -27.8
617.578    11.6   -45.7   -13.3
619.238    18.2     7.3    17.7
620.898    12.2    12.7     0.6
622.559   -15.9     5.6   -17.8
624.219   -30.3     2.5   -14.6
625.879   -33.4   -15.2   -24.4
627.539     3.8   -36.1    -7.2
629.199    14.4   -11.0     9.2
630.859    17.0     2.5    -2.1
632.520    -7.0    20.0    -2.2
634.180   -19.3     7.1    -7.2
635.840   -21.6   -36.2   -30.5
637.500   -12.7   -32.6   -17.1
639.160     7.6    -0.6    12.4
640.820     4.7     3.7   -14.2
642.480   -14.8     9.6     4.9
644.141   -13.7   -29.7   -28.2
645.801   -14.0   -25.0   -19.4
647.461    -9.3    -9.9     2.9
649.121    -3.1    13.6     3.3
650.781    -4.4    -5.2   -22.0
652.441    -3.8    -4.6   -20.7
654.102    -3.5    -0.6     1.8
655.762     0.6   -21.5   -19.6
657.422    -7.2    -6.8    -5.0
659.082   -19.4     9.8     1.3
660.742    -9.8   -12.6   -22.1
662.402   -11.3   -17.9   -16.1
664.062     4.5    -7.8     0.6
665.723    11.6    -9.1     0.2
667.383    -5.7    -0.3   -11.2
669.043   -26.2    -6.6   -20.4
670.703   -34.4   -10.4   -19.5
672.363   -12.7   -16.5    -7.9
674.023    12.4   -17.3    -5.7
675.684    21.1     7.4     5.7
677.344    10.0    21.0     6.7
679.004   -37.2   -20.4   -34.0
680.664   -39.6   -25.2   -33.6
682.324    -6.7   -12.7     2.9
683.984    16.3    -9.4    -3.1
685.645    30.7    -7.7    -7.4
687.305     4.1    21.1     6.0
688.965   -24.3     2.0   -15.8
690.625   -50.2   -43.6   -42.5
692.285   -38.8   -43.6   -21.3
693.945     8.1    -3.3     5.7
695.605    27.9    10.7     5.6
697.266    29.7    11.4     8.5
698.926   -34.4   -19.0   -28.0
700.586   -37.8   -19.7   -31.0
702.246   -29.4   -33.7   -18.3
703.906     4.2    -8.9    -1.4
705.566    24.6     7.8    -2.2
707.227     7.5    17.6     3.6
708.887   -17.1    -8.1   -22.4
710.547   -33.6   -39.5   -33.2
712.207   -30.4   -26.3    -5.2
713.867   -17.2   -17.4    -6.2
715.527     3.7    -5.9   -19.3
717.188    17.9    18.2    19.1
718.848    -6.2     0.8   -17.4
720.508   -25.2   -31.3   -35.7
722.168   -33.3   -26.0    -0.9
723.828   -21.8    -4.8     9.9
725.488    12.5    -9.6   -20.3
727.148     9.4     0.1    -7.0
728.809     1.6     9.3     0.1
730.469   -10.7   -23.5   -31.7
732.129   -25.3   -19.5    -6.3
733.789    -8.7    -1.0    -3.5
735.449     8.8   -14.3   -24.7
737.109     4.0     7.6     8.6
738.770    -3.9     5.9     6.1
740.430    -8.0   -15.9   -20.1
742.090   -11.1   -17.7   -16.1
743.750   -12.5    -3.3    -1.5
745.410    -3.1   -10.4   -14.2
747.070     2.4    -9.3   -11.5
748.730     2.6   -11.0    -5.9
750.391    -4.4    -4.2    -9.2
752.051   -11.3    -5.1    -5.5
753.711    -8.8    -7.7    -6.1
755.371   -16.5   -11.3   -19.6
757.031    -2.9   -12.8    -2.4
758.691    -0.5    -8.6    -3.9
760.352    -2.8    -2.9   -12.9
762.012    -6.0     3.0    -4.0
763.672   -16.0    -8.0   -17.4
765.332   -11.0   -22.3   -27.8
766.992   -11.3   -17.9    -5.2
768.652    -3.6    -1.5     5.5
770.312     2.4    -6.6   -22.9
771.973    -9.8    11.4     9.9
773.633   -12.9     0.1    -3.8
775.293    -9.4   -33.2   -24.6
776.953    -9.1     0.1    -2.7
778.613    -8.6     5.2   -10.8
780.273    -0.4    -3.0   -16.2
781.934    -7.1    11.2     4.1
783.594   -12.6     3.5    -5.9
785.254   -11.9   -31.9   -19.5
786.914    -4.4   -33.7   -17.3
788.574     1.0    -1.2    -5.2
790.234    -9.9     8.1    -5.4
791.895   -12.3     5.3   -10.0
793.555   -14.2    -2.0   -14.9
795.215    -9.3   -28.5    -2.0
796.875     4.6    -6.3   -20.7
798.535     6.3    -8.0   -19.5
800.195   -18.7    12.5    -1.1
801.855   -24.0    22.5    11.4
803.516    -5.8   -35.2   -29.0
805.176    -2.2   -36.9   -19.4
806.836    10.7    -4.9     9.1
808.496     3.2    -7.8   -20.0
810.156    -8.0     4.4   -15.6
811.816   -27.6    18.5     3.4
813.477     3.3   -44.0   -24.5
815.137     4.8   -36.4   -12.2
816.797    13.2   -18.9     8.6
818.457    -7.7     5.2   -23.4
820.117   -24.5    13.0   -13.7
821.777   -27.6     0.0    -4.6
823.438   -19.5   -13.5   -11.4
825.098    10.7   -40.3   -15.8
826.758     8.2    -8.2     4.0
828.418    -8.3    15.6   -11.3
830.078   -18.6     8.5   -12.3
831.738   -28.7    -6.9   -15.7
833.398   -14.8   -27.6   -17.3
835.059    15.1   -26.1     2.7
836.719    12.6   -14.0   -12.3
838.379    -3.1    -4.5   -19.2
840.039   -20.4    23.1     1.5
841.699   -25.6     1.4   -21.5
843.359   -21.4   -35.7   -30.1
845.020     7.4   -21.7    17.3
846.680    15.7    -7.8     5.9
848.340   -13.5    12.7   -11.1
850.000   -27.8    28.7     5.5
851.660   -19.5    -7.9   -23.4
853.320    -9.7   -44.7   -41.7
854.980    -1.5   -41.0    -5.6
856.641     4.2    -3.5     6.4
858.301    -4.6     3.4   -19.8
859.961    -8.2     5.3   -12.2
861.621   -20.6    -3.0   -20.2
863.281    -1.8   -43.3   -17.0
864.941     1.3   -48.0   -14.0
866.602     1.5   -12.6    -6.0
868.262    -8.6     7.8   -13.9
869.922   -16.7    11.3    -8.2
871.582   -13.3    13.4    -2.0
873.242    -3.5   -31.3   -13.5
874.902     1.2   -21.6     4.7
876.562    -2.9   -13.9    -7.0
878.223   -13.1    16.1    -5.4
879.883   -12.4    12.7    -1.0
881.543    -1.5   -23.2   -19.8
883.203    -1.6   -33.5    -4.8
884.863    -3.5   -18.9     2.3
886.523   -14.8   -13.7   -28.6
888.184   -11.6    15.2    -1.9
889.844     6.2    14.6     3.8
891.504     5.1   -18.7   -21.5
893.164    -8.2   -29.9   -12.2
894.824   -20.5   -13.4    -0.4
896.484   -16.2   -16.7   -16.5
898.145    -9.4   -12.3   -22.4
899.805    -4.1    16.6     4.7
901.465     6.8    -9.8   -11.4
903.125     0.3   -28.9   -21.2
904.785   -23.5   -18.8    -6.5
906.445   -18.1    -4.6   -14.2
908.105     4.2     6.0    -3.8
909.766     4.3     7.9     2.8
911.426    11.2    -0.8    -1.8
913.086     1.2   -10.4   -15.1
914.746   -28.5   -16.8   -18.5
916.406   -27.2   -17.3   -12.1
918.066    -6.2    -2.3     0.3
919.727     6.8   -12.8   -10.7
921.387     8.3    -4.5    -1.0
923.047     0.4     2.2    -7.3
924.707   -31.5   -16.4   -20.2
926.367   -31.1   -26.6   -22.7
928.027    -7.1     1.0     3.0
929.688    10.0    -7.1    -8.5
931.348     5.4   -11.8   -12.3
933.008   -13.2    -2.8    -2.5
934.668   -31.0    -4.9   -17.1
936.328   -17.6   -21.0   -22.3
937.988     5.6    -6.5     2.1
939.648     4.8     6.5    10.4
941.309     1.7   -14.2   -13.9
942.969    -8.3   -11.6   -10.3
944.629   -28.2    -0.2   -20.0
946.289   -11.9   -19.3   -12.9
947.949     3.7    -7.4     0.5
949.609    11.2   -11.8   -11.8
951.270    -3.8    -9.8     0.0
952.930   -18.1    -5.3    -4.6
954.590   -22.7    -6.6   -28.1
956.250    -6.1    -5.1    10.0
957.910     0.5   -11.4     9.2
959.570     8.1   -11.8   -25.5
961.230    -8.2     9.6     8.3
962.891   -21.3   -21.2   -26.0
964.551   -20.1   -24.9   -38.8
966.211   -16.3   -18.4   -14.2
967.871    -2.3     7.8    15.1
969.531    11.6     0.0   -11.0
971.191    -2.4    -6.9    -3.7
972.852   -15.3     5.9    14.4
974.512    -9.1   -35.5   -50.0
976.172    -5.2   -27.4   -25.2
977.832    -8.5     3.3    11.3
979.492     0.5     5.3   -12.6
981.152    -0.2    -6.4   -17.3
982.812    -4.2   -10.5   -14.0
984.473   -17.8   -33.3   -31.9
986.133   -17.5   -30.3   -32.5
987.793   -11.2    -1.4     0.2
989.453    -2.5     4.7   -10.3
991.113    -2.9     3.1   -10.8
992.773     4.5    -3.8    -4.9
994.434    -8.4   -17.4   -14.2
996.094   -14.3   -18.0    -9.7
997.754   -16.0   -12.8   -12.2
999.414   -12.2    11.1   -14.9
1001.074     0.8    18.0     8.5
1002.734    14.4     7.5    14.9
1004.395     8.2   -32.4   -20.1
1006.055   -17.5   -12.2     3.8
1007.715   -23.2     2.0     3.0
1009.375    -7.7     2.3   -14.9
1011.035    -3.7     8.8    -3.2
1012.695     8.0    21.9    24.3
1014.355     8.4   -44.3   -38.7
1016.016   -15.7   -21.1    -1.5
1017.676   -40.3    -0.5    -4.8
1019.336   -28.5    -8.2   -34.0
1020.996     0.1     5.5    -2.9
1022.656    16.4     7.2    15.8
1024.316    21.1    -2.8    -1.2
1025.977    -2.4   -26.3   -11.4
1027.637   -29.9    -7.5   -11.3
1029.297   -37.2    10.6   -13.6
1030.957   -20.5     0.6   -12.6
1032.617    32.4    -7.2    11.1
1034.277    35.1    -0.6     9.3
1035.938   -20.3    -7.8   -21.0
1037.598   -43.1   -24.2   -30.6
1039.258   -40.9    -8.5   -27.8
1040.918   -18.4     7.1    -8.2
1042.578    26.2   -11.1   -11.0
1044.238    27.5   -18.5     1.3
1045.898     1.9    -0.1     8.9
1047.559   -18.7     2.4    -9.6
1049.219   -55.9   -26.7   -40.1
1050.879   -35.3   -11.5    -6.6
1052.539    -4.9    -7.8    -7.2
1054.199    34.5   -14.5   -17.2
1055.859    17.7     7.1     5.8
1057.520    -9.2     0.7    -4.5
1059.180   -37.7   -27.9   -35.2
1060.840   -46.9   -28.2   -20.5
1062.500   -26.8    -1.7     0.0
1064.160    25.4   -14.9    -0.5
1065.820    32.3    -7.9     8.0
1067.480   -19.4     1.9    -2.2
1069.141   -29.9   -21.9   -23.3
1070.801   -37.9   -31.4   -30.1
1072.461     2.4    -8.7     2.6
1074.121    31.2     0.7     7.1
1075.781    26.3    12.1     7.3
1077.441    -9.7    -6.1    -8.8
1079.102   -33.3   -17.5   -20.0
1080.762   -24.7   -21.1   -21.5
1082.422    -7.8   -24.2   -19.4
1084.082     7.6     6.6     9.2
1085.742    14.3    19.9     9.7
1087.402    -4.8   -16.1   -18.0
1089.062   -11.2   -14.0    -4.6
1090.723   -15.7   -19.6   -15.8
1092.383   -12.1   -33.6   -30.4
1094.043    -1.2    -5.1     2.9
1095.703    10.2    32.5    11.0
1097.363    -5.0   -15.3   -27.5
1099.023   -10.1    -8.2     6.9
1100.684   -16.6   -14.6     1.9
1102.344   -12.0   -28.0   -25.7
1104.004    -4.3    18.0    13.4
1105.664    -7.4    20.8     8.1
1107.324     4.0   -14.4   -10.4
1108.984     1.1   -11.5     7.0
1110.645    -2.5   -10.8    -8.7
1112.305   -17.1   -23.3   -29.0
1113.965   -13.7     3.7    -2.3
1115.625   -12.3    11.9    -6.0
1117.285     4.2    -2.7    -6.0
1118.945    12.7    -3.5     6.1
1120.605     3.9   -17.1   -15.9
1122.266   -12.5   -29.5   -33.5
1123.926   -25.0    -3.6     2.8
1125.586   -19.5     5.3     3.7
1127.246    -3.6   -10.6   -30.2
1128.906     8.5     5.9    14.4
1130.566     5.8    -9.1    -9.2
1132.227    -6.1   -24.1   -26.4
1133.887   -22.6    -8.9    -0.2
1135.547   -32.1    11.6     9.3
1137.207   -13.5   -13.2   -25.8
1138.867     6.4    -4.2    -3.8
1140.527     5.0    -4.2     1.5
1142.188    -6.5   -19.2   -24.0
1143.848   -30.6   -12.5    -5.3
1145.508   -30.5     4.0     1.1
1147.168    -4.0    -7.9   -19.1
1148.828    18.1     0.0    -2.3
1150.488     6.2    -9.2    -1.1
1152.148    -9.0   -13.2   -17.5
1153.809   -22.2   -14.2   -16.9
1155.469   -13.9    -4.4    -7.9
1157.129    -8.0     8.1    -3.5
1158.789     2.1    -2.7     0.0
1160.449    -7.7   -11.3    -7.1
1162.109    -7.1   -17.9   -18.6
1163.770    -8.8    -8.1    -4.0
1165.430   -11.2    -4.6    -0.5
1167.090     1.0     9.5    -3.5
1168.750    -8.6     7.1    -6.4
1170.410    -8.4    -4.0    -3.1
1172.070    -8.8   -23.5   -13.0
1173.730   -13.0    -5.8     2.3
1175.391    -7.4     2.8     1.9
1177.051     0.5     1.6   -10.0
1178.711     0.2     8.3     3.3
1180.371   -15.6   -16.7   -18.0
1182.031   -15.1   -31.9   -22.8
1183.691   -10.7   -14.0    -5.8
1185.352    -2.0    -6.3     4.2
1187.012     3.0     4.8    -4.1
1188.672     2.2     0.7    -2.3
1190.332   -18.7    -9.0   -18.8
1191.992   -10.4   -25.2   -11.0
1193.652    -6.1   -16.4     1.9
1195.312     6.3     9.9    -7.4
1196.973    -0.4     2.1    -5.0
1198.633     3.7     4.0    -3.9
1200.293   -11.2    -5.7    -7.9
1201.953   -12.5   -36.6   -32.2
1203.613    -9.1    -2.5     9.5
1205.273     8.6     9.0   -10.8
1206.934     8.6     0.0   -19.2
1208.594    -8.0     6.1     4.5
1210.254   -14.1   -24.0   -25.8
1211.914   -15.9   -46.5   -34.9
1213.574   -19.4     2.7    11.7
1215.234    -4.8    19.1     4.6
1216.895    -0.6    -0.6     3.2
1218.555    -0.6    -2.0     7.9
1220.215     1.7   -12.1    -3.7
1221.875    -8.6   -37.6   -29.2
1223.535   -23.0    -7.8    -3.2
1225.195    -9.2     5.6   -15.1
1226.855     0.7    -5.1   -27.4
1228.516     9.1    -7.1    -9.1
1230.176     4.5   -19.7    -4.4
1231.836     0.2   -24.3   -11.7
1233.496   -31.7    -6.2    -8.3
1235.156   -33.8     7.7    -9.2
1236.816   -14.0     3.7   -12.1
1238.477    27.6    -2.5     8.1
1240.137    29.1    -8.2     8.1
1241.797    -3.5   -16.6   -12.5
1243.457   -35.5   -12.4   -13.9
1245.117   -43.2    -5.3   -26.7
1246.777   -34.1   -10.3   -33.7
1248.438    23.9     8.2    17.6
1250.098    35.5    -8.7    -3.4
1251.758    11.3   -21.9   -10.8
1253.418   -35.1    -6.4    -6.6
1255.078   -50.8    -9.1   -39.6
1256.738   -26.1   -16.1   -32.1
1258.398    10.9     9.8    29.2
1260.059    38.1     7.4    14.4
1261.719    15.5   -24.4   -20.4
1263.379   -56.5    -3.1    -8.2
1265.039   -57.2   -11.4   -24.3
1266.699   -41.4   -27.5   -42.3
1268.359    26.3    23.8    28.2
1270.020    30.3   -10.2   -11.6
1271.680    30.5   -10.4    -9.9
1273.340   -28.2   -16.4   -10.0
1275.000   -64.3   -24.8   -35.1
1276.660   -49.6   -32.1   -32.5
1278.320     1.1     3.8     2.4
1279.980    38.6    15.1     5.2
1281.641    20.2    -3.7    -5.8
1283.301   -29.3   -28.6   -18.0
1284.961   -51.1   -29.7   -39.3
1286.621   -12.8     0.4     1.3
1288.281    21.3    22.8    18.3
1289.941    35.2    13.0    -8.0
1291.602     8.5    -3.7    -6.7
1293.262   -22.7   -22.7    -9.0
1294.922   -39.5   -43.4   -35.6
1296.582   -33.5   -26.6   -22.0
1298.242    10.0    24.2    21.1
1299.902     9.1    25.0    18.0
1301.562    23.9    -2.3   -12.2
1303.223   -10.8   -18.0    -3.5
1304.883   -24.2   -41.7   -25.6
1306.543   -20.6    -9.8   -22.4
1308.203   -15.9     5.5     1.9
1309.863     0.9    28.9     4.8
1311.523     6.5     2.6   -17.6
1313.184     0.0   -21.7    -2.9
1314.844    -9.9   -21.3    -9.3
1316.504    -6.0   -10.6    -9.7
1318.164   -21.7    12.2   -12.4
1319.824   -19.5    17.1    -8.9
1321.484    -1.9   -19.7    -5.4
1323.145     6.4   -28.9   -16.9
1324.805     5.3   -24.7     0.0
1326.465    -9.2    -3.4    -0.6
1328.125   -19.3    13.0    -7.8
1329.785   -26.5   -11.0   -22.2
1331.445    -0.5   -13.9    -3.1
1333.105    15.4   -24.7   -10.8
1334.766    17.8   -21.0     0.2
1336.426    -3.7     8.2     5.9
1338.086   -38.6     6.5   -27.6
1339.746   -40.1   -10.9   -35.6
1341.406    -7.1   -27.3    -2.8
1343.066    19.1   -18.5     5.4
1344.727    26.9   -10.7     0.5
1346.387    -1.9     8.0     0.0
1348.047   -35.9    12.7   -12.7
1349.707   -41.4   -24.3   -33.8
1351.367   -30.7   -32.9   -32.4
1353.027    19.6   -14.3    15.3
1354.688    27.3    -3.3    -5.2
1356.348    -8.2     9.8     1.5
1358.008   -39.5     3.9   -18.3
1359.668   -49.1   -13.2   -37.9
1361.328   -34.7   -29.8   -32.6
1362.988    12.5   -11.9    14.0
1364.648    24.9    -0.3    -5.5
1366.309    12.1    -3.4    -3.8
1367.969   -39.0     2.6    -5.4
1369.629   -36.2   -29.9   -45.2
1371.289    -6.1   -14.9    -3.1
1372.949    30.1     4.8    11.4
1374.609    31.2     7.1     9.3
1376.270   -14.1     4.4    -1.4
1377.930   -43.5     1.1    -6.6
1379.590   -21.8   -36.9   -41.6
1381.250    -0.4   -18.0    -4.4
1382.910    24.4    18.6    29.2
1384.570     8.2    -6.6   -22.4
1386.230   -39.4    -8.3    -7.5
1387.891   -41.3    -9.1    -2.9
1389.551   -11.6   -34.5   -28.3
1391.211    12.2    -9.5   -10.2
1392.871    14.8     8.3    12.7
1394.531    11.1    15.9     4.4
1396.191   -22.0   -17.4   -23.5
1397.852   -32.6   -29.0   -14.1
1399.512     3.4   -16.9   -13.6
1401.172    15.8   -11.3    -7.6
1402.832    25.2    12.0     6.5
1404.492    -6.2    10.7    -9.6
1406.152   -29.2   -16.4   -18.4
1407.812   -26.7   -30.8    -8.8
1409.473    -2.4   -27.4   -15.8
1411.133    15.4     3.5    -3.7
1412.793     7.6    22.0     2.0
1414.453   -18.2    -2.0   -24.8
1416.113   -25.3    -6.3    -8.7
1417.773   -21.2   -24.8    -8.3
1419.434     9.6   -28.6   -21.7
1421.094     9.2     3.2     5.4
1422.754    -7.6    10.5   -13.5
1424.414   -18.7   -12.6   -25.9
1426.074   -21.2    -3.7     6.5
1427.734   -14.5   -15.1    -7.2
1429.395     5.3   -36.1   -22.1
1431.055     1.8     1.3     4.7
1432.715   -21.2    18.2    -6.7
1434.375   -20.0     4.5   -24.1
1436.035   -20.4    -4.1   -14.6
1437.695     7.1   -21.3    -4.2
1439.355    16.0   -28.9    -9.2
1441.016    10.3   -15.5    -0.8
1442.676    -1.4    -4.2    -3.2
1444.336   -27.4     5.9   -14.0
1445.996   -30.8    -0.6   -10.3
1447.656    14.1   -21.4    -6.8
1449.316    13.5   -29.5   -12.1
1450.977     2.0   -12.2     0.2
1452.637   -15.3   -14.5   -28.3
1454.297   -35.9     3.6    -6.0
1455.957   -26.7    17.6     8.9
1457.617     7.9    -1.1    -7.5
1459.277    26.7   -32.6   -18.6
1460.938   -13.8    -9.6     5.8
1462.598   -18.7   -17.2   -22.0
1464.258   -28.3   -11.9   -33.3
1465.918   -31.0     5.5    -6.0
1467.578   -17.6    19.0    12.9
1469.238    17.0   -38.6   -25.5
1470.898    18.5   -29.9   -18.6
1472.559   -10.8    -0.5     2.4
1474.219   -24.3   -11.2   -13.9
1475.879   -27.6     1.0   -30.0
1477.539   -10.5    17.4     3.4
1479.199    -4.8    15.9     8.3
1480.859    21.0   -39.4   -10.8
1482.520     8.0   -22.8     1.3
1484.180   -22.6     4.4   -16.1
1485.840   -29.2    18.3   -16.3
1487.500   -21.1    14.8    -6.3
1489.160    -1.7     0.1    -6.5
1490.820     5.5   -19.7    -9.6
1492.480    18.9   -32.1    -1.4
1494.141     3.3   -22.9    -2.0
1495.801   -26.3    20.7    -8.2
1497.461   -25.9    27.0    -2.3
1499.121   -13.4   -22.0   -24.3
1500.781    12.3   -29.9    17.9
1502.441    15.2   -18.2    16.5
1504.102    -0.6    -0.1   -19.3
1505.762   -14.0     8.2   -26.2
1507.422   -25.2    30.4    11.2
1509.082   -23.8    22.4     8.0
1510.742     2.6   -58.1   -22.9
1512.402    15.5   -43.1     4.1
1514.062     7.6     2.4    -1.9
1515.723    -6.3     9.5   -14.0
1517.383   -27.9    33.2    -2.8
1519.043   -25.0    19.4     0.0
1520.703    -4.4   -43.8   -21.6
1522.363    13.9   -56.3   -10.9
1524.023    16.8   -21.4     8.6
1525.684    -4.2    13.2   -10.9
1527.344   -26.4    27.5    -6.2
1529.004    -7.4    -6.5    -6.7
1530.664     0.0   -39.4   -20.2
1532.324     7.8   -52.3    -7.7
1533.984     3.9    -7.7     2.4
1535.645   -21.8    15.3   -21.3
1537.305   -30.2    29.4    -6.4
1538.965   -20.4     6.6   -12.4
1540.625     9.7   -46.8   -16.8
1542.285    24.6   -42.7     7.5
1543.945     8.7    -2.1     0.5
1545.605   -16.8     8.1   -31.2
1547.266   -36.7    25.9   -10.0
1548.926   -21.5     6.4    -8.6
1550.586     1.3   -30.6   -17.9
1552.246    30.2   -40.5     0.4
1553.906    -2.1     5.7     3.6
1555.566   -11.5     4.5   -11.3
1557.227   -40.5    12.6   -22.6
1558.887   -26.6     5.2   -11.5
1560.547    -9.2    -4.8    -4.3
1562.207    36.6   -37.2     3.4
1563.867    11.5   -10.7     7.6
1565.527   -30.4     5.9   -23.6
1567.188   -30.9     7.6   -24.4
1568.848   -27.7   -10.9   -13.1
1570.508     1.9   -21.3    -3.6
1572.168    25.8   -27.6     0.9
1573.828    24.0   -11.9     5.0
1575.488   -12.4    -3.7    -6.3
1577.148   -39.0     5.7   -21.2
1578.809   -41.7    -6.4   -21.2
1580.469   -36.6   -21.9   -28.9
1582.129    17.7   -22.0     3.8
1583.789    28.2    -6.5     7.4
1585.449    -0.9    -7.3   -14.4
1587.109   -15.7    -3.7   -21.7
1588.770   -37.6     3.9   -13.1
1590.430   -37.3   -12.9   -18.7
1592.090     0.2   -31.7   -20.2
1593.750    32.0    -4.5    15.8
1595.410    20.2     9.2    10.7
1597.070   -15.6   -10.6   -16.2
1598.730   -25.2    -2.9   -11.8
1600.391   -37.6    -6.8   -17.5
1602.051   -23.1   -29.1   -28.4
1603.711    12.8    -8.3     5.8
1605.371    25.3    12.4    16.4
1607.031    -2.2     4.1   -12.6
1608.691   -22.4     0.2   -12.5
1610.352   -38.2   -20.5   -33.4
1612.012   -30.5   -21.7   -32.7
1613.672    -6.7   -23.8    -3.0
1615.332    15.0     8.7     0.9
1616.992    20.4     2.1    -6.5
1618.652   -11.3     4.2     5.6
1620.312   -26.1   -30.1   -35.7
1621.973   -32.7   -35.1   -34.5
1623.633   -11.8     6.1    13.6
1625.293    15.9     2.4    -3.6
1626.953    26.6    -4.3   -13.2
1628.613    16.7    -0.3    -4.7
1630.273   -14.1    -3.7    -2.8
1631.934   -31.2   -44.8   -45.5
1633.594   -18.1     9.1    14.8
1635.254     5.1    16.3    13.2
1636.914    22.5    -6.1   -10.7
1638.574    24.0    -6.4   -11.8
1640.234   -10.5    -1.2     1.9
1641.895   -12.7    -1.0    -0.4
1643.555   -41.0   -40.5   -44.2
1645.215   -17.4     0.3     4.3
1646.875     7.4    16.0     9.2
1648.535    21.3     1.3    -9.3
1650.195     7.2    -5.4    -0.2
1651.855   -10.2   -14.1    -1.8
1653.516   -26.9   -23.1   -28.9
1655.176   -19.4    -8.2   -12.6
1656.836    -7.4     7.6    -4.7
1658.496    14.5     9.7     3.4
1660.156     6.1   -18.0    -5.5
1661.816     0.1   -21.2   -14.5
1663.477   -24.6   -16.0   -17.9
1665.137   -16.9    -0.2     2.9
1666.797    -9.7    -7.1   -20.1
1668.457     4.7     0.8   -10.9
1670.117     4.7     3.6    12.8
1671.777    -4.5   -37.4   -32.9
1673.438   -16.3   -34.2   -22.8
1675.098   -17.1     8.5     1.1
1676.758    -7.7   -12.7   -40.8
1678.418    -5.1    -6.2   -12.3
1680.078    -3.6    10.9    16.7
1681.738     3.4   -11.0    -7.5
1683.398     1.0   -21.1    -7.1
1685.059   -11.7    -3.1    -2.1
1686.719   -10.9    12.0    -9.2
1688.379   -14.0   -12.6   -19.6
1690.039    -0.4    -3.1    -5.4
1691.699     0.0    -4.0    -3.8
1693.359     5.1   -21.0   -12.7
1695.020    10.2    -7.8    -1.5
1696.680   -15.3     2.9   -18.0
1698.340   -24.1     6.8   -18.4

Event #3  ts=2026-09-25 12:01:13.718  [SELECTED]
  t[ns]  u1[mV]  u2[mV]  u3[mV]
  0.000    -1.2   -51.1   -26.4
  1.660   -17.9    10.8   -18.8
  3.320   -18.3     8.7     0.3
  4.980    -5.5   -13.6    -9.2
  6.641     5.4   -35.1   -23.7
  8.301    -2.9   -19.0    -5.2
  9.961    -3.0     7.0    13.9
 11.621   -12.7    -1.4   -18.0
 13.281   -20.4    -9.5   -28.7
 14.941   -16.5     0.1    -5.7
 16.602    15.0   -23.3   -19.8
 18.262    -0.9   -27.6   -22.1
 19.922    -9.6    -3.1     6.4
 21.582   -23.5     7.1    -4.0
 23.242   -25.2   -14.6   -34.9
 24.902     0.5    -6.5    -1.7
 26.562     5.9    10.1    21.5
 28.223    10.0   -25.8   -23.7
 29.883   -20.5   -10.9   -10.7
 31.543   -24.3    -5.3    -4.1
 33.203    -8.8   -14.6   -19.8
 34.863     4.9   -19.1   -13.7
 36.523    15.9     0.5     6.8
 38.184     0.9    -4.5   -11.3
 39.844    -3.2    -9.3   -12.4
 41.504   -25.4   -16.4   -17.3
 43.164   -30.7   -12.2   -21.2
 44.824    -0.3    -5.5     6.8
 46.484    15.1    -0.8     8.9
 48.145    -0.8    -6.6   -11.2
 49.805   -17.0     3.5    11.0
 51.465   -21.4     5.7    11.3
 53.125   -26.4   -26.3   -31.9
 54.785   -23.8   -33.6   -37.1
 56.445     1.3    14.0    28.1
 58.105    17.2   -11.9   -26.5
 59.766    -7.0   -21.2   -22.8
 61.426   -20.7     8.3    15.6
 63.086   -22.3    15.2    11.7
 64.746    -8.5   -38.1   -38.5
 66.406     2.1    -8.0     3.0
 68.066     2.7    -3.4   -23.9
 69.727   -13.0   -22.6   -22.2
 71.387   -15.2   -17.7   -14.0
 73.047   -13.6     0.0    -3.7
 74.707     0.2   -19.4   -22.7
 76.367     2.1   -21.5   -15.7
 78.027    -9.9    -1.4    -7.4
 79.688   -11.6   -16.1   -15.5
 81.348    -9.3   -10.1    -9.9
 83.008    -3.0    -1.3    -7.1
 84.668    -0.8    -0.9    -2.8
 86.328     0.6    -1.2    -3.2
 87.988    -7.7    -7.3   -11.5
 89.648   -19.3   -21.2   -24.6
 91.309   -13.3   -10.1    -1.0
 92.969    -5.8    -3.6    -2.0
 94.629    -1.4    -4.5   -17.6
 96.289    -0.8     9.4    12.0
 97.949    -0.6     9.2    12.3
 99.609   -15.2   -33.7   -35.6
101.270   -22.7   -14.3    -3.3
102.930   -12.1     7.5    10.4
104.590    10.4    -3.7   -18.5
106.250     3.9    -3.4   -12.2
107.910    -8.5     8.8     9.9
109.570   -14.0   -12.3   -11.3
111.230   -18.9   -38.6   -27.6
112.891   -14.5    -4.0     6.6
114.551     0.6    18.0     6.3
116.211     7.8     4.6   -22.6
117.871    -2.2    -4.4   -12.7
119.531   -12.6   -31.7   -21.4
121.191   -10.0   -32.4   -30.8
122.852   -12.1    -4.1    -4.7
124.512   -13.3     8.0     0.7
126.172    -3.9    14.8    -0.2
127.832     1.8   -13.9   -11.1
129.492    -5.3   -28.9   -15.9
131.152   -12.4   -25.3   -11.7
132.812    -9.3    -3.2    -3.6
134.473   -11.3     3.2   -16.8
136.133    -4.1    12.2     4.0
137.793    -5.4    -9.0     0.7
139.453    -6.1   -27.4   -15.4
141.113    -0.4   -32.6   -11.9
142.773   -12.3    17.7    12.1
144.434   -18.7    17.9   -11.8
146.094   -15.0    -3.3   -31.3
147.754   -11.5    -2.5     5.5
149.414    -3.0   -22.2    -6.1
151.074    11.7   -41.6   -20.5
152.734    -4.5    -3.3     8.8
154.395   -25.3    14.2   -25.5
156.055   -22.2     7.1   -27.9
157.715    -5.3   -14.0     5.1
159.375    15.0   -23.9     1.2
161.035    21.8   -31.7   -14.1
162.695   -11.3     2.3    -4.9
164.355   -23.1    14.6    -4.7
166.016   -28.5     3.2   -15.3
167.676   -19.3     3.3    -4.7
169.336    13.0   -32.0   -11.9
170.996    16.2   -28.7     3.3
172.656     2.0    -0.8     9.5
174.316   -39.8     5.4   -36.3
175.977   -30.4     3.4   -10.2
177.637   -29.5     2.7    -6.6
179.297    11.3    -7.6    11.1
180.957    18.6   -39.1   -17.0
182.617    -5.4    -0.8     9.3
184.277   -16.9    17.6     6.5
185.938   -38.7    -2.5   -40.8
187.598    -5.9     4.2    17.5
189.258    34.9   -33.1    -5.0
190.918    34.8   -32.4    -5.7
192.578    21.2   -35.5   -19.6
194.238   -22.9     7.2     2.0
195.898   -49.9    18.6   -15.9
197.559   -30.6   -11.5   -38.4
199.219    -1.7    -7.0     6.6
200.879    20.7    -1.7    19.0
202.539    11.5   -33.5   -21.1
204.199     0.4   -33.4   -22.0
205.859  -142.6   -18.7   -27.2
207.520  -188.7   -57.2   -57.3
209.180  -173.3  -113.2   -64.9
210.840  -149.3  -136.0   -87.3
212.500  -110.3  -142.3  -116.7
214.160  -109.6  -134.1  -103.3
215.820  -132.1  -118.5  -117.8
217.480   -96.1   -59.9   -86.0
219.141   -80.2   -48.4   -67.4
220.801    -6.4   -41.7   -40.0
222.461   -11.4   -56.1   -36.3
224.121   -37.4   -27.4   -25.1
225.781   -47.5   -30.2   -56.9
227.441   -55.8   -35.0   -64.4
229.102   -25.1    20.8    14.4
230.762   -12.3    23.0     8.8
232.422    21.9   -42.9   -43.3
234.082    -6.8   -22.1     0.9
235.742   -29.0   -10.0    -3.9
237.402   -38.7   -32.2   -45.9
239.062   -38.6    -5.1   -28.5
240.723   -22.6    29.0     9.1
242.383    15.7   -31.9   -16.9
244.043    18.8   -43.8   -10.9
245.703    -9.3   -20.9    -7.3
247.363   -19.3   -12.0   -14.8
249.023   -39.4    11.2   -18.3
250.684   -25.1     7.7   -22.3
252.344   -12.9    -6.2    -7.3
254.004    23.3   -28.6     0.1
255.664     9.1   -27.8   -17.5
257.324     1.9   -18.1   -19.7
258.984   -47.3    14.3   -11.8
260.645   -39.3     2.2   -19.4
262.305   -10.8   -25.0   -31.2
263.965    20.3   -17.1    12.1
265.625    21.9   -23.1    -3.0
267.285     3.9   -15.7   -23.5
268.945   -51.3    21.2    -4.7
270.605   -51.8    21.2    -7.1
272.266   -21.7   -37.6   -45.7
273.926    13.3   -25.9    12.9
275.586    30.0   -10.4    25.5
277.246    22.2    -7.5   -11.3
278.906   -24.8     7.2   -14.8
280.566   -56.8    10.0   -14.6
282.227   -34.4   -37.0   -41.3
283.887    24.9   -19.1    14.0
285.547    27.6   -17.2    15.7
287.207     0.8     6.2   -13.1
288.867   -13.9     6.3   -18.0
290.527   -59.9   -10.3   -26.6
292.188   -43.3   -31.9   -28.0
293.848    15.4   -28.5    -8.2
295.508    31.4    -4.6     5.1
297.168    15.2    16.4     8.0
298.828   -11.2    18.2     4.3
300.488   -46.1   -15.7   -42.8
302.148   -37.9   -37.4   -24.3
303.809   -21.0   -30.3    -6.6
305.469    29.7    -4.8    -3.3
307.129    17.9     2.3    -5.4
308.789    -0.5    20.3     7.8
310.449   -33.4     4.2   -13.3
312.109   -36.2   -48.3   -53.0
313.770   -11.6   -26.0     5.6
315.430    13.6     5.6    15.5
317.090    17.8    -3.7   -22.7
318.750    -9.7    11.2     3.2
320.410   -27.5   -24.6   -28.6
322.070    -8.5   -33.5   -11.7
323.730   -10.3   -40.9   -23.2
325.391     4.7     7.3    -5.8
327.051    -3.3    -2.3   -21.1
328.711   -21.4     7.8    -1.4
330.371   -16.3     2.7    -4.8
332.031    -3.7   -37.4   -18.1
333.691     8.9   -22.4    -1.7
335.352    -5.7     5.2    -6.8
337.012   -11.2     7.2   -10.8
338.672   -15.4   -10.0   -10.9
340.332   -15.4   -19.9   -20.3
341.992    13.8   -15.0     3.2
343.652     5.6    -6.8     4.0
345.312   -16.8   -11.8   -27.2
346.973   -33.7    -2.2   -18.3
348.633   -31.6    10.9     2.2
350.293     6.8   -21.4   -16.4
351.953    19.5   -30.9   -17.3
353.613    10.0     7.1    14.6
355.273   -12.6    -1.4    -8.6
356.934   -39.7   -10.4   -24.3
358.594   -40.6    -7.5   -18.5
360.254    12.2   -19.2   -12.9
361.914    28.6   -23.1    -9.5
363.574    25.0    -6.6    13.0
365.234   -25.9    -7.8   -22.1
366.895   -42.7   -13.1   -42.2
368.555   -44.0    -8.1   -15.1
370.215   -26.0    -5.0     2.3
371.875    32.8   -15.8   -11.5
373.535     8.3    -1.5     2.4
375.195    13.1     1.2     7.5
376.855   -52.6   -18.4   -31.3
378.516   -53.2   -14.7   -29.4
380.176   -12.6    -7.9    -7.8
381.836    39.1    -7.9     7.0
383.496    32.2    -1.6    16.8
385.156   -19.1    -5.8   -29.1
386.816   -50.2    -8.7   -30.5
388.477   -52.2    -8.9   -13.4
390.137   -13.5   -23.5   -23.1
391.797    17.3   -27.6   -18.7
393.457    33.3    -5.9     9.8
395.117     9.6    10.0     0.2
396.777   -34.1   -13.7   -32.7
398.438   -52.9    -4.9   -11.0
400.098   -30.5   -16.5   -13.8
401.758     6.7   -36.2   -21.1
403.418    26.4     6.4    21.5
405.078    16.0    22.3    21.0
406.738   -18.1    -6.1   -29.6
408.398   -39.5   -12.1   -22.5
410.059   -26.9   -19.7   -16.3
411.719    16.9   -28.2    -3.0
413.379    25.6     8.1     3.0
415.039   -18.5    11.2   -13.1
416.699   -28.0     9.6   -12.0
418.359   -33.1   -10.2   -17.8
420.020    -7.5   -35.7   -22.2
421.680    10.7   -13.0     6.2
423.340    12.9     7.1    -4.8
425.000     0.2    12.4   -17.2
426.660   -18.9    16.6   -10.8
428.320   -20.1   -13.1   -14.7
429.980    -8.1   -40.7   -32.6
431.641     5.3   -39.4   -13.8
433.301     3.1    -3.4    20.0
434.961    -5.4    11.2   -17.1
436.621   -21.9    17.7   -22.6
438.281   -20.4     7.6    11.5
439.941   -13.9   -14.6    -0.8
441.602    10.6   -47.5   -14.4
443.262     3.0    -9.8    13.9
444.922   -16.6    19.3     0.6
446.582   -22.3     8.2   -31.8
448.242    -4.7     3.2     9.1
449.902     2.9   -36.1   -16.4
451.562    10.9   -51.5   -22.3
453.223    -4.6   -14.9     1.5
454.883   -24.6    20.0   -18.2
456.543   -22.8    16.8   -13.4
458.203     2.3    -9.6    -3.5
459.863     6.2   -37.9   -12.3
461.523     9.0   -39.2    -2.9
463.184    -3.4    -6.1    -6.7
464.844    -6.6     1.2   -14.6
466.504   -33.5    17.6    -5.0
468.164    -7.8     1.4    -1.3
469.824    15.2   -46.0   -22.4
471.484    13.2   -47.6   -15.3
473.145    -2.5     4.7     8.1
474.805   -37.9    13.9    -6.2
476.465   -35.9    12.7    -6.4
478.125   -17.0     7.1     8.6
479.785     7.4   -31.3   -19.0
481.445    11.6   -17.4    10.2
483.105    -0.5    14.4    22.0
484.766   -30.4   -11.0   -39.1
486.426   -32.0     2.0    -7.9
488.086   -22.8     8.0     6.6
489.746    11.4   -36.9   -18.1
491.406     8.6     4.1    15.4
493.066     5.0    14.9    11.0
494.727   -10.4    15.0    -9.4
496.387   -23.8    -4.7   -13.3
498.047   -17.1   -14.7    -6.1
499.707     6.7   -27.8    -4.4
501.367    10.9   -23.0    -0.4
503.027    13.0    -0.2    -5.2
504.688   -15.7    12.1    -5.7
506.348   -26.4    -7.5   -13.4
508.008   -17.1   -34.5   -31.4
509.668    -5.1   -26.8    -6.9
511.328     8.7    -2.0    17.5
512.988    11.5     0.3    -6.2
514.648    -7.2     5.0    -9.3
516.309   -17.6    17.1     6.4
517.969   -25.1   -15.0   -18.8
519.629   -10.5   -45.4   -36.6
521.289    -6.8   -12.4     1.8
522.949    13.3     7.7    -4.6
524.609     9.0    -6.3   -21.2
526.270   -15.5    10.6     1.9
527.930   -23.9   -23.2   -27.2
529.590   -21.0   -39.5   -34.7
531.250    -8.9   -20.8    -7.5
532.910     3.6     7.1    15.6
534.570    13.3     4.3    -6.0
536.230    -9.4    -1.5    -9.5
537.891   -17.5    -1.9    -9.2
539.551   -21.1   -23.8   -18.9
541.211    -6.7   -11.7    -8.2
542.871    -6.2    -7.5    -4.8
544.531    14.5     9.0     4.7
546.191    -1.1    -3.6    -9.5
547.852   -14.7   -16.6   -19.7
549.512   -25.3   -16.1   -23.8
551.172   -11.8   -16.2   -10.7
552.832     1.8   -19.7   -18.3
554.492     9.7     3.5     6.7
556.152     2.7     3.8    -3.4
557.812    -1.7    -7.4   -14.1
559.473   -20.5     1.0    11.6
561.133   -10.1    -3.1    -4.3
562.793    -1.6   -16.7   -23.1
564.453     6.3     1.5     9.2
566.113    -8.7     9.3     5.8
567.773   -11.4   -24.3   -27.8
569.434   -14.7   -13.2    -9.8
571.094   -16.4     6.8    -4.4
572.754     2.7   -19.7   -18.5
574.414     7.3   -19.7    -3.4
576.074     4.1    -0.8     7.6
577.734   -11.1     0.6   -12.7
579.395   -18.7   -10.5   -10.8
581.055   -11.9    -2.5   -14.8
582.715    -4.7   -11.5    -8.0
584.375    -1.9    -7.6     4.4
586.035    -2.7   -17.9   -22.2
587.695    -6.5   -15.5   -23.5
589.355   -18.1     8.6     3.6
591.016   -11.1     1.9    -5.5
592.676    -4.6   -15.1   -11.1
594.336    -1.2    -2.1     6.3
595.996    -5.6   -17.0   -17.5
597.656    -8.5   -18.9   -22.9
599.316   -13.3    14.4    11.7
600.977   -10.1     5.3    -1.9
602.637    -5.9   -20.4   -15.8
604.297    -4.1   -10.9     0.2
605.957    -5.9     0.1     8.3
607.617    -7.3   -19.2   -31.2
609.277    -6.5     8.7    10.8
610.938    -5.7     1.1    -8.3
612.598    -2.3   -26.1   -28.0
614.258   -10.2   -11.4     5.0
615.918   -12.9     0.6     3.8
617.578    -3.5    -4.8   -17.3
619.238    -5.0    -4.6    -0.5
620.898   -10.2    -3.6    -6.8
622.559    -9.8   -13.5   -11.0
624.219    -9.6    -6.6    -3.4
625.879    -3.1    -2.1   -13.6
627.539    -0.8    -3.7     5.7
629.199    -3.1   -10.9    -5.5
630.859    -5.6   -20.8   -29.2
632.520   -19.0    -9.3    -2.9
634.180    -5.7    -7.4   -17.3
635.840    -1.4   -17.3   -30.3
637.500     7.0     1.6     7.8
639.160    -8.0    -7.7   -15.4
640.820   -24.1   -34.2   -29.5
642.480   -24.6   -18.1    -8.7
644.141   -25.8    17.4    19.4
645.801     4.6    -6.8   -19.0
647.461    13.8   -14.8   -23.7
649.121    -2.7     9.3    10.1
650.781    -6.1   -23.4   -19.0
652.441   -25.0   -15.1   -29.9
654.102   -21.6     6.0    -1.6
655.762    -3.2     9.1    -4.1
657.422    15.3    -7.5    -2.3
659.082    16.7   -11.7    -2.2
660.742    11.4   -14.7    -5.4
662.402   -28.3    -5.2   -19.6
664.062   -28.8    -6.1   -20.5
665.723    -2.6     5.4     1.4
667.383    22.4    -5.9    -1.0
669.043    23.6    -6.8    -0.6
670.703    -2.5   -29.5   -22.6
672.363   -28.3     2.1     0.0
674.023   -19.2   -15.8   -31.3
675.684    -9.9   -11.0   -17.9
677.344    11.7     9.9    22.3
679.004    14.8    -9.6    -1.6
680.664     7.8   -38.0   -34.2
682.324   -13.1   -10.0    -4.5
683.984   -32.6     6.2   -13.3
685.645   -14.7   -22.1   -40.4
687.305    12.1     6.3    27.5
688.965    14.5     4.9    19.1
690.625    12.0   -17.4   -22.2
692.285   -18.9    -5.8    -3.9
693.945   -36.6     8.2    -9.5
695.605   -12.6   -22.2   -23.5
697.266     6.0   -21.2    -8.7
698.926     9.0    -6.6    -0.1
700.586     5.0    -0.9    -0.6
702.246    -0.9     0.3    -4.6
703.906   -32.3    -5.4   -21.3
705.566   -23.0   -16.6    -3.2
707.227    -7.9   -20.0     1.3
708.887    11.0   -23.3   -17.2
710.547    -7.2    25.7    20.6
712.207    -4.8    25.4    25.1
713.867   -24.4   -34.7   -27.5
715.527   -17.2   -23.8    -0.7
717.188   -15.6    -9.1    16.0
718.848     6.3   -26.3   -30.2
720.508    -0.2    28.8    21.9
722.168    -6.7    37.4    28.8
723.828   -14.8   -10.9   -24.4
725.488   -19.4   -46.6   -34.7
727.148    -8.7    -2.6    15.8
728.809    -2.6    -4.8     1.3
730.469     2.8   -16.5   -27.8
732.129    -3.9    20.1    13.6
733.789   -15.7     4.8    -8.4
735.449    -9.7   -45.5   -28.7
737.109    -4.9   -30.2    -2.8
738.770    -4.7    -7.8    -1.8
740.430    -5.3     5.1   -15.6
742.090    -4.8    15.1     1.9
743.750    -8.5    -1.2   -10.4
745.410    -2.7   -28.7   -15.1
747.070    -6.2   -28.3   -13.1
748.730   -11.9   -13.2   -17.4
750.391   -10.3    18.6     5.9
752.051    -6.4    18.9    -0.7
753.711    -9.5   -29.3   -24.4
755.371    -7.4   -23.8     4.6
757.031    -5.2   -18.5   -16.9
758.691   -12.5   -15.5   -31.8
760.352   -24.4    29.8    12.4
762.012   -12.4    17.3     4.2
763.672     1.9   -24.7   -30.4
765.332     3.7   -21.0     6.8
766.992    -0.8    -7.2    14.4
768.652   -12.7   -12.2   -31.6
770.312   -21.1     8.4   -10.5
771.973   -19.4    14.2    11.0
773.633    10.4   -27.5   -19.0
775.293    11.7   -23.2    -8.6
776.953   -13.3     5.1     0.8
778.613   -17.9     1.9    -7.6
780.273   -19.8    -7.0   -20.4
781.934    -3.3    -2.3    -1.4
783.594    -1.7    -7.8    -7.6
785.254     9.6   -16.7    -4.0
786.914   -12.1    -3.8    -8.5
788.574   -26.4     5.6    -8.2
790.234   -25.4    -6.8   -15.7
791.895    -6.7   -18.9   -17.6
793.555    14.6    -6.4    -0.6
795.215    20.8     6.1    11.6
796.875    -8.7   -14.8   -25.5
798.535   -22.5   -13.4   -22.8
800.195   -32.1    -0.8    -1.8
801.855   -14.6   -12.7   -17.4
803.516     8.8   -25.4   -25.2
805.176    14.2     8.3    15.6
806.836   -18.0   -20.7   -36.4
808.496   -24.0   -24.5   -35.0
810.156   -22.8    -7.8     3.5
811.816    -4.8   -11.4    -8.3
813.477    13.4   -20.3   -16.6
815.137     6.2     2.9     3.7
816.797   -11.1    14.3    -5.6
818.457   -24.1   -22.5   -17.3
820.117   -14.4   -20.1    -5.4
821.777     6.3   -10.6    -5.4
823.438    12.1    -5.3    -4.9
825.098     2.1     8.4    -0.6
826.758   -16.5    -5.9   -19.2
828.418   -31.4   -17.4   -12.7
830.078    -9.9   -16.6   -10.1
831.738    13.1   -23.5   -14.4
833.398     6.7    17.6    10.0
835.059   -14.5    17.6    -6.0
836.719   -35.2   -22.1   -38.9
838.379   -16.1   -20.2     2.6
840.039     1.9   -12.1    13.4
841.699    25.6   -17.1   -12.3
843.359    19.4     0.2   -11.1
845.020   -29.2     9.0    -0.3
846.680   -37.8   -19.6   -32.7
848.340   -35.4   -41.2   -37.8
850.000    28.3     6.8    17.1
851.660    30.6    -6.7   -14.9
853.320    28.3    -8.2   -18.3
854.980   -42.2    10.0    -5.6
856.641   -53.4   -22.5   -38.0
858.301    -6.5   -37.0   -13.5
859.961    19.3    -8.4    16.3
861.621    31.1    18.8    11.4
863.281    27.1    13.2     2.0
864.941   -43.9   -15.0   -27.3
866.602   -46.6   -18.6   -30.6
868.262   -30.2   -36.7   -17.6
869.922    27.2    -1.3     6.2
871.582    40.0    11.6    -3.3
873.242     9.5    18.8     8.6
874.902   -24.2     3.3    -4.2
876.562   -28.2   -11.5   -20.0
878.223   -39.8   -55.1   -51.7
879.883   -11.1   -10.6    16.0
881.543    35.8     8.7   -12.8
883.203    16.4    13.6     3.7
884.863   -14.2    20.7    13.4
886.523   -34.7   -31.2   -36.3
888.184   -31.1   -61.0   -41.4
889.844   -17.3   -12.3     8.5
891.504    16.3    23.5    -0.4
893.164    19.5     3.8   -20.1
894.824   -21.0   -15.0    -8.3
896.484   -24.9   -51.2   -32.4
898.145   -24.4   -57.1   -34.9
899.805    -7.3    -2.4     1.1
901.465    -3.5    23.8     4.4
903.125     3.3    -1.2    -5.2
904.785    -1.7    -7.7    -2.7
906.445    -2.4   -16.9    -7.9
908.105    -7.3   -19.0    -8.7
909.766    -3.2   -12.6   -18.8
911.426   -23.9     6.2   -14.7
913.086   -15.5    12.7    -0.2
914.746     0.1     4.2     6.0
916.406    15.0   -29.0   -18.8
918.066    13.4   -27.3   -13.8
919.727   -13.9     0.4     2.2
921.387   -34.5   -16.8   -36.6
923.047   -28.4     1.4    -6.3
924.707   -18.2     9.8    10.8
926.367    41.1   -28.5   -18.3
928.027    23.0   -16.7    -5.2
929.688   -25.8     8.0     5.2
931.348   -50.5   -20.3   -47.0
933.008   -37.7   -25.8   -29.2
934.668     1.2     8.0    20.4
936.328    34.7     0.6     9.7
937.988    42.2   -15.5    -5.5
939.648   -23.9     9.0    -2.0
941.309   -58.0   -26.9   -38.5
942.969   -46.6   -31.6   -37.1
944.629    -9.2   -19.3    -5.4
946.289    39.9    10.1    17.3
947.949     8.0     3.7    -8.3
949.609     8.3     4.6    -7.3
951.270   -50.1   -21.5   -31.3
952.930   -38.8   -26.8    -8.0
954.590   -24.3   -18.3   -10.9
956.250    20.5   -10.3   -10.8
957.910    27.5    28.2    31.6
959.570     3.2     9.2    -3.6
961.230   -47.8   -38.0   -41.1
962.891   -35.0    -5.0     9.9
964.551    11.1   -11.6   -17.7
966.211    27.8   -13.1   -17.9
967.871    11.8    25.0    24.5
969.531    -8.8    15.6     1.9
971.191   -24.0   -39.5   -46.0
972.852   -26.7   -27.5   -14.5
974.512   -15.0     4.2    13.5
976.172     9.8   -18.7   -23.4
977.832     9.2   -17.6   -24.6
979.492    -2.2    10.4    13.2
981.152   -10.7   -10.8   -20.8
982.812    -6.7   -22.8   -10.0
984.473   -16.1    -2.3    -4.5
986.133   -13.5    -2.6   -12.2
987.793    -8.7    -6.7    -8.8
989.453    -5.6    -0.4    -2.1
991.113     1.9   -11.6    -9.6
992.773     1.7    -7.9     3.3
994.434     1.0    -1.7    -4.5
996.094   -20.1   -21.3   -29.3
997.754   -24.5    -8.3    -6.6
999.414    -4.5    -4.7    -5.6
1001.074    10.5   -17.0   -20.4
1002.734     6.1    10.2    14.6
1004.395    -4.1    -1.1    -1.6
1006.055   -20.0   -27.9   -35.8
1007.715   -27.9    -0.7     3.9
1009.375     5.1    -3.9    -6.3
1011.035    14.9   -17.2   -24.7
1012.695     1.5     9.4    12.8
1014.355    -7.5     4.2     6.2
1016.016   -22.1   -36.0   -39.2
1017.676   -22.5   -18.4   -17.0
1019.336    -7.7     7.0    14.5
1020.996     7.3    -6.3   -17.5
1022.656     2.9    -5.4    -7.6
1024.316   -11.8    -1.1     6.3
1025.977   -17.9   -20.7   -21.2
1027.637    -9.4   -17.0   -12.0
1029.297   -10.1    -9.7    -2.4
1030.957    -1.3     7.6    -1.7
1032.617    -1.7    -5.3    -8.5
1034.277    -9.2   -12.6   -13.1
1035.938   -12.1   -20.5   -18.2
1037.598    -3.4   -11.6    -4.2
1039.258    -3.3    -2.7     6.4
1040.918    -4.1    -3.3   -16.2
1042.578   -14.1     0.8     3.2
1044.238   -21.0    -4.6    -1.3
1045.898    -2.5   -37.2   -31.0
1047.559     3.2     7.5    22.1
1049.219     2.7    14.7    -0.2
1050.879   -11.3   -21.0   -32.9
1052.539   -11.3   -20.8   -28.8
1054.199   -18.1   -14.9    -6.7
1055.859     4.6   -32.8   -28.7
1057.520    15.7     9.9    20.9
1059.180     6.2    24.2     7.8
1060.840   -12.2    -6.0   -23.9
1062.500   -28.9   -20.1   -13.6
1064.160    -8.8   -23.4   -13.5
1065.820     6.9   -22.4    -5.8
1067.480    21.2     9.7     4.4
1069.141     9.3    18.6    -5.5
1070.801   -11.7    11.2   -15.5
1072.461   -36.8   -15.3   -16.2
1074.121   -21.2   -31.7   -26.9
1075.781    17.3    -4.7    10.1
1077.441    17.5    16.1     2.4
1079.102     5.3     5.3   -15.2
1080.762   -18.3    -5.1   -25.4
1082.422   -42.4   -11.5    -7.6
1084.082    -8.2   -38.9   -29.8
1085.742    12.4   -22.1    -5.6
1087.402    21.2    27.8    28.8
1089.062     1.6     2.3   -23.3
1090.723   -28.8   -18.9   -28.6
1092.383   -26.0   -10.6     4.3
1094.043   -23.9   -18.6    -5.8
1095.703    13.4   -26.6   -21.9
1097.363     6.3    27.3    20.6
1099.023    -7.8     5.6   -18.0
1100.684   -20.2   -25.3   -21.9
1102.344   -21.8    -9.7     5.6
1104.004   -10.0   -18.6   -15.5
1105.664    11.5   -18.3   -12.1
1107.324    17.2    -1.3     1.9
1108.984   -18.3     1.7   -21.4
1110.645   -20.6   -16.3   -17.0
1112.305   -12.0   -13.2    -1.0
1113.965    -3.2   -14.9    -7.1
1115.625    -0.6    -2.2     4.9
1117.285   -12.6     3.1   -16.6
1118.945   -17.7    -1.8   -22.9
1120.605   -20.4   -13.7   -24.3
1122.266    -1.1     2.0    13.6
1123.926     2.8    -2.4    -0.6
1125.586   -13.6    -0.4    16.4
1127.246   -16.1     4.8    15.9
1128.906   -13.6   -17.7   -42.2
1130.566   -11.6   -13.8   -16.0
1132.227    -1.9    15.5    18.0
1133.887     8.7   -23.0   -27.4
1135.547     1.7   -39.8   -34.6
1137.207   -16.5    -1.0    12.0
1138.867   -17.6   -20.0   -37.1
1140.527    -9.3   -11.4   -21.7
1142.188     6.0    21.1    23.6
1143.848     6.0    10.4    11.3
1145.508     4.0   -18.5   -15.2
1147.168   -15.5   -10.4    -3.7
1148.828   -18.3    -1.4     1.6
1150.488   -14.5    -0.4   -16.2
1152.148    -5.1    -0.3   -13.6
1153.809     7.1     7.9     4.1
1155.469    -4.9   -25.8   -13.1
1157.129    -7.0   -29.5   -11.5
1158.789   -16.9   -20.7   -15.9
1160.449   -16.7     0.8   -16.1
1162.109    -7.8    25.3    12.9
1163.770     7.6    -3.1    -9.0
1165.430     8.2   -28.1   -20.8
1167.090    -0.1   -29.4    -3.1
1168.750    -3.2   -20.1     8.5
1170.410   -18.7   -17.9   -34.2
1172.070   -24.1    -3.1   -30.6
1173.730    -4.9    27.4    14.2
1175.391    11.9   -23.1   -21.5
1177.051     5.8   -47.4   -14.0
1178.711   -13.5     1.4    -7.7
1180.371   -15.3    -1.3   -26.3
1182.031   -19.0     9.6   -19.4
1183.691   -16.8    22.1     8.9
1185.352     3.1    -8.1    -4.0
1187.012     9.3   -39.1   -19.2
1188.672     1.9   -18.4     4.1
1190.332    -9.8     3.1     1.3
1191.992   -23.9    17.9   -20.0
1193.652   -24.5    15.3   -19.8
1195.312    -7.3   -12.1    -8.7
1196.973    15.0   -33.6    -4.6
1198.633    17.5   -39.2    -6.0
1200.293    -6.0   -15.7   -12.4
1201.953   -22.8    10.9   -10.2
1203.613   -28.2    32.9    -3.3
1205.273   -15.5   -28.5   -29.8
1206.934    16.1   -35.3     4.4
1208.594    27.9   -19.6    19.3
1210.254    19.5   -14.0     3.8
1211.914   -31.8    12.0   -20.9
1213.574   -40.2    30.7     5.2
1215.234   -23.0     0.5   -18.5
1216.895    15.9   -48.3   -19.7
1218.555    23.9   -14.1    29.6
1220.215     8.8    -2.9     4.8
1221.875   -19.3     3.3   -27.0
1223.535   -41.7    23.5    -2.0
1225.195   -27.1    -7.6   -18.9
1226.855    19.2   -47.3   -22.3
1228.516    32.5   -39.5     4.9
1230.176    15.0     3.4    11.6
1231.836   -26.3     0.9   -24.1
1233.496   -37.3     9.1   -19.7
1235.156   -26.5     4.1   -15.7
1236.816     3.7   -29.6   -20.4
1238.477    22.4   -35.7    -1.1
1240.137    11.0   -15.1    -0.1
1241.797   -14.6    -2.0   -16.6
1243.457   -35.9    18.8   -11.7
1245.117   -35.7    20.8   -12.2
1246.777     5.1   -27.4   -10.2
1248.438    15.2   -15.0    15.8
1250.098    27.2   -10.7    10.7
1251.758    -8.7   -15.0   -24.4
1253.418   -38.9    11.5    -3.3
1255.078   -34.1    13.7    -8.5
1256.738     0.2   -30.6   -33.6
1258.398     8.3   -30.4   -24.5
1260.059    16.5     0.2    24.7
1261.719   -11.0   -21.6   -32.3
1263.379   -28.7     2.7    -8.4
1265.039   -34.2     8.1    -0.6
1266.699   -25.3    -0.2   -17.1
1268.359    -5.1   -25.0   -38.0
1270.020    11.6   -10.0    14.2
1271.680    11.6    -7.8    10.7
1273.340    -0.4   -16.8   -24.7
1275.000   -38.3    10.9    -5.9
1276.660   -30.8     4.7   -16.8
1278.320   -24.0   -10.1   -28.9
1279.980    14.9   -18.7     8.4
1281.641    14.0    -3.7     5.3
1283.301    -4.9    -5.5   -13.8
1284.961   -23.6     0.6    -2.0
1286.621   -20.0    -8.8   -24.9
1288.281   -12.5   -14.9    -6.7
1289.941   -10.0   -13.5    -3.2
1291.602    10.8    -5.5     0.4
1293.262    10.6    -6.3   -13.4
1294.922   -11.4     7.7    13.8
1296.582   -29.5   -21.3   -42.4
1298.242   -23.6   -29.5   -15.5
1299.902    -3.0     6.7    24.0
1301.562    24.5    -6.6   -15.7
1303.223     4.8    -8.7    -9.4
1304.883   -16.1    15.5    16.9
1306.543   -27.3    22.2    13.8
1308.203   -17.4   -42.2   -46.7
1309.863    -6.6   -14.2    -1.9
1311.523    10.6     7.5    -2.0
1313.184     9.4    -1.7    -8.6
1314.844    -9.2     2.5    -6.6
1316.504    -6.8     5.9    -4.5
1318.164   -26.3   -36.0   -23.3
1319.824   -29.5   -36.2   -20.0
1321.484    -3.9    -9.2    -5.5
1323.145     3.0     7.7    -2.5
1324.805     4.1    17.4     9.2
1326.465    -7.7    -2.5   -12.5
1328.125   -17.8   -32.2   -25.8
1329.785   -20.9   -32.8   -19.5
1331.445    -6.3   -13.0   -14.4
1333.105     1.3     0.9   -11.7
1334.766    -2.5    23.5    20.0
1336.426     3.7     0.6    -7.8
1338.086   -10.2   -38.5   -34.0
1339.746   -11.7   -26.9   -11.7
1341.406   -15.9    -6.4    -9.3
1343.066   -12.7   -10.6   -31.1
1344.727    -2.2    24.8    20.8
1346.387    -0.1    25.2    23.5
1348.047     8.9   -27.2   -30.2
1349.707   -12.2   -32.7    -9.1
1351.367   -24.7     1.0    13.9
1353.027    -8.6    -7.5   -28.8
1354.688    -8.2     7.1     1.6
1356.348   -10.6     9.8    -2.0
1358.008    10.3   -21.9    -8.5
1359.668    14.6   -26.7    -5.7
1361.328   -22.9    -8.3   -20.0
1362.988   -32.2    -9.4   -27.7
1364.648   -18.1     7.9    -1.7
1366.309    -2.9     2.9    -1.8
1367.969     6.3   -12.0     7.5
1369.629     7.9   -13.1     9.8
1371.289     1.2    -4.6     5.3
1372.949   -18.7   -19.5   -29.7
1374.609   -26.2    10.6     8.2
1376.270   -14.3    13.4    -6.0
1377.930    13.5   -24.2   -15.8
1379.590     8.6    -8.6    16.7
1381.250     3.7     4.9    18.9
1382.910   -12.7   -17.3   -30.1
1384.570   -28.5   -17.2   -23.8
1386.230   -18.8    21.8    13.0
1387.891    -5.0    -9.5   -20.2
1389.551     6.8   -23.7    -6.3
1391.211     1.0     4.4    22.5
1392.871   -10.1    -6.1   -13.3
1394.531   -24.8   -12.6   -24.0
1396.191   -17.4    17.5    13.6
1397.852   -10.5     1.4    -8.1
1399.512     6.6   -35.0   -28.4
1401.172    -1.8    -8.7     6.3
1402.832   -10.6     0.7   -10.7
1404.492   -10.7    -4.2   -15.4
1406.152   -10.0     0.6    -9.6
1407.812   -12.6   -14.8   -15.4
1409.473    -4.0   -24.6   -14.3
1411.133     6.2   -26.2    -5.9
1412.793    -8.3    -8.6   -14.6
1414.453   -13.3    12.9     3.4
1416.113    -8.2    14.3     2.7
1417.773    -7.3    -0.2   -20.6
1419.434    -0.8   -25.0    -1.3
1421.094    -7.8   -15.9    12.1
1422.754    -4.4   -16.6   -12.4
1424.414    -9.5     9.5    -8.3
1426.074   -13.5    37.4    19.8
1427.734     4.0    -4.4   -11.6
1429.395    -7.9   -39.1   -17.0
1431.055    -6.3   -38.3   -16.2
1432.715   -14.7   -13.2   -13.1
1434.375    -4.3     4.0   -17.0
1436.035    -6.5    37.0    20.7
1437.695    -7.6    30.1    14.6
1439.355    -2.5   -31.7   -24.3
1441.016    -7.2   -37.3    -9.4
1442.676   -16.7   -26.1    -2.8
1444.336   -14.1    -0.9   -16.9
1445.996    -6.1    26.4    -5.5
1447.656    -5.1    14.9    -0.9
1449.316     3.6   -27.4   -16.0
1450.977    -0.6   -39.3   -13.6
1452.637    -9.0   -41.3   -10.0
1454.297   -10.1     6.4    -5.8
1455.957   -16.1    24.6    -2.6
1457.617   -14.6    24.0    -6.7
1459.277     5.9   -18.6   -11.0
1460.938     5.4   -25.7    11.5
1462.598    -9.6   -39.7   -23.0
1464.258   -13.4   -33.0   -31.9
1465.918   -19.9    30.7    10.1
1467.578   -16.4    45.6    11.7
1469.238   -10.1     5.5   -27.0
1470.898    -1.3   -26.9   -26.1
1472.559     7.6   -28.1    17.1
1474.219    -2.8   -28.7   -38.3
1475.879   -25.3    24.0     2.7
1477.539   -28.0    34.6    13.8
1479.199   -16.2    23.5    -7.9
1480.859     7.7   -34.3   -12.2
1482.520     7.2   -25.9     7.9
1484.180     0.0   -21.7     0.6
1485.840    -0.8   -15.7   -15.2
1487.500   -27.5    22.1    -7.8
1489.160   -31.8    16.8   -16.2
1490.820    -9.4   -13.0   -11.2
1492.480    12.0   -24.9     5.1
1494.141    21.1   -30.9    -4.3
1495.801    10.4   -23.9   -12.1
1497.461   -24.0    23.1     2.2
1499.121   -31.3    22.5   -10.6
1500.781   -23.7   -17.1   -28.0
1502.441     6.6   -10.3    12.4
1504.102    19.8   -19.7     5.2
1505.762    19.6   -32.6   -18.5
1507.422   -12.6     9.7     3.8
1509.082   -20.5    27.0     7.2
1510.742   -25.9    -7.0   -34.5
1512.402   -18.4   -19.1   -21.1
1514.062     4.6    -7.2    23.4
1515.723    20.5   -23.7    -3.8
1517.383     6.5   -11.1    -7.3
1519.043   -15.5    20.3    11.8
1520.703   -25.6    28.6     7.2
1522.363   -38.4    -5.4   -42.0
1524.023    -8.1   -22.9    -1.6
1525.684     7.4    -9.9    16.4
1527.344    20.8   -13.9    -4.5
1529.004     3.3     2.0     2.7
1530.664   -22.9    15.5    -2.1
1532.324   -37.1     3.7   -25.5
1533.984   -20.9   -17.8   -17.8
1535.645     0.0   -14.1     3.3
1537.305    11.6   -17.3    -4.6
1538.965    13.7   -19.2    -7.1
1540.625   -12.5     7.1   -25.5
1542.285   -28.0    -5.6   -41.2
1543.945   -39.2   -15.2   -31.0
1545.605   -13.4    -7.8    -0.4
1547.266    22.4   -33.5   -21.5
1548.926    23.8   -26.9    -9.1
1550.586     4.5    18.9    29.2
1552.246   -22.5   -10.9   -39.8
1553.906   -34.2   -26.6   -40.8
1555.566   -26.2     1.8    11.9
1557.227   -16.0     6.3     8.5
1558.887    19.2   -37.1   -27.7
1560.547    -4.3    22.0    22.4
1562.207   -14.1    16.8     0.2
1563.867   -17.3   -22.0   -42.9
1565.527   -20.6   -22.7   -34.2
1567.188    -9.4   -12.5    -4.5
1568.848    -4.8   -22.8   -15.7
1570.508     5.8   -18.3    -7.8
1572.168     3.4    15.6    14.9
1573.828    -4.0    13.3    -0.2
1575.488   -20.0   -18.5   -25.9
1577.148   -10.6   -11.1    -6.7
1578.809    -5.5   -17.0   -12.9
1580.469    -4.3   -13.0    -5.9
1582.129     0.3    -0.2    -1.2
1583.789    -1.6     1.7    -8.6
1585.449   -10.7    -6.2   -13.0
1587.109    -6.0    -4.5    -5.6
1588.770    -5.3   -26.7   -32.8
1590.430   -12.4    10.7    17.6
1592.090    -1.9     3.3    -0.8
1593.750    -3.4    -9.7   -19.8
1595.410    -3.0   -10.9   -13.7
1597.070    -9.4     6.9    15.8
1598.730    -7.4    -7.0    -5.0
1600.391   -14.2   -13.0    -5.3
1602.051   -13.4    21.7    20.8
1603.711   -16.0    19.1    15.2
1605.371     4.1   -28.4   -31.8
1607.031     1.4    -0.8     6.8
1608.691     3.1    10.2    12.1
1610.352   -19.3   -34.1   -31.1
1612.012   -31.7     0.0     0.4
1613.672   -19.3    12.8     2.5
1615.332     9.6    -9.2   -11.4
1616.992    18.9   -15.0    -5.9
1618.652    -5.0    -9.9   -11.8
1620.312   -25.4   -14.0   -17.9
1621.973   -25.1   -12.9   -13.7
1623.633   -33.9    -9.8   -14.6
1625.293    -5.4    -8.1   -10.0
1626.953    11.3    -5.6     5.6
1628.613    23.6    -2.6     3.7
1630.273     7.9   -19.9   -27.2
1631.934   -21.8   -23.2   -26.9
1633.594   -32.5     3.1   -10.9
1635.254   -23.4   -15.3   -33.6
1636.914    -0.8   -20.6   -22.3
1638.574    26.2     7.9    25.8
1640.234    24.3     5.4    13.6
1641.895   -13.5   -26.2   -32.0
1643.555   -24.8   -13.3   -21.7
1645.215   -37.9    12.4    -3.3
1646.875   -12.3   -30.2   -30.9
1648.535    13.9   -18.5     3.9
1650.195    23.2     4.4    13.2
1651.855    10.1   -13.2   -23.5
1653.516   -21.3   -13.0   -23.4
1655.176   -43.0    14.0     2.0
1656.836   -25.9    -7.1   -24.0
1658.496    13.0   -24.2     6.8
1660.156    20.9   -17.3    12.9
1661.816     7.8    -4.4    -5.5
1663.477    -9.7    -5.3   -20.2
1665.137   -28.3    12.4    -1.2
1666.797   -31.7    11.2    -5.0
1668.457   -20.9   -25.3   -29.5
1670.117     9.0   -25.1     1.6
1671.777     2.4   -10.4   -17.1
1673.438    -3.9    -2.5   -17.1
1675.098   -27.6    27.5     6.2
1676.758   -37.4    12.7   -12.6
1678.418   -19.7   -31.6   -36.3
1680.078     6.5   -22.9    12.8
1681.738    21.6   -13.3    -4.9
1683.398     8.4   -17.6   -29.3
1685.059   -22.6    24.1     3.1
1686.719   -24.5    35.8    14.8
1688.379   -17.9    -0.7   -19.7
1690.039    -2.4   -44.2   -15.2
1691.699     9.0   -23.3    14.2
1693.359    13.8   -10.3   -12.5
1695.020   -12.2    20.1    -4.0
1696.680   -25.7    11.1    -3.6
1698.340   -25.3   -17.8   -21.0

Event #6  ts=2026-09-25 12:01:17.342  [SELECTED]
  t[ns]  u1[mV]  u2[mV]  u3[mV]
  0.000   -22.3   -11.7    -9.1
  1.660   -12.2   -23.3   -14.0
  3.320   -30.3    34.8     1.6
  4.980   -11.4     2.5   -23.4
  6.641     0.1   -11.8   -12.5
  8.301     7.4   -17.2     8.0
  9.961     8.3   -38.4   -24.5
 11.621   -32.9    14.2     3.1
 13.281   -33.5    12.3     2.4
 14.941   -14.5    25.0    -8.1
 16.602    -2.2   -15.8   -11.5
 18.262     5.2   -18.8    -6.1
 19.922     8.9   -37.8    -3.0
 21.582    -6.1   -17.1   -15.9
 23.242   -17.8    12.4    -4.2
 24.902   -17.5    23.7    -8.0
 26.562     3.1   -12.7   -14.5
 28.223    10.6   -35.9     0.0
 29.883     5.9   -36.7    -6.0
 31.543   -10.3    -7.6    -7.7
 33.203   -27.0    17.7    -4.9
 34.863   -24.5    18.1   -10.8
 36.523   -11.5     2.3   -12.5
 38.184     8.7   -28.3    -5.5
 39.844    11.7   -30.4    -5.8
 41.504    10.0   -28.6    -5.7
 43.164   -15.9     8.5     5.3
 44.824   -29.1    13.2   -20.4
 46.484   -17.8    -2.2    -9.8
 48.145    -1.7   -21.1     1.3
 49.805    13.0   -26.5    -6.8
 51.465    16.5   -22.2    -7.3
 53.125    -5.5     2.9     6.1
 54.785   -28.1     1.8   -29.2
 56.445   -21.0   -15.5   -29.2
 58.105    -4.3   -14.1    -1.5
 59.766    13.8   -22.2    -7.8
 61.426     9.5   -16.4    -0.8
 63.086   -17.2    11.5     1.0
 64.746   -39.2    -8.1   -27.9
 66.406   -22.3   -14.8   -10.3
 68.066     7.8    -7.8     0.0
 69.727    21.2    -9.8    -6.8
 71.387     2.4     6.0    16.4
 73.047   -25.3     0.5   -19.0
 74.707   -35.8   -19.6   -42.8
 76.367   -22.5   -12.0    -4.2
 78.027     5.4    -8.7    -7.1
 79.688    26.8    -3.7     1.6
 81.348     3.1    10.0    16.6
 83.008   -23.1     9.0    -8.6
 84.668   -36.2   -37.7   -44.1
 86.328   -16.7   -19.1     9.2
 87.988    10.7     2.5     5.9
 89.648    23.8   -10.3   -21.1
 91.309    -1.5    18.1    12.2
 92.969   -20.9    19.9    17.8
 94.629   -28.6   -25.4   -32.2
 96.289   -12.7   -32.4   -13.7
 97.949    13.7     8.2     4.3
 99.609    11.2    -1.1   -10.8
101.270     1.7     2.3    -9.8
102.930   -18.1     9.8    -3.3
104.590   -25.1   -13.0   -16.4
106.250     0.0   -26.1    -5.9
107.910     1.9   -12.7     1.0
109.570     4.2     3.6    -7.2
111.230   -18.3     7.7   -10.8
112.891   -32.1    -6.4   -19.4
114.551    -9.7   -24.2    -9.1
116.211    -7.4   -21.8    -7.0
117.871    21.4    -6.5    -0.9
119.531    -2.5    -4.1   -16.1
121.191   -39.5     5.1    -5.8
122.852   -37.5   -11.4   -12.9
124.512    -5.7   -29.4   -19.6
126.172    29.1     9.9    22.3
127.832     1.6     0.9   -11.8
129.492   -14.4   -16.3   -32.6
131.152   -47.3    -9.1   -13.2
132.812   -38.7   -13.6    -4.2
134.473   -19.0   -18.2   -10.5
136.133    30.9    -8.7    -4.9
137.793    24.1    22.9    24.3
139.453   -22.1   -17.0   -30.8
141.113   -57.5   -25.9   -25.6
142.773   -48.4   -19.1   -11.4
144.434   -10.5   -11.7    -2.9
146.094    47.5     0.4    10.7
147.754    16.2    16.3     2.2
149.414   -22.1    -2.9   -13.4
151.074   -52.3   -31.1   -27.4
152.734   -40.9   -29.4   -26.8
154.395    13.7     2.4    12.5
156.055    35.4    18.6    16.4
157.715    33.6    11.2     0.1
159.375   -12.9   -10.6   -19.7
161.035   -46.7   -18.2   -18.7
162.695   -26.9   -34.2   -35.7
164.355    12.7     3.1    12.3
166.016    21.8    30.8    25.4
167.676    20.1   -10.8   -25.0
169.336    -2.8   -25.1   -20.1
170.996   -25.8   -17.8   -10.4
172.656   -22.4   -20.2   -22.8
174.316     3.4   -19.5   -12.2
175.977     6.6    12.7    12.9
177.637     3.6    20.6     7.9
179.297    -2.1   -21.5   -14.5
180.957   -18.0    -4.5    -3.5
182.617   -17.7    -5.8    -3.8
184.277   -16.5   -10.0   -12.2
185.938    -8.0    -0.7    -2.6
187.598    -9.3     0.1    -1.2
189.258     7.2    -5.4    -8.9
190.918     3.8    -4.6   -13.7
192.578    -7.0    -4.6    -8.3
194.238   -27.0    -8.4    -9.9
195.898   -19.9   -16.0   -15.1
197.559   -13.0   -19.2   -15.7
199.219     4.9   -10.4    -6.7
200.879    14.0     4.4     7.2
202.539   -59.7   -22.9   -19.1
204.199  -110.9   -50.0   -20.1
205.859  -175.7  -109.7    -5.5
207.520  -193.2  -149.4    -9.4
209.180  -177.9  -179.0   -21.7
210.840   -61.1  -119.8    20.6
212.500   -48.7  -108.9    20.6
214.160   -80.5  -108.6   -31.0
215.820   -95.8  -106.6   -28.7
217.480   -96.4   -89.9    -6.9
219.141   -17.2   -62.9   -25.5
220.801    -5.5   -54.6   -22.0
222.461    -1.6    10.7    26.9
224.121   -20.4    -8.1   -15.5
225.781   -34.9   -51.9   -22.3
227.441   -46.9   -42.0    -7.3
229.102   -30.7   -35.7   -19.5
230.762    -1.4   -27.3   -16.4
232.422     9.4     0.8     4.4
234.082     3.3    16.9    -0.2
235.742   -16.7    -3.8   -14.9
237.402   -37.1   -40.1   -14.7
239.062   -23.0   -28.0   -16.4
240.723     9.8    -6.4    -4.3
242.383    14.3    17.2    -5.6
244.043    -4.3    11.1   -11.6
245.703   -24.9   -27.0   -18.4
247.363   -37.6   -33.0    -3.1
249.023    -7.4   -39.2   -23.3
250.684    -4.7   -33.1   -22.8
252.344     3.7    29.7    21.3
254.004    -0.5    24.0     1.6
255.664   -29.3   -29.5   -27.9
257.324   -29.3   -34.2   -14.5
258.984    -2.5   -26.0   -14.7
260.645     4.9   -24.4   -22.3
262.305     5.6    10.1     2.7
263.965   -11.3    24.9     7.0
265.625   -18.0    -6.7   -24.3
267.285   -29.3   -42.7   -29.8
268.945    -5.3   -11.9     7.8
270.605    11.9    -9.4   -15.2
272.266     5.5    -1.5   -14.6
273.926    -7.4    13.7     1.0
275.586   -22.4   -15.3   -17.5
277.246   -24.5   -26.9   -14.6
278.906   -11.9   -19.0    -6.8
280.566    10.4    -3.9    -1.5
282.227     3.9     6.8    -0.2
283.887    -6.4    -1.4   -11.9
285.547   -23.0   -19.2   -22.1
287.207   -22.5   -13.9    -9.2
288.867    -1.4   -13.5    -3.0
290.527    12.7   -19.8   -15.9
292.188    10.6    -6.1    -5.1
293.848   -11.5     1.7    -0.2
295.508   -23.8   -18.8   -21.1
297.168   -22.7   -19.4   -19.8
298.828    -8.3    -0.6    -1.0
300.488     0.6   -20.4   -17.8
302.148     5.3   -23.6   -10.6
303.809   -10.1    -5.1    -2.4
305.469   -18.2    -5.7   -12.0
307.129   -22.5    -7.5   -11.8
308.789   -21.0    -5.7    -7.7
310.449     6.0   -17.5    -6.1
312.109    11.7   -22.5    -8.6
313.770     0.0   -15.2    -6.7
315.430   -23.3    -4.3   -10.9
317.090   -19.8     4.7     1.7
318.750   -13.2    -0.8   -10.4
320.410   -14.0   -24.1   -20.6
322.070   -10.6   -24.8   -16.7
323.730     7.3    -7.4     5.4
325.391    -2.4    -8.4   -21.3
327.051   -20.5     8.0     1.8
328.711   -16.7    14.6     9.3
330.371   -14.3   -10.5   -23.0
332.031    -6.0   -36.0   -29.0
333.691     3.5    -9.7    17.9
335.352     2.3    -8.3   -15.9
337.012    -6.0   -10.3   -26.7
338.672   -29.6    15.6     2.0
340.332   -25.2     2.2   -13.3
341.992   -19.2   -21.6   -33.4
343.652     5.3   -19.4     7.5
345.312     9.6     3.3     4.3
346.973    -1.4    -7.8   -18.0
348.633   -23.9    12.6    -0.4
350.293   -30.5     1.8   -14.6
351.953    -3.1   -32.5   -14.7
353.613     0.9   -31.9   -11.1
355.273     9.4    -4.1     2.2
356.934    -1.1    -1.5    -4.1
358.594   -16.7     4.3    -8.3
360.254   -19.5   -11.3   -21.8
361.914    -9.6   -23.2    -6.2
363.574     4.9   -16.2     2.9
365.234     9.4    -5.9    -4.4
366.895   -16.5     5.4   -12.2
368.555   -21.0     9.2    -8.5
370.215   -17.3     4.9    -6.9
371.875    -6.6   -27.5   -18.2
373.535    -3.4    -7.7     5.5
375.195     0.0   -11.1   -14.4
376.855    -5.3   -12.2   -17.1
378.516   -16.9     5.3     7.8
380.176   -16.6     6.7     8.2
381.836    -6.1   -23.8   -28.4
383.496    -4.0   -21.1   -26.3
385.156    -8.8    -3.6    13.2
386.816    -9.6   -11.2   -14.9
388.477    -7.1   -16.5   -26.4
390.137   -13.4     5.6    11.2
391.797    -1.6    -3.1    -2.2
393.457     5.7   -14.1   -20.4
395.117   -21.8    -5.6     2.6
396.777   -22.3    -9.3   -17.0
398.438    -7.1   -14.7   -16.1
400.098     3.4    -1.5     1.9
401.758     4.9     0.5    -7.5
403.418     1.9    -8.4    -9.9
405.078   -19.9   -12.9   -13.4
406.738   -26.6   -16.7   -18.2
408.398    -7.7   -10.2    -0.1
410.059    -4.5    -3.8     0.0
411.719    14.1     2.1    -9.8
413.379    -6.7    -2.1     1.6
415.039   -27.5   -11.1   -12.0
416.699   -21.5   -28.6   -22.4
418.359    -3.5     8.6    18.0
420.020    14.5     7.3    -3.1
421.680    16.8   -17.3   -21.0
423.340    -1.9    -8.7    -4.8
425.000   -30.3    -5.7   -12.8
426.660   -27.4   -30.0   -32.1
428.320   -10.3   -18.2    -9.7
429.980     9.2    11.8    18.3
431.641    -2.5   -14.4   -21.6
433.301    -1.4   -14.5   -19.9
434.961   -22.7    -8.0   -16.7
436.621   -31.4    -9.6    -9.9
438.281   -11.8   -21.3   -16.9
439.941    -2.1    -2.1    -5.6
441.602    14.2     1.4     0.3
443.262     2.2    -9.4   -16.6
444.922   -14.6   -17.7   -23.0
446.582   -28.1   -21.2   -18.9
448.242   -23.9    -5.2    -5.2
449.902     7.7    -2.7    -1.7
451.562    11.8    -7.4    -6.4
453.223    -4.8    -3.9   -11.9
454.883   -20.6   -10.0    -9.7
456.543   -21.4   -21.9   -18.1
458.203   -12.5    -2.9    -6.4
459.863     6.8     9.1    12.9
461.523     8.4    -2.5    -4.0
463.184    -3.6   -23.3   -24.4
464.844   -14.4   -10.4     6.5
466.504   -16.5    -6.6    -8.1
468.164    -7.1   -12.0   -18.3
469.824    -4.8    -6.9    -6.8
471.484     0.8    -4.3   -12.8
473.145     5.3   -16.2   -21.3
474.805    -6.1   -18.5   -10.9
476.465   -14.1    -4.1   -15.3
478.125    -2.2   -12.5   -11.8
479.785    -1.7     4.0     8.3
481.445    -6.6     2.8     0.3
483.105   -10.3   -16.2   -15.0
484.766   -12.1   -17.3    -7.2
486.426    -8.1    -1.7    -2.6
488.086    -2.1    -8.8    -5.7
489.746    -4.1    -0.2     0.6
491.406   -11.7    -3.5   -16.4
493.066    -9.5   -19.0    -8.8
494.727    -8.1   -18.7    -9.0
496.387     2.0     1.9   -15.8
498.047    -9.8   -13.1   -13.8
499.707   -15.0     3.7     7.4
501.367   -10.8    -3.8    -0.9
503.027    -6.1   -27.2   -30.1
504.688    -6.4    11.2    14.2
506.348    -1.0    15.7    14.4
508.008     2.9   -11.9   -27.3
509.668   -18.5   -10.3    -3.0
511.328   -16.7   -15.0   -13.2
512.988    -4.1   -23.2   -23.0
514.648    -3.8   -14.5   -11.5
516.309     8.6    19.3    12.8
517.969     1.0   -12.1   -20.1
519.629    -8.8   -20.7   -20.2
521.289   -20.0   -13.8    -0.9
522.949   -11.6   -23.3   -24.5
524.609   -10.9    -5.1    -9.9
526.270     7.4    15.9     9.7
527.930    10.8     8.0     0.6
529.590    -9.0   -20.4   -13.9
531.250   -15.7   -15.5    -8.5
532.910   -16.3   -21.2   -18.7
534.570   -15.9   -19.7   -19.5
536.230   -10.7     5.2    -2.0
537.891     7.8     2.2    -9.6
539.551    -4.3   -11.3    -7.8
541.211    -6.7   -12.8    -2.2
542.871   -19.0   -19.8    -8.1
544.531   -23.2   -13.2   -18.6
546.191   -14.1     8.9     0.3
547.852    -4.3     8.1     1.6
549.512    16.8   -12.1    -7.7
551.172     5.4    -6.4     4.2
552.832   -14.1   -10.3    -5.0
554.492   -19.5   -20.3   -28.8
556.152   -19.4    -5.7   -17.9
557.812   -15.3     3.4    -2.5
559.473    -1.5    -8.4    -4.4
561.133    17.0    -5.8     1.3
562.793    10.3     3.3     5.8
564.453   -17.8    -7.7   -15.6
566.113   -26.2   -19.6   -24.7
567.773   -25.5   -17.9   -18.2
569.434   -15.8    -9.1    -6.7
571.094    17.9    -2.0     2.4
572.754    23.1     5.6     6.1
574.414    -1.6     6.9   -10.1
576.074   -31.1    -7.0   -12.2
577.734   -35.7   -23.3   -15.6
579.395   -15.6   -32.5   -32.1
581.055    13.6     3.0    13.8
582.715    17.0    18.9    22.3
584.375    11.9    23.2     9.9
586.035     1.5    -4.2   -24.0
587.695   -30.6   -10.2     2.9
589.355   -36.2   -23.2   -15.5
591.016   -21.5   -42.1   -37.2
592.676    16.2    22.6    26.8
594.336     8.2    43.7    15.8
595.996     5.2     9.7   -22.8
597.656   -25.0   -27.9   -15.1
599.316   -32.4   -17.9     1.7
600.977   -29.5   -20.3    -8.1
602.637     3.4   -32.7   -22.2
604.297     2.7    36.9     9.5
605.957    -1.7    24.8    -5.1
607.617   -15.1    -4.6   -17.1
609.277   -26.4   -34.4   -14.7
610.938    -1.6   -24.4    -3.5
612.598     5.4   -18.1     0.2
614.258     6.6    14.2    -6.1
615.918   -11.4    14.7    -8.7
617.578   -20.8    -0.6    -7.1
619.238   -13.8   -28.8   -15.9
620.898   -14.8   -34.3   -22.1
622.559     0.1   -23.3    -9.9
624.219     6.9    25.3     4.7
625.879    -6.6    10.9   -14.0
627.539   -23.5   -12.2   -29.4
629.199   -27.8   -17.0   -21.2
630.859     2.2   -31.7    -0.5
632.520     7.9   -33.0   -11.4
634.180     9.2    -1.7    -7.2
635.840    -6.7    31.3    12.1
637.500   -20.3    19.3    -2.8
639.160   -29.6   -37.2   -39.5
640.820    -7.6   -16.7    16.7
642.480     8.5    -8.8     9.2
644.141    22.6    -6.5   -19.2
645.801    -0.3    15.1     1.6
647.461   -23.9    17.7     4.0
649.121   -31.8   -16.6   -30.3
650.781   -16.2   -37.6   -11.5
652.441    -2.1    -7.7     9.9
654.102    23.3     4.7    -5.1
655.762    -7.1    12.0    -4.6
657.422   -15.4    10.4    -9.8
659.082   -28.6   -24.8   -28.6
660.742   -19.0   -30.8   -10.9
662.402   -13.4   -26.3    -3.8
664.062    13.8    15.5     6.0
665.723     2.6    20.6     7.6
667.383     3.2    21.2     5.4
669.043   -18.2   -27.1   -30.1
670.703   -26.1   -28.6    -5.2
672.363   -21.8   -21.2    -4.8
674.023     5.7    -8.4   -15.9
675.684    -0.5    28.7    12.4
677.344     0.0    21.4     4.3
679.004     1.3   -26.6   -27.4
680.664   -12.9   -37.3   -19.2
682.324   -16.8   -15.3   -10.5
683.984    -8.7    -3.9   -18.1
685.645    -9.9    -1.5   -14.1
687.305    -7.5    15.2     0.6
688.965    11.3    -7.7    -8.0
690.625    11.5   -22.4   -19.2
692.285    -9.9   -23.0   -13.7
693.945   -27.4   -16.2    -9.7
695.605   -30.6   -14.3   -15.7
697.266    -6.5    14.1    -2.0
698.926     4.8    12.6     9.1
700.586    22.0    -4.5    -0.1
702.246    13.7   -22.2    -8.2
703.906    -5.3   -27.6   -10.4
705.566   -40.5    -7.5   -27.1
707.227   -41.3    -3.6   -23.5
708.887    -7.7     8.0     2.8
710.547    27.0    -1.0     4.4
712.207    33.7    -9.9     7.5
713.867    -3.8   -17.1    -4.6
715.527   -30.7   -19.5   -26.9
717.188   -50.4   -13.1   -29.8
718.848   -40.9     0.0    -6.6
720.508     5.6    -0.2    -4.9
722.168    40.9    -6.9    15.8
723.828    32.4    -1.3    20.2
725.488    -9.4    -7.5   -10.3
727.148   -48.6   -28.6   -46.3
728.809   -46.6    -7.0   -14.5
730.469   -37.1     1.4    -1.9
732.129    21.5    -3.1    -3.0
733.789    51.2    -7.3     9.2
735.449   -36.6   -19.1   -31.0
737.109   -43.9   -27.0   -36.1
738.770   -48.8   -14.6   -18.4
740.430   -34.5     0.7    -5.2
742.090     7.8     1.4    -7.8
743.750    35.7    -1.5    12.4
745.410    15.6    -3.7    -1.9
747.070    -7.4   -11.8   -18.0
748.730   -48.0   -18.3   -17.2
750.391   -46.3    -9.9   -11.6
752.051   -23.5    -9.8   -24.0
753.711    23.6     1.0    12.9
755.371    34.1    11.8    27.9
757.031     3.4   -16.8   -26.0
758.691   -34.8   -13.8   -10.9
760.352   -36.2    -1.7   -14.5
762.012   -19.7   -17.9   -30.8
763.672    10.2   -17.9   -12.3
765.332    21.2    14.2    27.4
766.992     1.8   -18.2   -30.0
768.652   -11.5   -33.3   -41.1
770.312   -33.1    -1.6     3.6
771.973   -28.3     3.2    -6.2
773.633    -6.6   -20.8   -27.7
775.293     3.3    -7.4     0.3
776.953    11.5    15.1    12.3
778.613    13.5     3.9     1.3
780.273   -18.9   -11.9    -9.1
781.934   -30.7    -2.2   -11.0
783.594   -27.2   -11.8   -22.1
785.254    -8.3   -13.0   -12.2
786.914     3.0    -4.6     0.8
788.574    12.8    -5.1     2.0
790.234    12.1    -3.0     0.7
791.895   -17.7   -11.0   -11.9
793.555   -26.9   -14.7   -21.7
795.215   -31.2   -14.4   -18.6
796.875     6.8    -4.9    -6.2
798.535     8.4   -11.6    -9.7
800.195     9.1     1.1     3.1
801.855    -6.6    -6.2    -7.4
803.516    -7.4   -12.9   -14.4
805.176   -31.0   -23.8   -40.2
806.836   -27.7    -4.1    -3.1
808.496    14.7    -8.9    -3.3
810.156    22.7   -12.4    -8.6
811.816    -1.2    10.7     6.8
813.477   -27.4    -8.3   -15.2
815.137   -29.1   -22.0   -31.3
816.797   -36.5   -30.2   -28.5
818.457   -30.2   -12.5    -2.7
820.117    15.2    -0.8    -3.1
821.777    23.7    -1.5    -0.3
823.438   -13.5     3.5     2.9
825.098   -22.0    -3.9   -13.5
826.758   -29.8   -18.1   -29.2
828.418   -25.4   -17.3   -18.1
830.078    -1.6    -3.4    -4.8
831.738    21.3     6.1     3.1
833.398    -8.9    -4.5   -18.6
835.059   -13.4    -7.3   -19.6
836.719   -35.8   -15.0   -10.2
838.379   -15.3   -20.5   -24.7
840.039    -7.9   -20.3   -25.6
841.699    10.0    14.2    17.8
843.359    -7.8   -14.0   -27.6
845.020   -10.1   -19.6   -21.2
846.680   -28.7    -8.9    -0.9
848.340   -21.9   -13.5   -13.2
850.000    10.2   -21.2   -21.9
851.660     7.4    -6.0     3.9
853.320    -3.8    24.0    15.2
854.980    -8.8   -10.5   -26.4
856.641   -14.0   -26.8   -21.8
858.301   -20.2    -9.0     1.1
859.961     4.9   -19.2   -14.5
861.621     6.1   -19.2   -14.4
863.281   -10.7    14.3    -2.6
864.941   -18.8     0.9   -11.6
866.602   -15.1   -21.2   -22.7
868.262    -4.8   -20.7    -7.0
869.922     5.1   -11.6    -4.2
871.582     4.7     0.1    -4.3
873.242    -6.5     6.2    -6.1
874.902   -25.3    -5.8   -12.2
876.562   -21.2   -15.3   -16.8
878.223     3.9   -17.9    -8.2
879.883    17.4   -22.5    -4.2
881.543     5.0    -2.1    -2.9
883.203   -25.8    -1.0   -17.0
884.863   -25.2   -12.2   -28.4
886.523   -17.4   -17.7   -10.7
888.184   -11.9   -16.1    -5.2
889.844    14.9   -16.6    -2.5
891.504     8.9     3.4    -9.7
893.164   -29.0    19.8     6.4
894.824   -37.7     4.2   -15.1
896.484   -15.1   -36.8   -31.0
898.145     3.7   -21.5    10.5
899.805    22.8    -6.4   -16.4
901.465     6.7    -3.2   -20.4
903.125    -5.0     5.8    -5.3
904.785   -35.8    13.7    -6.5
906.445   -13.3   -41.5   -29.5
908.105     1.0   -38.3    -8.7
909.766    12.0    -8.1     6.9
911.426     9.9    -0.1   -12.2
913.086   -10.9     7.8    -3.2
914.746   -30.0    16.6    -4.3
916.406   -19.7   -17.7   -17.8
918.066     3.5   -24.8    -0.4
919.727     8.1   -21.5    -3.9
921.387     5.7     1.5    -6.2
923.047    -9.8    19.2     5.7
924.707   -21.0    22.2    -8.4
926.367   -17.2   -25.4   -21.7
928.027    -9.5   -26.6    -7.9
929.688    10.3   -26.2   -11.2
931.348     8.5   -23.7   -25.0
933.008   -15.6    23.3     9.5
934.668   -11.4    14.2   -13.2
936.328    -6.8   -17.4   -30.1
937.988    -1.9   -22.2    13.9
939.648     2.7   -25.3   -14.2
941.309     2.2   -25.7   -15.1
942.969   -15.5   -10.8   -25.5
944.629   -15.9    32.4     9.2
946.289    -0.7     0.4   -16.3
947.949     0.4   -23.6   -23.9
949.609     3.4   -20.5     7.9
951.270   -14.0   -16.3   -21.3
952.930   -22.6    17.4    -7.4
954.590   -22.5    17.4    -8.5
956.250   -10.0    21.8    -0.7
957.910     7.4    -8.6    -7.8
959.570     3.4   -31.6    -8.8
961.230    -2.0   -32.2   -12.9
962.891   -15.8   -15.3   -18.2
964.551   -25.0    14.9    -9.7
966.211   -13.2     9.1   -12.5
967.871    -8.3     2.0   -14.0
969.531    15.3   -20.3     1.8
971.191     4.8   -30.1    -9.8
972.852   -12.2   -27.2   -23.4
974.512   -28.3    12.5    -4.0
976.172   -21.0    20.6    -8.9
977.832    -7.3     0.5   -15.8
979.492     9.6   -17.3    -5.2
981.152     5.7   -32.6   -16.1
982.812     0.7   -29.5   -20.3
984.473   -26.5    13.4    -7.9
986.133   -25.3    18.8    -8.4
987.793    -2.3   -13.0   -13.0
989.453    14.0   -33.7    -7.2
991.113    14.0   -33.8    -3.8
992.773    -1.5    -8.9    -6.7
994.434   -15.4     4.1    -4.7
996.094   -32.0    24.4   -15.9
997.754   -19.8    -3.8   -16.7
999.414     1.7   -28.1    -1.9
1001.074    19.8   -36.0    -8.6
1002.734    10.0   -28.7   -12.2
1004.395   -10.9    15.6     6.7
1006.055   -29.0    17.0   -24.4
1007.715   -28.3    -4.1   -32.9
1009.375    -5.3   -21.7     7.8
1011.035     7.4   -26.9     8.2
1012.695    11.5   -19.9    -6.4
1014.355    -9.7    20.4    15.3
1016.016   -30.4    43.1     8.6
1017.676   -25.7   -10.4   -42.1
1019.336    -7.6   -34.0    -0.2
1020.996     3.5   -22.6    14.4
1022.656    15.4   -26.0   -22.1
1024.316    -7.8    12.9    10.5
1025.977   -32.0    40.5     3.6
1027.637   -24.2   -13.4   -35.0
1029.297    -3.2   -26.7    -0.9
1030.957    10.0   -26.0     3.6
1032.617     6.1    -4.8    -0.4
1034.277     4.0     0.1     0.0
1035.938   -33.1    23.1   -12.3
1037.598   -37.3   -10.5   -22.0
1039.258   -18.4   -24.9   -18.7
1040.918    22.1   -21.7     2.8
1042.578    20.3   -16.3     1.2
1044.238   -10.6    11.9    -2.3
1045.898   -24.6     8.4   -23.7
1047.559   -23.2   -16.4   -18.9
1049.219   -23.2   -19.0   -17.5
1050.879    29.7   -11.8     0.8
1052.539    16.9    -9.6    -7.9
1054.199   -24.6    17.2     3.6
1055.859   -30.9     3.9    -8.3
1057.520   -25.8   -28.8   -34.3
1059.180    -5.6   -10.5    -3.5
1060.840    25.9    -1.5     9.7
1062.500    19.2   -10.2    -9.7
1064.160    -9.9     0.7    -9.2
1065.820   -40.7    -8.2    -9.6
1067.480   -38.3   -17.8   -22.1
1069.141    -1.6   -16.7    -6.5
1070.801    16.8    15.5    27.5
1072.461    19.2    16.1    10.4
1074.121     2.1    -9.3   -20.8
1075.781   -31.4    -7.1    -8.4
1077.441   -37.4   -23.2   -21.2
1079.102    -8.1   -32.2   -24.3
1080.762     6.0    -1.9     5.3
1082.422     8.6    21.2     3.7
1084.082   -17.5   -16.6   -13.9
1085.742   -22.6   -25.2   -21.3
1087.402   -25.4   -28.6   -23.9
1089.062    -7.9    -0.7    -5.5
1090.723    11.4     8.0   -12.2
1092.383     8.8     7.7     3.7
1094.043     5.7     9.5    13.2
1095.703   -17.0   -38.7   -33.3
1097.363   -21.1   -39.9   -32.7
1099.023   -15.5    17.4     7.7
1100.684     4.3     9.1   -14.7
1102.344    -2.8     6.2     5.8
1104.004    -8.6     6.6     8.8
1105.664    -1.9   -38.6   -27.1
1107.324   -12.2   -35.8   -21.7
1108.984   -20.7    13.1     0.1
1110.645   -17.2    13.8    -6.1
1112.305    -0.9    -7.7   -18.6
1113.965     0.0    -3.2     0.8
1115.625     4.9   -10.9     3.9
1117.285    -5.7   -24.1   -24.9
1118.945   -20.7   -12.5   -17.5
1120.605   -17.2     0.7    -8.7
1122.266   -17.1    -0.5   -10.2
1123.926     8.1    -8.3    -1.6
1125.586    11.7    -5.8     3.6
1127.246     5.1    -3.3    -1.0
1128.906   -22.4   -13.7   -15.5
1130.566   -26.3   -21.2   -27.7
1132.227   -21.2    -8.0   -21.0
1133.887    -8.3    -2.4    -0.2
1135.547    14.2   -11.1    -5.6
1137.207    -4.8     1.3     0.0
1138.867    -4.0     2.6     0.3
1140.527   -29.6   -35.1   -37.5
1142.188   -27.7   -33.6   -38.7
1143.848     2.1     4.5    11.7
1145.508    19.4     7.3    -2.2
1147.168     9.1    -3.3   -14.2
1148.828   -22.6    -6.6    -1.5
1150.488   -25.2   -25.6   -28.6
1152.148   -15.3   -40.1   -32.4
1153.809    -5.3    -0.9     7.8
1155.469    -2.4    17.1     8.9
1157.129     5.5    13.9    -7.8
1158.789    -3.1    -6.5    -0.5
1160.449   -19.3   -25.7   -22.9
1162.109   -18.1   -38.6   -27.6
1163.770    -7.5    -6.2     0.8
1165.430    -1.8    13.3     1.4
1167.090    -6.2     3.0    -9.9
1168.750    -5.5     1.6     4.1
1170.410    -4.5   -25.4   -21.2
1172.070    -4.2   -41.9   -26.3
1173.730   -10.5     5.3     5.1
1175.391    -9.3    10.6   -22.6
1177.051   -10.6     4.5     0.0
1178.711     5.9   -21.6   -11.2
1180.371     9.9   -35.9   -23.2
1182.031    -1.7   -33.1   -16.0
1183.691   -13.9    12.7     8.1
1185.352   -17.9     1.0   -30.4
1187.012   -18.2    -3.7    -7.0
1188.672    -7.7    -2.7    11.3
1190.332     7.8   -24.4    -8.0
1191.992    10.3   -21.3    -6.6
1193.652    -5.1     7.2     7.1
1195.312   -25.7    17.0   -14.1
1196.973   -34.4    -5.0   -29.8
1198.633   -10.0    -8.1     2.3
1200.293    17.3   -24.3    -4.2
1201.953    20.4   -26.4    -3.4
1203.613    10.5   -10.5    -1.3
1205.273   -35.5    12.4   -23.1
1206.934   -44.6    -3.2   -24.5
1208.594   -25.0   -11.9    -5.0
1210.254    20.0   -26.1    -0.9
1211.914    20.6   -10.6     3.6
1213.574   -15.5    11.5    -6.8
1215.234   -34.9     3.3   -20.5
1216.895   -38.5    -6.0   -20.8
1218.555    15.4   -27.6    -7.5
1220.215    24.5   -28.0   -11.9
1221.875    28.9    -6.5     6.5
1223.535   -12.0    11.8    -4.5
1225.195   -33.0     6.1   -19.3
1226.855   -39.1    -9.2   -26.7
1228.516   -32.7    -8.5   -19.9
1230.176    12.3   -27.4    -1.2
1231.836    30.7   -17.8    -5.0
1233.496   -15.3    20.0     5.4
1235.156   -23.9    17.9     0.2
1236.816   -29.2   -13.6   -23.7
1238.477    12.5   -24.1    -2.1
1240.137    13.7   -25.9    -1.5
1241.797    21.5   -17.1    -9.3
1243.457     8.2    -2.5    -8.5
1245.117   -27.5    12.8   -10.6
1246.777   -22.0     4.3    -6.3
1248.438   -10.1   -38.1   -26.3
1250.098     7.2   -28.3    -6.1
1251.758    15.0   -14.4    11.3
1253.418    -1.2     8.6   -11.7
1255.078   -25.3    13.1     4.6
1256.738   -22.1    14.3    11.8
1258.398   -12.4    -3.5    -0.2
1260.059    10.3   -33.1    -5.3
1261.719    -4.1     9.6    24.4
1263.379    -7.0    10.2   -26.0
1265.039    -5.7     5.3   -29.4
1266.699   -12.0     9.7     2.0
1268.359    -4.4   -26.8   -16.5
1270.020     1.1   -46.4   -15.1
1271.680   -10.2    11.3    14.2
1273.340    -6.7    26.6    -7.6
1275.000    -6.6    10.6   -17.8
1276.660   -14.1     6.5    -2.9
1278.320    -5.8   -29.6   -15.2
1279.980     1.5   -48.7   -18.8
1281.641    -7.5   -25.6   -12.8
1283.301   -15.8    16.7    -1.4
1284.961   -13.7    26.3     0.5
1286.621     4.9    -0.5    -7.8
1288.281     1.0   -24.3   -10.7
1289.941   -10.2   -33.0    -9.2
1291.602   -13.6    -9.5   -10.3
1293.262   -16.7     6.8   -11.3
1294.922   -16.8    23.6    -7.0
1296.582    -3.5    20.4     3.4
1298.242    13.6   -30.7   -17.6
1299.902    -5.8   -31.1   -11.6
1301.562   -10.8   -19.1    -0.5
1303.223   -15.3    -1.2   -26.3
1304.883   -12.4    11.7   -10.2
1306.543   -12.2    16.7    -2.8
1308.203    12.1   -19.4    -7.1
1309.863    12.6   -38.7   -18.1
1311.523    -2.8   -21.5     0.3
1313.184   -31.0     6.0     4.4
1314.844   -13.9    -3.8   -24.6
1316.504     0.6     1.6     9.6
1318.164    13.5    -6.6    -0.6
1319.824    16.0   -25.1   -12.3
1321.484    10.7   -17.2    -4.8
1323.145   -28.0   -10.3   -26.7
1324.805   -15.2    -7.7   -15.3
1326.465   -10.6    -2.6    -5.8
1328.125    17.9    -7.4    -4.3
1329.785    13.8   -13.9     4.6
1331.445   -20.3   -10.5   -15.8
1333.105   -29.4   -13.0   -24.5
1334.766   -25.7    -8.8    -9.0
1336.426     3.7    -0.4   -11.7
1338.086    17.2   -10.9   -11.7
1339.746    14.4    -4.9    14.8
1341.406    -4.6     2.2     4.8
1343.066   -21.3   -21.7   -26.1
1344.727   -28.3   -10.0    -4.4
1346.387   -11.3     0.0    -7.8
1348.047    12.9   -11.5   -10.4
1349.707    -4.5    10.5    10.8
1351.367    -7.0     3.3    -0.8
1353.027    -9.3   -27.8   -28.8
1354.688   -20.1   -14.4   -10.5
1356.348    -3.7     0.2    -5.4
1358.008    -1.4    -9.5   -20.4
1359.668    -3.3    -2.6    -0.7
1361.328    -8.4    -5.9     2.1
1362.988    -5.7   -25.2   -21.8
1364.648    -5.3   -12.4   -13.5
1366.309   -11.2     1.9    -5.4
1367.969    -9.6    -3.9   -14.4
1369.629   -12.8   -11.8   -12.3
1371.289    -8.5    -8.4    -3.0
1372.949     6.5    -6.8    -0.8
1374.609     7.3    -1.5    -3.3
1376.270    -5.6    -2.4   -12.1
1377.930   -23.7    -4.2   -15.7
1379.590   -29.5   -15.2   -12.3
1381.250   -21.7   -15.1   -11.6
1382.910    17.8    -0.5     7.0
1384.570    16.3     8.6    12.6
1386.230    -3.8    -7.4   -21.5
1387.891   -28.1   -12.1   -18.1
1389.551   -27.6   -14.1   -11.4
1391.211     6.8   -26.5   -16.9
1392.871    16.5    -5.2    10.6
1394.531    16.6    19.3    18.1
1396.191    -3.8     0.9   -15.8
1397.852   -35.4   -17.1   -14.9
1399.512   -40.3   -19.7   -16.3
1401.172   -16.4   -21.0   -15.3
1402.832    24.5     6.0    15.1
1404.492     7.5     3.2    -9.9
1406.152     2.1     1.4   -13.5
1407.812   -26.2    -8.7    -8.5
1409.473   -39.8   -20.7   -21.2
1411.133   -24.9   -27.8   -30.0
1412.793    12.8     5.8    15.6
1414.453    16.7     7.6    -0.8
1416.113    -4.6   -11.7   -28.4
1417.773   -17.1    -3.0     2.3
1419.434   -30.1   -13.7   -18.0
1421.094   -17.2   -27.2   -26.3
1422.754    -7.7     8.0    21.1
1424.414     5.7     9.1    19.0
1426.074     0.3   -16.1   -12.0
1427.734    -4.6    -9.4    -3.9
1429.395   -24.5     0.1   -15.1
1431.055   -18.6   -27.7   -19.0
1432.715   -16.4   -27.4   -16.5
1434.375    -4.5     5.0    12.0
1436.035     9.7   -17.1   -18.1
1437.695    -4.4    10.4     1.6
1439.355   -18.1     8.7    -8.8
1441.016   -20.4   -18.1   -20.1
1442.676   -14.5   -17.4    -5.1
1444.336    -8.4   -11.9    -2.9
1445.996     1.0   -19.6   -15.0
1447.656     4.6     7.5     5.1
1449.316    -3.8    11.8    -5.9
1450.977   -20.4    -4.6   -15.2
1452.637   -25.6   -10.2    -7.2
1454.297   -11.2   -25.3   -11.8
1455.957     1.1   -16.7    -5.4
1457.617     5.8    22.9     9.1
1459.277     0.5     6.3   -10.6
1460.938   -14.5   -12.8   -22.4
1462.598   -24.5   -13.0    -5.3
1464.258   -10.5   -31.2   -12.7
1465.918    -3.3   -31.6   -16.6
1467.578     2.4    12.9     7.5
1469.238    -4.5    15.3    -3.3
1470.898    -5.6     0.0   -22.1
1472.559   -16.9   -15.5   -24.3
1474.219     3.2   -25.6   -17.2
1475.879     0.5   -28.3   -15.8
1477.539    -4.4    20.8     4.4
1479.199    -7.8    17.3    -4.4
1480.859   -11.3     7.1   -10.5
1482.520   -15.2   -26.5   -14.8
1484.180    -1.3   -21.4   -12.0
1485.840     1.2   -19.3    -8.4
1487.500     6.6     7.6    -2.6
1489.160    -7.6    14.2    -2.4
1490.820   -15.1    -8.2   -10.8
1492.480   -13.6   -18.6   -10.7
1494.141    -9.8   -28.9   -18.4
1495.801     1.1   -18.7    -4.2
1497.461    -3.9     7.5    -1.4
1499.121    -6.6     1.6   -24.6
1500.781   -15.7    -5.1    -8.2
1502.441   -16.3   -10.6     0.6
1504.102    -5.8   -29.5   -21.7
1505.762     6.5    -9.5     5.9
1507.422    -7.5    18.7     8.2
1509.082    -5.8    -7.3   -27.9
1510.742   -12.1    -8.1    -6.3
1512.402   -16.4    -6.3     3.4
1514.062     6.3   -24.3   -24.0
1515.723     5.8   -12.3    -8.5
1517.383    -9.1    18.2     0.3
1519.043   -11.2    -7.7   -19.8
1520.703   -10.7   -17.8   -17.1
1522.363   -13.5    -8.0    -2.4
1524.023     0.2   -21.8   -12.1
1525.684    -0.5   -13.0    -8.7
1527.344    -3.5     4.7    -3.8
1529.004   -13.1     2.2    -1.9
1530.664   -13.3    -7.5   -13.7
1532.324    -7.7   -14.1    -6.6
1533.984    -1.3   -11.8    -3.7
1535.645    -4.0    -6.9    -5.5
1537.305    -5.8    -9.1   -16.6
1538.965   -12.9     5.9    -8.2
1540.625    -4.3    -3.3     1.0
1542.285    -4.3   -16.6    -4.6
1543.945    -8.4   -22.4   -17.9
1545.605    -4.8    -0.6     4.0
1547.266   -10.3    -6.0    -6.2
1548.926    -3.2     2.4    -3.6
1550.586    -8.1    12.5    19.1
1552.246   -12.4    -8.0    -9.6
1553.906    -7.9   -33.4   -27.1
1555.566   -10.8    -4.1    10.3
1557.227    -6.2     2.2    -7.9
1558.887     2.7   -10.8   -24.5
1560.547    -7.2    13.5    14.0
1562.207   -15.8     2.3    -2.2
1563.867    -8.9   -27.8   -28.9
1565.527    -7.6   -23.1    -5.3
1567.188    -8.5    -9.2     0.5
1568.848     2.3    -2.2   -16.5
1570.508   -11.8     8.4    -3.9
1572.168    -6.9    -2.5   -14.6
1573.828   -11.3   -25.0   -11.9
1575.488   -14.4   -18.5    -3.7
1577.148    -9.9   -11.2    -9.1
1578.809     2.6    -2.4    -6.2
1580.469    -3.5    16.4     9.3
1582.129   -11.7   -12.7   -26.8
1583.789   -14.3   -24.2    -5.8
1585.449    -4.5    -5.7     9.1
1587.109     1.6   -12.3   -10.7
1588.770    -5.1    -7.8   -13.1
1590.430   -12.3    22.4    11.6
1592.090   -12.1   -10.6   -24.8
1593.750   -10.2   -32.0   -22.8
1595.410    -8.1   -10.2     6.0
1597.070     2.2   -11.9   -21.6
1598.730    -7.8    -6.0   -11.5
1600.391   -17.8    17.2     5.7
1602.051    -9.4   -17.0   -24.4
1603.711    -5.7   -30.9   -20.8
1605.371     5.0    -9.1    11.6
1607.031     5.2    -2.7     3.5
1608.691   -14.1     3.0   -13.2
1610.352   -25.7     5.9   -12.2
1612.012   -22.7     0.9    -3.3
1613.672     8.9   -18.0    -2.8
1615.332    11.5   -11.8    -4.1
1616.992     9.9   -13.3    -9.7
1618.652   -24.0     4.8    -2.8
1620.312   -21.2    -1.5    -8.9
1621.973    -6.2   -18.6   -19.3
1623.633     0.9   -15.3    -9.8
1625.293    10.4    -1.8     9.3
1626.953    14.6    -2.4     7.2
1628.613   -24.4     3.9   -11.6
1630.273   -27.8     3.7    -8.7
1631.934   -19.4    -8.6   -18.0
1633.594    13.5   -15.2    -3.6
1635.254    14.6    -1.2     8.3
1636.914     4.6    -4.4    -8.5
1638.574   -23.0   -12.3   -18.5
1640.234   -27.3   -11.2   -20.0
1641.895   -31.7    -1.3   -12.4
1643.555     4.9   -18.3   -14.8
1645.215    24.7     0.2     9.0
1646.875    -2.5    -0.8    -8.0
1648.535   -22.2   -11.2   -18.0
1650.195   -30.6    -7.8   -11.6
1651.855   -19.8   -19.6   -19.5
1653.516     2.6   -14.1    -6.9
1655.176    20.9     9.4     9.7
1656.836     7.6    -1.3   -11.6
1658.496   -37.3   -12.6   -10.5
1660.156   -25.4   -20.6   -26.8
1661.816    -7.9   -25.0   -24.5
1663.477    24.6    -3.6    16.4
1665.137    24.8    14.9    24.2
1666.797   -25.0   -16.2   -31.5
1668.457   -38.5   -14.8   -10.4
1670.117   -41.6    -8.5     4.6
1671.777    16.5   -26.6   -26.5
1673.438    28.9   -15.8    -1.4
1675.098     1.2    23.0     7.1
1676.758   -19.2    -5.4   -32.7
1678.418   -40.7   -24.4   -28.6
1680.078   -22.0    -4.9     1.1
1681.738   -11.8   -12.1    -6.2
1683.398    31.8   -19.2    -3.6
1685.059     5.9    19.1    10.4
1686.719   -27.5    -0.2   -25.0
1688.379   -39.1   -15.6   -31.3
1690.039    -7.9    -7.2    -1.6
1691.699    18.3   -12.1     0.6
1693.359    27.8    -5.8     3.4
1695.020     7.7     4.6    -3.5
1696.680   -35.1    -2.4   -21.1
1698.340   -50.6    -7.0   -20.9

Event #9  ts=2026-09-25 12:01:20.001  [SELECTED]
  t[ns]  u1[mV]  u2[mV]  u3[mV]
  0.000    -2.2     0.2     7.8
  1.660    10.4    -1.5   -11.4
  3.320   -24.4   -14.1   -17.3
  4.980   -33.5   -10.1   -10.4
  6.641     6.9   -33.6   -24.6
  8.301     5.6   -20.7    -4.8
  9.961    10.8    25.1    15.8
 11.621     6.8    10.3    -6.3
 13.281   -31.2   -18.5   -21.2
 14.941   -36.1   -17.6   -13.7
 16.602   -25.4   -26.9   -18.7
 18.262     7.5   -17.3    -6.1
 19.922    19.8    26.0    13.0
 21.582     8.3    23.3     5.7
 23.242   -18.9    -2.7   -20.0
 24.902   -28.9   -34.1   -29.1
 26.562   -20.6   -34.4   -13.4
 28.223    -1.8   -18.9    -3.2
 29.883    17.8     9.5     0.0
 31.543    -0.5    19.7    -1.8
 33.203   -10.8    15.0    -4.7
 34.863   -25.6   -35.6   -22.2
 36.523   -15.4   -46.2   -23.7
 38.184    -6.3   -25.0   -13.9
 39.844     4.9    24.7    11.8
 41.504     7.0    29.5     5.3
 43.164    -9.6    -1.4   -18.3
 44.824   -22.3   -11.9    -9.3
 46.484   -11.9   -44.2   -17.0
 48.145     0.5   -16.5    -9.9
 49.805    -3.0    12.1     9.7
 51.465    -5.6     7.2   -23.8
 53.125   -11.0   -16.8   -23.2
 54.785   -11.6   -18.6   -20.0
 56.445   -15.5   -21.6     5.2
 58.105     2.6   -29.8   -19.6
 59.766    -5.6     1.8    -3.4
 61.426   -11.7    23.9     4.1
 63.086   -15.1    -0.9   -18.0
 64.746    -5.1   -31.0   -11.8
 66.406     5.4   -24.0    -0.1
 68.066     5.3   -24.0    -1.1
 69.727    -1.6    -6.6    -3.5
 71.387   -21.6    12.3   -15.3
 73.047   -24.8    14.7   -15.7
 74.707    -7.9    -5.9    -3.5
 76.367     2.6   -28.8   -15.5
 78.027     9.0   -32.9   -13.2
 79.688    -0.5     8.4     9.8
 81.348    -2.7    13.1     6.7
 83.008   -28.9    -8.3   -35.1
 84.668   -16.9    -5.5    -2.3
 86.328     6.7   -10.2     1.9
 87.988    16.0   -30.0   -20.5
 89.648    -0.3    -3.4     5.1
 91.309   -16.2    17.4     9.9
 92.969   -25.1     1.7   -27.6
 94.629    -8.8    -8.2     1.4
 96.289    -5.0    -4.5     3.6
 97.949    15.2   -20.5   -11.7
 99.609    -5.9     2.5     4.4
101.270   -18.6    13.5    -6.4
102.930   -24.7    -6.0   -24.8
104.590   -18.1   -23.2   -16.4
106.250     2.5    -9.1    -1.3
107.910     6.5   -12.2   -11.0
109.570    -6.1    -9.2    -7.0
111.230   -16.1     5.6    -2.2
112.891   -12.9    -2.8   -18.6
114.551    -7.7   -13.8   -11.3
116.211    -0.4    -9.2     2.4
117.871     0.7   -13.8   -16.2
119.531   -18.1    -6.2    -1.9
121.191   -19.3     4.6     8.2
122.852     2.5   -11.9   -21.8
124.512     4.2   -14.0   -19.4
126.172    -1.7    -6.8    -2.3
127.832   -11.4   -15.7   -21.0
129.492   -19.7   -23.3   -28.1
131.152   -22.0     5.3     3.6
132.812     6.3    -2.3    -6.9
134.473    19.0   -12.1   -14.2
136.133     1.3    -1.1     4.7
137.793   -17.7   -10.9   -12.6
139.453   -33.8   -24.9   -28.6
141.113   -22.4    -4.2    -8.6
142.773     9.6     3.3     4.5
144.434    22.4    -4.9    -3.3
146.094    -7.9   -10.6    -8.5
147.754   -11.1   -10.4   -11.0
149.414   -39.4   -11.6   -22.0
151.074   -18.2   -13.8   -12.6
152.734    -3.7    -7.7    -2.8
154.395    21.6     1.7     4.6
156.055    12.3    -2.2    -0.6
157.715   -26.9   -24.1   -24.8
159.375   -36.4   -15.4   -17.7
161.035   -11.9     0.1    -3.3
162.695    -9.0    -1.0    -5.1
164.355    16.5     0.3    11.3
166.016     6.4    -1.3     2.8
167.676   -25.6   -20.7   -29.5
169.336   -28.5   -21.1   -22.4
170.996   -22.4    10.7     5.6
172.656     1.7    -3.2   -11.1
174.316    14.6   -11.3    -3.0
175.977     0.4    -6.2     2.1
177.637   -17.0   -12.1   -20.1
179.297   -10.7   -11.3   -13.3
180.957   -13.0    -0.2    -7.1
182.617    -0.6    -1.7    -7.4
184.277    -0.2   -13.5    -7.0
185.938    -2.5   -16.5   -10.9
187.598    -9.8   -18.6   -21.8
189.258    -7.0    -9.2    -2.2
190.918     0.6     8.3    -3.1
192.578     0.5     4.3   -12.7
194.238   -12.0   -13.1    -8.4
195.898   -20.3   -32.8   -22.5
197.559    -8.7   -18.5    -5.7
199.219   -42.4     4.0    10.1
200.879   -28.4     8.1    14.4
202.539  -189.9  -117.5   -19.7
204.199  -271.4  -176.3    -8.5
205.859  -241.8  -199.7   -19.0
207.520  -213.4  -198.4   -23.3
209.180  -126.2   -99.7    14.6
210.840  -121.5   -72.8    14.5
212.500   -92.3  -104.7   -33.1
214.160   -83.3  -101.4   -23.6
215.820   -60.9   -63.9    -6.6
217.480   -49.9   -58.8    -9.2
219.141   -10.1     3.7    12.6
220.801   -19.8    10.8    13.7
222.461   -43.3   -34.4   -30.1
224.121   -46.2   -52.5   -35.5
225.781   -39.0   -47.9   -12.0
227.441    -3.6   -12.9    -0.3
229.102    15.4     7.0     0.4
230.762   -17.8     5.2     0.3
232.422   -32.3    -6.2   -10.6
234.082   -35.1   -45.2   -21.0
235.742   -32.0   -46.1   -21.3
237.402     1.7     0.9    11.4
239.062    11.3    23.5    17.3
240.723     1.3    13.1    -7.0
242.383   -32.0   -22.7   -25.3
244.043   -36.4   -28.3   -12.1
245.703   -21.3   -29.5   -11.0
247.363     5.1   -36.3   -17.5
249.023     5.4    16.3    19.6
250.684   -14.0   -22.2   -37.3
252.344   -11.7   -14.4   -33.0
254.004   -28.1   -16.0     5.1
255.664   -28.4    -9.9     6.6
257.324    11.9   -25.3   -17.4
258.984    -1.1    13.8     9.1
260.645   -21.0    10.6    -5.5
262.305   -29.4   -39.4   -31.9
263.965   -17.7   -27.3    -8.4
265.625     0.5    -0.6     7.8
267.285    12.0    -6.1    -9.1
268.945     1.7    -6.2    -9.8
270.605    -7.2     0.3    -3.0
272.266   -24.3    -8.7   -15.0
273.926   -19.3   -22.3   -14.6
275.586    -0.7   -10.1    -0.7
277.246     3.8    -2.2     1.7
278.906    -3.9    -0.9    -5.5
280.566   -14.6   -12.7   -15.9
282.227   -20.9   -15.8   -17.6
283.887   -18.5   -10.7    -9.4
285.547    -5.7    -4.7     3.7
287.207    -4.0   -13.7   -18.5
288.867   -18.4    -3.8    -4.8
290.527    -9.3   -10.1   -14.4
292.188    -4.0   -10.6   -13.4
293.848    -6.7    -1.4     3.7
295.508   -13.3    -4.8     0.3
297.168   -11.5   -23.1   -30.0
298.828   -15.1    -3.1     4.9
300.488    -3.3     2.0     2.7
302.148     3.5    -4.8   -18.0
303.809     0.2    -9.4   -16.7
305.469   -16.1    -8.7    -5.8
307.129   -18.5   -28.9   -22.3
308.789   -15.7   -33.8   -26.2
310.449   -12.3     0.4     1.3
312.109     9.9    10.9     4.6
313.770     2.4    -0.5    -7.6
315.430   -21.3   -15.6   -13.3
317.090   -25.9   -22.5   -18.7
318.750   -17.1   -24.6   -17.5
320.410    -1.7    -8.8    -6.5
322.070    10.7    15.8     6.1
323.730    11.4    19.9     9.0
325.391   -21.1   -32.7   -31.0
327.051   -32.2   -39.5   -17.7
328.711   -19.6   -21.1    -3.8
330.371     5.4     2.1   -11.6
332.031     3.2    29.0    13.0
333.691     0.3    20.5     7.3
335.352   -22.5   -42.9   -37.0
337.012   -19.6   -53.7   -23.4
338.672   -15.3   -23.5     3.2
340.332    -1.6    21.8    -3.8
341.992     0.0    19.9    -8.6
343.652    -1.9    18.0     6.6
345.312   -10.4   -31.3   -23.3
346.973    -8.8   -52.8   -14.1
348.633   -10.2   -45.8    -8.3
350.293    -5.6    26.6    -9.5
351.953   -13.2     2.2     3.4
353.613   -11.6     1.5     3.9
355.273    -8.9   -43.4   -24.7
356.934    -5.6   -54.6   -22.0
358.594    -3.7     7.3     1.3
360.254    -4.4    21.8   -14.5
361.914   -19.1    16.7     1.1
363.574   -15.1    -6.5    -3.6
365.234    -5.0   -37.5   -18.9
366.895     9.1   -40.5    -4.1
368.555    -7.1    21.9    -8.5
370.215   -25.0    17.9   -22.7
371.875   -32.0     9.2   -28.7
373.535   -10.0   -26.8    -7.2
375.195    17.9   -52.6   -19.7
376.855    16.0    -4.4    15.0
378.516     8.9    10.2    16.4
380.176   -29.8    22.5   -14.1
381.836   -36.2   -10.6   -30.2
383.496     6.6   -30.1     7.3
385.156    34.5   -35.1    -2.5
386.816    30.7    -5.0    -2.0
388.477    -1.1    24.4     4.8
390.137   -46.5    16.9   -17.0
391.797   -47.1   -23.5   -34.3
393.457   -18.0   -34.4   -10.0
395.117    25.1   -23.8     8.0
396.777    36.6    -0.9     7.8
398.438     8.9    15.0     0.3
400.098   -56.1     1.7   -30.1
401.758   -54.8   -12.4   -23.7
403.418     9.0   -35.2    -7.0
405.078    43.3   -10.0     6.0
406.738    30.9    18.4    18.6
408.398    -4.2    26.9     2.8
410.059   -49.9     3.3   -36.7
411.719   -50.1   -24.8   -16.0
413.379    15.4   -30.4    -7.0
415.039    28.8   -31.3    -7.7
416.699     7.2    29.4    17.5
418.359   -39.8     8.5   -25.6
420.020   -41.1     3.7   -31.2
421.680   -33.8   -27.1   -10.4
423.340    15.0   -16.8     1.7
425.000    35.8   -20.7    -5.3
426.660    39.8   -10.5    -3.4
428.320   -37.6    16.1   -14.7
429.980   -45.7   -19.7   -29.2
431.641   -25.1   -34.4   -24.7
433.301    26.9   -17.8     5.6
434.961    31.0   -15.7    10.2
436.621   -21.4    10.7   -20.9
438.281   -45.9     1.5   -27.0
439.941   -48.6    -1.2   -15.8
441.602     2.6   -28.6   -13.7
443.262    35.5   -31.2   -11.5
444.922     4.9    22.0    12.6
446.582   -18.6    19.7    -2.6
448.242   -42.1   -18.0   -39.8
449.902   -29.6   -10.9   -11.2
451.562    -1.1    -9.7     7.6
453.223    36.9   -19.2     0.9
454.883    28.4   -17.0    -8.6
456.543   -27.6    12.4     1.2
458.203   -46.2     0.1   -21.6
459.863   -26.0   -20.7   -28.9
461.523    16.1    -3.8    17.6
463.184    31.8   -19.0   -15.8
464.844    19.2   -20.0   -20.8
466.504   -34.0     5.1    -4.9
468.164   -50.0    10.5   -11.0
469.824    -7.8   -23.7   -20.2
471.484     9.7   -16.5    -1.0
473.145    28.3    -3.7     5.0
474.805    10.5    -6.2    -9.1
476.465   -42.6    -6.3   -19.9
478.125   -49.6    -5.0   -22.3
479.785    -1.0   -10.9    -6.2
481.445    11.9   -13.2    -8.8
483.105    29.8   -12.4    -2.4
484.766     0.2     2.9     4.3
486.426   -36.6   -12.4   -35.1
488.086   -40.3   -16.5   -25.2
489.746    -7.3     1.6     9.7
491.406    23.9   -15.1   -15.2
493.066    27.1   -16.1   -15.7
494.727    16.4    -2.2     3.7
496.387   -31.5   -14.4   -37.0
498.047   -32.9   -31.1   -40.3
499.707   -20.2     0.0     6.5
501.367    13.0    -8.5   -13.0
503.027    19.5   -12.4    -9.9
504.688    -6.6    16.7    12.5
506.348   -23.9    -2.7   -19.8
508.008   -29.6   -30.4   -38.3
509.668   -24.6   -13.7    -4.9
511.328    14.1    -7.6    -8.7
512.988    18.0    -8.7    -7.4
514.648    10.5     7.7     8.4
516.309   -17.9   -10.1   -20.5
517.969   -24.0   -24.5   -12.9
519.629   -20.4   -18.3    -9.2
521.289   -12.4   -14.7   -15.4
522.949     4.6    -4.3    -6.9
524.609     9.4    10.6    11.3
526.270     5.6     1.1   -13.3
527.930   -16.9   -17.8   -21.3
529.590   -23.0   -23.2   -28.4
531.250   -15.9   -24.6   -20.4
532.910    -4.5    -9.6   -10.5
534.570     5.7    22.8    18.2
536.230    13.4     6.0    -9.4
537.891     7.7    -5.5   -20.7
539.551   -24.8   -22.1   -12.3
541.211   -23.9   -25.7   -16.3
542.871    -9.0   -12.5   -14.0
544.531     9.6    27.2    11.5
546.191    10.4    27.0    12.0
547.852    11.6    -7.1   -14.0
549.512   -21.6   -24.7    -5.4
551.172   -25.4   -30.7   -28.4
552.832   -19.4   -15.1   -18.0
554.492    -2.6    20.1     7.2
556.152    10.8    16.3     2.8
557.812    11.8    -3.2    -7.5
559.473     4.8   -14.9    -5.7
561.133   -28.6   -33.2   -26.2
562.793   -37.6   -24.2   -25.1
564.453    -3.1    13.4    -4.2
566.113     3.6    16.7    -1.3
567.773    19.8     9.4     4.3
569.434     5.5   -18.0    -7.2
571.094   -23.5   -37.4   -25.1
572.754   -29.5   -17.0   -12.2
574.414   -26.2     5.1    -7.8
576.074    -5.1     9.9   -13.4
577.734    12.0    14.2    12.0
579.395    17.3     2.8    12.3
581.055     0.1   -41.2   -21.5
582.715   -28.4   -19.4   -12.3
584.375   -42.2    -0.9   -17.4
586.035   -35.3     5.4   -24.7
587.695    20.2     5.3    11.3
589.355    22.4     7.4    18.7
591.016   -16.9   -28.2    -8.4
592.676   -26.7   -15.9    -8.4
594.336   -31.7    -4.3   -10.3
595.996   -25.4     1.5   -17.0
597.656    16.3     6.4     4.4
599.316    24.4     1.5     1.1
600.977    16.1   -32.6    -9.4
602.637    -9.8   -18.4     2.8
604.297   -28.2    -0.1   -32.1
605.957   -34.0    -3.3   -37.5
607.617   -29.2     8.0    -1.3
609.277    11.1    -1.9     4.5
610.938    30.5   -33.3    -6.3
612.598    -8.7    -4.0     3.6
614.258   -29.4     4.2   -16.2
615.918   -39.7    -4.5   -34.7
617.578   -35.1     3.6    -9.1
619.238    11.7   -15.0     2.4
620.898    29.1   -29.5    -8.8
622.559     1.0     1.6     3.8
624.219   -24.2     7.0    -8.2
625.879   -35.8    -4.9   -32.2
627.539   -21.3    -1.0    -3.8
629.199    -2.3   -18.8     3.8
630.859    28.9   -25.6   -10.1
632.520    20.6    -1.1     2.5
634.180   -25.4    11.7   -10.1
635.840   -38.3    -2.8   -28.8
637.500   -19.5   -15.2   -11.9
639.160    -4.2   -25.5    -5.0
640.820    20.7   -26.5     0.6
642.480    19.4     1.8     3.0
644.141    -1.0    10.6    -8.3
645.801   -43.2     3.2   -14.7
647.461   -27.3   -14.2    -9.1
649.121     0.6   -28.5   -17.8
650.781    24.1   -18.7     8.6
652.441     5.0     6.1     7.5
654.102   -18.0     3.9   -25.9
655.762   -21.3     5.0   -18.2
657.422   -26.8    -1.2    -6.0
659.082     9.4   -39.1   -15.0
660.742     9.9   -31.8    -8.7
662.402    -5.7     8.5    -9.7
664.062   -12.1    -2.6   -24.9
665.723   -23.4     6.5   -12.1
667.383   -23.4    -4.4    -9.7
669.043     1.5   -41.2   -23.1
670.703    13.2   -26.6    -3.0
672.363     4.4     6.7     6.4
674.023   -17.4     4.2   -17.6
675.684   -19.3     4.8   -14.4
677.344   -17.8     6.1    -9.1
679.004    -0.2   -24.8   -10.2
680.664     1.0   -29.8   -12.9
682.324     3.2   -13.9    -8.5
683.984   -17.9    12.2    -6.5
685.645   -16.7     9.0    -8.7
687.305   -11.4    -6.1   -15.6
688.965    -4.7   -17.5   -10.3
690.625    -4.1   -22.6    -5.2
692.285    -0.3   -21.0    -5.6
693.945     2.6   -10.4   -16.6
695.605   -16.4    19.0     0.9
697.266   -16.5    -3.3   -17.7
698.926     0.1   -24.8   -23.9
700.586     1.2   -23.2   -10.8
702.246    -1.0   -16.3     8.4
703.906    -1.4    -7.4   -23.0
705.566   -19.4    16.6    -4.6
707.227   -22.6     9.0    -2.8
708.887    -7.1   -26.5   -28.4
710.547     7.9   -23.2     2.1
712.207    -2.9    -3.8     5.4
713.867    -6.6    -0.5   -19.8
715.527   -17.2     5.6    -3.6
717.188   -26.6     7.7    -2.5
718.848   -12.6   -21.6   -19.7
720.508     6.5   -34.9   -17.1
722.168     0.3    -5.2     3.5
723.828     0.4     1.5    -0.7
725.488   -12.2     6.8    -6.7
727.148   -22.7    -9.4   -23.6
728.809    -3.5   -21.2    -4.7
730.469    -4.4   -23.0    -2.9
732.129    19.0   -16.8    -6.7
733.789    -1.6     7.1     0.2
735.449   -30.4    18.4   -11.7
737.109   -31.0    -3.4   -28.3
738.770   -10.2   -29.8   -16.1
740.430    -5.4   -25.9    -0.9
742.090     6.7   -15.6   -23.5
743.750     5.3   -16.6   -22.5
745.410   -15.9    21.8    10.3
747.070   -26.4   -15.8   -32.1
748.730   -17.8   -36.1   -38.5
750.391     6.0   -14.0     9.8
752.051    17.7    -4.6     1.7
753.711    16.3    -8.4   -10.6
755.371    -2.3    -7.1   -11.7
757.031   -26.7    19.6    -3.4
758.691   -25.8   -28.6   -29.1
760.352     2.9   -21.3     7.3
762.012    22.0    -9.1    15.9
763.672    13.5    -5.8   -12.2
765.332   -20.0     2.2    -9.6
766.992   -33.0     4.9   -14.1
768.652   -12.4   -16.2   -24.0
770.312    -6.7   -21.4    -2.5
771.973    10.4    -9.2   -10.1
773.633    -3.2     5.3    -2.8
775.293   -16.5     8.5     4.8
776.953   -27.5   -10.1   -26.2
778.613   -16.0   -23.4   -33.2
780.273     8.9    -3.8    15.2
781.934    14.0    -7.4    -1.6
783.594    12.0   -15.1   -19.2
785.254   -25.5    14.4     4.6
786.914   -26.9     2.2    -8.1
788.574   -12.7   -33.9   -31.5
790.234     4.5    -7.4     4.2
791.895     8.2     9.5    18.1
793.555     3.5   -12.8   -18.9
795.215    -0.9   -13.0   -20.0
796.875   -27.3     7.0     0.6
798.535   -16.5   -25.5   -26.0
800.195     7.7   -19.4    -9.8
801.855    10.8    -7.2     4.1
803.516    -6.3     0.1   -14.0
805.176   -15.7    -1.8   -13.6
806.836   -15.5    -9.3    -6.9
808.496   -11.5   -14.2   -13.6
810.156    -4.7   -12.1    -4.7
811.816     2.4    -6.6    -7.8
813.477    -1.4     2.9    -7.2
815.137    -8.9     5.7    -0.8
816.797   -10.7   -22.5   -22.7
818.457    -1.8   -22.2   -14.3
820.117   -10.9    -4.0     5.4
821.777   -11.0     1.3    -7.5
823.438    -1.1     0.7    -1.6
825.098    -7.8    -0.8    -7.1
826.758    -8.8    -1.4    -5.6
828.418    -1.3   -38.1   -30.2
830.078    -4.2    -0.8     8.6
831.738   -16.2     6.7     2.7
833.398   -14.3    -5.4   -22.4
835.059    -7.9     9.5     5.0
836.719    -1.1    -4.4    -1.6
838.379     4.3   -36.8   -14.5
840.039   -15.5    -3.8   -12.2
841.699   -23.5     5.2    -8.0
843.359   -16.3     2.6    -2.6
845.020     6.4    -2.7   -11.1
846.680    13.6   -15.9   -14.2
848.340    -2.1   -22.1     2.0
850.000   -16.8   -17.6    -7.7
851.660   -20.8    -5.4   -27.7
853.320   -23.0    17.9     2.7
854.980   -23.7    19.1     1.8
856.641     4.9   -22.0   -15.2
858.301    15.7   -29.0    -5.5
859.961    -7.3     1.9    -0.7
861.621   -20.8    -7.6   -33.3
863.281   -29.6    -4.0   -27.7
864.941   -17.9    18.5     8.2
866.602     2.0     3.2     7.8
868.262    21.7   -41.7   -16.7
869.922     5.0    -5.2     7.3
871.582   -23.6    14.6     0.9
873.242   -32.2    -5.5   -34.0
874.902   -13.5     1.8    -4.9
876.562    17.1    -8.8    11.3
878.223    25.2   -36.9   -19.2
879.883    -0.7   -16.1    -7.8
881.543   -34.9    13.6    -3.4
883.203   -37.5    14.0   -18.3
884.863    -7.5   -13.0   -11.8
886.523    21.2   -15.1     4.1
888.184    21.7   -19.0     3.6
889.844    -7.2   -16.4   -15.6
891.504   -31.9    -0.8   -25.4
893.164   -28.8    14.8    -3.0
894.824   -10.1    -2.8    -7.1
896.484    16.3   -30.6   -19.9
898.145    18.3   -12.9    14.9
899.805    -5.7    -3.3    -2.4
901.465   -28.1   -17.7   -39.6
903.125   -34.2    -3.7   -15.1
904.785   -11.9    12.2     8.2
906.445     1.3    -5.0   -11.2
908.105    24.6   -33.7   -17.5
909.766    -6.6     9.3    18.6
911.426   -22.4   -19.0   -37.2
913.086   -28.4   -20.3   -29.2
914.746   -17.4     7.8     2.6
916.406    -1.0    20.0     9.1
918.066    13.6   -25.6   -16.1
919.727    -9.8    -2.1     9.2
921.387   -12.2     1.1     1.2
923.047   -23.1   -16.2   -27.2
924.707   -12.4     0.3    -2.1
926.367     7.2     8.9     4.4
928.027     5.5   -11.0    -5.7
929.688     3.3   -11.3    -4.4
931.348   -17.8   -14.8   -18.7
933.008   -19.5    -6.5   -11.1
934.668    -0.4    -8.3    -7.6
936.328     0.7    -4.7   -10.6
937.988    -6.9     5.2    -1.1
939.648    -8.1   -19.0   -17.9
941.309    -6.3   -25.5   -21.4
942.969    -4.3   -10.4     0.8
944.629    -4.3     5.7     0.0
946.289   -10.4    -4.7   -32.2
947.949   -12.9    -7.7   -31.3
949.609   -14.5     1.7    12.7
951.270     0.5   -25.8   -19.7
952.930     0.0    -5.3    -3.9
954.590   -12.1    15.0     0.7
956.250   -16.3     4.1   -18.3
957.910   -18.2   -18.8   -36.4
959.570    -8.9    -4.8     5.3
961.230    12.1   -11.7    -2.9
962.891    10.6   -18.9    -9.8
964.551    -8.3     9.0     0.0
966.211   -21.1     1.4   -16.7
967.871   -25.3   -21.8   -24.0
969.531    -5.7   -14.1    -7.4
971.191     6.9   -10.7     1.8
972.852    26.1     3.6     5.3
974.512    -9.3    -4.6   -22.0
976.172   -35.4    -7.8   -15.1
977.832   -28.1   -14.0   -15.0
979.492     4.7   -26.9   -20.2
981.152    30.0    -3.9    15.7
982.812    19.2    17.9    21.9
984.473    10.4    19.3     9.7
986.133   -38.6   -25.7   -34.6
987.793   -30.4   -10.6    -4.9
989.453    -6.9   -11.9   -13.3
991.113    12.9   -22.7   -21.5
992.773    12.2    25.1    19.7
994.434   -16.6    -2.9   -30.1
996.094   -24.7   -12.2   -34.5
997.754   -33.5   -30.9   -34.0
999.414    -7.0    -7.4    -5.9
1001.074    -1.3    -9.5    -8.2
1002.734     0.8    14.9    10.2
1004.395    -5.5    13.9     1.5
1006.055   -26.9   -15.3   -28.9
1007.715   -26.1   -19.2    -9.5
1009.375    -1.0   -14.8   -16.5
1011.035    11.1   -10.3    -5.2
1012.695     8.7     6.7     6.9
1014.355    -7.9     4.4    -9.8
1016.016   -26.4   -13.9    -8.6
1017.676   -11.8    -2.5     9.9
1019.336     7.4   -12.3    -8.8
1020.996    11.9   -18.1   -20.8
1022.656     4.2   -14.9   -11.9
1024.316   -25.9    -3.7   -12.5
1025.977   -20.3   -13.5   -25.2
1027.637     1.2     2.1     4.3
1029.297     6.4    10.5    13.7
1030.957     8.4    -0.4    -5.2
1032.617   -21.3   -21.4   -18.2
1034.277   -24.8   -15.1   -14.0
1035.938   -25.3   -13.3   -13.1
1037.598    -1.8   -17.3   -24.4
1039.258    21.2    11.5    14.9
1040.918    10.3     5.3     3.2
1042.578   -11.4   -19.0   -24.1
1044.238   -25.6   -26.7   -27.0
1045.898   -36.1   -22.1   -21.2
1047.559   -12.5   -10.4   -10.8
1049.219     5.6    -2.7    -7.0
1050.879    16.6     9.3     5.2
1052.539    -8.5    -1.5   -13.0
1054.199   -34.5   -28.3   -23.0
1055.859   -20.6   -21.8   -13.2
1057.520   -10.6    -8.6    -3.4
1059.180    20.6    19.0    12.3
1060.840    21.3    12.2    -1.2
1062.500    -3.5   -11.2   -19.9
1064.160   -18.1   -17.4   -13.3
1065.820   -29.3   -35.4   -23.7
1067.480   -10.9   -28.0   -28.9
1069.141    15.2    21.0    14.8
1070.801    12.1    34.1    20.6
1072.461    -4.0   -22.6   -31.3
1074.121   -16.7   -29.6   -15.7
1075.781   -30.4   -16.6     1.9
1077.441    -4.7   -23.7   -20.7
1079.102     8.5   -13.1   -14.4
1080.762     4.1    22.0    10.9
1082.422    -5.3   -18.7   -23.2
1084.082   -15.7   -28.5   -17.3
1085.742   -21.0   -15.9    -7.3
1087.402    -4.7    -9.8    -4.4
1089.062     9.2     0.5    -4.8
1090.723    -8.4     9.0   -15.7
1092.383   -18.6    -3.4   -20.1
1094.043   -15.8   -19.6    -8.2
1095.703     0.7   -16.2    -5.2
1097.363    10.7   -11.0    -3.8
1099.023    -0.4    15.0     3.9
1100.684    -8.7     0.6   -18.7
1102.344   -27.1   -24.5   -30.0
1104.004   -24.3   -13.8    -8.7
1105.664    -8.0    -7.4     4.0
1107.324    18.0    -9.0    -5.7
1108.984    -0.7     9.8     2.5
1110.645    -7.3    11.0     1.6
1112.305   -23.5   -29.3   -30.9
1113.965   -24.2   -18.4   -20.9
1115.625   -16.1    -3.8     1.5
1117.285    17.9    -3.0    -2.4
1118.945    17.0    -7.3   -14.9
1120.605   -13.5    -3.7    -0.1
1122.266   -21.3    -4.5    -2.6
1123.926   -16.0   -18.7   -26.9
1125.586   -12.7    -2.2    -2.2
1127.246     1.1    11.0    13.2
1128.906    17.7    -9.0    -9.3
1130.566    -0.3   -19.8   -12.8
1132.227   -23.1   -15.3   -11.0
1133.887   -19.3    -8.8   -21.6
1135.547   -14.8    -4.8   -19.9
1137.207    -6.9     3.1    -2.0
1138.867     8.9   -10.0     0.2
1140.527     4.3   -20.8   -16.9
1142.188     2.0   -22.6   -19.5
1143.848   -12.9   -11.2   -16.6
1145.508   -16.1     7.1     5.8
1147.168   -18.0     1.9   -14.7
1148.828    -5.8   -23.2   -18.5
1150.488     0.2    -9.1     9.5
1152.148     4.8   -20.1   -29.1
1153.809     2.3   -17.2   -31.4
1155.469    -4.5    -5.0   -16.1
1157.129   -25.1    16.8    -3.9
1158.789   -17.5   -31.9   -35.5
1160.449    -2.4   -26.3     1.2
1162.109    16.2    -3.6    -0.9
1163.770    12.5    -9.9   -22.2
1165.430   -22.8    19.7     5.8
1167.090   -23.1    21.9     4.5
1168.750   -25.4   -22.3   -31.1
1170.410   -11.1   -41.3   -19.7
1172.070     9.6    -5.6    11.1
1173.730    16.3     5.7   -13.2
1175.391   -11.6    10.3    -6.2
1177.051   -28.1     1.5   -11.3
1178.711   -28.9   -32.6   -31.6
1180.371    -7.3   -34.2    -6.4
1182.031    14.1    -8.7     7.9
1183.691    19.2    -3.2     1.8
1185.352     5.8    16.1    -3.8
1187.012   -23.4    -1.6   -14.6
1188.672   -26.2   -35.5   -28.1
1190.332   -12.1   -25.7    -2.1
1191.992    18.9    -0.1    -1.1
1193.652    20.2     1.1     0.2
1195.312    -4.8     6.5    -5.5
1196.973    -9.0     8.9    -2.8
1198.633   -21.4   -15.6   -18.9
1200.293   -21.3   -41.6   -32.8
1201.953    -9.0   -13.8     4.5
1203.613    10.3     8.0     0.9
1205.273    10.9    -1.4   -15.7
1206.934     1.0     2.6   -12.3
1208.594   -21.0   -20.0   -18.0
1210.254   -15.8   -33.1   -24.4
1211.914    -0.5    -9.8    -1.8
1213.574     5.4    13.8     5.2
1215.234    -4.7    -2.0   -16.9
1216.895    -9.8   -11.3   -14.2
1218.555   -12.4   -17.7   -13.2
1220.215    -4.1   -15.7   -13.2
1221.875    -3.5    -4.8   -12.3
1223.535    -5.2     0.3    -9.5
1225.195    -5.7    -2.8    -3.5
1226.855    -6.2   -13.7    -9.1
1228.516    -5.2   -17.2   -19.4
1230.176    -0.3     4.0     5.1
1231.836    -6.9    -0.4   -10.9
1233.496   -13.3   -18.7   -30.5
1235.156   -13.6   -11.8    -7.6
1236.816    -6.2    -1.8     2.7
1238.477     6.2   -12.3   -22.2
1240.137     3.8    -6.7    -8.6
1241.797    -8.6    13.7     4.8
1243.457   -19.3   -12.9   -23.3
1245.117    -6.4    -9.6     2.6
1246.777    -6.2   -11.1     3.8
1248.438    -1.3     8.1    -0.1
1250.098     6.8    -6.6   -13.9
1251.758    -3.9     8.0     2.8
1253.418   -20.6    -5.1   -25.5
1255.078   -16.5   -31.5   -11.6
1256.738    -4.3   -14.3     2.2
1258.398     6.6     4.2    -5.8
1260.059     9.1     6.9    -5.5
1261.719    -3.2    10.7     4.8
1263.379   -21.4   -14.4   -28.4
1265.039   -23.0   -42.0   -31.3
1266.699    -7.7   -15.6    10.9
1268.359     7.1    -0.7    -9.2
1270.020    11.7     7.2   -12.2
1271.680    -9.3    25.5     8.8
1273.340   -19.2   -26.2   -29.0
1275.000   -23.0   -50.0   -40.1
1276.660   -18.0   -45.2   -15.1
1278.320    12.6     0.4    -1.2
1279.980    14.8    11.0   -16.9
1281.641   -15.4    17.6     3.1
1283.301   -21.7    12.3     1.6
1284.961   -11.0   -57.9   -33.4
1286.621    -8.2   -48.6   -30.0
1288.281     0.5    -3.4    13.7
1289.941    -1.0    20.7   -13.4
1291.602    -7.5    10.3   -16.8
1293.262   -20.8   -18.9    -4.7
1294.922   -17.9   -36.0   -14.8
1296.582     6.7   -31.0   -10.2
1298.242     2.9    -8.9    -2.3
1299.902    -8.1    20.2     8.5
1301.562   -11.9     6.1   -19.2
1303.223   -10.6   -16.7   -18.6
1304.883    -7.4   -37.7   -13.2
1306.543     8.6   -21.3     0.5
1308.203    10.9   -19.5     0.7
1309.863   -13.6    17.1   -15.2
1311.523   -15.2    10.3    -6.0
1313.184    -2.9   -29.1   -19.2
1314.844    -0.8   -40.8   -24.1
1316.504     5.6   -25.6     1.6
1318.164    -2.1    10.7    -3.5
1319.824    -9.2     8.8   -19.4
1321.484   -20.9     6.3   -10.8
1323.145   -16.6    -4.4    -6.2
1324.805    14.1   -44.4   -24.4
1326.465     7.6   -15.2    13.7
1328.125     0.8     2.3    11.9
1329.785   -16.6    11.7   -16.4
1331.445   -21.6    -1.3   -16.3
1333.105   -25.2     2.2     0.0
1334.766    -7.5   -15.6   -12.0
1336.426    19.2   -28.6    -5.6
1338.086     6.3     9.2    10.3
1339.746   -28.3    12.9   -16.2
1341.406   -29.7    -2.6   -25.4
1343.066   -15.3    -9.0    -8.1
1344.727    -4.1   -13.1    -1.9
1346.387    12.4   -29.2    -8.0
1348.047    11.9   -24.8    -5.6
1349.707    -1.3     2.4    -7.2
1351.367   -29.4     9.0   -16.8
1353.027    -8.0   -13.0    -9.1
1354.688     0.9   -21.1   -11.8
1356.348    12.7   -32.1   -12.3
1358.008    -2.8    -7.3     1.3
1359.668   -13.2     2.6   -11.0
1361.328   -11.4     6.6   -16.9
1362.988   -18.1     0.6   -15.3
1364.648    -2.2   -19.1    -6.6
1366.309    10.1   -30.5   -16.8
1367.969     5.5   -12.3    -4.0
1369.629   -13.4     8.8     9.5
1371.289   -16.7     7.1    -6.2
1372.949   -16.6    -7.1   -30.9
1374.609    -9.6    -6.1     4.3
1376.270    -2.1   -13.4     3.3
1377.930    14.7   -24.8   -20.7
1379.590   -13.2     3.1    -3.9
1381.250   -29.5    13.4    -2.2
1382.910   -20.1    -0.1   -20.4
1384.570    -1.9   -12.1    -7.4
1386.230     5.2   -15.7    -5.0
1387.891     8.1   -19.6    -9.1
1389.551    -7.2   -13.2   -13.0
1391.211   -28.0     7.1    -6.7
1392.871   -20.6     8.2    -6.3
1394.531    -2.5   -15.9   -11.4
1396.191     8.2   -24.7   -17.1
1397.852     1.0   -22.4   -14.8
1399.512     3.1    -9.4     6.0
1401.172   -15.3     6.1    -9.9
1402.832   -13.1    -0.5   -26.0
1404.492   -19.5   -10.6   -24.5
1406.152     1.1   -14.4    -7.2
1407.812     5.3   -33.7   -30.7
1409.473     1.4   -22.5   -11.0
1411.133   -10.8    18.6     6.0
1412.793   -18.2     4.8   -20.0
1414.453   -19.1   -13.2   -34.9
1416.113   -10.9   -13.0    -4.5
1417.773    -1.0   -38.0   -34.6
1419.434    -1.7   -32.9   -27.5
1421.094    -3.2    -8.8     5.3
1422.754    -9.4    20.6    -8.9
1424.414   -12.8   -20.1   -22.7
1426.074    -9.0   -19.6   -11.8
1427.734    -3.6   -17.8    -2.4
1429.395    -5.5   -33.5   -22.0
1431.055   -10.3   -12.4    -5.1
1432.715    -2.8    27.8     3.5
1434.375    -2.4    27.1    -3.2
1436.035   -11.9   -19.2   -14.0
1437.695    -4.5   -27.4   -15.5
1439.355    -1.6   -30.9   -17.2
1441.016    -4.6   -19.3    -9.5
1442.676    -7.6     0.9     7.0
1444.336    -5.2    11.6   -21.3
1445.996    -6.5     3.1   -15.1
1447.656   -11.7   -15.9     7.0
1449.316    -6.4   -33.3   -16.6
1450.977    -5.2   -38.1   -33.4
1452.637   -10.9     5.8    -0.5
1454.297     3.7    14.2    -9.3
1455.957    -2.2    -4.6   -23.3
1457.617   -10.0    -2.3    -8.1
1459.277   -13.0   -18.2    -6.1
1460.938    -5.3   -35.9   -23.1
1462.598    -6.8   -27.7   -17.9
1464.258    -4.0    21.2     8.1
1465.918     0.0     4.3   -16.4
1467.578    -6.4    -9.6    -2.1
1469.238   -12.3   -20.4    -4.9
1470.898   -18.3   -24.7   -10.4
1472.559    -3.8   -19.2   -11.5
1474.219     3.0    10.6     5.1
1475.879    -4.7    10.0    -2.5
1477.539   -17.6    -7.9   -14.1
1479.199    -8.1   -15.1   -10.8
1480.859    -7.0   -19.5    -6.7
1482.520     0.3   -16.1    -7.3
1484.180     2.6    -6.5    -4.7
1485.840     0.8    -1.1   -12.5
1487.500   -15.1     3.8    -7.2
1489.160   -17.1   -10.4   -15.2
1490.820   -14.3   -22.7   -27.6
1492.480     6.8   -17.9    -1.8
1494.141     7.9    -1.6    13.7
1495.801    -5.1   -15.9   -27.0
1497.461   -22.6     4.0    -8.1
1499.121   -26.3     7.2    -3.9
1500.781   -32.0     9.6    -5.3
1502.441     6.7   -31.1   -10.3
1504.102    19.9   -21.1     6.1
1505.762    15.9     8.6     6.8
1507.422     2.6    -6.5   -20.8
1509.082   -26.5   -16.3   -22.8
1510.742   -31.9    -2.2   -22.6
1512.402   -15.4   -21.6   -18.6
1514.062    16.9   -23.5     1.7
1515.723    27.8     0.7     4.5
1517.383    21.0     3.0    -7.4
1519.043   -28.6    -2.6   -10.8
1520.703   -36.5    -3.3   -11.5
1522.363   -29.3   -19.8   -31.1
1524.023    -2.6   -21.3    -1.3
1525.684    20.0    -6.1    13.3
1527.344    28.5    -4.0    -5.1
1529.004     7.5     1.0    -9.3
1530.664   -27.5     8.5    -9.6
1532.324   -43.6    -4.3   -23.8
1533.984   -34.6   -34.3   -34.0
1535.645    10.6    -6.0    14.4
1537.305    28.3     0.7    16.7
1538.965    35.4     0.8    -7.7
1540.625   -10.3     9.9   -10.4
1542.285   -46.4    -3.0   -16.1
1543.945   -48.1   -18.0   -23.4
1545.605   -15.7   -35.2   -32.6
1547.266    10.7    -6.2    13.2
1548.926    15.9     9.8   -11.9
1550.586    12.3     9.0   -17.2
1552.246   -29.2     5.2    -1.7
1553.906   -44.4   -13.8   -13.8
1555.566   -32.6   -42.8   -36.4
1557.227     1.0   -25.5    -8.2
1558.887    13.8    16.3    12.8
1560.547    19.3    21.3     9.2
1562.207     1.2     7.5    -5.9
1563.867   -18.9    -1.6   -12.8
1565.527   -43.1   -24.9   -27.7
1567.188   -15.3   -40.2   -15.1
1568.848     3.3   -22.0    -7.2
1570.508    17.2    24.1     3.8
1572.168     1.4    21.1     6.6
1573.828   -22.7   -35.8   -36.6
1575.488   -27.4   -48.1   -31.9
1577.148   -27.4   -32.9    -3.3
1578.809   -13.7   -16.6    -8.1
1580.469    17.6    11.8    -6.0
1582.129     6.3    34.4    22.0
1583.789   -10.7    11.4    -8.5
1585.449   -12.0   -39.3   -40.9
1587.109   -18.2   -43.2   -13.7
1588.770   -17.0   -14.1    -2.5
1590.430    -3.1    -5.7   -21.4
1592.090     4.5     4.3   -16.2
1593.750    -6.1    20.8     8.4
1595.410    -2.8   -47.0   -30.9
1597.070    -4.5   -57.9   -33.0
1598.730   -13.2   -18.3    -0.6
1600.391   -14.3    -5.1    -7.6
1602.051    -8.2    12.7   -13.4
1603.711    -6.2    25.8     4.0
1605.371    -3.4   -20.7   -11.9
1607.031    -1.4   -48.3   -16.9
1608.691     0.5   -47.7   -12.5
1610.352   -17.5     2.2   -21.1
1612.012   -17.4     9.3   -21.8
1613.672   -22.9    20.6    -4.6
1615.332     3.9   -15.7   -17.7
1616.992     4.7   -23.7   -19.2
1618.652    12.0   -37.0     0.3
1620.312     6.0   -11.0    -4.7
1621.973   -27.9     5.8   -22.8
1623.633   -42.5    16.8   -11.4
1625.293     7.0   -21.0   -18.0
1626.953    20.6   -35.9   -20.8
1628.613    25.4   -36.0    -7.5
1630.273    17.9   -11.5    16.6
1631.934    -1.2    -1.5    -3.7
1633.594   -41.8     3.5   -30.7
1635.254   -35.3    15.2     0.0
1636.914     5.3   -21.2   -15.2
1638.574    29.1   -39.5   -17.0
1640.234    28.3   -26.7    -0.4
1641.895    -3.7     7.0    -2.9
1643.555   -29.2     4.2   -21.9
1645.215   -34.1    -8.7   -18.7
1646.875    12.7   -25.6    -7.3
1648.535    19.6   -25.9    -2.8
1650.195    26.6    -5.4     6.3
1651.855    -6.0     2.3   -12.2
1653.516   -23.8     6.3   -14.7
1655.176   -42.5    -9.1   -27.9
1656.836    15.4   -26.1     5.4
1658.496    27.8   -16.7    13.4
1660.156    20.3    -2.7    -8.4
1661.816     0.4    -2.0   -15.6
1663.477   -34.9     7.4    -4.4
1665.137   -42.0     7.8    -6.6
1666.797   -29.7   -22.0   -28.4
1668.457     0.6   -29.1   -13.0
1670.117    22.2    -1.5    18.5
1671.777    11.9     4.6    -7.1
1673.438   -34.2     5.5    -5.1
1675.098   -33.2     5.5    -4.3
1676.758   -27.6   -13.3   -30.5
1678.418    12.5   -35.6   -16.0
1680.078    15.3    -6.8    11.8
1681.738     2.0     9.0    -8.2
1683.398   -20.8    -4.7   -21.9
1685.059   -24.7     1.6    -2.4
1686.719   -20.0     0.7    -7.3
1688.379    10.2   -32.7   -15.0
1690.039     8.9   -16.7     2.3
1691.699    -2.8     4.6    -7.9
1693.359   -19.1    -2.9   -19.1
1695.020   -21.0    -1.4    -3.3
1696.680     7.7   -22.9   -27.9
1698.340     2.5   -29.3   -21.4

Event #13  ts=2026-09-25 12:01:23.608  [SELECTED]
  t[ns]  u1[mV]  u2[mV]  u3[mV]
  0.000   -29.9    -4.0   -11.7
  1.660    22.8     9.0     6.0
  3.320   -29.1     3.4   -17.6
  4.980   -33.0   -15.5   -13.1
  6.641   -19.4   -29.8   -18.9
  8.301     5.0   -29.9   -18.6
  9.961    16.0    -5.5     4.3
 11.621     3.1    12.2   -10.4
 13.281   -25.6   -10.6   -29.0
 14.941   -32.0   -12.0   -26.0
 16.602   -37.3   -10.8    -8.8
 18.262    10.3   -26.2   -13.3
 19.922    14.0   -23.9   -13.3
 21.582     9.0     4.4    10.2
 23.242    -8.2    15.0     0.0
 24.902   -23.9    -7.6   -32.3
 26.562   -29.6   -13.7    -6.6
 28.223     3.5    -8.6    -0.1
 29.883    22.3   -19.8    -8.5
 31.543    15.1   -11.9    -3.2
 33.203     1.1    -2.1    -3.1
 34.863   -33.9    -6.3   -27.3
 36.523   -33.9    -6.0   -20.9
 38.184    -2.9   -14.7    -4.2
 39.844    23.2   -16.3     0.6
 41.504    14.2    -8.1     3.9
 43.164   -12.2    -0.6   -10.9
 44.824   -20.9    -7.3   -23.3
 46.484   -26.1    -9.0   -17.6
 48.145   -20.8    -0.1    -4.8
 49.805     1.9   -10.7   -10.7
 51.465    12.8   -15.0     2.4
 53.125    10.1    -9.4    -1.4
 54.785    -2.5    -5.6   -13.4
 56.445   -34.0    -2.5   -24.6
 58.105   -19.4     4.1    -8.2
 59.766   -16.1     4.6    -0.4
 61.426     9.5   -24.1    -7.8
 63.086     2.6   -22.3    -7.7
 64.746   -13.9     1.4   -10.0
 66.406   -16.8     5.5    -8.0
 68.066   -13.6     9.5    -7.1
 69.727   -10.3     2.3    -7.6
 71.387    -5.1   -25.0   -16.5
 73.047    -2.4   -33.9   -12.5
 74.707    -4.5   -14.1    -6.0
 76.367    -7.0     5.5    -4.3
 78.027    -4.2    28.9     1.4
 79.688    -5.7    19.2    -5.1
 81.348   -13.9   -17.9   -15.6
 83.008    -4.9   -46.9   -13.8
 84.668    -2.4   -34.5    -6.8
 86.328    -5.2     2.1    -7.9
 87.988    -2.9    31.3     6.5
 89.648    -8.0    -4.3   -16.7
 91.309   -15.5   -32.5   -28.5
 92.969   -17.8   -55.2   -22.4
 94.629   -17.2   -38.4    -9.3
 96.289     6.5    13.1    -5.9
 97.949    11.6    28.6     6.1
 99.609    -5.6    34.0     3.2
101.270   -16.9    -7.7   -24.4
102.930   -23.1   -59.9   -29.1
104.590   -13.3   -49.3    -5.6
106.250     3.6    -9.5    -6.9
107.910    10.7    12.0    -5.5
109.570    -7.3    37.5     3.6
111.230   -16.8   -32.0   -29.6
112.891   -19.3   -51.9   -25.5
114.551    -5.9   -44.1    -7.6
116.211     2.0   -24.3    -8.5
117.871    -1.9    21.7    -5.1
119.531   -10.4    42.0     6.6
121.191    -7.8   -12.7   -22.9
122.852   -13.9   -54.6   -23.6
124.512   -13.4   -56.8   -16.9
126.172     4.4     3.6    -9.8
127.832     5.2    11.8   -13.1
129.492   -13.1    33.1     1.9
131.152   -13.4   -17.0   -17.3
132.812   -16.0   -26.3   -24.9
134.473     0.5   -46.6   -14.8
136.133     4.2   -11.7     6.4
137.793    -2.3     9.6   -15.3
139.453   -16.4    16.8   -17.4
141.113   -18.5   -12.0   -14.1
142.773     5.3   -37.0   -18.7
144.434     9.9   -41.0   -16.3
146.094    18.4   -21.1     4.0
147.754    -0.6     3.7    10.5
149.414   -21.5     6.4   -19.0
151.074   -22.6    -1.3   -15.8
152.734   -11.5   -26.0   -12.4
154.395     5.2   -28.6    -7.2
156.055    22.5   -24.5    -6.6
157.715    -2.6    15.8     0.1
159.375   -21.7     8.5   -15.0
161.035   -25.9   -21.2   -20.7
162.695     4.3   -19.7    -3.3
164.355     6.0   -18.2     0.7
166.016    15.0    -1.1    -2.7
167.676    -8.3     3.3   -10.2
169.336   -18.1     6.8   -14.1
170.996   -34.6   -18.8   -21.3
172.656    16.2   -19.0    -3.7
174.316    23.2    -8.2     6.6
175.977     7.3    15.2     2.5
177.637   -11.0     4.0   -14.4
179.297   -39.6   -14.6   -27.1
180.957   -36.3   -13.7   -13.2
182.617    -7.3   -18.8    -0.7
184.277    28.2   -16.4    -8.1
185.938    19.4     6.0    -4.3
187.598   -14.4    16.1     0.9
189.258   -28.0   -21.2   -27.6
190.918   -28.1   -20.1   -27.7
192.578    -7.4   -20.6    -2.4
194.238    18.5     1.2     6.2
195.898    20.8     3.6    -4.7
197.559   -19.7     2.5   -10.3
199.219   -40.0    -6.1   -17.9
200.879   -29.9   -25.1   -23.4
202.539    -7.0   -31.5   -10.2
204.199    27.5    10.8     4.6
205.859    17.0    15.2     2.2
207.520   -26.8    -5.1   -23.1
209.180   -58.6   -27.3   -31.1
210.840   -80.4   -49.6   -36.9
212.500  -114.6  -123.5  -112.0
214.160  -112.7  -129.0  -112.9
215.820  -115.1  -112.8  -111.9
217.480  -117.8  -105.9  -117.6
219.141  -121.4  -125.2  -151.9
220.801   -83.3  -118.6  -107.6
222.461   -20.9   -51.8   -73.3
224.121    -0.8   -29.5   -67.4
225.781   -22.1   -11.1   -46.0
227.441   -47.1   -27.6   -37.5
229.102   -42.3   -62.1   -61.5
230.762   -17.7   -36.1   -41.3
232.422   -10.4   -14.9   -22.8
234.082    16.3     7.4    -0.1
235.742   -10.4    -5.1   -24.4
237.402   -27.3   -11.3   -28.5
239.062   -38.4   -25.9   -26.1
240.723   -21.4   -39.7   -22.4
242.383    -0.2   -21.5   -13.1
244.043     5.9     8.2    -0.6
245.703    -2.1    12.9   -11.3
247.363   -19.6   -28.5   -18.9
249.023   -28.9   -35.9   -19.4
250.684   -19.0   -27.7   -12.8
252.344     6.1    -6.1    -6.4
254.004     8.6     6.5    -0.6
255.664   -16.9     8.6   -11.1
257.324   -24.2     6.1   -10.6
258.984   -12.1   -39.3   -17.4
260.645    -8.6   -37.4   -23.3
262.305    -9.2    -9.6     0.8
263.965   -11.7     9.2   -14.0
265.625   -13.3     3.2   -24.2
267.285   -13.6   -13.7    -1.8
268.945     5.8   -31.6   -18.2
270.605     6.5   -35.7   -18.8
272.266     8.7   -25.6    -9.6
273.926   -27.1    15.2   -10.5
275.586   -29.7     0.5   -32.5
277.246   -24.6   -12.4   -25.7
278.906     8.6   -14.9     0.2
280.566    17.9   -28.3   -12.7
282.227   -23.0     7.8     0.4
283.887   -22.7     8.3    -0.6
285.547   -37.6     5.3   -23.5
287.207   -33.8   -12.5   -25.6
288.867    -3.9    -6.6    -2.8
290.527    30.3   -13.6    -1.5
292.188    20.6   -23.2    -5.4
293.848    -9.8    -9.6    -9.4
295.508   -42.7    -1.1   -27.9
297.168   -44.0    -7.3   -31.3
298.828    -8.6    -7.3    -5.2
300.488    32.2   -11.5     2.2
302.148    31.7   -14.7    -0.8
303.809    -5.6    -4.6    -1.4
305.469   -44.1   -12.2   -33.2
307.129   -53.0   -16.3   -36.4
308.789   -29.4   -10.4   -13.4
310.449    41.7   -10.8    -1.9
312.109    44.1   -11.3    -2.8
313.770    -1.4     4.2     0.8
315.430   -53.1   -16.5   -29.1
317.090   -42.4   -21.4   -36.5
318.750   -18.7   -13.5   -18.5
320.410    16.2    -4.5     4.5
322.070    26.9    -5.9    -0.9
323.730    18.7    -4.2     1.6
325.391   -24.6    -0.9   -10.3
327.051   -51.5   -20.6   -33.8
328.711   -32.9   -21.5   -26.2
330.371     4.6   -10.3    -4.9
332.031    29.1    -3.1     8.0
333.691    22.8     0.3     5.9
335.352   -28.4    -4.6   -22.0
337.012   -43.3    -6.3   -25.4
338.672   -26.4   -23.8   -11.7
340.332    -8.5   -22.3   -15.1
341.992    17.9    -0.1     5.0
343.652     6.2    15.4    13.6
345.312    -4.1    15.8     3.1
346.973   -22.2   -20.9   -26.4
348.633   -22.9   -24.5   -12.4
350.293   -19.9   -14.7   -13.0
351.953     8.9   -15.5    -5.9
353.613     9.6    16.2    14.8
355.273    -2.0    18.1     0.0
356.934   -20.3   -13.4   -23.8
358.594   -21.3   -18.7    -7.7
360.254   -11.3   -21.7   -17.0
361.914    -2.6    -7.1    -2.2
363.574    -2.4    -5.7    -2.2
365.234    -3.2    16.6    -2.7
366.895    -7.8    -4.9   -10.7
368.555    -5.1   -14.1   -13.3
370.215    -8.5   -27.2   -18.6
371.875   -15.7   -19.2   -14.0
373.535    -8.2     9.5     4.1
375.195     0.0     8.1   -12.2
376.855     0.0    -0.5     3.6
378.516    -2.2    -1.3     5.0
380.176   -17.2   -33.5   -29.3
381.836   -23.4   -33.0   -26.8
383.496   -16.5    11.5    10.1
385.156    -6.1    12.6    -2.4
386.816     1.3    -9.3   -16.0
388.477     3.7     1.2    10.0
390.137    -1.5   -20.9   -17.8
391.797   -12.8   -32.4   -33.5
393.457   -22.6    -1.0    -7.7
395.117    -4.4     8.2    -7.5
396.777    -1.0    -0.6   -12.3
398.438     2.9   -13.0    -2.2
400.098    -7.3    -8.5    -0.4
401.758    -9.2   -15.5   -18.7
403.418   -17.3   -11.8   -15.4
405.078   -18.9     1.1    -5.6
406.738    -1.7    -4.9   -11.7
408.398     9.2   -15.0   -12.5
410.059    -6.4   -14.0    -7.1
411.719   -16.1    -6.3    -5.4
413.379    -7.9    -4.4   -13.0
415.039   -11.1   -10.8   -10.7
416.699   -11.2   -12.9   -13.6
418.359    -0.7   -12.1   -11.5
420.020    -4.2   -14.4   -15.8
421.680   -18.7    -0.8    -6.7
423.340   -18.0     3.2    -5.7
425.000     2.4   -13.5   -11.2
426.660    -6.1   -16.4   -19.6
428.320    -8.3    -9.4    -7.4
429.980   -11.4   -11.0   -18.5
431.641    -4.1     6.1     1.9
433.301    -9.8     6.3     7.1
434.961    -0.2   -19.0   -23.6
436.621    -3.2   -21.6   -19.0
438.281   -25.1   -12.2    -6.2
439.941   -22.0   -11.0   -16.0
441.602    -4.2   -11.4   -20.2
443.262     2.2    12.8    12.7
444.922     3.2     5.0     0.0
446.582    -8.8   -20.7   -18.1
448.242   -14.8   -21.9   -11.3
449.902   -27.4   -14.2   -19.0
451.562   -26.1   -12.4   -20.1
453.223     8.8    13.1     9.7
454.883    22.3     7.3    -0.8
456.543     9.7    -8.0    -8.8
458.203   -23.8   -24.0   -23.8
459.863   -35.6   -21.2   -22.7
461.523   -26.2    -8.8   -10.8
463.184   -14.6    -3.9    -0.1
464.844    24.8     4.5    -4.3
466.504   -12.6    -9.0    -7.9
468.164    -8.6    -5.6    -2.6
469.824   -27.0   -35.7   -23.6
471.484   -29.6   -28.7   -19.7
473.145   -14.9     7.4     2.6
474.805    20.7     6.2    -1.7
476.465    17.3     0.8    -1.9
478.125   -17.5   -17.3    -7.0
479.785   -28.7   -34.1   -28.5
481.445   -31.8   -28.1   -28.2
483.105   -16.7     3.0    -0.2
484.766     0.8    13.3     5.8
486.426    20.8     7.2    -0.3
488.086    12.6    -6.5    -4.5
489.746   -19.7   -22.5   -12.8
491.406   -28.1   -27.4   -24.5
493.066   -25.7    -8.3   -15.8
494.727   -18.2    11.2    -3.6
496.387    16.7     8.5     1.3
498.047    22.7    -5.7    -2.5
499.707    -5.5   -25.2   -14.5
501.367   -25.0   -23.9   -17.6
503.027   -33.4    -5.3   -17.4
504.688    -9.0     8.0   -10.4
506.348    16.5     8.1    10.6
508.008     5.0   -24.9   -16.3
509.668     2.9   -36.5   -24.6
511.328   -23.5   -19.1    -8.6
512.988   -35.5     7.0    -4.1
514.648    -7.9     0.8   -22.7
516.309    10.2     3.9    12.9
517.969    16.1     1.0    11.6
519.629    14.5   -26.2   -17.4
521.289   -20.4   -10.3    -3.2
522.949   -28.1     8.5    -0.7
524.609   -28.7     4.7   -27.5
526.270   -18.8    -8.4   -13.9
527.930     9.0    -2.7    10.3
529.590    12.0   -24.5    -9.3
531.250    -8.7   -18.5    -8.8
532.910   -19.3    -6.9    -7.8
534.570   -27.9     1.8   -19.5
536.230   -18.3    -3.7   -10.5
537.891     1.2    -8.2     1.1
539.551    14.0   -25.0   -15.6
541.211    -3.6   -10.9    -2.0
542.871   -18.2     8.5   -10.1
544.531   -26.8     0.6   -26.4
546.191   -23.9    -1.6   -10.9
547.852    15.8   -32.6   -14.2
549.512    15.2   -33.2   -15.3
551.172     3.4    -9.7     1.7
552.832   -15.9    12.8    -5.5
554.492   -27.8     2.3   -26.2
556.152   -26.7    -6.6   -22.6
557.812   -18.0    -4.8    -8.8
559.473    11.4   -26.6    -6.1
561.133     3.5   -21.6   -11.1
562.793   -18.7    12.9     0.0
564.453   -17.4     9.8    -6.2
566.113   -17.4    -7.6   -18.0
567.773     8.5   -16.0    -4.3
569.434     9.5   -17.8    -4.0
571.094    15.0   -17.3    -4.6
572.754     4.4    -4.1     0.2
574.414   -26.4     2.0   -16.7
576.074   -29.8     2.0   -14.2
577.734    -3.6   -19.3    -8.1
579.395     7.9   -16.9    -0.6
581.055    15.7    -6.9     3.5
582.715    -7.7    -1.2   -13.4
584.375   -28.2     3.9    -7.8
586.035   -24.4     0.4   -10.1
587.695   -14.8    -5.3   -14.9
589.355    11.5   -14.6     1.5
591.016     6.4     1.4     5.4
592.676    -4.4    -2.8   -14.9
594.336   -10.3    -6.8   -19.8
595.996   -24.0    -0.7    -9.4
597.656    -8.3   -16.4   -10.4
599.316     9.7    -9.6     0.4
600.977     2.7     8.3     9.3
602.637    -6.7    -1.3    -8.4
604.297   -12.8    -8.5   -23.3
605.957   -22.0   -10.2   -13.4
607.617   -14.8   -13.8   -11.4
609.277    -1.2   -16.8   -10.6
610.938     9.2     0.2     0.8
612.598    -3.7     3.2    -1.0
614.258   -10.8    -7.5   -14.1
615.918   -22.2   -17.4   -19.2
617.578   -20.0   -19.1   -18.8
619.238     3.9    -4.5     3.3
620.898     8.3     5.2    -2.8
622.559     3.8    -0.5   -12.6
624.219    -7.9    -4.7    -6.5
625.879   -20.5   -13.1    -6.6
627.539   -18.2   -29.8   -32.1
629.199    -7.4    -1.2     2.8
630.859    -7.0     5.9     9.8
632.520    10.0    -8.6   -17.3
634.180    -8.7    -8.4    -0.4
635.840   -12.4    -6.8    -0.2
637.500   -19.5   -30.1   -30.6
639.160   -12.3    -4.0    -8.7
640.820    -7.8    15.1     8.2
642.480    -2.2    16.4     2.9
644.141     6.2   -13.7    -6.7
645.801   -12.3   -13.8    -5.8
647.461   -24.9   -25.6   -28.2
649.121   -14.3    -4.4   -11.6
650.781   -13.0     2.3    -7.2
652.441     7.3    -7.1    -3.4
654.102    -1.1   -18.5   -14.2
655.762    -6.5   -23.0   -10.4
657.422   -21.6   -21.7   -19.8
659.082   -19.9    -7.0   -15.4
660.742     5.6    12.8     3.8
662.402     7.1    12.8     3.4
664.062     3.0   -18.8    -7.3
665.723   -12.9   -37.3   -24.7
667.383   -26.9   -30.8   -26.2
669.043   -18.4     0.4    -4.3
670.703    -4.6    13.9     0.3
672.363     2.5     6.0   -10.1
674.023     6.6     0.7     4.9
675.684    -7.3   -29.9   -14.7
677.344   -18.6   -33.4   -28.5
679.004    -7.2    23.1    13.2
680.664    -9.0    24.3     6.8
682.324     0.6     1.7   -24.8
683.984    -4.0    -7.2    -2.4
685.645    -7.8   -31.3   -15.0
687.305    -3.1   -38.9   -31.6
688.965   -12.5    13.1     8.0
690.625   -11.4    24.3    -5.3
692.285    -1.7    -8.2   -13.8
693.945   -10.0   -14.4    -4.1
695.605     1.7   -30.5   -18.0
697.266     0.2   -33.3   -21.7
698.926    -5.4    -2.8     1.4
700.586   -16.8    19.0   -11.6
702.246   -19.4    -1.5   -10.2
703.906    -8.9   -19.2    -6.3
705.566     9.6   -34.8   -14.7
707.227     8.4   -19.6    -0.4
708.887     0.1    13.8     6.8
710.547    -7.5    21.3    -1.6
712.207   -29.4    -3.9   -15.6
713.867   -14.3   -17.6    -6.0
715.527    14.5   -37.0   -10.0
717.188    11.1    -9.4     0.6
718.848    -6.5    19.6    -3.7
720.508   -35.3     0.4   -27.0
722.168   -41.3   -10.0   -15.3
723.828   -10.9   -22.1    -4.4
725.488    23.0   -31.6    -8.0
727.148     7.1     9.8     4.6
728.809    -7.5    15.8     2.1
730.469   -36.5    11.5   -22.1
732.129   -24.0   -19.0   -12.4
733.789    19.5   -27.9    -1.8
735.449    27.8   -20.2    -0.5
737.109    29.6    -6.8     4.2
738.770   -10.9    17.0    -2.8
740.430   -42.6     9.2   -21.4
742.090   -39.6   -12.7   -19.0
743.750    -6.5   -26.3    -8.6
745.410    39.4   -15.2   -10.0
747.070    27.3     2.5    10.8
748.730   -17.1    17.4   -11.6
750.391   -48.4    -7.6   -28.5
752.051   -34.7   -15.7   -10.0
753.711   -20.8   -21.7    -9.9
755.371    25.8    -2.7    12.7
757.031    22.1     3.7    14.2
758.691   -26.3    13.6   -25.8
760.352   -43.2   -12.0   -16.6
762.012   -40.9   -12.3   -14.0
763.672    -1.6   -23.0    -8.5
765.332    36.3   -16.8     5.3
766.992    -8.7    24.2     0.2
768.652   -34.1     9.2   -28.3
770.312   -42.3   -16.1   -26.3
771.973   -19.3   -12.9    -3.2
773.633    14.4   -20.1    -4.3
775.293    29.3   -28.9    -7.4
776.953    -4.7    14.2     4.0
778.613   -27.2    11.9   -20.0
780.273   -32.7    -1.9    -7.8
781.934   -14.4    -5.5     1.5
783.594    19.7   -21.6    -5.9
785.254    15.1   -21.7    -0.7
786.914   -15.8     5.8     0.3
788.574   -35.9    -1.9   -36.3
790.234   -33.9    -0.3   -22.0
791.895    -3.8     3.3     9.3
793.555    31.7   -21.3    -6.2
795.215    26.4   -32.6   -14.9
796.875   -21.1    -2.0    -2.2
798.535   -41.4    -6.7   -35.2
800.195   -37.5    -8.6   -33.3
801.855    -9.3     7.3     5.8
803.516    21.8   -26.2   -16.5
805.176    28.8   -27.4   -17.2
806.836   -39.8    -8.3   -15.6
808.496   -45.6   -12.6   -28.2
810.156   -34.1   -11.7   -29.8
811.816    12.4    12.8    12.1
813.477    17.5   -20.0    -7.9
815.137    10.6   -25.1   -12.1
816.797   -26.3   -21.4   -13.7
818.457   -37.1   -13.5   -20.0
820.117   -18.3     0.9   -17.9
821.777    -0.7     8.2    -5.8
823.438    17.4    10.0     5.9
825.098    16.7   -11.9     0.0
826.758   -11.4   -29.1   -20.5
828.418   -34.3   -14.6   -23.0
830.078   -33.8     9.1    -8.0
831.738    -8.2    16.1    -1.0
833.398    15.4    -5.3    -9.3
835.059     9.2   -10.7    -0.8
836.719    -7.8   -16.7    -3.2
838.379   -26.0   -22.5   -26.2
840.039   -23.7     7.1   -11.3
841.699   -10.8    19.9     4.7
843.359     8.9   -16.0   -15.0
845.020    11.1   -23.3    -8.3
846.680    -1.2   -10.6     1.7
848.340   -12.2   -11.3   -21.3
850.000   -28.5     0.3   -17.4
851.660   -28.9     4.0    -2.8
853.320     7.2   -17.9   -12.9
854.980    20.4   -21.4     0.0
856.641    11.4    -8.1     3.5
858.301    -9.7     2.6    -6.3
859.961   -19.6    -3.3   -14.2
861.621   -33.0   -10.4   -25.9
863.281    -7.4   -14.8   -11.3
864.941    19.1    -8.5     9.4
866.602    20.4    -4.6    -1.2
868.262    -6.8     5.7    -2.6
869.922   -43.8    -8.8   -24.9
871.582   -45.3   -17.2   -32.9
873.242   -18.3   -27.4   -16.5
874.902    31.4    11.3    11.8
876.562    33.4     7.9     3.5
878.223   -30.9     0.3    -7.6
879.883   -45.4   -12.9   -19.7
881.543   -32.0   -35.1   -37.1
883.203    -3.5   -19.9    -4.3
884.863    21.6    12.0    13.6
886.523    29.4    12.0     0.1
888.184     2.5     0.9    -8.8
889.844   -40.5   -18.7   -16.5
891.504   -39.7   -35.4   -25.6
893.164   -17.0   -39.5   -28.3
894.824    15.3     6.9     3.6
896.484    16.9    16.9    11.5
898.145     3.7     6.5    -6.0
899.805   -29.6   -30.7   -24.2
901.465   -28.6   -37.2   -23.5
903.125    -2.0   -13.0    -4.9
904.785     9.6    10.7     3.0
906.445     4.7    18.6     2.1
908.105   -10.1     2.5    -9.5
909.766   -15.4   -17.8   -10.3
911.426    -8.0   -36.1   -22.7
913.086     1.3    -3.1    -0.8
914.746     3.2    15.8     2.1
916.406    -7.3    15.3    -9.9
918.066   -21.1    -5.8    -8.0
919.727   -10.3   -13.6     0.1
921.387     3.5   -34.9   -23.7
923.047    11.0    -4.9     2.2
924.707     0.0    20.4    13.0
926.367   -24.0    -7.3   -37.5
928.027   -23.4   -23.0   -15.6
929.688    -2.9   -21.5     7.2
931.348    27.0   -28.2   -18.7
933.008    15.5    -7.8    -4.0
934.668   -16.5    30.9     4.6
936.328   -27.8    12.0   -21.8
937.988   -35.4   -27.0    -6.2
939.648   -11.8   -24.5     4.0
941.309    23.6   -23.7   -10.4
942.969     1.4    25.5    13.1
944.629   -18.3    19.4   -14.9
946.289   -24.5     9.6   -22.1
947.949   -34.7   -28.2   -11.5
949.609    -6.0   -18.9     0.1
951.270    24.0   -13.0    -4.5
952.930    27.4     6.3     6.9
954.590    -0.3    18.6    -2.2
956.250   -12.5    17.0    -7.4
957.910   -34.3   -19.2    -8.7
959.570   -30.8   -20.1    -4.2
961.230    16.0   -23.7    -8.7
962.891    17.6    15.5     7.2
964.551    11.7    24.6    10.9
966.211   -24.4   -12.7   -27.7
967.871   -36.0   -22.9   -19.8
969.531   -36.5   -23.9   -12.2
971.191    -5.4   -15.0     3.7
972.852    16.4    -9.9    -9.1
974.512     1.2    16.7     3.6
976.172   -25.3    -3.7   -14.6
977.832   -26.9   -17.4   -23.8
979.492   -18.2   -17.2   -13.1
981.152    -0.1   -12.3    -5.9
982.812     7.3   -13.5    -7.3
984.473     7.8     2.9     0.2
986.133    -3.2     0.5    -6.8
987.793   -23.7   -13.0   -17.4
989.453   -16.9   -24.7   -22.1
991.113    -9.1   -27.6   -15.9
992.773     6.6    -6.9     7.7
994.434     5.5     0.0    -3.9
996.094    -8.4     2.6    -3.2
997.754   -11.9    12.6     4.7
999.414   -24.6     7.3     0.4
1001.074   -10.7   -37.2   -23.4
1002.734    -5.2   -25.6    -5.8
1004.395     1.5     2.8    -3.5
1006.055     0.3    -0.8   -10.2
1007.715    -4.8     3.6    -0.6
1009.375   -16.4     1.1    -9.3
1011.035   -23.0   -11.0   -20.6
1012.695   -14.6   -33.7   -10.9
1014.355     4.8    -6.9     1.0
1016.016     8.9     6.6    -8.8
1017.676     3.8    13.9    -4.6
1019.336   -18.5    -7.8   -18.2
1020.996   -20.8   -30.4   -19.0
1022.656    -6.8   -31.3    -2.8
1024.316     1.8   -10.4    -7.0
1025.977     1.8    11.5    -3.1
1027.637    -1.9    28.8    10.8
1029.297   -11.3     1.5   -15.1
1030.957   -22.2   -39.0   -34.0
1032.617    -5.6   -28.3     8.2
1034.277     8.0    -5.1   -12.9
1035.938     0.4     1.3   -21.5
1037.598   -11.8    29.4     2.8
1039.258   -12.9   -15.3   -19.1
1040.918   -10.9   -42.6   -13.3
1042.578   -12.9   -44.3   -15.0
1044.238    -1.6    -5.1     3.5
1045.898     3.2     8.5   -19.5
1047.559    -6.5    16.5   -12.3
1049.219   -18.8    20.2     6.6
1050.879    -4.2   -48.6   -26.9
1052.539     3.1   -35.8    -7.0
1054.199    -7.6     5.4     3.6
1055.859    -6.9    24.1   -12.3
1057.520   -17.7     8.5    -4.3
1059.180   -12.9   -11.4    -9.6
1060.840    -1.9   -41.0   -18.6
1062.500     5.5   -32.2   -10.3
1064.160    -2.3    -2.3    -2.2
1065.820   -16.7    17.9    -5.4
1067.480   -17.3    14.4   -11.7
1069.141   -10.8   -23.2   -13.3
1070.801   -11.4   -22.4   -14.7
1072.461     0.0   -32.2    -6.1
1074.121     2.5   -11.9    -9.5
1075.781   -14.5    17.0    -9.4
1077.441   -17.5    12.5    -7.3
1079.102   -15.2     1.7    -9.4
1080.762    -0.2   -34.7   -12.4
1082.422     5.2   -27.5   -10.0
1084.082    -7.9    -2.8    -7.9
1085.742    -8.6     2.9   -18.5
1087.402   -18.6    12.6    -8.6
1089.062    -4.9    -7.0    -9.1
1090.723     2.5   -34.8   -28.0
1092.383     1.2   -16.4     1.0
1094.043   -12.8     7.2     9.0
1095.703   -16.8    -1.3   -24.6
1097.363   -20.6    -1.9   -10.1
1099.023   -11.9    -3.4     0.5
1100.684     4.4   -28.7   -15.2
1102.344    -9.1    -6.4    -2.1
1104.004   -15.4    14.3    -4.1
1105.664   -14.0    -1.3   -13.1
1107.324   -10.1   -12.9   -17.1
1108.984     6.1    -9.7    -7.5
1110.645     1.6   -16.2    -8.1
1112.305   -16.3   -14.3   -11.1
1113.965   -17.5    -1.0   -14.4
1115.625    -9.4     0.0    -4.4
1117.285    -6.2    -7.5    -6.8
1118.945     0.3   -21.4   -13.8
1120.605    -3.4    -7.9    -1.0
1122.266   -13.5    -2.8     0.7
1123.926   -20.3    -5.9   -18.6
1125.586    -8.1    -9.6    -9.2
1127.246     0.5     4.3     2.2
1128.906     4.0   -17.0   -14.3
1130.566     3.0   -22.8   -21.6
1132.227   -13.3   -12.7   -14.8
1133.887   -20.3     5.7    -4.3
1135.547    -6.1   -14.1   -16.1
1137.207    -3.9   -11.1   -11.9
1138.867     6.7    -7.1     7.3
1140.527   -10.3   -13.4   -18.4
1142.188   -29.4    -6.0   -24.5
1143.848   -17.5     0.6    -6.2
1145.508   -15.5     0.7    -4.2
1147.168    12.6   -16.7    -5.8
1148.828     4.7   -10.7    -6.2
1150.488   -11.0    -2.0    -8.4
1152.148   -18.7    -5.6   -12.0
1153.809   -26.8   -10.0   -15.5
1155.469     1.4    -5.1    -2.3
1157.129    17.0    -9.4     0.0
1158.789     9.5   -14.6    -9.6
1160.449   -15.0    -4.5   -10.3
1162.109   -28.9     0.9    -8.7
1163.770   -30.7    -0.1   -14.8
1165.430   -13.1   -16.5   -19.5
1167.090    15.0    -1.8    17.5
1168.750     7.9   -14.6   -20.3
1170.410   -22.7    -2.7    -8.1
1172.070   -26.5     7.2     1.0
1173.730   -24.7     4.6   -15.5
1175.391    -5.5   -22.9   -16.8
1177.051     8.0    -7.0    10.5
1178.711     9.0    -6.3    -6.3
1180.371    -8.4    -9.2   -14.1
1182.031   -22.8     7.3    -7.0
1183.691   -18.3   -12.5   -21.9
1185.352    -2.2   -11.8     2.7
1187.012     2.0   -11.0     6.3
1188.672     7.6   -17.0   -14.5
1190.332   -12.8    -5.6    -7.5
1191.992   -18.4     7.4    -6.0
1193.652   -11.6   -15.9   -22.4
1195.312    -1.2    -9.1     2.4
1196.973     9.2   -11.4     2.1
1198.633     1.9   -19.2   -13.6
1200.293    -7.8   -23.1   -21.7
1201.953   -14.8     8.3    -0.8
1203.613    -7.2    -5.7   -18.8
1205.273    -6.8   -11.2   -13.4
1206.934    -8.4    -4.7     4.5
1208.594    -2.9   -19.2   -19.1
1210.254    -9.8    -5.4   -15.6
1211.914   -10.6     0.0    -9.7
1213.574   -14.5     7.3    -0.8
1215.234    -0.8    -9.6   -14.7
1216.895    -2.1    -9.6   -10.2
1218.555    -4.8   -17.9   -14.6
1220.215    -7.3   -19.8   -19.9
1221.875   -14.5    -6.8    -4.8
1223.535   -16.3     1.9    -5.4
1225.195    -0.5    -6.9   -13.9
1226.855    -3.2    -4.4    -4.7
1228.516    -7.4   -11.2    -9.1
1230.176    -9.4   -11.0    -8.5
1231.836    -5.9   -11.0    -9.7
1233.496     1.2    -8.2   -10.7
1235.156    -5.5     1.7    -6.0
1236.816   -14.3     3.6    -9.1
1238.477   -13.5    -5.7   -14.3
1240.137    -5.6   -15.0    -1.6
1241.797     1.9   -13.7    -2.4
1243.457     0.4   -10.3   -14.1
1245.117   -11.6   -11.2   -16.9
1246.777   -19.7     3.5    -1.7
1248.438   -15.1    -8.3   -18.1
1250.098   -10.1   -11.3   -20.4
1251.758    -1.2   -11.7     0.4
1253.418     4.9   -13.4    -0.9
1255.078     2.8   -12.4   -15.3
1256.738   -18.0     9.8    -6.9
1258.398   -35.0     9.2    -6.6
1260.059   -22.0    -9.9   -15.1
1261.719    -7.7   -17.5   -11.8
1263.379    10.8   -13.9    -1.7
1265.039     3.9    -6.8     1.9
1266.699   -12.2    -4.3   -16.6
1268.359   -29.2     2.3   -10.1
1270.020   -26.3    -7.7   -15.8
1271.680    18.9   -23.3    -1.6
1273.340    19.5   -16.9     0.3
1275.000     7.4     0.7    -0.4
1276.660    -8.5     0.0    -9.7
1278.320   -29.2    -5.6   -24.2
1279.980   -32.6    -4.2   -22.1
1281.641    -3.7   -15.5     2.4
1283.301    12.4   -11.8     6.9
1284.961    18.8   -16.8   -16.3
1286.621    12.4    -6.9   -11.4
1288.281   -31.4    16.5   -10.4
1289.941   -40.2   -12.7   -32.6
1291.602   -21.7   -35.5   -24.6
1293.262     9.4   -14.1    11.7
1294.922    25.4    -4.0     6.4
1296.582    15.7    -5.5   -17.5
1298.242   -31.5    16.7     4.5
1299.902   -23.3   -21.7   -25.5
1301.562   -12.6   -38.1   -33.1
1303.223    -4.1   -32.2   -13.8
1304.883    15.6     1.9     6.6
1306.543     2.7     7.0   -14.2
1308.203   -12.4    14.0    -9.3
1309.863   -30.7    -1.4    -6.5
1311.523   -14.0   -34.7   -16.0
1313.184     2.4   -39.4   -16.7
1314.844     8.6     3.4     8.0
1316.504     2.3    19.8    -4.3
1318.164   -13.2    13.1   -12.2
1319.824   -15.9    -8.7   -16.3
1321.484   -16.0   -21.3   -14.2
1323.145     1.7   -35.1   -10.4
1324.805    -7.8   -13.3   -10.7
1326.465   -11.8     0.5   -10.4
1328.125    -6.4    31.0     5.8
1329.785     1.8    -0.5   -12.4
1331.445    -2.4   -20.0   -18.3
1333.105    -5.7   -36.5    -2.5
1334.766   -11.9   -25.8   -10.1
1336.426   -18.9     1.4   -23.3
1338.086   -16.2    18.2   -11.2
1339.746     6.3     3.0    -5.0
1341.406    12.4   -24.8   -19.0
1343.066     2.6   -42.2   -15.3
1344.727   -14.7   -13.2    -3.9
1346.387   -26.0   -13.6   -34.0
1348.047   -27.0     8.1   -14.3
1349.707    -1.8    30.3    12.1
1351.367    10.7    13.9     3.4
1353.027    24.3   -39.9    -8.9
1354.688   -25.8   -14.4   -15.0
1356.348   -38.9    -7.7   -30.4
1358.008   -39.1    -9.4   -29.7
1359.668   -19.8    18.2     3.8
1361.328    16.9    12.7     8.7
1362.988    33.8   -23.7    -7.2
1364.648     5.6   -24.8    -4.4
1366.309   -24.4   -16.7   -14.0
1367.969   -42.9     3.2   -19.8
1369.629   -30.5    13.8   -15.1
1371.289    -6.3    10.0   -10.6
1372.949    30.2   -15.1     8.2
1374.609    18.7   -14.7     8.0
1376.270    -7.9   -14.5   -16.2
1377.930   -62.1    -3.8   -28.8
1379.590   -49.3     5.9    -9.2
1381.250    30.2   -11.8    -0.4
1382.910    37.9   -11.7    -0.6
1384.570    38.3    -9.7     5.5
1386.230   -18.6    -8.8   -12.7
1387.891   -54.3   -13.3   -30.2
1389.551   -38.0   -11.6   -16.8
1391.211     9.2    -7.8    -3.9
1392.871    28.5    -8.3    -1.6
1394.531    24.1    -2.0     7.9
1396.191   -17.4    -8.3   -12.9
1397.852   -37.9    -9.6   -25.4
1399.512   -47.0   -14.0   -32.7
1401.172   -28.1   -15.2   -14.2
1402.832    26.9    -6.9    10.2
1404.492    27.3     3.0     4.4
1406.152    -3.3    -3.4   -13.2
1407.812   -52.0   -13.3   -19.0
1409.473   -51.4   -12.1   -19.7
1411.133   -16.9   -21.8   -20.4
1412.793    -4.9   -19.9   -19.8
1414.453    30.9    -1.0     6.1
1416.113    13.2     7.4    -2.3
1417.773   -14.0    -6.6   -20.1
1419.434   -33.7   -13.5   -15.5
1421.094   -29.8   -21.8   -18.8
1422.754   -17.4   -23.7   -22.6
1424.414    20.6    12.9    17.8
1426.074     2.9    10.4    -5.1
1427.734   -13.8    -8.0   -23.4
1429.395   -30.1   -11.8   -11.0
1431.055   -17.6   -13.6   -14.3
1432.715    -3.2   -26.7   -21.8
1434.375    17.6     4.5     4.4
1436.035     0.8    10.4    -9.8
1437.695   -22.5   -12.5   -22.5
1439.355   -26.5   -14.8   -12.8
1441.016   -12.3   -19.6   -10.7
1442.676     4.9   -18.3    -7.4
1444.336    10.9     2.1     8.2
1445.996   -10.1     7.1   -14.4
1447.656   -24.1    -8.3   -12.3
1449.316   -17.4   -16.3    -8.9
1450.977     2.7   -24.0   -19.1
1452.637     6.1   -18.3   -17.2
1454.297    -1.5    13.1     6.9
1455.957   -10.1     5.9    -7.2
1457.617   -20.1   -13.7   -31.6
1459.277   -18.7    -8.7    -6.5
1460.938     8.8   -26.1   -19.0
1462.598     8.8   -27.0   -16.8
1464.258    13.7   -10.3    -9.2
1465.918    -5.3    16.5     5.5
1467.578   -28.5   -15.2   -28.9
1469.238   -21.2   -22.1   -27.9
1470.898    -0.1    -5.4     3.0
1472.559    14.1   -12.3    -8.3
1474.219     5.8   -12.9    -9.6
1475.879    -8.1    -2.0    -6.3
1477.539   -20.1     0.3    -7.5
1479.199   -21.2   -20.0   -22.3
1480.859    -7.1   -19.3   -12.3
1482.520     5.7    -4.5     2.3
1484.180     7.3    -2.7    -2.2
1485.840    -3.3    -5.3   -13.6
1487.500   -18.6    -7.9    -9.7
1489.160   -19.9    -8.2    -7.6
1490.820   -11.3   -12.2    -9.6
1492.480    -2.6   -19.8   -13.0
1494.141     0.9    -4.9     2.2
1495.801     2.1     3.2    -2.2
1497.461    -6.8   -20.4   -23.6
1499.121   -14.4   -19.8   -22.4
1500.781   -10.2    -6.0    -7.0
1502.441    -4.0   -12.5   -11.5
1504.102    -2.2   -15.9   -19.3
1505.762    -6.9     5.3     3.5
1507.422     2.6   -14.3   -13.7
1509.082     1.4   -17.7   -15.9
1510.742   -11.8    -7.1    -7.6
1512.402   -19.8    -8.1   -17.9
1514.062   -19.2    -9.1   -19.7
1515.723    -6.8   -11.4    -7.6
1517.383     9.4    -3.2     2.7
1519.043    13.5    -6.8   -11.1
1520.703   -14.5   -13.6   -16.2
1522.363   -35.0    -5.6   -11.3
1524.023   -33.7    -5.3   -11.3
1525.684    -0.3   -12.6   -11.5
1527.344    19.4    -1.5    -5.4
1529.004    11.9    -2.0     3.9
1530.664    -3.7    -4.3    -2.9
1532.324   -32.3   -18.7   -27.8
1533.984   -29.5    -6.9   -12.3
1535.645   -20.6    -6.0    -1.0
1537.305    15.7    -8.2    -7.9
1538.965    21.0    -4.1     1.0
1540.625   -12.1    -1.5    -3.5
1542.285   -37.7   -24.1   -34.0
1543.945   -39.8   -28.4   -36.6
1545.605   -23.7    -8.3    -7.5
1547.266    25.3     0.4    -0.2
1548.926    31.2    -3.6    -2.3
1550.586     7.8    -3.2    -2.4
1552.246   -33.3   -13.9   -18.6
1553.906   -38.6   -23.8   -29.8
1555.566   -18.6    -3.7    -2.7
1557.227     4.1     2.4     3.8
1558.887    30.9    -0.7     0.1
1560.547    17.2    -3.5    -4.6
1562.207    -3.9    -6.1    -6.5
1563.867   -19.2   -11.8   -11.8
1565.527   -36.9   -21.8   -24.1
1567.188    -2.2    -4.5    -1.7
1568.848    17.1     1.9     1.3
1570.508    20.5     0.4    -2.2
1572.168     3.0    -7.6   -11.6
1573.828   -32.9   -13.5   -13.8
1575.488   -30.3   -13.6   -14.0
1577.148   -10.5    -9.6   -13.7
1578.809     6.3   -10.7   -12.3
1580.469    11.0    -1.1     2.5
1582.129     7.1    -2.2     3.2
1583.789   -14.0   -11.7   -24.0
1585.449   -28.2   -10.8   -17.8
1587.109   -17.3    -6.4    -4.0
1588.770    -7.5   -11.8    -6.8
1590.430     5.8   -15.5   -20.4
1592.090    -0.2    -5.1     1.3
1593.750    -3.3    -3.2    -6.1
1595.410   -13.6   -19.1   -26.0
1597.070   -14.7    -5.5    -3.8
1598.730   -14.9     2.0     6.1
1600.391    -2.3   -25.8   -29.8
1602.051    -7.1   -25.8   -22.5
1603.711    -4.9     5.4    10.2
1605.371     1.5    -1.9   -12.5
1607.031   -10.7   -12.9   -10.9
1608.691   -12.6    -4.0    -3.8
1610.352   -16.4   -20.2   -27.1
1612.012   -18.3   -26.1   -21.2
1613.672   -16.4   -19.7    -9.2
1615.332     4.7     7.9     8.9
1616.992     8.7    -0.3    -7.0
1618.652    -5.8    -3.4    -5.0
1620.312   -20.3   -14.8   -14.8
1621.973   -19.0   -25.8   -22.7
1623.633   -14.3    -9.4    -5.6
1625.293     5.0     2.5     2.1
1626.953    11.0    -0.5    -5.2
1628.613    -0.3     7.0     2.5
1630.273   -12.5     3.4     3.4
1631.934   -21.1   -25.6   -23.6
1633.594    -6.6     1.8     3.8
1635.254    -2.7    15.1    11.2
1636.914     6.1    15.7     9.5
1638.574    -2.3    -6.8   -12.6
1640.234   -20.7   -22.5   -11.0
1641.895   -19.6   -26.3   -16.1
1643.555   -17.7   -35.2   -30.1
1645.215     2.0    15.2    10.2
1646.875     4.5    25.0    12.2
1648.535     0.6    -1.2   -14.5
1650.195    -3.3    -6.4   -20.6
1651.855   -23.7   -30.1   -17.1
1653.516    -2.7   -14.7    -7.9
1655.176     5.2    -6.0    -4.6
1656.836     1.2    15.7    -3.4
1658.496    -1.9    19.4     0.3
1660.156   -13.1   -28.5   -21.3
1661.816   -12.4   -35.0   -21.9
1663.477   -11.5   -42.2   -19.5
1665.137    -3.1    -7.1     2.8
1666.797     1.7    19.1     8.3
1668.457    -7.1    13.1   -12.9
1670.117   -17.1   -11.6    -3.3
1671.777   -13.2   -26.7   -10.2
1673.438    -8.5   -43.3   -26.2
1675.098     0.2   -14.7    -4.0
1676.758    -2.3    18.8    14.5
1678.418    -9.5    19.7    -2.5
1680.078   -16.2    -1.5   -14.8
1681.738   -14.7   -23.5   -13.1
1683.398     5.6   -38.5   -10.0
1685.059     5.0    -0.9     2.4
1686.719     3.0    16.9     2.1
1688.379   -20.3    17.1   -17.4
1690.039   -23.3    -6.1   -11.7
1691.699   -14.2   -22.2   -12.1
1693.359    18.1   -28.0    -2.6
1695.020     7.5     0.3     3.3
1696.680     4.5     1.7    -0.4
1698.340   -32.4    14.2   -23.6

Event #17  ts=2026-09-25 12:01:25.726  [SELECTED]
  t[ns]  u1[mV]  u2[mV]  u3[mV]
  0.000    -3.9   -16.8   -34.6
  1.660    -3.7    -4.5   -13.9
  3.320   -22.8     6.9     1.0
  4.980    -2.1   -35.0   -32.8
  6.641    -0.9    -8.6     7.9
  8.301    -1.4    -1.3    12.3
  9.961    -3.3    -6.5   -15.6
 11.621   -21.9    -0.7    -8.7
 13.281   -19.7    -2.2    -8.2
 14.941    -6.6   -18.2    -5.9
 16.602     6.1   -24.0    -7.9
 18.262    -1.2     4.8    -7.1
 19.922   -13.2     6.1    -4.3
 21.582   -19.6    -6.9   -16.0
 23.242    -8.2   -20.7   -19.7
 24.902    -7.6   -15.2    -6.1
 26.562     8.7    -6.0    -1.7
 28.223   -14.8    -6.6    -7.6
 29.883   -24.1     2.3     1.9
 31.543   -23.7    13.6     6.9
 33.203     1.8   -31.0   -25.1
 34.863    -4.1   -12.5    -1.4
 36.523    -5.9     0.6    -1.7
 38.184    -2.1    -5.2   -10.9
 39.844   -12.4   -10.4   -17.0
 41.504   -15.1     7.9     2.4
 43.164     4.0   -23.0   -19.8
 44.824     8.3   -12.5    -2.7
 46.484    -9.1    -3.1     3.6
 48.145   -19.1    -8.0   -13.1
 49.805   -19.2    -4.3   -18.3
 51.465   -11.9     3.4    -1.1
 53.125     2.2    -5.9     2.2
 54.785    14.6   -21.0   -10.1
 56.445    -2.8   -11.2   -14.7
 58.105   -33.9    -2.6   -14.6
 59.766   -16.9    -2.1    -9.8
 61.426    -4.4    -2.7   -12.9
 63.086    15.0    -0.3    11.9
 64.746    12.7   -10.1    -7.4
 66.406    -8.3   -29.3   -34.2
 68.066   -36.9   -26.6   -31.4
 69.727   -45.0     6.9    10.8
 71.387     5.4     3.9   -11.4
 73.047    25.3   -10.1    -0.4
 74.707    24.0    -4.3    12.1
 76.367   -19.7   -27.4   -36.3
 78.027   -51.5   -22.7   -28.2
 79.688   -51.0   -16.1   -19.1
 81.348     3.3     9.1    -2.8
 83.008    39.2   -13.8    -6.9
 84.668    39.0    -6.8    15.1
 86.328    19.9     1.7    15.2
 87.988   -55.4   -36.9   -44.3
 89.648   -42.2     1.5    -2.5
 91.309    -3.1    21.6     6.2
 92.969    40.1    -1.9     3.1
 94.629    46.9    -6.7     7.5
 96.289   -49.1   -28.9   -30.5
 97.949   -59.2   -24.4   -25.8
 99.609   -49.9   -12.8   -17.1
101.270     8.0    10.2    -7.4
102.930    37.7    10.8    13.3
104.590    20.6   -23.7    -7.0
106.250   -14.2   -36.4   -29.8
107.910   -64.0   -10.1   -14.3
109.570   -42.2     9.3   -12.2
111.230    -5.1     2.1   -21.8
112.891    35.4     2.8     7.9
114.551    41.9     9.0    34.2
116.211   -10.0   -41.0   -44.5
117.871   -45.2   -35.6   -41.2
119.531   -56.2    17.4     2.4
121.191     2.4    -1.5   -21.3
122.852    42.1     1.9    21.3
124.512    37.5     3.8    22.0
126.172    -3.3   -30.6   -15.7
127.832   -31.4   -35.1   -29.8
129.492   -42.6    10.8   -12.0
131.152   -28.6    16.2    -9.6
132.812    30.1    -5.1     4.6
134.473    36.8    -6.6    13.0
136.133    -4.5   -21.4    -7.3
137.793   -27.7   -20.7   -18.4
139.453   -40.8     1.9   -21.2
141.113   -30.6     7.6   -10.6
142.773     7.3    -0.6     0.6
144.434    31.8   -23.4     0.8
146.094    -3.7    -9.3     0.1
147.754   -36.1     3.5   -20.0
149.414   -44.2   -13.6   -30.8
151.074   -13.6    -3.4    -3.5
152.734    18.7     5.2     9.3
154.395    28.8    -5.0     3.0
156.055    -6.6    -2.8    -6.7
157.715   -24.8     5.4    -4.2
159.375   -34.6   -19.1   -25.2
161.035    -5.0   -19.3   -24.7
162.695    12.4     3.8    11.5
164.355    20.2    -9.3    -7.2
166.016     2.8    -9.8   -12.9
167.676   -20.7    -0.8    -6.3
169.336   -38.8    -1.9   -14.3
170.996     2.8   -19.2    -7.9
172.656    16.0    -9.7    -4.2
174.316    13.5     1.1     3.3
175.977    -8.9    -3.2    -3.9
177.637   -28.5   -12.1   -18.6
179.297   -23.6   -18.4   -21.2
180.957   -14.4   -11.8    -3.4
182.617     1.7    -4.0    -2.7
184.277    12.3    -3.7   -18.2
185.938    -6.8     6.2     2.1
187.598   -10.9    -3.5    -7.2
189.258   -10.3   -26.4   -35.0
190.918    -4.8   -15.5     2.3
192.578    -1.5     2.5     3.4
194.238    -2.3   -13.5   -31.1
195.898   -23.9     0.3    -3.3
197.559   -23.6     6.9     7.6
199.219   -10.7   -47.0   -18.1
200.879   -15.2   -46.2   -11.2
202.539   -97.1   -85.8     9.0
204.199  -136.3  -208.5   -32.5
205.859  -134.5  -209.2   -31.1
207.520  -111.1  -188.6     0.5
209.180   -63.4  -146.1    -9.0
210.840   -28.7  -108.6    -3.9
212.500   -35.2   -85.3    -4.3
214.160   -59.9   -72.7   -14.1
215.820   -55.3   -69.4   -19.3
217.480   -39.4   -58.7   -11.2
219.141   -21.0   -44.8     0.2
220.801     9.1   -27.3     2.3
222.461    -2.8   -16.3   -12.4
224.121   -35.2   -22.0   -10.0
225.781   -36.7   -26.6    -9.2
227.441   -19.1   -36.6   -16.5
229.102    -5.6   -19.1    -3.3
230.762     0.8     9.7    14.8
232.422    -5.2   -13.9   -24.5
234.082   -17.9   -22.3   -28.3
235.742   -23.2   -10.5     6.9
237.402   -11.5   -16.8    -7.7
239.062     0.6   -41.0   -32.8
240.723     1.0    -2.5    15.0
242.383    -2.8    14.6    -0.2
244.043    -5.0    -9.5   -34.1
245.703   -22.5   -24.1   -27.1
247.363    -4.4   -36.6   -23.2
249.023    -3.9   -31.0   -16.0
250.684   -10.8    17.4    16.2
252.344    -5.6    15.8     1.7
254.004    -4.9     9.3    -8.9
255.664    -8.8   -27.3   -11.9
257.324   -14.5   -15.3    -3.4
258.984   -15.7   -17.7    -4.9
260.645   -15.8   -23.0   -13.4
262.305    -5.9    10.6    -9.0
263.965     3.7     8.2     0.0
265.625    -0.2    -5.6     3.6
267.285     1.2   -30.4   -13.1
268.945   -23.5   -34.1   -20.5
270.605   -29.7    -5.7     0.4
272.266     2.6    -8.7   -21.5
273.926     5.5     0.0   -10.4
275.586     5.4    12.6    22.3
277.246     1.1   -11.8    -2.5
278.906   -23.5   -45.1   -35.9
280.566   -35.7   -12.1    -8.4
282.227    -8.4     1.0   -12.2
283.887    11.2    -6.1   -10.7
285.547    22.0    10.2    12.3
287.207    -7.5    -7.5    -7.4
288.867   -19.8   -43.8   -36.2
290.527   -33.3    -3.5     0.0
292.188   -15.4     4.9    -1.8
293.848    20.0    -3.2   -11.8
295.508    19.1     1.3     8.8
297.168    -8.9   -19.0    -4.8
298.828   -30.0   -31.4   -21.7
300.488   -32.3   -26.7   -29.0
302.148   -14.2    -1.0    -0.2
303.809     4.1     9.3    10.0
305.469     8.8    -7.0   -14.0
307.129    -4.8   -12.6    -8.2
308.789   -16.0   -13.9     5.1
310.449   -16.7   -24.7   -33.1
312.109   -22.6   -13.1   -11.1
313.770     8.5    19.7    13.6
315.430    14.3    10.3     1.8
317.090    -3.2   -22.0   -19.0
318.750   -16.4    -0.7     5.2
320.410   -18.7    -5.8    -6.3
322.070   -16.8   -18.1   -10.4
323.730    -6.5    16.6     7.0
325.391    -1.4    11.7    -4.3
327.051     1.6   -21.1   -13.4
328.711     3.3     3.1    17.0
330.371    -6.5    -3.4    -6.6
332.031   -14.0   -29.5   -30.5
333.691   -16.3    -9.0    -7.1
335.352   -16.5     5.4     0.9
337.012    -9.0     2.5    -4.0
338.672    13.5    -2.0     1.8
340.332    11.4    -2.5     2.7
341.992   -12.5   -22.9   -15.7
343.652   -21.9   -18.7   -18.7
345.312   -17.8   -15.1   -20.6
346.973   -10.2    13.4    -1.7
348.633     5.4    13.3    15.0
350.293    12.0    -3.3    -1.5
351.953     4.8   -39.3   -23.1
353.613   -11.1   -16.0     5.9
355.273   -27.3    -4.3   -29.7
356.934   -18.4     0.5   -17.0
358.594     7.5    28.3    31.3
360.254    14.1    12.3    17.2
361.914    11.1   -51.0   -31.4
363.574   -17.2   -11.2     3.9
365.234   -34.2    10.3    -9.1
366.895   -28.0    -5.3   -28.8
368.555    -9.0     9.9    -0.6
370.215    17.2   -16.8     0.1
371.875    21.6   -46.2   -12.5
373.535    -4.8   -18.0    -8.2
375.195   -38.7    20.0    -9.6
376.855   -40.8    14.3   -20.9
378.516   -12.6    -5.6   -16.4
380.176    12.4   -19.0     1.5
381.836    23.8   -29.8     0.9
383.496    15.0   -26.6   -10.7
385.156   -20.9     2.2   -16.5
386.816   -42.2    15.7   -15.0
388.477    -8.2   -26.3   -19.8
390.137    -1.1   -35.8   -18.6
391.797    35.4   -15.7    19.5
393.457    17.3     6.3     4.7
395.117   -35.3    11.9   -28.8
396.777   -53.1    16.4   -28.2
398.438   -36.3     1.9    -6.7
400.098   -19.7   -15.3    -8.7
401.758    39.6   -18.8    12.1
403.418    36.8   -12.7    15.2
405.078   -10.7    27.4     4.3
406.738   -50.9    -0.1   -41.3
408.398   -51.9    -3.7   -22.4
410.059    -6.0   -28.8    -1.1
411.719    41.8   -47.0    -6.5
413.379    45.6   -41.5    -2.1
415.039    14.9    17.1    15.4
416.699   -36.8    33.9   -18.2
418.359   -47.4   -20.4   -31.7
420.020    -6.5   -27.7    -0.4
421.680    30.0   -25.3    10.1
423.340    38.7   -13.3     5.3
425.000    -0.4    12.0   -15.1
426.660   -40.1    25.2   -14.3
428.320   -55.2   -15.8   -26.5
429.980   -18.5   -40.3   -27.9
431.641    33.7     7.4    36.1
433.301    11.4     9.1    -4.8
434.961    -5.6     3.3   -27.0
436.621   -46.6    -3.8   -17.6
438.281   -47.0    -0.2    -4.4
439.941    22.1   -35.3   -18.9
441.602    28.9   -18.8     8.6
443.262    25.6     5.6    28.7
444.922   -19.3    -6.7   -34.4
446.582   -38.0   -23.2   -44.4
448.242   -33.9    -0.2    -1.5
449.902     1.2    -8.9    -1.9
451.562    30.5   -20.4    -8.9
453.223     9.0     6.1    12.6
454.883    -0.5    11.5     9.9
456.543   -33.5   -13.4   -28.4
458.203   -20.8   -20.2   -16.9
459.863    -0.6     1.7     2.8
461.523     7.7    -1.5     7.4
463.184    -0.8    -6.2   -12.5
464.844   -16.5   -13.5   -11.9
466.504   -23.0    -9.8    -5.6
468.164    -4.6   -20.5   -17.6
469.824    -1.6    -9.6   -18.6
471.484    -2.7    11.3     8.6
473.145     1.9    11.0     9.9
474.805    -6.2   -26.9   -28.5
476.465   -17.2   -10.6     1.6
478.125    -0.8     2.9    -5.8
479.785     0.5    -9.5   -25.5
481.445    -9.8   -11.9   -15.7
483.105    -7.2     3.5     0.8
484.766    -1.6   -37.8   -31.6
486.426    -2.7   -39.2   -33.4
488.086     4.9    13.9    27.1
489.746   -11.2    -5.9   -29.8
491.406   -16.3   -21.0   -41.4
493.066   -30.3   -10.0    -5.8
494.727     0.6   -18.2   -11.0
496.387    14.3   -30.7   -21.3
498.047     9.2     8.9     8.2
499.707   -18.0     5.7   -22.2
501.367   -34.5   -26.6   -23.5
503.027   -23.4   -21.4   -11.7
504.688     8.9   -11.6     1.5
506.348    26.9     0.4     9.1
508.008    15.4     8.9     0.2
509.668   -19.1    -2.6   -23.3
511.328   -41.0   -11.5   -19.1
512.988    -9.4   -22.9   -14.9
514.648    -9.1   -21.7   -16.0
516.309    14.9    -9.2     3.2
517.969    20.1    21.9    22.4
519.629   -13.6   -14.7   -34.5
521.289   -45.4   -16.9   -17.8
522.949   -45.4    -6.7     1.9
524.609    -0.4   -23.2   -16.8
526.270    21.8   -16.9   -15.7
527.930    10.4    24.7    17.2
529.590   -12.6     1.0   -19.0
531.250   -33.9   -33.9   -47.5
532.910   -24.3    -4.8     6.7
534.570     9.9    -4.4    -1.0
536.230    25.0    -7.3    -7.3
537.891     1.7    14.6     1.6
539.551   -19.9   -11.3   -15.4
541.211   -19.4   -35.2   -27.3
542.871   -16.5   -21.2   -16.4
544.531     5.6     4.9     9.6
546.191     8.4     0.0    -9.6
547.852   -11.5    -9.5   -22.4
549.512   -28.2   -19.2    -7.5
551.172   -13.3    -5.8     1.1
552.832     5.1   -14.9   -14.3
554.492     3.4    -4.0    -0.4
556.152    -9.0    17.4     5.7
557.812   -18.6   -14.4   -28.9
559.473   -15.9   -33.2   -16.0
561.133     1.2    -2.7    11.5
562.793    12.2     3.6     1.9
564.453    -3.5   -11.0   -12.6
566.113   -13.8    -2.4    -9.7
567.773   -27.9    -2.6   -11.4
569.434   -16.1   -32.5   -25.5
571.094    20.1     1.7    11.6
572.754    16.5    14.4    20.3
574.414     7.5     4.8    -5.7
576.074    -9.0    -7.1   -24.9
577.734   -37.2   -10.7   -16.1
579.395    -7.3   -20.3    -8.1
581.055    12.1   -18.2    -5.4
582.715    27.3    11.9     8.3
584.375    -8.1     5.0    -8.0
586.035   -31.2   -10.7   -13.9
587.695   -37.7   -30.0   -31.7
589.355   -35.4   -29.1   -30.3
591.016    29.4     5.4    19.2
592.676    30.7    12.3    10.1
594.336   -14.2    -4.8   -18.3
595.996   -40.9    -3.7    -3.9
597.656   -42.5   -24.9   -23.3
599.316     0.5   -20.9    -9.6
600.977    29.9    26.5    34.7
602.637    28.9    19.6     5.6
604.297    -9.8   -18.3   -31.2
605.957   -42.4   -11.7    -8.2
607.617   -52.5    -6.0    -2.7
609.277   -16.5   -34.0   -29.4
610.938    20.7    -4.5     9.2
612.598    17.6    21.3     3.0
614.258   -18.0   -16.7   -26.3
615.918   -31.8   -16.6   -18.4
617.578   -33.7   -12.7    -7.4
619.238    -9.7   -23.7   -16.7
620.898    16.5    -5.6    -3.2
622.559    14.5    12.3    10.5
624.219    -6.2     6.6    -2.7
625.879   -20.5    -8.9   -23.7
627.539   -23.1   -22.8   -14.0
629.199    -5.1   -15.4     3.0
630.859     7.2   -10.8     2.6
632.520    11.3    -5.3   -13.5
634.180   -17.6    13.5    -4.2
635.840   -15.2     8.8    -0.7
637.500   -12.3   -27.3   -21.7
639.160    -7.2   -25.4    -5.5
640.820     2.7   -12.0     3.9
642.480     3.4    -8.9   -11.8
644.141    -1.6    -0.6   -16.1
645.801   -11.7    23.1    12.0
647.461    -6.4    -9.1   -14.8
649.121    -5.2   -44.3   -35.3
650.781   -13.0   -40.0   -11.9
652.441    -1.1    -3.0   -15.7
654.102     2.8    17.5   -10.4
655.762     0.0    22.8    -2.4
657.422    -5.2    34.0    16.9
659.082    -5.8   -52.2   -29.7
660.742    -8.0   -60.5   -30.2
662.402    -4.8    12.6    -4.2
664.062    -3.8    15.5    -7.9
665.723     3.7    27.5    -1.1
667.383    -7.1    12.8    -0.7
669.043   -13.9   -48.3   -16.5
670.703   -10.2   -54.0   -18.9
672.363    -4.9   -30.3   -17.4
674.023   -10.5    12.5    -2.2
675.684    -1.8    26.7    -3.2
677.344     5.6     1.6   -19.3
679.004    -9.6   -34.2   -12.2
680.664   -11.7   -42.3    -3.6
682.324    -8.5   -41.8    -8.5
683.984    -9.1    11.2    -2.5
685.645   -11.7    25.2     4.5
687.305     0.1    16.2   -12.7
688.965     1.6   -11.9   -31.7
690.625   -15.8   -48.8   -24.0
692.285    -2.6   -22.2     8.0
693.945     1.3   -20.1     1.7
695.605    -2.7    13.6   -12.1
697.266   -20.3    37.0     1.1
698.926   -17.5   -18.7   -22.9
700.586     0.0   -51.5   -18.5
702.246     7.0   -28.2     8.0
703.906     4.7    -4.3    10.2
705.566     2.0     2.5    -4.4
707.227   -13.5    17.7   -12.7
708.887   -24.1    18.3   -10.3
710.547    -9.6   -35.4   -11.3
712.207    15.3   -37.3   -10.2
713.867     8.3     1.8     0.0
715.527    -8.9    17.7    -1.1
717.188   -12.4    12.5   -13.1
718.848   -29.3   -22.6   -33.5
720.508   -29.3   -28.7   -15.4
722.168     3.3   -15.5     3.5
723.828    20.8   -17.2    -4.4
725.488     2.6    11.8    10.8
727.148    -7.4    23.7    11.8
728.809   -26.1   -17.0   -44.5
730.469   -30.9   -36.8   -47.5
732.129     0.1    -5.4    20.1
733.789    13.3     4.9    12.7
735.449    22.6    -6.4   -21.7
737.109    -2.1    12.6     5.2
738.770   -20.2    15.0     6.5
740.430   -31.4   -21.0   -30.2
742.090    -5.7   -18.2    -0.6
743.750    10.9    12.5     5.6
745.410     5.3     3.2   -10.4
747.070     7.5    -2.3    -7.4
748.730    -7.9    -3.5    -6.0
750.391   -23.9   -30.3   -29.3
752.051   -20.4   -31.0   -19.4
753.711    -3.6     1.9    -1.7
755.371    -2.8     3.5    -5.6
757.031     6.7     4.1     4.1
758.691     0.0    -8.2   -14.5
760.352   -17.5   -18.6   -27.1
762.012   -17.2   -13.9     0.5
763.672    -9.1    -7.4   -15.5
765.332   -10.1   -12.1   -25.8
766.992    -4.2     5.7     4.1
768.652    13.6    -2.9    -5.8
770.312    12.0   -14.6   -17.9
771.973   -10.1   -10.2     1.5
773.633   -28.3    -3.3    -4.5
775.293   -27.8    -9.8   -25.1
776.953   -10.1    -3.3     3.1
778.613    10.7    16.3    20.3
780.273    27.7   -17.4   -14.6
781.934    24.3   -21.8   -17.6
783.594   -38.0     0.6   -11.4
785.254   -43.8   -17.0   -27.1
786.914   -30.0   -29.1   -27.5
788.574    16.6     6.2    11.9
790.234    29.4     6.4     8.8
791.895    20.2    -3.4    -5.8
793.555   -18.7    -5.9   -15.3
795.215   -28.3   -12.9   -15.8
796.875   -42.7   -19.6   -15.5
798.535     6.8    -1.7    -7.9
800.195    26.7     8.9    12.5
801.855    23.3     8.8    16.2
803.516    18.8     8.3     1.1
805.176   -11.8   -11.9   -23.3
806.836   -53.6   -28.7   -22.2
808.496   -33.2    -7.2   -11.3
810.156     3.6   -10.7   -10.3
811.816    30.8    17.0    19.3
813.477    26.5    18.1    14.9
815.137    11.5     8.5     2.3
816.797   -44.2   -31.6   -32.9
818.457   -41.6   -16.4   -14.9
820.117   -14.5    -2.0     0.9
821.777    29.9    -1.9    -2.0
823.438    31.6     6.7     5.1
825.098   -20.2   -10.7   -19.6
826.758   -23.8   -12.1   -23.6
828.418   -39.3   -25.3   -23.6
830.078   -32.3    -4.8    -5.5
831.738     4.0     0.8    -4.2
833.398    25.4     0.0     2.8
835.059     2.9     5.0     1.0
836.719   -15.0    -8.3   -12.0
838.379   -31.7   -20.0   -21.8
840.039   -22.4    -9.2   -19.8
841.699    -6.5    -4.7    -5.6
843.359    11.3    -3.3     5.6
845.020    21.0    -5.6    -4.8
846.680    -7.6    -3.4    -6.7
848.340   -35.2    -6.4    -8.5
850.000   -26.2   -24.9   -33.5
851.660   -11.6   -10.6    -0.8
853.320   -11.0   -11.1    -3.2
854.980    15.8    -2.9    -5.6
856.641    21.0    -6.0   -12.3
858.301    -0.6    -9.2    -8.8
859.961   -27.7    12.8     2.4
861.621   -28.6   -22.6   -34.2
863.281   -13.5   -28.1   -18.7
864.941     4.5     3.4    18.2
866.602    17.7     9.8    14.4
868.262    -0.5    -9.3   -18.4
869.922   -24.0    12.7     2.1
871.582   -33.4    -1.9    -8.3
873.242   -13.1   -31.8   -27.4
874.902    15.4    -9.0     3.2
876.562    13.9     1.7    11.2
878.223     2.6     3.1   -16.7
879.883   -13.5    -4.0   -15.5
881.543   -29.6   -14.3   -10.1
883.203   -24.2   -15.1    -6.8
884.863     4.3   -23.9   -10.7
886.523     5.7    -2.7    -2.3
888.184     4.1    16.5    11.1
889.844   -17.2    -1.9   -22.1
891.504   -32.2   -21.4   -24.5
893.164   -11.8   -18.4     1.1
894.824    16.5   -22.0    -6.4
896.484    13.8   -20.4   -25.6
898.145   -11.7    28.4    16.0
899.805   -22.6    31.6    15.8
901.465   -19.3   -23.9   -39.3
903.125    -9.5   -39.7   -23.5
904.785    12.4    -8.3    -9.1
906.445    13.1    -8.5    -8.1
908.105     7.3    -9.1   -24.4
909.766   -18.4    22.3     5.5
911.426   -26.0    -3.8   -17.9
913.086    -5.5   -43.9   -37.8
914.746     8.0    -6.8     8.8
916.406    11.4     6.9     0.5
918.066    -6.7     4.3   -15.6
919.727   -20.1     8.6    -7.2
921.387   -27.1    10.0    -4.8
923.047   -19.2   -33.1   -17.7
924.707     7.0   -41.4    -6.5
926.367    19.1    -5.3    -2.1
928.027    -2.9    19.4    -2.3
929.688   -24.7    26.0    -4.7
931.348   -24.8   -10.0   -26.3
933.008   -15.5   -31.5    -9.8
934.668     0.5   -31.4     7.0
936.328    25.7   -22.8    -2.1
937.988    -9.3    10.2    -2.7
939.648   -23.7    37.7     7.2
941.309   -23.4   -18.1   -32.1
942.969   -23.9   -34.8   -40.1
944.629    12.7   -20.0    17.9
946.289    15.5   -15.1    15.2
947.949     9.0    -3.5   -19.1
949.609   -23.7    44.0     6.5
951.270   -29.1     8.0   -10.8
952.930   -10.4   -59.4   -30.3
954.590    -2.4   -54.9   -17.6
956.250    12.0     5.9     7.9
957.910     6.4    12.8     0.1
959.570    -7.3    22.3   -14.9
961.230   -33.9     1.1    -9.1
962.891   -21.2   -29.1   -15.0
964.551    10.6   -53.6   -15.2
966.211     6.7    -4.8    -3.1
967.871     7.2    -3.5    -3.6
969.531   -14.8    34.5    -2.9
971.191   -20.3   -14.2   -28.0
972.852   -14.2   -40.3    -3.6
974.512    -2.8   -40.0     0.3
976.172     7.5   -35.4   -18.3
977.832    -7.3    26.5     8.1
979.492   -20.0    42.4    18.6
981.152   -15.0    16.9   -20.8
982.812   -12.5   -47.7   -28.6
984.473     2.9   -27.4    16.2
986.133    -3.6   -20.5   -20.5
987.793    -3.3   -21.4   -30.5
989.453   -15.1    27.3    -3.7
991.113   -11.1    25.7     3.5
992.773   -13.3    -5.7   -21.0
994.434     0.0   -52.3   -18.8
996.094    -1.4   -14.5     5.3
997.754   -13.2    -0.4   -11.2
999.414   -15.1    19.2   -11.8
1001.074   -14.7    27.7    -1.0
1002.734    -6.2    -8.7   -11.8
1004.395     0.6   -36.7   -17.2
1006.055    12.1   -44.8    -4.8
1007.715     1.3   -27.7    -3.4
1009.375   -26.4    12.9    -9.6
1011.035   -15.2    14.7    -9.2
1012.695     9.9   -18.6   -16.1
1014.355    10.0   -21.6    -8.2
1016.016    16.0   -26.6     8.0
1017.676   -12.3   -29.8   -31.9
1019.336   -28.5     7.7   -11.3
1020.996   -29.5    24.8     6.9
1022.656   -16.2    13.6    -7.9
1024.316    14.0   -35.3   -19.3
1025.977    17.8   -17.2    17.1
1027.637    -3.9   -12.8    -9.6
1029.297   -24.3   -22.9   -40.8
1030.957   -32.8    -4.0   -24.3
1032.617   -27.3    29.0    12.4
1034.277    10.8   -19.3   -17.0
1035.938    26.3   -39.0   -18.1
1037.598     5.7    -8.6     6.8
1039.258   -25.4    -7.1   -18.1
1040.918   -39.3    -5.4   -27.5
1042.578   -35.4     5.8   -15.0
1044.238     3.0     1.0    -2.9
1045.898    19.6   -16.5    -1.9
1047.559    31.7   -27.7    -3.1
1049.219    -0.8   -14.4    -1.2
1050.879   -40.5     4.8   -12.9
1052.539   -46.6     6.1   -28.2
1054.199    -9.9   -14.1   -11.9
1055.859    12.4   -12.7     9.3
1057.520    26.2   -11.2    13.3
1059.180    28.7   -17.3    -2.5
1060.840   -19.4    -7.3   -15.2
1062.500   -46.9    17.3   -11.9
1064.160   -46.7    10.6   -15.8
1065.820     1.4   -28.4   -18.6
1067.480    31.7   -13.1     8.0
1069.141    38.1    -2.6    27.5
1070.801     4.8   -12.2   -19.5
1072.461   -36.0    -3.8   -27.8
1074.121   -51.3     6.3   -20.8
1075.781   -50.4     6.8    -4.6
1077.441    36.6   -23.3     1.4
1079.102    39.1    -7.8    18.2
1080.762    19.2     8.8    24.4
1082.422   -25.4    -4.7   -31.2
1084.082   -53.2     0.5   -19.9
1085.742   -48.0     2.0   -14.3
1087.402     2.2   -22.8   -15.1
1089.062    39.1   -25.9    11.9
1090.723    30.8    -1.7    18.1
1092.383    -7.9    13.4    -9.0
1094.043   -22.6    12.3   -16.6
1095.703   -53.6   -17.6   -38.0
1097.363     7.0   -12.7    12.0
1099.023    24.8   -17.1    18.7
1100.684    41.3   -14.2    -0.5
1102.344    28.4    -8.1    -8.5
1104.004   -51.0    16.2    -6.9
1105.664   -53.5    10.7   -16.4
1107.324   -36.5   -33.3   -45.1
1108.984     3.3   -24.1    -0.6
1110.645    23.2    -0.3    25.8
1112.305    33.2    -5.8    -8.9
1113.965   -19.4    -1.1   -10.2
1115.625   -45.3    10.5    -4.7
1117.285   -43.1    -3.8   -26.1
1118.945   -11.6   -38.4   -33.0
1120.605    12.0   -20.1     5.0
1122.266    31.0    11.7    34.9
1123.926    11.7    -6.1   -18.0
1125.586   -33.3    -4.2   -24.9
1127.246   -42.7   -13.4   -16.4
1128.906    -0.8   -28.3   -18.2
1130.566    16.9   -23.7   -12.1
1132.227    35.4     4.8    17.2
1133.887    10.3     5.8     1.9
1135.547    -9.7    -5.3   -17.6
1137.207   -45.0   -14.1   -21.8
1138.867   -24.2    -6.9    -1.1
1140.527   -11.1    -8.8     2.6
1142.188    33.4   -12.3    -7.6
1143.848    15.5    -0.2     4.7
1145.508     2.9     9.3    16.5
1147.168   -33.2   -19.2   -33.9
1148.828   -39.2   -21.2   -26.6
1150.488   -22.8    -4.2     5.6
1152.148    22.1     4.3    11.7
1153.809    33.9   -16.3   -20.6
1155.469    -7.5    15.8    16.9
1157.129   -33.6    -1.8   -25.4
1158.789   -37.1   -12.7   -34.8
1160.449   -41.9   -36.9   -51.2
1162.109     0.4     8.4    30.8
1163.770    22.1    12.5    17.6
1165.430    27.9   -15.7   -23.0
1167.090     6.0    -1.6    -1.0
1168.750   -24.1    16.7    11.0
1170.410   -44.7   -45.2   -47.5
1172.070   -24.2   -36.3   -16.5
1173.730     4.7    -5.3     7.9
1175.391    30.4     7.5    -3.9
1177.051    25.7     0.6    -7.2
1178.711   -13.5     3.1   -11.1
1180.371   -21.4     6.4    -9.9
1182.031   -45.7   -26.4   -21.6
1183.691    -8.9   -25.3    -8.7
1185.352    19.7   -13.3    -7.3
1187.012    25.5    20.6    17.8
1188.672    13.4    25.1    13.3
1190.332   -17.2     0.9   -25.6
1191.992   -44.4   -21.5   -30.4
1193.652   -36.7   -28.2    -3.8
1195.312    16.3   -27.9   -20.1
1196.973    25.3   -17.2   -19.9
1198.633    18.9    27.8    19.9
1200.293   -12.9    23.3    -3.0
1201.953   -35.3   -31.5   -45.9
1203.613   -37.0   -39.4   -36.4
1205.273   -16.3   -20.8     5.3
1206.934     7.8   -26.3   -22.4
1208.594     1.9    43.4    19.1
1210.254     0.2    45.6    20.7
1211.914   -19.1   -11.0   -23.6
1213.574   -25.6   -42.0   -32.9
1215.234   -21.0   -42.9   -21.2
1216.895     3.5   -17.3    -2.9
1218.555    19.2     8.8    -6.5
1220.215     3.9    23.9     1.0
1221.875   -23.9    17.8    -5.0
1223.535   -21.0    -4.6   -10.2
1225.195   -10.7   -37.7   -22.6
1226.855     0.5   -36.6   -13.7
1228.516    -2.0    -9.8     0.5
1230.176     0.2    27.4    -5.6
1231.836   -18.8     1.0   -21.4
1233.496    -4.9   -15.7     1.1
1235.156    -2.9   -26.8    -6.3
1236.816     4.2   -44.0   -23.5
1238.477     4.2   -18.5    -8.5
1240.137   -13.0    32.5    -1.8
1241.797   -18.4     8.9   -20.5
1243.457   -16.2   -20.5   -16.7
1245.117    -5.8    -9.8     5.9
1246.777     6.1   -18.7    -2.6
1248.438    10.4   -25.2   -18.3
1250.098    -2.2     2.0    -5.3
1251.758   -17.2    23.3     4.6
1253.418   -17.6   -17.1   -26.4
1255.078     5.1   -19.4    -5.1
1256.738     7.6   -15.4     5.2
1258.398    14.9   -10.2    -3.9
1260.059    14.6    -8.8    -5.1
1261.719   -26.6     2.8   -15.1
1263.379   -47.5    -1.5   -25.8
1265.039     3.4   -12.6     1.5
1266.699    21.5   -16.1    -9.9
1268.359    21.5   -16.2    -9.9
1270.020    -7.0     5.3     4.1
1271.680   -10.2     4.1    -1.5
1273.340   -29.6   -19.0   -33.6
1275.000   -18.0    -2.3     4.3
1276.660   -14.6    -1.9     4.5
1278.320    13.4   -20.9   -20.0
1279.980    16.7   -13.9    -2.5
1281.641   -11.5    10.8     9.4
1283.301   -24.0    -3.9   -20.7
1284.961   -22.9    -6.4     1.0
1286.621    -4.5     8.4    12.5
1288.281     0.9     4.2     1.0
1289.941    14.3   -26.4   -26.2
1291.602     7.2   -14.6    -8.7
1293.262   -11.5     9.7     7.3
1294.922   -16.2   -19.4   -28.2
1296.582   -16.0   -13.2   -15.4
1298.242   -14.8     0.0     2.9
1299.902    -0.9    -3.6    -0.4
1301.562     8.5   -17.3   -13.8
1303.223     6.0     0.2    -5.8
1304.883   -15.5     0.9    -6.8
1306.543   -12.7   -14.7   -21.9
1308.203   -14.4   -16.0   -22.1
1309.863   -14.2   -17.2    -9.3
1311.523     4.6    -6.7     1.1
1313.184    10.5    -3.1    -2.5
1314.844    -9.7    11.8    -5.1
1316.504   -15.0   -12.5   -16.0
1318.164   -13.2   -26.7   -24.6
1319.824   -19.9   -30.3   -13.9
1321.484   -16.2   -13.8     1.1
1323.145     6.1     9.2     2.1
1324.805    15.1     5.4   -14.6
1326.465    -1.2     9.7    -7.5
1328.125   -14.6     5.4     9.8
1329.785   -18.8   -35.0   -29.1
1331.445   -18.3   -47.2   -32.0
1333.105    -8.2    28.1    21.4
1334.766    -7.3    28.2    21.8
1336.426    15.8     3.5   -21.0
1338.086    -8.1    -5.4     4.6
1339.746   -16.5   -20.9   -11.3
1341.406   -17.1   -45.7   -32.5
1343.066   -18.6   -11.2     1.9
1344.727    -6.0    28.6    11.0
1346.387     5.1    29.5    -3.5
1348.047     7.7   -13.6   -11.3
1349.707     3.0   -27.5    -8.6
1351.367   -15.2   -38.3   -10.6
1353.027   -26.3   -21.7   -11.1
1354.688   -19.1     7.6   -14.0
1356.348     1.4    16.6     4.6
1358.008     6.6     0.9     1.3
1359.668    16.3   -39.7   -15.3
1361.328     9.4   -44.0   -16.7
1362.988   -30.6   -11.8    -1.8
1364.648   -25.8     7.0   -26.1
1366.309   -14.2    11.4    -5.0
1367.969    -3.7    13.0    16.6
1369.629    33.5   -25.2    -8.0
1371.289    22.6   -43.9   -23.1
1372.949   -40.2     8.8    -2.1
1374.609   -42.2    13.1   -21.1
1376.270   -41.2     6.5   -31.9
1377.930    -2.8     0.0    -0.2
1379.590    39.5   -20.6    10.6
1381.250    35.9   -30.6     0.5
1382.910    -0.4   -21.9   -14.9
1384.570   -51.6     9.5   -15.5
1386.230   -55.6     0.2   -30.3
1387.891   -15.6   -10.9   -19.2
1389.551    31.5   -10.7     6.6
1391.211    32.8   -11.1     4.4
1392.871    16.0   -11.6    -2.7
1394.531   -62.6    -8.0   -35.0
1396.191   -64.5    -4.0   -16.4
1397.852   -28.8    -2.2    -5.7
1399.512    41.5   -16.1    -6.0
1401.172    42.1   -17.1    -2.6
1402.832     7.3     3.6    17.9
1404.492   -12.5     0.3   -10.0
1406.152   -64.3   -28.2   -46.7
1407.812   -18.8     7.7    12.1
1409.473    22.1     3.6     4.0
1411.133    29.1   -10.9    11.8
1412.793    -6.0     8.7    14.9
1414.453    -9.2     8.6    12.7
1416.113   -47.3   -22.8   -47.8
1417.773   -33.4    -9.6    -1.7
1419.434     2.2    20.5    20.3
1421.094    28.8     6.6     3.5
1422.754    19.6    -2.6     5.4
1424.414   -33.4    -4.9   -14.2
1426.074   -46.4   -32.5   -32.0
1427.734   -47.3   -32.3   -34.0
1429.395   -10.5    -0.7     4.9
1431.055    21.8    14.7     7.8
1432.715    19.7     3.8    -8.1
1434.375     7.7    -7.8    -3.6
1436.035   -23.6   -21.2   -18.8
1437.695   -38.4   -30.9   -27.9
1439.355    -5.8    -0.9    -2.6
1441.016    -1.2     2.2    -4.8
1442.676    -3.3     5.5   -10.6
1444.336     3.2     1.4    14.9
1445.996    -1.4   -25.0   -16.7
1447.656   -15.7   -35.9   -29.8
1449.316   -13.4     6.4    12.1
1450.977   -12.5    12.8     1.8
1452.637    -3.9    -0.6   -29.9
1454.297    -5.2     1.9    13.8
1455.957    -3.8    -5.3     5.9
1457.617     3.2   -38.1   -27.2
1459.277   -12.7    21.1    14.5
1460.938   -11.4    15.7   -10.5
1462.598   -22.0   -12.7   -31.5
1464.258   -17.3   -11.1   -13.4
1465.918     0.4    -7.0     6.9
1467.578    16.0   -19.8    -1.9
1469.238    14.8    -7.1    -4.1
1470.898   -20.6    11.3   -12.8
1472.559   -38.0    -3.2   -26.5
1474.219   -30.0   -18.9   -26.5
1475.879     0.5   -16.2    -1.5
1477.539    19.5   -10.1    16.3
1479.199     7.3     2.6    -1.1
1480.859    -3.0     2.3   -17.8
1482.520   -50.9    -6.6   -20.5
1484.180   -49.2    -7.5   -19.0
1485.840    21.4   -18.5    -2.9
1487.500    28.9   -16.0     6.2
1489.160    23.5     5.0    17.1
1490.820   -14.5    -1.5   -12.4
1492.480   -47.6   -23.2   -34.7
1494.141   -39.0   -10.6   -28.9
1495.801     7.9    -8.4     2.2
1497.461    32.3    -7.8     7.7
1499.121    28.9    -1.8    11.0
1500.781   -15.4    -0.4    -8.3
1502.441   -42.9   -21.5   -44.7
1504.102   -39.3   -12.9   -26.3
1505.762    17.8    -2.9    11.5
1507.422    23.7    -4.1     9.3
1509.082    26.1    -9.6     2.5
1510.742   -20.1    -1.2    -9.1
1512.402   -45.1    -8.8   -26.5
1514.062   -32.4   -12.9   -22.5
1515.723     0.6    -4.9    -3.7
1517.383    21.4     2.6     6.5
1519.043     6.9   -10.3     0.4
1520.703   -28.1   -19.0   -29.1
1522.363   -29.7   -20.0   -28.8
1524.023    -6.6     7.6    -0.3
1525.684     6.5     0.8    -8.5
1527.344    20.1    -7.2     1.6
1529.004     6.9    -5.8    14.8
1530.664   -18.9   -19.5   -28.2
1532.324   -28.1   -21.3   -35.1
1533.984   -17.0    18.5    10.1
1535.645     3.7    13.9     5.7
1537.305    17.9   -18.9   -20.1
1538.965   -11.6   -10.0     8.1
1540.625   -20.1    -6.7     0.8
1542.285   -20.9   -30.5   -37.7
1543.945   -13.6     0.6    -3.3
1545.605    -2.8    19.3    13.7
1547.266    13.1     0.0    -9.5
1548.926     3.2   -23.8   -18.8
1550.586   -20.5    -9.7     3.2
1552.246   -26.0   -12.5   -12.5
1553.906    -9.7   -11.9   -21.2
1555.566    10.8    12.1     4.9
1557.227    -2.8    -9.8    -7.0
1558.887   -13.4   -25.3   -21.8
1560.547   -11.8   -25.7   -18.9
1562.207   -18.1     3.1    -5.3
1563.867     5.1     2.4    -6.3
1565.527     3.1   -11.5   -15.8
1567.188     1.9    -6.5   -12.1
1568.848    -7.8    -7.8     3.0
1570.508    -7.0   -20.3   -21.3
1572.168   -17.6    -4.2    -2.9
1573.828    -8.2    13.1    14.7
1575.488     7.2   -19.5   -28.7
1577.148    -3.5   -19.9   -22.0
1578.809   -17.4     9.7     7.7
1580.469   -12.7   -13.1   -20.9
1582.129    -3.2   -17.3   -13.5
1583.789    -4.5     0.3    16.1
1585.449    -4.1     5.7    -0.5
1587.109   -14.4   -26.6   -34.6
1588.770   -12.4     0.8     6.8
1590.430    -2.1     3.6    -2.8
1592.090     1.6   -18.3   -26.2
1593.750    -7.2    -7.0     4.3
1595.410   -10.9    -4.8     4.2
1597.070    -9.8   -11.9   -21.4
1598.730    -3.9     2.7    -3.6
1600.391    -2.6    10.8     0.1
1602.051    -4.9   -18.1   -13.0
1603.711    -4.6   -24.2    -9.9
1605.371    -7.6   -15.8   -15.2
1607.031   -18.8   -15.3   -15.5
1608.691   -10.0     6.0    -1.7
1610.352     2.6    -5.6   -14.8
1612.012     3.8    -2.5   -12.5
1613.672    -6.7   -24.3    -7.0
1615.332    -8.5   -22.4   -11.9
1616.992   -20.2   -10.4   -21.3
1618.652   -15.1    20.2     9.7
1620.312     3.5    -7.1   -17.2
1621.973     5.3   -21.6    -3.7
1623.633    -4.2    -6.2    10.0
1625.293   -15.3   -15.1   -17.9
1626.953   -17.4   -20.5   -33.8
1628.613   -16.0     3.3   -10.7
1630.273   -11.8    25.6    13.0
1631.934     5.2   -25.2   -19.9
1633.594     3.4   -24.0    -7.8
1635.254    -9.0    -0.7     1.3
1636.914   -20.9    -5.5   -15.2
1638.574   -19.3     2.3   -15.4
1640.234    -6.5     6.2    -2.2
1641.895    -2.5    -3.2    -0.1
1643.555     4.6   -29.6   -16.0
1645.215    -1.0   -23.2   -18.8
1646.875   -23.9    14.7     6.6
1648.535   -13.0     8.1   -20.6
1650.195   -11.7   -18.5   -17.0
1651.855     6.0   -13.8    11.3
1653.516    10.2   -20.0    -6.8
1655.176    -7.1   -26.0   -32.9
1656.836   -19.1    18.2     4.4
1658.496   -10.2     7.2   -15.4
1660.156    -2.6   -33.7   -27.3
1661.816    -0.4   -34.0    -3.5
1663.477     7.5   -14.8    10.4
1665.137   -12.5   -14.2   -27.8
1666.797   -13.3    -1.5   -19.1
1668.457   -11.2    29.6    10.7
1670.117   -13.8     0.4   -12.2
1671.777    -4.8   -45.5   -21.8
1673.438     3.1   -21.1     8.3
1675.098   -11.3    -6.9   -10.5
1676.758   -12.3    -5.1   -20.7
1678.418   -17.1    22.1    -0.6
1680.078   -13.3     8.6    -9.7
1681.738    -1.0   -32.5   -20.0
1683.398     8.2   -33.6     0.4
1685.059   -10.2     0.0   -16.1
1686.719   -16.5    17.5    -3.6
1688.379   -15.1    14.5    -4.9
1690.039    -9.3    -9.9   -25.9
1691.699     9.2   -18.6    17.9
1693.359     6.0   -25.9     3.4
1695.020    -8.8   -17.4   -29.8
1696.680   -25.7    18.1     6.9
1698.340   -23.1    29.1     7.4

Event #21  ts=2026-09-25 12:01:28.439  [SELECTED]
  t[ns]  u1[mV]  u2[mV]  u3[mV]
  0.000    -2.4     2.8   -21.2
  1.660    38.2    -2.6    13.3
  3.320    16.9    20.5     4.8
  4.980   -37.1     7.3   -22.7
  6.641   -53.5   -16.4   -34.9
  8.301   -47.5   -41.0   -39.4
  9.961    26.7   -10.1    13.0
 11.621    33.6     8.2     2.3
 13.281    -1.6    24.4     1.8
 14.941   -10.5    22.6    -0.8
 16.602   -33.7   -10.7   -24.1
 18.262   -27.7   -42.7   -18.9
 19.922    23.9    -4.6    14.9
 21.582    24.5     4.3    -9.1
 23.242    -2.9    17.7    -5.8
 24.902   -22.0    18.0     5.5
 26.562   -30.5   -15.2   -21.3
 28.223   -12.9   -45.9   -28.1
 29.883     6.7   -23.2    10.2
 31.543     6.6     7.9     8.6
 33.203     1.4     4.6   -20.8
 34.863    -9.1    10.0    -1.6
 36.523   -18.2   -22.0   -20.4
 38.184   -10.1   -33.5   -28.5
 39.844    -0.3    -1.7    12.1
 41.504    -1.6     5.0   -15.8
 43.164    -5.8     0.9   -17.9
 44.824    -7.8    -0.6    -7.8
 46.484   -17.0    -6.7    -4.6
 48.145     4.0   -30.1   -12.5
 49.805    -1.6    -1.4    -3.8
 51.465    -8.3     0.7    -5.9
 53.125    -8.9    -1.2    -4.1
 54.785    -1.2   -12.8    -6.7
 56.445     1.2   -12.9    -8.9
 58.105     3.0   -12.5    -6.1
 59.766    -7.8     2.2    -4.5
 61.426   -20.2    -4.0   -16.0
 63.086   -25.4    -8.7   -16.0
 64.746     8.8    -1.9    -5.9
 66.406     6.3   -21.3   -18.1
 68.066    -1.7   -19.3    -7.5
 69.727   -16.0    -4.8   -14.5
 71.387   -18.2    -5.0   -20.4
 73.047     1.2     2.3     4.7
 74.707    13.9   -11.8    -8.3
 76.367    10.8   -19.6   -10.7
 78.027   -15.0    -4.9     1.1
 79.688   -23.5     0.7    -9.9
 81.348   -12.5   -13.2   -13.0
 83.008     0.3    -1.1     1.1
 84.668    14.0    -4.9    -3.2
 86.328     2.9   -17.7   -14.2
 87.988   -18.4   -18.3   -10.0
 89.648   -26.8    -1.6    -7.8
 91.309   -22.0    -2.9   -22.4
 92.969     3.0     3.0     5.8
 94.629    19.6     5.9    10.4
 96.289     3.1   -17.8   -16.4
 97.949   -28.3   -18.2    -9.6
 99.609   -24.5   -10.0   -17.9
101.270   -18.9   -11.8   -22.6
102.930    14.0     7.4     5.4
104.590    21.6     7.1    11.3
106.250   -15.2   -21.6   -22.1
107.910   -26.6   -21.7   -19.0
109.570   -24.0    -8.6   -14.2
111.230    -5.2    -8.3   -21.7
112.891    15.5     3.6    13.4
114.551    19.2     7.5    18.0
116.211   -16.3   -24.8   -27.7
117.871   -28.1   -22.1   -25.5
119.531   -33.4   -12.9    -7.4
121.191     0.0    -5.6   -14.7
122.852    18.2     0.7    12.4
124.512    11.3     4.9     3.5
126.172   -15.2   -13.1   -23.7
127.832   -32.3   -16.2   -18.7
129.492   -30.8   -17.8   -15.2
131.152   -14.9   -17.8   -14.8
132.812    17.1     5.3     4.0
134.473     7.9     4.4    -2.8
136.133   -18.1    -7.2   -10.3
137.793   -29.7    -9.5   -19.1
139.453   -12.1   -23.7   -20.4
141.113     7.1    -6.4     3.3
142.773     6.3     0.9    -5.1
144.434    -1.0     1.7   -11.4
146.094   -12.5     3.9     1.8
147.754   -15.7   -19.7   -28.9
149.414   -13.3   -26.9   -25.6
151.074     0.0   -23.9     0.0
152.734    -0.5    -9.1   -19.0
154.395   -17.1     5.2     5.2
156.055   -17.8    10.2     4.2
157.715   -12.8    13.9    -9.1
159.375    -2.6   -27.7   -18.2
161.035     0.2   -29.7     1.3
162.695    -1.6    -7.4    -9.1
164.355   -20.2    -2.9   -17.9
166.016   -10.4    22.1   -12.0
167.676    -2.0     8.8   -10.7
169.336     3.6   -31.5   -12.2
170.996     7.0   -14.9     7.3
172.656    -2.9   -13.6   -17.0
174.316   -18.5   -20.6   -30.5
175.977    -2.9    20.9     8.7
177.637     0.4    15.5     4.6
179.297    11.1   -35.0   -22.2
180.957     2.4   -13.2     8.0
182.617     1.6   -13.2     6.9
184.277   -26.6   -17.1   -31.8
185.938   -18.0    24.8    12.9
187.598     7.9    -9.4   -17.0
189.258    17.0   -31.7   -24.2
190.918    11.5   -14.4    11.5
192.578   -13.5    -5.3     0.1
194.238   -38.5   -11.0   -33.8
195.898   -55.0    -9.1   -26.5
197.559   -98.9   -40.5   -25.0
199.219  -108.9  -102.8   -61.1
200.879  -120.2  -137.8   -41.7
202.539  -119.0  -120.0   -57.5
204.199  -117.6  -100.9  -101.2
205.859   -93.5   -48.9   -60.5
207.520   -56.4   -63.4   -41.1
209.180   -14.7   -83.9   -46.3
210.840    -7.6   -50.1   -27.2
212.500   -43.7   -10.2   -29.5
214.160   -58.1   -25.2   -37.9
215.820   -40.9   -21.2   -27.5
217.480    -6.5   -19.1   -18.0
219.141     0.8   -32.3    -9.0
220.801    -3.9   -27.3    -4.0
222.461   -16.1   -17.3   -14.6
224.121   -25.4    -7.8    -5.0
225.781   -23.5    -2.9    -1.4
227.441     4.5   -28.2    -6.6
229.102     2.1   -18.8    -4.6
230.762     4.3    -4.7     3.5
232.422   -20.8    -6.4   -20.5
234.082   -12.6    -1.3    -5.6
235.742    -7.8    -1.6    -2.1
237.402     4.5   -15.7   -19.7
239.062     0.2   -28.5    -9.8
240.723   -22.7     3.9    -7.5
242.383   -31.1    -2.5   -18.0
244.043   -31.5    -3.2    -9.2
245.703     5.6     0.0     0.2
247.363     8.1   -13.9    -9.5
249.023    -8.7   -23.5    -7.8
250.684   -18.2    -8.1   -13.0
252.344   -32.8    -8.1   -21.8
254.004   -23.8    -1.2   -11.9
255.664    15.0    -2.6    -5.4
257.324    15.5   -18.6   -14.8
258.984   -10.6   -15.8    -7.8
260.645   -31.4    -8.3    -9.8
262.305   -39.0   -11.9   -27.2
263.965    -7.4    -4.9    -3.3
265.625    13.8     0.4     4.1
267.285     6.7   -22.5   -18.3
268.945    -7.6   -13.0    -8.7
270.605   -39.7    -5.7   -18.7
272.266   -32.2   -15.6   -22.1
273.926    -3.1     3.5     6.9
275.586    20.4    -1.0     3.6
277.246    21.6   -12.5   -12.1
278.906   -10.6    -9.4    -5.2
280.566   -33.7    -8.0    -4.8
282.227   -22.1   -16.6   -21.9
283.887    -5.1    -6.7    -4.9
285.547     7.5    -4.0     2.7
287.207    14.8   -11.5   -11.3
288.867   -11.8    -5.1     0.6
290.527   -33.3   -12.8   -19.0
292.188   -29.8   -14.8   -22.1
293.848    -5.5    -8.2   -12.2
295.508     5.8   -11.7    -4.0
297.168     5.3   -12.4    -5.6
298.828   -17.1    -5.3    -9.4
300.488   -24.0    -8.9   -16.3
302.148   -19.0   -13.8   -15.4
303.809    -7.2   -10.7   -14.5
305.469    -5.1   -16.5   -16.7
307.129    -2.2    -6.4    -3.6
308.789     1.9     5.1     0.6
310.449    -6.7   -16.5   -18.5
312.109   -10.3   -10.7    -4.3
313.770   -11.5    -5.6    -0.2
315.430   -17.2   -17.9   -36.7
317.090   -20.0   -23.9   -29.3
318.750    -2.3     7.8    14.0
320.410     3.4   -17.3   -16.9
322.070    -0.9   -13.1   -13.4
323.730   -18.9    -7.7    -9.4
325.391   -32.8   -21.7   -32.5
327.051   -30.2   -30.0   -28.8
328.711    -2.2     6.5    12.4
330.371    20.4     8.2    -3.8
332.031     8.6    -6.9    -4.3
333.691    -7.5   -13.6    -4.7
335.352   -32.9   -21.7   -36.4
337.012   -46.2   -31.2   -31.4
338.672   -13.2    10.7    12.2
340.332    32.8     3.4     1.0
341.992    19.2    -4.9    -1.9
343.652   -15.6   -12.2    -4.3
345.312   -36.0   -23.6   -30.2
346.973   -42.9   -19.7   -19.1
348.633     0.1     7.3    15.5
350.293    37.2    11.8     3.0
351.953    19.7    -8.4    -5.3
353.613    -5.3   -15.0    -3.0
355.273   -50.4   -25.4   -37.1
356.934   -57.5   -29.9   -41.0
358.594     4.2    13.3    18.6
360.254    25.0    14.5    14.5
361.914    44.1     2.0    -9.9
363.574   -29.2   -15.5    -6.5
365.234   -54.2   -31.2   -44.1
366.895   -59.9   -38.2   -51.8
368.555    -1.7    16.0    16.8
370.215    30.4    16.4     9.9
371.875    37.5    -8.6    -5.5
373.535     7.9    -8.8    -0.6
375.195   -36.7   -20.2   -26.5
376.855   -50.9   -24.1   -31.4
378.516   -11.4     3.1    -1.7
380.176    -5.1     4.4     0.8
381.836    36.9    12.6    10.2
383.496     8.2   -10.4   -12.2
385.156   -19.5   -27.1   -27.5
386.816   -50.4   -27.8   -20.3
388.477   -31.3    -9.8   -13.3
390.137   -20.7    -6.6   -20.1
391.797    21.0     2.3     0.0
393.457    26.5    14.9    13.8
395.117   -13.8   -31.4   -26.5
396.777   -39.8   -26.5   -11.3
398.438   -38.5   -16.9   -15.0
400.098   -13.0    -8.5   -19.8
401.758    14.8    -2.3     7.8
403.418    22.6    18.0    16.7
405.078    -1.0   -19.4   -18.3
406.738   -25.0   -34.7   -16.6
408.398   -22.3    -9.8   -20.9
410.059   -10.9    -5.3   -10.0
411.719    -1.6     0.5     5.9
413.379    21.7    13.2     0.2
415.039     1.2    -9.3   -17.2
416.699   -11.3   -20.8    -1.4
418.359    -8.7   -18.1   -15.5
420.020   -21.4   -16.8   -29.5
421.680    -8.6    19.7    11.1
423.340     4.7    19.6    10.2
425.000     7.1   -25.4   -19.5
426.660    -2.5   -23.3    -3.5
428.320    -9.1   -13.9     1.9
429.980   -27.8   -19.3   -29.2
431.641   -32.0   -10.7   -27.1
433.301    -6.1     9.9    12.1
434.961     6.6   -23.8   -23.6
436.621     6.9   -26.1    -5.0
438.281     3.1   -12.4    14.1
439.941   -22.5   -15.7   -36.9
441.602   -19.8    -8.1   -23.8
443.262   -16.9    13.1    12.8
444.922     3.9   -22.0   -16.1
446.582    15.8   -30.1    -8.5
448.242     5.6    -3.4    10.5
449.902   -15.1     1.7   -17.7
451.562   -26.4    -5.3   -26.2
453.223   -20.8     3.8     0.2
454.883     4.9   -30.0   -21.6
456.543    11.3   -29.7   -11.9
458.203    11.1    -9.1     5.2
459.863   -23.8    -2.1   -19.7
461.523   -14.2     0.0   -13.7
463.184   -16.0    -1.0   -13.6
464.844    -8.8   -24.6   -13.0
466.504     8.2   -24.5    -0.3
468.164     7.9   -19.4    -2.5
469.824    -3.6     3.5    -9.8
471.484   -16.0    12.6    -2.1
473.145   -16.3     3.8   -13.8
474.805    -7.0   -39.2   -21.7
476.465     4.1   -14.0     5.6
478.125    -7.6   -11.0   -20.4
479.785   -11.8     1.1   -14.5
481.445    -8.2    27.7     9.5
483.105    -6.2     6.8    -7.3
484.766    -2.2   -42.9   -26.6
486.426    -4.8   -35.6    -9.7
488.086    -6.4    -6.7    -3.1
489.746   -18.3     1.5   -18.7
491.406   -18.8     3.7   -18.1
493.066    -8.5    18.0     2.4
494.727    -2.4   -18.1   -15.9
496.387    -6.3   -39.4   -14.0
498.047   -13.1   -10.1    -3.6
499.707   -14.3    -7.8   -11.5
501.367   -13.8    13.5    -4.9
503.027    -7.3    20.7    -1.1
504.688    11.0   -27.1    -8.7
506.348     8.7   -33.5    -4.7
508.008    -6.5   -34.0    -8.1
509.668   -29.9     1.3   -17.9
511.328   -24.7    17.9    -3.7
512.988    -2.7     9.8    -5.0
514.648    11.0   -21.9   -10.7
516.309     2.2   -32.7     0.1
517.969    -8.8   -18.4    -5.6
519.629   -17.4   -10.6   -23.4
521.289   -26.9    17.2    -6.2
522.949     2.2    -0.9     0.0
524.609    22.4   -25.1   -15.8
526.270    17.2   -27.8    -5.0
527.930   -12.4   -10.7    -0.8
529.590   -29.2     5.5   -26.2
531.250   -31.7     8.4    -9.4
532.910   -15.8     9.5     1.3
534.570    19.0   -26.3   -12.9
536.230    23.3   -32.8     1.0
537.891     5.3   -11.4     5.5
539.551   -22.5     4.2   -15.2
541.211   -40.4    11.1   -19.6
542.871   -39.6    10.5   -13.5
544.531    -1.6   -15.7   -10.2
546.191    33.2   -29.8     4.4
547.852     3.9    -5.3    -2.9
549.512   -18.4    10.1    -5.2
551.172   -33.7    17.8   -13.4
552.832   -46.1    11.9   -16.9
554.492   -20.1   -26.8   -26.4
556.152    40.3   -17.7    16.5
557.812    33.5    -6.7    10.2
559.473   -20.2     4.6   -16.1
561.133   -46.4    15.9    -9.3
562.793   -37.2    -7.8   -31.0
564.453     4.4   -38.7    -4.5
566.113    11.1   -38.0    -1.3
567.773    30.9    -0.8    -2.1
569.434    -8.5    -1.8   -12.5
571.094   -52.6    18.1    -9.4
572.754   -43.0    -5.6   -36.5
574.414    -4.9   -40.8   -19.6
576.074    43.1    -3.9    18.9
577.734     9.5     1.1   -15.1
579.395   -23.0     3.7   -11.3
581.055   -47.0     6.1   -12.9
582.715   -37.1   -13.8   -35.3
584.375   -20.8   -33.9   -37.4
586.035    21.0   -18.3    13.6
587.695    34.0     3.7     8.6
589.355   -27.8     5.8   -17.3
591.016   -40.6    -2.9   -15.2
592.676   -35.1   -17.9   -28.0
594.336   -14.3   -37.2   -35.4
595.996    28.8    -6.7    23.5
597.656    22.2     6.4     1.4
599.316   -18.4    -4.8   -30.2
600.977   -36.9     3.2    -3.0
602.637   -23.5   -15.9   -20.8
604.297     8.2   -33.5   -18.9
605.957    20.9    12.9    30.7
607.617    14.4    17.7    22.1
609.277   -13.1    -7.7   -31.4
610.938   -31.0   -11.1    -2.8
612.598   -19.8   -18.4   -12.8
614.258    15.1   -16.6   -11.5
615.918    15.5    14.7    21.9
617.578    -6.0     2.7    -9.9
619.238   -21.5   -12.9   -26.6
620.898   -26.9   -15.9   -22.6
622.559    -9.4   -19.6   -12.2
624.219     7.9   -17.1    -7.8
625.879    13.5     3.4     1.7
627.539     1.2     4.3   -10.7
629.199   -20.7    -3.9    -2.6
630.859   -10.9   -20.0   -14.5
632.520   -12.5   -23.0   -17.2
634.180     2.1   -29.7   -19.1
635.840    -0.9    11.1    -0.5
637.500    -4.2    15.2    -7.6
639.160   -21.2    -1.4     3.4
640.820   -15.6    -7.6    -1.5
642.480     9.8   -22.7   -16.3
644.141     7.3   -12.6    -7.8
645.801   -16.7    17.5   -10.9
647.461   -29.8    -2.6   -24.2
649.121   -20.8   -13.8   -15.1
650.781     1.4    -5.1    -1.1
652.441     5.6   -19.3    -6.9
654.102     5.1   -11.4    -1.3
655.762    -7.0    -6.4   -12.0
657.422   -27.9    -7.7   -25.5
659.082   -37.1   -10.9   -25.1
660.742     5.1    -5.6    -2.5
662.402    18.6    -4.0     0.0
664.062    20.2    -7.7     6.6
665.723     3.1   -12.0    -2.4
667.383   -30.1    -7.9   -22.7
669.043   -41.3   -13.3   -19.1
670.703   -28.1    -2.3    -4.8
672.363    25.6     3.2     2.1
674.023    22.1    -8.7   -12.0
675.684    -0.1   -10.6     2.4
677.344   -22.2   -17.9   -18.3
679.004   -40.6   -23.3   -37.8
680.664   -29.3    -6.0   -15.5
682.324   -10.5    12.0     8.2
683.984    21.6    -3.2    -8.4
685.645    19.7   -13.8    -9.8
687.305   -19.4   -20.4    -7.2
688.965   -38.0   -27.7   -35.1
690.625   -26.5    -0.6   -15.3
692.285    15.0    18.0     6.8
693.945    15.3    -1.4    -5.8
695.605    19.0   -24.9    -6.6
697.266    -4.5   -22.6     0.5
698.926   -28.3   -23.6   -24.8
700.586   -28.3   -15.0   -25.2
702.246   -12.6    21.0     5.4
703.906    -8.4    23.9     8.2
705.566    13.3   -23.2    -6.8
707.227    24.4   -30.9    -4.4
708.887    -9.0   -26.5   -19.2
710.547   -25.2    -4.2   -16.9
712.207   -28.2    16.0    -8.9
713.867   -26.1    11.9   -13.7
715.527    -7.5    -8.7    -9.8
717.188    19.4   -20.1     3.0
718.848     0.3   -29.4   -19.2
720.508   -28.6     1.2    -8.8
722.168   -34.1    27.1    -2.2
723.828   -32.5    18.2   -19.2
725.488     5.0   -28.6   -11.3
727.148    29.3   -26.9    13.6
728.809    28.9   -28.8     0.0
730.469    -9.9    -5.3   -17.1
732.129   -42.6    26.4    -5.9
733.789   -50.0    13.3   -21.8
735.449    -3.2   -41.4    -9.8
737.109    35.5   -32.6    16.9
738.770    36.0   -11.7     2.5
740.430    -9.4     5.6   -21.5
742.090   -43.3    20.8   -11.5
743.750   -54.1     7.3   -20.1
745.410    -0.9   -39.5   -18.5
747.070    15.1   -35.4    -1.1
748.730    41.6   -10.2    12.5
750.391     2.7     6.4    -9.4
752.051   -19.5    13.8   -13.2
753.711   -53.9    -1.9   -24.8
755.371   -26.3   -32.1   -26.4
757.031    31.7   -35.1     8.2
758.691    46.9   -20.2    21.3
760.352    -2.5     8.0   -13.2
762.012   -36.0    16.6   -15.8
763.672   -60.3    11.0   -19.2
765.332   -26.0   -27.7   -24.8
766.992    17.6   -33.7    -1.5
768.652    47.9    -9.3    24.0
770.312    18.9    10.3   -10.0
771.973    -2.0    11.1   -16.0
773.633   -57.1     6.7   -12.5
775.293   -17.2   -31.2   -28.8
776.953    20.3   -28.5    -5.2
778.613    26.4   -28.4    -0.5
780.273    33.3     9.5    17.4
781.934    -4.3    11.7   -10.5
783.594   -48.0    -3.9   -23.9
785.254   -39.6   -15.1   -19.2
786.914    -6.1   -24.9   -17.2
788.574    26.5    -8.5    14.5
790.234    23.8     2.9     8.0
791.895     6.0     8.0    -4.7
793.555   -36.6    -5.1   -21.9
795.215   -36.8   -15.8   -18.8
796.875     0.8   -22.6    -8.8
798.535    21.0    -6.6     4.1
800.195     9.0    -2.7    -9.2
801.855   -25.1    -3.2    -8.9
803.516   -26.1     1.3    -8.3
805.176   -26.0   -12.2   -20.2
806.836    -2.3   -21.2   -12.3
808.496    10.8    -9.8     8.2
810.156     3.7    -6.7   -19.3
811.816   -17.2    -9.3    -4.2
813.477   -28.3    -1.0   -10.3
815.137   -14.7    -8.5   -22.0
816.797     3.7   -13.9     7.7
818.457    10.7    -2.8     5.9
820.117     3.1    -3.4    -9.7
821.777   -18.0   -20.3   -16.1
823.438   -14.1     6.6     4.6
825.098    -8.0   -13.2   -25.6
826.758    -6.5   -13.6   -10.5
828.418     7.7    -4.8    -3.5
830.078     8.2    -3.0    -1.8
831.738   -17.9   -20.7   -13.5
833.398   -19.9   -12.9    -5.5
835.059    -9.2    12.3    -2.8
836.719   -15.0   -15.6   -23.1
838.379    -5.1   -14.4     0.7
840.039     8.7    -6.4    -2.1
841.699    -5.0   -26.4   -27.0
843.359   -18.9   -20.7   -20.0
845.020    -7.2     9.4    -1.6
846.680   -11.0    -9.6   -28.6
848.340    -8.8    -9.2    -5.8
850.000     1.9    -3.7     4.8
851.660    -9.7   -31.7   -30.9
853.320    -6.7   -21.8   -13.5
854.980    -8.6    13.8     5.7
856.641   -12.7   -11.3   -38.6
858.301    -4.1   -13.9    -7.8
859.961    -5.9    -5.7    12.7
861.621     2.6   -15.5   -11.6
863.281    -5.5   -15.6    -4.9
864.941   -20.2     8.9     7.1
866.602   -22.0   -15.8   -30.1
868.262    -3.0   -10.0    -1.7
869.922     5.0    -5.0     0.6
871.582     8.0   -16.7   -13.0
873.242     4.8   -11.6    -2.7
874.902   -16.5     0.0   -12.2
876.562   -29.3    -8.7   -25.2
878.223   -23.0   -15.1   -12.2
879.883    -0.9    -8.8    -4.4
881.543    14.2    -0.3     5.0
883.203    15.1    -0.9     7.4
884.863    -2.8     7.5     6.3
886.523   -27.8   -17.8   -25.3
888.184   -25.4   -10.5    -8.4
889.844    -9.0    -6.2   -11.2
891.504    18.1    -7.3     2.2
893.164    16.2     7.7    14.3
894.824     2.3    12.4     4.0
896.484   -21.9   -12.8   -24.7
898.145   -37.4   -30.4   -24.8
899.805   -14.1    -5.4    -5.6
901.465     7.4    -4.3    -3.0
903.125    12.9    10.1     4.0
904.785    -1.4    12.5    -0.6
906.445   -19.2   -14.7   -22.5
908.105   -28.5   -25.3   -14.6
909.766    -5.3    -8.6    -9.1
911.426    -1.4    -4.6   -12.8
913.086     6.4     3.9    -0.3
914.746    -1.7    -4.7    -5.1
916.406   -16.9    -8.3   -19.9
918.066   -20.6   -28.1   -12.8
919.727   -10.9   -25.9   -11.2
921.387    -8.3    -5.2   -14.4
923.047    -5.8     3.8   -10.7
924.707     4.2     9.6     7.7
926.367    -9.9   -27.2   -25.1
928.027   -11.4   -25.7   -10.8
929.688    -3.8    -7.4    -0.7
931.348    -3.1    -9.1    -4.1
933.008    -9.9     3.0    -5.9
934.668   -12.4    11.7    -1.6
936.328   -10.4    -5.4    -8.6
937.988     5.4   -27.3    -7.8
939.648     5.2   -21.3    -0.6
941.309    -6.9    -6.1    -7.9
942.969   -19.8     0.7   -21.4
944.629   -18.4     0.8   -22.6
946.289   -16.0    -4.8    -5.9
947.949    18.0   -24.3    -9.3
949.609    10.8    -7.2     9.5
951.270     5.4   -13.7    -2.6
952.930   -16.9    -0.8   -21.8
954.590   -28.7     1.4   -13.8
956.250   -33.0     2.5    -5.8
957.910     1.4   -17.8   -11.6
959.570    23.3   -11.0     2.1
961.230     1.4    -6.0    -3.4
962.891   -23.1    -4.9   -18.0
964.551   -27.4    -4.7   -21.5
966.211   -39.7    -0.4   -17.8
967.871    -0.6   -17.2    -1.8
969.531    15.8   -21.0     3.6
971.191    29.0    -7.5     4.7
972.852   -10.7    -3.3   -15.2
974.512   -29.1     6.4    -6.5
976.172   -36.8   -13.6   -29.0
977.832   -27.1   -18.0   -23.1
979.492    16.2    -6.6    16.2
981.152    28.6    -8.0     9.5
982.812    19.5   -15.3   -17.4
984.473    -3.9   -14.4   -20.9
986.133   -35.4    15.0     0.1
987.793   -24.3   -21.4   -32.4
989.453    13.3   -13.9    14.4
991.113    19.3   -10.2    20.9
992.773    27.8   -13.1    -9.9
994.434    -7.2    -2.7    -5.3
996.094   -22.8    11.8   -12.5
997.754   -32.6    15.7   -16.4
999.414   -28.4   -28.9   -26.3
1001.074    10.8   -18.7    14.3
1002.734    26.3   -13.2     2.0
1004.395     3.8    -3.7   -19.2
1006.055   -13.4    19.7    -5.1
1007.715   -22.2    21.1    -6.1
1009.375   -30.8   -16.0   -22.2
1011.035   -13.7   -30.2    -1.3
1012.695     9.5   -20.3     5.0
1014.355    11.9    -9.4   -15.4
1016.016    -0.3     9.2    -5.8
1017.676   -12.3    16.4     5.1
1019.336   -16.2     3.0    -8.5
1020.996   -24.0   -33.5   -24.1
1022.656   -10.3   -27.9    -1.7
1024.316    12.3   -16.3    -3.8
1025.977    12.0    -2.8   -16.6
1027.637    -3.7    20.5     8.2
1029.297   -16.1    16.8    -2.2
1030.957   -25.6   -29.6   -34.9
1032.617   -18.5   -32.8    -9.6
1034.277   -16.2   -29.9     1.4
1035.938    -6.8   -14.1   -10.8
1037.598     7.6     5.3    -3.9
1039.258     5.8    23.1    13.5
1040.918    -5.8    16.5    -5.0
1042.578   -18.8   -34.6   -19.0
1044.238   -17.6   -29.2    -9.3
1045.898    -8.5   -17.2    -9.1
1047.559     2.3    -0.5    -5.2
1049.219     0.4    16.0     1.9
1050.879    -1.0    15.3    -3.0
1052.539   -14.3   -10.4   -19.2
1054.199   -20.6   -21.7   -18.7
1055.859    -7.9   -23.6   -20.1
1057.520    -4.2   -16.3    -4.1
1059.180     3.3    17.4     0.4
1060.840    -8.7   -13.0   -15.1
1062.500    -9.2   -20.2   -12.9
1064.160   -20.2   -14.6    -9.2
1065.820    -9.3   -31.4   -24.8
1067.480    -2.0   -23.0    -4.1
1069.141     7.2    21.5    12.0
1070.801     4.4    16.9    -3.9
1072.461   -13.3   -14.8   -19.7
1074.121   -21.5   -16.3   -17.1
1075.781   -13.5   -21.9   -22.9
1077.441    -9.8   -26.9    -4.4
1079.102     5.0    -9.0     5.7
1080.762    -0.7     5.2   -12.5
1082.422    -8.4    -8.6   -23.2
1084.082   -16.8   -10.3    -4.7
1085.742   -17.0   -15.4   -15.2
1087.402   -10.9   -21.4   -18.5
1089.062     0.5    -7.2     6.5
1090.723     8.3     6.3    -1.0
1092.383    -1.0    -2.7   -17.7
1094.043   -29.4    -8.7   -18.5
1095.703   -11.9    -6.0    -4.4
1097.363   -12.3   -20.5   -19.2
1099.023    -3.4   -20.8   -14.9
1100.684     7.5    10.4    15.1
1102.344    -1.8     6.6   -12.3
1104.004   -21.9    -4.4    -2.8
1105.664   -15.7   -13.1    -1.8
1107.324   -11.9   -18.2   -19.2
1108.984     2.8   -30.5   -19.7
1110.645     6.8    12.1    14.6
1112.305     4.6     7.5    12.5
1113.965   -19.3   -10.0   -25.0
1115.625   -16.7     1.8     4.5
1117.285   -14.6    -2.7     8.3
1118.945     0.5   -26.9   -27.6
1120.605     6.9   -12.1     8.1
1122.266     4.6    11.0    11.3
1123.926   -12.2    -2.3   -26.5
1125.586   -18.1    -5.7    -6.0
1127.246   -12.7   -10.7    -7.6
1128.906    -6.9   -25.2   -17.6
1130.566     1.2   -22.8    -5.0
1132.227    -8.0     6.4    -7.8
1133.887   -13.8    -1.7   -17.8
1135.547   -14.7    -6.4   -14.0
1137.207   -11.0    -0.9    -8.9
1138.867    -1.7   -27.5   -10.8
1140.527    -4.5   -21.5    -9.9
1142.188    -2.0    -5.4    -4.7
1143.848    -8.8    -6.5   -14.2
1145.508   -12.4    -5.1   -11.7
1147.168    -5.4     1.9   -10.9
1148.828    -3.1   -20.5   -19.9
1150.488    -1.7   -27.9   -12.8
1152.148    -6.9    -3.4     6.6
1153.809    -7.1     3.3    -1.5
1155.469   -12.3    -6.3   -19.0
1157.129   -10.0    -4.4   -12.1
1158.789     0.0     2.0    -0.9
1160.449    -4.1   -32.2   -19.6
1162.109    -6.8   -20.0    -6.7
1163.770   -12.0     5.0    -1.5
1165.430   -13.4    -3.7   -15.2
1167.090    -9.8    -7.6   -14.0
1168.750    -1.4     3.8     1.7
1170.410     1.0    -9.0    -8.9
1172.070    -4.9   -21.1    -8.8
1173.730    -6.2   -11.5    -5.7
1175.391   -21.3     0.0   -11.1
1177.051   -14.8    -7.0   -14.5
1178.711     7.5    -5.5    -4.1
1180.371    14.6    -5.1    -0.2
1182.031     3.1   -15.8   -15.9
1183.691   -18.8    -8.2    -8.7
1185.352   -15.6    -6.4   -16.5
1187.012    -7.9   -12.1   -19.1
1188.672     2.0    -2.3     2.1
1190.332     6.3    -7.4    -1.5
1191.992    -1.2    -8.5    -8.9
1193.652   -15.0   -10.8   -12.3
1195.312   -23.1     0.0    -6.4
1196.973   -17.3    -8.1   -14.2
1198.633    -3.5   -14.5   -11.6
1200.293    -0.2    -9.6     2.8
1201.953     8.3    -5.0     1.4
1203.613    -4.9    -8.1   -13.4
1205.273   -19.2     2.5    -8.4
1206.934   -26.4    -7.9   -16.3
1208.594     0.3   -24.1   -13.5
1210.254     9.1    -5.6     7.4
1211.914     4.7    -2.3    -6.2
1213.574    -6.3    -0.4   -20.9
1215.234   -23.0     1.1   -11.8
1216.895   -25.4   -12.8   -14.8
1218.555    -3.1   -22.3   -17.7
1220.215    12.5   -15.9    -2.2
1221.875     6.5    -6.9    -1.1
1223.535     0.0     3.0    -5.3
1225.195   -18.4     6.4   -10.4
1226.855   -32.8    -3.3   -21.2
1228.516   -29.7   -15.9   -22.5
1230.176     8.9   -11.9     4.8
1231.836     9.6    -8.6   -10.0
1233.496     1.5     0.0   -15.1
1235.156   -17.5    13.3    -4.0
1236.816   -26.3     2.2   -17.3
1238.477   -23.6   -30.3   -21.8
1240.137    -3.8   -23.2     6.3
1241.797    15.2   -10.5    -9.3
1243.457     1.0    -7.2   -12.5
1245.117    -4.0    -2.4    -5.1
1246.777   -30.2    -9.9   -34.2
1248.438   -22.6   -22.2   -35.1
1250.098     0.0   -31.0     6.3
1251.758    19.1    -1.2    -4.1
1253.418     9.6    -7.0   -14.7
1255.078   -16.1     2.0    -9.5
1256.738   -26.7    13.4    -5.7
1258.398   -22.3   -19.8   -31.1
1260.059   -15.9   -34.6   -16.3
1261.719    27.4    -1.7     0.2
1263.379    10.8    -7.2   -19.1
1265.039    -9.0    -8.4   -21.8
1266.699   -31.6    10.5    -6.4
1268.359   -29.4     6.9   -11.3
1270.020   -15.1   -29.1   -26.7
1271.680    19.4   -16.0    15.6
1273.340    18.0    -8.8    -1.5
1275.000    -9.0    -8.1   -21.9
1276.660   -19.4     2.8   -20.5
1278.320   -24.5     5.7    -9.1
1279.980   -14.7   -22.0   -32.0
1281.641    16.0    -5.0    27.0
1283.301     0.8    -9.4   -12.3
1284.961    -3.1   -10.6   -22.2
1286.621   -25.0     7.8    -8.7
1288.281   -18.0     7.1    -5.9
1289.941   -13.1    -5.7   -19.6
1291.602     6.3   -19.9     4.7
1293.262    -6.0    -7.2   -21.7
1294.922    -6.0    -4.8   -25.8
1296.582   -21.8     7.2    -6.9
1298.242   -22.0     1.4     0.6
1299.902    -5.9   -18.2   -16.2
1301.562     1.0   -26.3   -13.9
1303.223     7.3    -6.7    10.8
1304.883    -5.5    -3.1   -10.5
1306.543   -15.4    -3.5   -19.4
1308.203   -16.4     0.0   -11.2
1309.863    -1.5   -15.4    -6.8
1311.523    -0.5   -15.1    -6.8
1313.184     1.7    -8.2    -7.7
1314.844   -15.8   -15.9   -18.9
1316.504   -19.2    -2.0    -7.0
1318.164    -9.1     5.0    -7.8
1319.824     6.3   -23.7   -17.9
1321.484     1.8   -19.9     1.5
1323.145    -7.4    -2.5     4.0
1324.805   -22.8   -18.1   -24.8
1326.465   -19.2    -8.7   -13.1
1328.125    -0.7    11.5     0.6
1329.785     8.5    -7.6   -12.1
1331.445     2.3   -21.3   -11.4
1333.105   -24.6    -9.0   -20.4
1334.766   -30.6   -13.6   -23.9
1336.426   -14.5    -3.4    -7.1
1338.086    -6.0     4.7    -2.8
1339.746    15.0    -1.6    -1.5
1341.406     1.9   -19.2    -3.6
1343.066   -19.0   -17.6   -22.9
1344.727   -35.5   -21.2   -30.3
1346.387   -23.3     0.8    -4.2
1348.047     5.4    12.7     7.6
1349.707    16.6   -15.6   -10.0
1351.367     0.3   -13.7     0.6
1353.027   -11.8   -12.2    -1.9
1354.688   -41.5   -20.8   -35.5
1356.348   -13.8    -3.9    -2.9
1358.008     6.3    13.5    16.5
1359.668    23.2     3.1    -5.3
1361.328    13.3   -11.4   -12.0
1362.988   -10.1   -11.7     2.6
1364.648   -34.4   -21.8   -22.4
1366.309   -30.6   -21.8   -34.1
1367.969    12.9    18.6    19.1
1369.629    18.1    14.7    13.4
1371.289    14.9   -14.4   -13.7
1372.949   -14.8    -8.7     0.5
1374.609   -24.4    -5.2    -6.1
1376.270   -26.5   -18.1   -25.5
1377.930   -18.5   -16.9   -18.6
1379.590    14.3     7.6     6.1
1381.250    12.6     2.2    -2.0
1382.910    -0.1   -11.4    -9.1
1384.570   -29.8   -14.9   -15.9
1386.230   -31.1   -20.0   -18.6
1387.891    -1.6    -9.9   -11.3
1389.551    -4.3    -2.3    -8.9
1391.211    -4.0    -0.2    -8.0
1392.871     1.3    -1.6     1.0
1394.531    -2.9    -8.3   -13.4
1396.191   -16.5   -13.3   -15.8
1397.852    -8.1    -4.4    -8.3
1399.512   -17.6   -15.7   -17.4
1401.172   -16.2   -14.7    -7.3
1402.832     8.3     6.3     7.7
1404.492     8.3     7.2     6.3
1406.152     3.9    -7.9   -14.2
1407.812     0.3   -10.5    -6.4
1409.473   -12.9    -3.8    -3.5
1411.133   -29.6   -30.8   -34.6
1412.793   -25.6   -24.9   -17.8
1414.453    -2.1    10.4    10.5
1416.113    20.5     3.1    -9.3
1417.773    18.9     2.5   -13.5
1419.434   -14.3    -5.5    -1.9
1421.094   -32.5   -22.0   -25.1
1422.754   -34.5   -34.1   -32.3
1424.414    -9.3     0.4     5.6
1426.074    37.1    13.9     8.8
1427.734    33.6    10.0     0.6
1429.395     2.3    -9.4    -6.5
1431.055   -50.2   -42.8   -37.7
1432.715   -49.1   -37.8   -33.4
1434.375    -7.9     3.7     3.8
1436.035    35.0    13.7     0.4
1437.695    27.5    -0.8    -4.0
1439.355     1.7   -14.4     0.5
1441.016   -33.8   -26.1   -20.9
1442.676   -46.7   -39.7   -38.5
1444.336   -33.8   -15.8   -21.2
1445.996    20.2    25.2    14.8
1447.656    29.1     4.4    -9.9
1449.316     9.5   -15.9    -9.0
1450.977   -26.1   -27.0    -9.6
1452.637   -40.6   -33.9   -32.3
1454.297   -31.8   -13.5   -17.9
1455.957    10.3    29.9    16.4
1457.617    27.4    15.6    -2.1
1459.277     8.3   -17.0   -11.1
1460.938    -7.5   -14.7    -1.6
1462.598   -24.0   -30.5   -26.6
1464.258   -24.2   -16.3   -18.1
1465.918   -14.7    11.2     5.3
1467.578     6.5    13.9    -7.2
1469.238     9.3   -17.6   -12.4
1470.898     2.3   -21.2    -2.0
1472.559   -19.5   -14.7   -14.7
1474.219   -13.0     1.5    -6.9
1475.879   -12.1     7.7    -8.2
1477.539    -2.5    -4.0   -14.7
1479.199    -4.1   -14.7    -1.2
1480.859    -6.7   -18.9    -7.0
1482.520    -1.8    -7.1    -2.0
1484.180    -3.0    -3.2    -2.6
1485.840   -18.4     6.9   -18.2
1487.500   -13.6   -20.7   -20.4
1489.160    -9.1   -21.3    -6.0
1490.820     0.8   -10.2    -5.8
1492.480     0.0   -18.0   -15.1
1494.141    -6.5    14.4    12.3
1495.801   -13.1     9.2   -18.9
1497.461   -16.3   -30.2   -13.9
1499.121   -15.7   -31.4   -12.3
1500.781    -2.0    -9.4   -10.9
1502.441    -0.7    -5.9   -11.9
1504.102    -3.9    21.6    11.9
1505.762    -6.1     4.1   -22.0
1507.422   -16.6   -32.8   -25.4
1509.082    -8.0   -22.1     0.0
1510.742     0.0    -8.3   -15.9
1512.402    -8.8    -2.0   -13.5
1514.062   -13.0    18.4     4.3
1515.723    -7.4   -14.6   -26.0
1517.383   -10.5   -26.8   -30.8
1519.043     1.4   -15.0     8.0
1520.703     5.6    -3.3    -6.6
1522.363   -12.7    -2.8   -30.5
1524.023   -29.1    13.4    -2.0
1525.684    -8.5     5.7     6.7
1527.344     7.1   -42.0   -32.3
1529.004    11.8   -32.0    -7.8
1530.664     0.8     9.2    15.8
1532.324   -28.8    -2.4   -39.3
1533.984   -22.0     2.6    13.4
1535.645    16.5   -35.5   -23.7
1537.305    13.0   -28.7   -15.6
1538.965    16.1    -1.7    11.9
1540.625   -26.6    18.4   -11.3
1542.285   -46.2    -6.4   -38.4
1543.945   -37.2   -14.4   -31.8
1545.605    -0.3   -17.3    -2.3
1547.266    34.9   -26.2    -7.5
1548.926    20.6     7.6    16.7
1550.586   -14.7    14.6    -7.9
1552.246   -57.0   -13.8   -29.0
1553.906   -47.3   -17.1   -17.7
1555.566    29.8   -28.3    -1.8
1557.227    43.3   -19.1    11.9
1558.887    13.3    17.5     1.2
1560.547   -20.5    13.9   -19.1
1562.207   -59.3    -7.8   -27.8
1563.867   -37.9   -17.1   -14.5
1565.527     6.3   -33.9   -17.9
1567.188    40.7    -5.8    18.7
1568.848    31.8    18.8    21.7
1570.508   -33.3    -0.4   -24.6
1572.168   -40.7    -7.9   -27.7
1573.828   -21.9   -20.5   -17.3
1575.488    11.2   -31.6   -13.1
1577.148    32.1   -18.9     6.3
1578.809     9.5    20.6     1.3
1580.469   -13.9    10.1   -16.3
1582.129   -44.7   -14.8   -26.3
1583.789   -39.3   -22.9   -16.6
1585.449     5.3   -31.1   -14.4
1587.109    21.7    15.2     4.4
1588.770    24.4     9.8     5.0
1590.430   -31.8   -11.3   -24.8
1592.090   -33.2   -13.3   -26.3
1593.750   -11.5   -17.2    -4.1
1595.410     4.3   -16.8    -8.0
1597.070     8.7     3.6    -1.1
1598.730   -13.7     9.3   -12.0
1600.391   -21.2    -8.2   -20.2
1602.051   -16.8   -17.8   -13.3
1603.711     0.3   -14.4     0.2
1605.371     7.2   -10.7   -14.6
1607.031    -2.8   -10.2   -21.4
1608.691   -16.1    -1.1    -4.4
1610.352   -12.8    -9.0   -15.2
1612.012     1.7   -16.6   -12.4
1613.672     9.3    -2.8     7.2
1615.332    11.5    -5.2    -1.6
1616.992   -21.0   -15.6   -20.9
1618.652   -28.9    -8.1   -11.5
1620.312   -24.5    -6.9   -17.2
1621.973     9.4   -16.0   -19.5
1623.633    24.7     7.7    16.4
1625.293    -3.0    -6.5   -14.0
1626.953   -37.3   -10.6   -27.8
1628.613   -43.2   -11.4   -10.3
1630.273   -18.1   -18.9   -10.4
1631.934    26.6    -4.9     1.0
1633.594    32.1    15.6    14.2
1635.254   -22.1    -5.6   -22.6
1636.914   -49.6   -19.8   -28.6
1638.574   -50.6   -19.9   -21.3
1640.234   -27.7   -18.7   -15.1
1641.895    46.1    13.4    13.7
1643.555    40.5    19.1    13.3
1645.215    -3.2     5.8   -14.1
1646.875   -40.5   -20.7   -24.8
1648.535   -51.7   -26.4   -19.4
1650.195   -21.4   -25.6   -20.3
1651.855    34.8    10.3    22.7
1653.516    42.6    23.0    21.3
1655.176   -13.7   -14.6   -26.8
1656.836   -38.1   -25.0   -25.6
1658.496   -48.4   -25.7   -17.9
1660.156   -19.5   -25.3   -20.2
1661.816    27.3    12.8    18.5
1663.477    19.6    26.2     4.1
1665.137     0.6     1.2   -18.0
1666.797   -29.8   -26.4   -19.3
1668.457   -15.6   -29.3   -27.0
1670.117    -6.8   -28.8   -25.0
1671.777    19.4    19.9    22.3
1673.438     7.4    18.1   -10.9
1675.098   -11.3    -7.1   -31.0
1676.758   -28.9   -33.3   -16.0
1678.418   -24.1   -29.6    -0.7
1680.078    -2.5   -20.9   -16.5
1681.738    -3.9     9.8    -5.7
1683.398    -2.9    15.5    -0.7
1685.059    -5.4     7.7    -8.4
1686.719   -16.1   -31.4    -9.6
1688.379     0.0    -7.9   -18.7
1690.039     1.4    -9.7   -17.9
1691.699   -14.1     7.5    -9.3
1693.359   -17.9    19.4     7.2
1695.020   -12.8   -21.6   -29.6
1696.680    -8.1   -36.4   -25.6
1698.340    15.5   -10.6     2.6

Event #22  ts=2026-09-25 12:01:28.795  [SELECTED]
  t[ns]  u1[mV]  u2[mV]  u3[mV]
  0.000   -14.1     6.1    -4.5
  1.660    11.6   -35.9    -5.1
  3.320    27.0   -24.6     0.4
  4.980   -14.2    32.6    -8.5
  6.641   -33.6    22.3   -24.6
  8.301   -50.1   -23.0   -34.6
  9.961   -17.7   -25.8    -0.4
 11.621     2.9   -36.7    -8.7
 13.281    33.0   -20.1    -3.9
 14.941    43.6    -3.2     4.2
 16.602   -23.9    31.8    -6.9
 18.262   -66.1   -23.3   -43.8
 19.922   -19.6   -34.8    -4.9
 21.582    -8.6   -36.0    -4.8
 23.242    37.4    -5.3     9.6
 24.902   -29.6    19.7   -25.8
 26.562   -26.6    19.5   -24.3
 28.223   -57.5   -21.5   -41.2
 29.883   -44.7   -30.9   -12.9
 31.543    25.8   -33.0   -11.7
 33.203    37.7   -13.7     3.1
 34.863    -1.2    38.6     8.5
 36.523   -26.4    14.2   -31.1
 38.184   -36.7    -8.3   -27.6
 39.844   -14.2   -24.3     6.5
 41.504    32.7   -27.1   -11.9
 43.164    32.4    -4.6     5.5
 44.824    12.2    27.5    24.6
 46.484   -37.3   -25.0   -47.1
 48.145   -38.0   -31.3   -20.3
 49.805     4.2   -11.3     2.9
 51.465    18.8   -22.5    -8.8
 53.125    23.4   -13.5    -6.5
 54.785   -18.7    23.0     6.2
 56.445   -35.6   -24.9   -39.8
 58.105   -14.9   -15.8    -4.1
 59.766    16.7   -10.5     7.1
 61.426    18.0   -14.9    -6.7
 63.086     0.1    -2.9    -2.2
 64.746   -27.5    13.3    -1.9
 66.406   -35.3    -8.3   -28.5
 68.066   -13.1   -25.5   -21.3
 69.727    14.7   -10.4     1.8
 71.387    18.3   -10.2    -6.0
 73.047   -13.2     0.6    -8.9
 74.707   -32.3     0.4   -10.4
 76.367   -19.7   -25.3   -24.9
 78.027    12.1    -0.3     8.2
 79.688    19.3     0.2     6.6
 81.348    22.0    -8.3   -15.7
 83.008    -5.7    -8.7   -13.3
 84.668   -36.1    -3.5   -14.3
 86.328   -11.4   -20.0   -23.1
 87.988    -4.1   -17.7   -14.4
 89.648    23.6     4.9     1.0
 91.309    -6.3   -13.6   -19.8
 92.969   -11.5   -12.1   -19.4
 94.629   -43.7   -12.6   -16.9
 96.289   -14.5   -22.5   -19.4
 97.949    16.3    -7.9     1.9
 99.609    31.4     9.9    15.6
101.270   -11.7   -16.1   -17.9
102.930   -33.1   -15.4   -13.1
104.590   -40.5   -10.7   -20.6
106.250    -3.4   -11.9    -8.2
107.910    10.4   -11.7    -2.7
109.570     7.2   -10.4   -15.5
111.230   -26.0   -14.7   -15.3
112.891   -36.5   -14.1   -14.1
114.551   -31.4   -18.5   -26.1
116.211     0.3    -8.3     3.0
117.871    27.3    12.3     6.3
119.531    17.2    -9.9   -20.4
121.191   -25.4   -20.9   -11.0
122.852   -37.9    -9.9   -11.2
124.512   -31.7   -20.0   -33.3
126.172    -6.2    -9.3   -10.6
127.832    25.6    19.8    32.4
129.492     9.6   -18.3   -31.3
131.152    -9.7   -28.8   -23.5
132.812   -37.2     1.5     6.1
134.473   -25.9   -14.9   -38.7
136.133    15.6    10.2    31.4
137.793    15.1    14.5    34.0
139.453    18.2   -23.5   -24.2
141.113    -1.0   -29.2   -19.9
142.773   -36.0    11.0   -12.1
144.434   -37.9    -2.1   -31.9
146.094     2.3   -10.3    10.1
147.754    17.4     7.6    16.1
149.414     7.7   -24.2   -19.6
151.074     1.2   -20.9   -14.4
152.734   -39.3     5.3   -20.3
154.395   -40.2    -9.8   -33.9
156.055   -17.4   -15.3    -3.9
157.715    25.6   -11.8    -8.9
159.375    12.1   -18.2   -13.7
161.035    -9.6    10.3     6.6
162.695   -30.1    -6.0   -30.3
164.355   -38.4   -26.2   -32.5
166.016   -12.5    -3.0     5.7
167.676     7.7    -1.6     7.5
169.336    14.3   -16.6    -4.1
170.996     8.4    20.4    14.2
172.656   -30.6    10.8   -22.5
174.316   -41.0   -33.1   -35.7
175.977     1.1   -11.6    13.5
177.637    25.8   -23.6   -12.3
179.297    19.2   -10.0   -11.8
180.957     1.1    22.7     8.8
182.617   -31.8    10.7   -15.3
184.277   -26.6   -29.9   -10.5
185.938   -11.5   -29.1     0.9
187.598    19.3   -15.1     0.8
189.258    17.9    12.3     2.4
190.918   -24.3    17.9    -9.4
192.578   -33.5     1.4   -22.4
194.238   -43.6   -34.6   -31.8
195.898   -14.0   -31.3    -6.0
197.559     6.0   -21.3   -10.9
199.219   -26.4    -8.9     4.2
200.879  -100.0   -10.8    19.7
202.539  -170.8  -105.6   -63.5
204.199  -152.0  -117.0   -28.0
205.859  -111.0   -93.7     5.8
207.520   -70.3   -78.6   -14.6
209.180   -57.4   -45.6     1.0
210.840   -48.1   -25.0    14.3
212.500   -52.4   -62.0   -33.9
214.160   -47.6   -66.2   -27.9
215.820   -30.1   -41.2    -3.7
217.480     0.9   -21.1   -15.5
219.141     2.9   -17.5   -11.5
220.801   -16.6    31.7    17.9
222.461   -36.0   -31.1   -31.8
224.121   -14.8   -36.8    -5.7
225.781    -0.9   -24.1     0.5
227.441     0.9   -14.2    -9.9
229.102   -12.8     9.6     1.6
230.762   -20.8    22.0    -0.8
232.422   -17.2    -9.7   -19.0
234.082    -9.9   -27.8    -5.4
235.742    -1.9   -26.3    -7.7
237.402     0.4   -12.5    -8.4
239.062    -6.3     5.2     4.9
240.723   -19.0    20.6   -11.9
242.383   -10.1   -16.6   -18.6
244.043     3.3   -12.0     7.3
245.703     3.0   -24.3   -11.2
247.363   -11.8   -28.8   -23.1
249.023   -19.6     1.3    -3.4
250.684   -21.8    14.7   -11.1
252.344   -26.1    -8.3   -20.8
254.004    11.0   -13.6     4.1
255.664     7.0   -16.3    -4.6
257.324   -13.6   -26.1   -21.4
258.984   -25.8   -18.7   -21.2
260.645   -16.1    -6.1   -21.7
262.305   -19.8    -4.2   -20.3
263.965    16.6    -4.3    11.2
265.625    -0.8   -13.0    -8.0
267.285   -13.5   -24.2   -22.0
268.945   -24.9   -14.3   -10.4
270.605   -19.1    -4.8   -23.1
272.266   -19.0    -7.1   -22.8
273.926    15.3     5.0    21.1
275.586     9.9    -1.8    -0.1
277.246   -17.7   -29.5   -26.7
278.906   -25.4   -25.0    -9.8
280.566   -29.7    -1.9    -6.9
282.227   -14.4   -16.2   -34.2
283.887    19.2    16.1    26.3
285.547     8.4    -7.7   -20.1
287.207   -14.3   -38.3   -42.3
288.867   -31.5   -22.4    -1.7
290.527   -28.5     3.2     4.5
292.188    -7.8   -22.7   -32.9
293.848     4.9     9.8    10.9
295.508    -0.9     0.8   -12.1
297.168    -5.6   -35.1   -36.6
298.828   -17.2   -15.1     5.0
300.488   -12.8    -2.6   -10.5
302.148    -9.0   -18.1   -30.2
303.809     0.2    14.5    15.0
305.469    -4.6    -1.9   -10.7
307.129    -8.9   -32.6   -17.7
308.789   -16.0   -12.2     2.8
310.449   -11.8    -8.4   -17.2
312.109    -8.8    -5.3   -10.9
313.770    -0.1     4.9     2.8
315.430   -10.0   -15.1   -26.1
317.090   -15.6   -20.7   -24.2
318.750     2.4    -2.6     4.0
320.410     4.3   -16.0   -19.9
322.070    -7.1    -7.4    -7.3
323.730   -19.1     4.0    -0.8
325.391   -18.2   -22.6   -33.3
327.051    -5.3    -2.2     8.9
328.711    10.0     6.4    20.8
330.371     2.3   -16.9   -20.9
332.031   -20.9     5.8     1.4
333.691   -17.7     8.6     0.2
335.352   -19.3   -32.2   -26.5
337.012    -4.2    -1.3     7.1
338.672     3.9    13.9    11.5
340.332     7.4   -13.2   -15.7
341.992    -9.6    -9.0    -8.2
343.652   -27.6    -3.9    -7.4
345.312   -30.3   -25.5   -29.7
346.973    -6.1   -10.4    -0.9
348.633    10.4     3.6     6.7
350.293     5.7     5.7    -2.0
351.953     3.7    -4.1    -5.1
353.613    -5.1    -7.4    -7.4
355.273   -29.6   -23.1   -25.1
356.934    -3.0    -4.6    -2.3
358.594     1.1    -1.9    -3.5
360.254     3.9    -1.4   -11.1
361.914     7.3     7.0    12.8
363.574     1.0     1.6    -1.3
365.234   -20.3   -33.6   -34.4
366.895   -21.0   -18.0    -6.0
368.555   -13.5     2.0    -8.2
370.215    -4.3   -12.8   -20.6
371.875     6.6    14.5    23.9
373.535     9.2    10.9    10.8
375.195    -5.5   -33.0   -35.3
376.855   -14.7   -10.1     8.0
378.516   -26.0     5.5   -10.3
380.176   -15.0   -15.6   -31.9
381.836     3.4     2.8    13.4
383.496     8.8    -7.7   -14.1
385.156     3.4   -27.6   -22.2
386.816   -16.3    -3.2     7.1
388.477   -38.6   -18.2   -35.0
390.137   -31.2   -24.6   -31.8
391.797     4.2     9.4    13.9
393.457    19.7     6.3     0.5
395.117    19.8   -19.8    -1.6
396.777     0.1    -4.9     5.0
398.438   -32.6    -1.2   -22.0
400.098   -22.4    -8.9     1.2
401.758    13.0     5.2    10.1
403.418    19.4     2.5     3.4
405.078    21.4    -4.8     7.5
406.738    -2.8    13.2     9.0
408.398   -50.2   -23.1   -43.1
410.059   -55.9   -32.5   -37.0
411.719   -16.7    -3.6     3.6
413.379     6.8     5.4    10.3
415.039    29.8    -0.4     2.3
416.699    29.5     2.5     7.4
418.359   -25.3    -0.5   -19.5
420.020   -56.6   -27.9   -31.4
421.680   -30.8    -9.1    -6.2
423.340    18.3   -11.3    -5.2
425.000    35.2   -14.0    -1.1
426.660    36.8    -2.4     3.3
428.320     6.9    21.0    10.8
429.980   -54.1   -18.2   -43.1
431.641   -27.5   -19.4     3.1
433.301    13.4   -13.6    -1.3
434.961    19.7   -16.7   -16.8
436.621    21.8    11.5    15.4
438.281   -15.3    17.3   -10.1
439.941   -41.8   -13.8   -43.4
441.602   -31.1   -23.5    -4.2
443.262    -7.1   -19.2     3.2
444.922    22.0     5.5    13.7
446.582     3.9    29.3    15.3
448.242    -8.5    21.8    -2.7
449.902   -24.1   -24.9   -31.3
451.562   -20.8   -23.1     1.2
453.223     3.1   -29.1   -24.5
454.883    15.3   -18.6   -14.3
456.543     8.2     3.6     5.7
458.203   -12.2     5.8   -22.1
459.863   -18.1   -18.2   -33.3
461.523   -17.2   -19.3    -0.6
463.184    -6.5   -22.4    -9.0
464.844    -1.1   -27.3   -21.0
466.504   -10.4    21.0     8.5
468.164   -15.6    24.6     0.2
469.824    -9.5   -10.6   -17.0
471.484    -2.8   -18.2     0.0
473.145    -3.6   -29.4   -15.3
474.805    -4.0   -29.1   -19.9
476.465   -16.2    23.5     4.6
478.125    -7.7    13.6    -8.6
479.785    -0.6   -11.7   -13.1
481.445     8.3   -12.1     8.6
483.105     0.2   -27.6   -14.2
484.766   -18.4   -22.1   -23.9
486.426   -27.8    11.0    -6.7
488.086   -13.6    12.6    -2.1
489.746     3.3   -11.7   -10.3
491.406     0.3   -15.9     0.9
493.066    -0.5   -24.2   -12.2
494.727   -11.1   -27.3   -19.6
496.387   -19.1    22.1     1.7
498.047    -4.1    -7.5   -16.5
499.707    -4.7    -7.6   -17.4
501.367    12.3   -14.0     4.7
503.027    -9.0   -29.7   -18.1
504.688    -9.6   -28.3   -25.9
506.348   -17.5     0.5    -7.6
508.008   -15.4     7.2    -8.3
509.668     2.3    -7.9    -8.9
511.328    16.8   -14.6     0.0
512.988   -13.1   -21.7   -21.2
514.648   -19.4     0.4    -0.1
516.309   -12.6    14.6    -4.9
517.969    -8.2    -6.9   -21.8
519.629    -3.7   -10.6    -1.6
521.289     9.2    -7.7     7.6
522.949    -1.5   -20.6   -26.8
524.609   -17.8   -20.1   -13.2
526.270   -11.6    13.6     4.3
527.930   -11.8    14.0     2.8
529.590    -3.0   -16.9   -27.5
531.250     3.8     2.9    23.8
532.910    -6.7   -21.1   -32.8
534.570   -21.6   -19.1    -9.3
536.230   -18.9    -1.4     8.4
537.891    -5.0     1.7   -20.1
539.551     0.2   -15.2   -32.3
541.211    -6.0     3.6    17.1
542.871   -12.4    -3.5    -8.9
544.531   -17.1   -31.6   -41.9
546.191   -12.4     5.7    15.8
547.852    -3.2     1.9   -11.8
549.512     6.0   -15.1   -17.8
551.172    -1.2     5.7    15.8
552.832   -14.1   -21.0   -29.7
554.492   -15.3   -27.6   -18.2
556.152    -7.5    -2.2    14.1
557.812     0.1    -9.6   -23.9
559.473    -0.3    -5.3     3.8
561.133    -4.5    11.4    15.5
562.793   -14.5   -17.0   -28.4
564.453   -12.4   -22.1   -16.0
566.113     3.4    -0.8    -2.6
567.773     4.0   -13.0   -24.1
569.434     0.0    -4.4    -4.3
571.094    -7.5     7.8     4.5
572.754   -19.2   -18.9   -28.8
574.414   -17.0   -18.2   -10.8
576.074    -2.6    -2.2     8.6
577.734    -1.4   -21.6   -25.5
579.395    -4.5   -20.5   -21.6
581.055    -3.8    18.1    14.8
582.715   -11.7   -17.5   -26.9
584.375    -9.1   -18.6    -7.6
586.035    -2.5    -6.7     9.0
587.695     3.7    -8.3    -5.0
589.355    -0.5   -20.5   -23.4
591.016    -3.0    14.0     3.3
592.676   -17.7   -11.7   -22.3
594.336   -15.8   -26.8   -27.4
595.996     3.4   -10.6     3.0
597.656    -8.3   -11.9   -14.7
599.316   -14.2    -8.7   -16.2
600.977   -11.2    14.6    -1.3
602.637   -13.9    14.2    -4.2
604.297    -1.7   -23.2    -8.8
605.957     6.9   -14.4     1.3
607.617   -17.0   -18.6   -25.2
609.277   -21.6     0.7    -7.2
610.938   -11.0    14.5     1.4
612.598     0.0   -21.3   -23.8
614.258     8.1    -9.8    12.2
615.918     6.0   -12.6    -1.9
617.578   -20.2   -25.4   -29.0
619.238   -28.0     0.7    -3.3
620.898   -25.5    20.8    13.1
622.559    -7.5    -1.4   -27.2
624.219    14.3   -19.5    10.2
625.879     2.9   -15.2   -10.4
627.539   -29.0   -15.9   -23.8
629.199   -38.4     1.6    -4.1
630.859   -33.8    20.3     1.2
632.520     7.3   -18.3   -24.1
634.180    23.2   -12.7    14.3
635.840    10.0    -6.5     0.2
637.500   -22.5   -22.2   -31.4
639.160   -43.6     1.9    -7.4
640.820   -20.1    -1.4   -16.6
642.480    21.2   -17.6    -2.5
644.141    34.4    -8.7    20.2
645.801    16.0    -6.3    -5.6
647.461   -39.1   -19.9   -23.4
649.121   -45.4     4.4    -6.6
650.781   -16.6   -11.0   -19.2
652.441    23.6   -12.1     0.8
654.102    42.3    10.5    19.1
655.762    16.4    -9.1    -6.9
657.422   -16.6   -23.1   -25.7
659.082   -53.0     3.6   -13.1
660.742   -26.2    -5.9   -16.7
662.402    13.2   -22.3   -16.7
664.062    42.5    -9.5     9.5
665.723   -10.0    -8.1   -15.2
667.383   -52.7   -16.7   -31.7
669.043   -52.8   -12.7   -24.2
670.703   -46.4    -2.1   -10.7
672.363    20.5   -16.4    -4.6
674.023    30.2   -14.7     4.0
675.684   -19.3    -6.0   -27.7
677.344   -31.9   -10.9   -37.0
679.004   -48.1    -7.7    -8.7
680.664   -29.5   -11.5   -14.7
682.324    29.4   -11.7     1.2
683.984    41.1     9.9    29.2
685.645    16.5     7.6     2.2
687.305   -28.7   -22.2   -40.7
688.965   -41.3     4.8     4.2
690.625   -25.3    -3.8   -13.7
692.285    19.9   -24.4   -23.0
693.945    32.9   -11.0     8.8
695.605    27.4    11.2    31.9
697.266   -34.3   -24.7   -42.0
698.926   -41.4   -23.4   -34.7
700.586   -22.6     3.4    -1.3
702.246    -7.4    -7.4   -18.2
703.906    31.9   -23.8   -16.0
705.566     4.5    12.7    13.7
707.227    -4.9    10.6     5.2
708.887   -34.9   -29.0   -28.1
710.547    -9.6    10.6    17.9
712.207    22.7     9.4    -0.1
713.867    17.6   -12.2    -5.5
715.527     8.8     1.9     9.2
717.188    -4.9    -1.1    -0.8
718.848   -16.5   -10.4   -19.6
720.508   -29.3   -10.2   -10.2
722.168   -17.6    -1.4    -0.2
723.828     6.6    -8.4   -12.0
725.488     8.5    -0.1     0.9
727.148    -9.6    -8.3   -15.0
728.809   -28.0   -11.2    -3.2
730.469   -16.7    -3.8     0.8
732.129     4.0    -9.4   -10.3
733.789     6.8   -12.8   -16.6
735.449    -4.5     4.2     2.5
737.109    -1.0     5.8     6.3
738.770   -19.2   -26.1   -24.7
740.430   -12.6   -15.8    -8.7
742.090    -0.2     2.5     0.2
743.750    -0.1    -0.4    -6.4
745.410   -10.0    -4.7    -9.4
747.070   -14.3     8.4     6.8
748.730    -9.1    -9.9   -13.9
750.391     5.8   -17.8   -11.4
752.051    -2.2    -6.1     0.4
753.711   -13.4    -1.3    -9.5
755.371    -7.7   -11.1    -8.5
757.031    -5.1     6.3    -1.9
758.691    -6.6    -3.9   -10.4
760.352     7.4    -9.9    -5.1
762.012    -6.0   -10.0    -5.9
763.672   -25.4   -19.1   -24.0
765.332   -21.7   -14.4   -17.0
766.992     2.6     4.3    -6.7
768.652     2.5    -5.1   -12.1
770.312     6.9    -2.3     9.7
771.973    -4.1   -12.1   -17.1
773.633   -26.3   -32.0   -38.4
775.293   -28.0   -14.7    -2.7
776.953    -2.1     9.0     1.2
778.613     8.5     1.1   -19.1
780.273    14.1     2.0     8.8
781.934    -2.9    -0.8     0.2
783.594   -18.5   -25.4   -33.3
785.254   -32.1   -30.0   -18.0
786.914    -9.9    13.1     9.3
788.574     1.9    14.4    -0.7
790.234     9.3    -5.6     9.0
791.895    -1.8     7.4    19.3
793.555   -21.1   -33.8   -40.4
795.215   -28.4   -45.5   -47.8
796.875    -6.6    14.3    13.1
798.535     1.1     8.0   -14.5
800.195     6.9    -2.3   -18.6
801.855    -0.8     3.0    11.8
803.516   -20.2   -23.8   -26.2
805.176   -20.9   -40.8   -25.2
806.836   -12.0     8.2     9.0
808.496    -4.6    10.2    -6.6
810.156    -4.3    -4.2   -16.2
811.816    -1.8    -0.6     2.9
813.477    -8.3   -31.9   -31.7
815.137   -10.0   -34.5   -31.8
816.797    -7.3    -6.2     6.6
818.457    -4.1    15.2    -2.0
820.117    -8.3    -9.9   -24.9
821.777   -11.6     1.1     3.5
823.438    -8.3    -6.2    -4.0
825.098    -4.6   -26.7    -9.8
826.758     1.2    -9.2    12.1
828.418     6.8    13.3    14.1
830.078   -14.3   -13.3   -33.4
831.738   -21.2    -8.0   -10.0
833.398    -7.2    -7.9    -3.2
835.059    12.1   -23.6   -12.6
836.719    16.1     1.8    11.0
838.379    -9.8     1.7   -13.5
840.039   -15.0    -0.9   -17.6
841.699   -26.2   -15.1   -19.8
843.359   -12.2    -8.6     0.3
845.020     0.1   -24.6   -15.1
846.680    24.2    10.5    16.2
848.340    -2.9     9.9   -10.1
850.000   -24.6   -21.5   -37.5
851.660   -21.1   -16.2    -2.7
853.320   -12.7   -11.8   -12.5
854.980    -5.2   -19.3   -22.1
856.641     9.1   -10.9   -10.2
858.301    14.4    21.0    14.7
859.961   -25.2   -22.3   -40.2
861.621   -25.1   -15.2     0.6
863.281   -14.5    -8.9    -2.1
864.941    13.2   -11.2    -5.1
866.602    13.9   -10.6    -7.6
868.262     1.4    12.3     1.3
869.922    -5.7     6.9    -5.1
871.582   -17.9   -27.1   -22.8
873.242   -17.3    -4.9     7.0
874.902    -9.7    -5.0   -21.3
876.562     0.1    -2.6    -2.7
878.223    -5.3     8.5    14.2
879.883    -5.9     1.5    -4.2
881.543    -2.1   -24.4   -10.0
883.203    -6.0     0.9     3.5
884.863    -9.3    -6.2   -18.1
886.523    -5.3    -1.6    -6.1
888.184   -14.4    -5.1    -9.3
889.844   -12.8   -22.3   -27.0
891.504     6.4   -14.1     0.4
893.164     4.5    11.0     3.4
894.824    -9.2     0.2   -21.7
896.484   -17.3    -4.4   -16.2
898.145   -22.1    -5.8    -3.3
899.805   -13.4   -43.1   -25.5
901.465     9.1   -24.0    -0.5
903.125     7.5    26.3     3.2
904.785   -17.1     4.9   -19.0
906.445   -25.5    -9.9   -15.4
908.105   -22.9   -29.8   -14.2
909.766   -12.3   -47.7   -25.0
911.426    25.2     1.8    10.0
913.086    13.9    30.7    16.2
914.746   -17.6    14.9   -11.3
916.406   -23.9    -1.4   -15.8
918.066   -14.4   -44.6   -22.1
919.727   -13.1   -44.9   -20.7
921.387    -0.3   -43.2   -19.1
923.047    23.7    12.2    18.3
924.707   -16.3    29.1   -15.6
926.367   -34.6     0.0   -29.1
928.027   -12.3   -40.6   -10.6
929.688    -3.9   -53.7   -27.1
931.348    10.9   -38.8   -15.9
933.008    18.6    10.4    22.1
934.668    -7.7    38.0    -0.6
936.328   -33.7     2.7   -30.4
937.988   -29.2   -18.7    -5.4
939.648     6.3   -49.0   -21.9
941.309    20.9   -43.5   -19.6
942.969    14.6    11.8    17.5
944.629   -24.0    37.6   -17.4
946.289   -34.8   -10.7   -30.3
947.949   -32.2   -21.0    -0.8
949.609     0.1   -27.7     7.2
951.270    22.0   -37.9   -13.9
952.930    10.3     8.1     9.5
954.590   -42.3    33.7   -21.2
956.250   -45.8    16.0   -37.7
957.910    -4.4   -18.0    11.9
959.570     9.9   -22.7    13.8
961.230    36.5   -41.8   -16.4
962.891    -7.4    25.4    16.3
964.551   -47.7    30.8   -12.2
966.211   -53.8   -12.5   -44.4
967.871   -30.8   -22.2   -25.1
969.531    44.8   -29.0     6.5
971.191    47.2   -30.4    -0.4
972.852    15.9    -9.4     0.7
974.512   -55.0    21.5   -24.7
976.172   -58.6     1.8   -42.5
977.832   -20.9   -21.2    -9.1
979.492    43.6   -23.6    11.5
981.152    45.1   -23.5    10.5
982.812     4.2     2.4     1.4
984.473   -55.6     6.5   -32.1
986.133   -48.7   -19.6   -36.8
987.793   -32.9   -15.2   -14.7
989.453    27.4   -10.1    13.7
991.113    42.6   -22.0    -6.9
992.773    26.4   -13.5     0.1
994.434   -31.0    17.1     1.8
996.094   -59.5   -21.4   -51.7
997.754   -17.6   -12.0    -5.6
999.414    36.7     5.2    15.4
1001.074    42.2    -3.2     8.6
1002.734    22.7   -19.0    -4.9
1004.395   -30.3     7.2    -7.2
1006.055   -46.3     1.9   -25.9
1007.715   -46.4   -23.1   -35.4
1009.375    17.4     2.8    12.2
1011.035    31.4    -6.3     7.2
1012.695    15.6    -8.4     1.2
1014.355    -2.8    -1.7     1.8
1016.016   -35.4    -7.4   -26.9
1017.676   -42.4   -17.2   -29.9
1019.336   -16.4   -11.0    -9.4
1020.996     5.2    -3.0    -3.5
1022.656    13.9   -13.5    -8.9
1024.316     0.3     1.5    12.4
1025.977   -25.4   -21.2   -33.5
1027.637   -32.1   -23.9   -34.8
1029.297   -22.2    -8.0    -9.1
1030.957    -5.4    -8.6   -21.7
1032.617     1.5   -18.1   -11.7
1034.277     4.7    -7.1     8.9
1035.938     8.5    12.0    14.1
1037.598   -14.6   -23.1   -36.5
1039.258   -21.4   -13.2    -5.8
1040.918   -20.4     0.5   -11.9
1042.578   -11.7   -26.8   -33.2
1044.238    -2.2   -18.3    -9.9
1045.898     6.2    15.2    33.4
1047.559     4.9   -10.5   -24.9
1049.219    -3.3   -19.6   -27.2
1050.879   -29.5    -2.9    -4.2
1052.539   -26.0   -19.5   -41.7
1054.199   -11.0   -25.1   -18.0
1055.859    -0.7     4.5    18.6
1057.520    12.3     0.6   -12.8
1059.180    12.7   -14.6   -23.2
1060.840    -9.5    -8.1    -4.7
1062.500   -33.6   -20.9   -34.4
1064.160   -30.7   -34.8   -23.5
1065.820    -7.3     2.1    13.3
1067.480    21.5     5.5    -8.9
1069.141    14.1    -6.0    -8.7
1070.801     8.7    -8.0    -6.2
1072.461   -17.0    -6.2    -4.4
1074.121   -38.9   -42.8   -40.7
1075.781   -32.5   -15.6    -8.7
1077.441    -5.2    10.9     8.8
1079.102    10.4    -7.2   -16.2
1080.762     8.8    -2.1    -8.1
1082.422     0.6    -2.8     1.5
1084.082   -26.8   -40.5   -36.2
1085.742   -35.4   -37.1   -25.1
1087.402   -14.4    -5.4    -2.5
1089.062     4.2    23.4     4.8
1090.723     5.4    -6.5    -1.7
1092.383    10.5    -5.0     8.5
1094.043   -10.1   -19.2    -3.1
1095.703   -27.0   -31.5   -31.2
1097.363    -3.1    24.0     8.5
1099.023    -6.6    19.2     6.8
1100.684    -0.7    -4.3   -20.9
1102.344     7.5   -12.7    11.0
1104.004     3.4   -19.7    -0.4
1105.664   -11.4   -30.3   -30.0
1107.324   -13.8   -23.9   -18.3
1108.984   -15.0    19.8     3.1
1110.645    -4.9   -13.4   -20.6
1112.305     0.5   -15.9     1.8
1113.965    11.2   -13.0     8.2
1115.625     1.5   -24.1   -11.2
1117.285   -12.8     7.8     4.2
1118.945   -18.5    15.8    10.9
1120.605   -26.1    10.0   -25.2
1122.266    -9.3   -17.2   -23.5
1123.926    -3.7   -16.6     5.4
1125.586     6.9   -24.8   -13.7
1127.246     9.1   -13.4    -8.6
1128.906    -9.1    16.2    10.0
1130.566   -21.1    27.7    -9.3
1132.227   -24.1   -21.5   -35.2
1133.887   -12.9   -22.8    -4.9
1135.547     2.7   -15.9     8.3
1137.207    11.5   -30.5   -21.1
1138.867    -8.1     4.5     3.6
1140.527   -21.3    11.5   -23.3
1142.188   -15.6   -18.6   -22.2
1143.848   -16.8   -24.1   -15.0
1145.508    -0.6   -25.9    -1.1
1147.168     8.9   -28.2   -10.2
1148.828     4.1   -12.9    -5.3
1150.488   -16.9    18.9   -16.0
1152.148   -25.5    -2.7   -22.0
1153.809   -24.3    -7.7   -16.1
1155.469    -2.7   -34.9    -7.8
1157.129     5.3   -38.5   -18.2
1158.789     4.8   -15.9    -8.1
1160.449   -13.1    28.5     3.3
1162.109   -12.4    -1.9   -21.4
1163.770   -12.6    -9.0   -17.6
1165.430    -8.7   -26.2    -1.3
1167.090    -9.9   -44.7   -16.3
1168.750    -0.2     0.0     0.9
1170.410   -12.3    34.2    -3.5
1172.070   -14.3    31.7    -7.1
1173.730   -14.6    15.7   -19.2
1175.391    -6.8   -16.9    -3.2
1177.051    -9.6   -27.5    -7.4
1178.711    -8.7   -41.6   -19.8
1180.371    -0.7   -15.1    -6.8
1182.031    -2.5    22.5     2.2
1183.691    -6.0     7.5   -18.4
1185.352    -6.0    -7.4    -2.6
1187.012    -7.6   -28.8   -12.8
1188.672   -10.5   -47.7   -25.3
1190.332    -2.0   -37.3   -11.3
1191.992    -2.9    21.6    -3.9
1193.652    -9.0    21.2   -12.4
1195.312   -10.8     4.0    -3.8
1196.973    -2.7   -15.1     0.0
1198.633    -8.1   -44.5   -31.2
1200.293    -9.9   -27.7    -3.8
1201.953    -2.5    13.6    20.6
1203.613    -4.6    21.2   -10.0
1205.273   -13.5     3.4   -30.3
1206.934   -12.0     3.3     9.4
1208.594    -1.5   -48.7   -31.8
1210.254     0.1   -58.7   -32.9
1211.914    -3.7   -16.7     6.9
1213.574    -5.6    35.3     6.1
1215.234   -16.2    -0.2   -42.0
1216.895   -17.5    -9.9   -32.5
1218.555   -11.8    -8.6    13.1
1220.215    -0.8   -40.6   -27.3
1221.875    -0.3    19.4    16.5
1223.535    -6.5    32.2     9.3
1225.195   -16.3     9.8   -25.3
1226.855   -17.1    -4.2   -17.8
1228.516   -15.4   -12.3     2.3
1230.176    -1.6   -39.5   -26.8
1231.836     9.9   -21.7     4.4
1233.496     7.7    12.9    19.7
1235.156   -20.0    15.3   -27.5
1236.816   -22.1     2.9   -30.1
1238.477   -24.8    -4.0    -1.6
1240.137    -4.0   -39.1   -20.2
1241.797     1.0   -51.4   -28.7
1243.457     5.1     8.9    20.4
1245.117   -11.2     9.8   -24.6
1246.777   -31.1    -2.7    -6.9
1248.438   -22.7     0.1     4.5
1250.098    -5.0   -22.3   -14.9
1251.758    -0.8   -51.6   -32.5
1253.418     6.6    16.2    19.8
1255.078    -0.6    33.5     7.4
1256.738   -22.1    -3.0   -33.2
1258.398   -23.6   -10.5   -10.4
1260.059    -9.0   -12.6    -1.1
1261.719    -0.3   -39.0   -20.5
1263.379     3.4   -26.1   -10.2
1265.039    10.5    -3.7     8.1
1266.699   -25.2     6.5   -18.8
1268.359   -20.3    -1.3    -4.9
1270.020   -13.4    -7.0    -6.1
1271.680    -4.8   -37.0   -24.6
1273.340     2.8   -35.8   -12.9
1275.000     5.0     5.0    13.2
1276.660   -10.6     8.1    -7.9
1278.320   -18.4     4.4    -9.5
1279.980   -10.3    -7.0    -8.1
1281.641   -13.7   -12.8   -12.1
1283.301     8.0   -16.9     8.8
1284.961     9.4    -4.8    14.9
1286.621   -11.7     1.7   -18.4
1288.281   -21.7     6.1    -8.9
1289.941   -15.6     8.6    -0.6
1291.602    -7.5    -9.3   -13.7
1293.262    -0.3   -39.1   -22.8
1294.922     5.3    -8.6    12.9
1296.582    -0.1     1.1    -1.7
1298.242   -17.5     1.9    -4.7
1299.902   -18.6     6.6     1.9
1301.562   -11.1     5.5    -3.8
1303.223     0.4   -25.4   -31.2
1304.883     4.1   -28.5    -9.9
1306.543   -14.6    -8.5    -4.1
1308.203    -8.9    -9.4   -19.9
1309.863   -11.2    14.4     4.9
1311.523   -18.5    12.2    -7.9
1313.184   -16.3   -11.8   -34.3
1314.844     5.9   -15.8    18.7
1316.504     6.7    -4.2    10.9
1318.164   -22.4   -12.4   -22.1
1319.824   -21.8    21.6     9.6
1321.484   -19.3    20.7     6.7
1323.145     1.7   -30.7   -29.7
1324.805    12.2   -15.4     5.6
1326.465     5.4     2.7    13.9
1328.125   -14.9   -19.5   -24.6
1329.785   -12.9    11.1    -2.9
1331.445   -17.6     7.4    -9.8
1333.105     0.6   -25.5   -19.4
1334.766     7.6   -16.2    -1.6
1336.426     4.7    -5.2     4.9
1338.086   -11.3   -10.2   -13.0
1339.746   -26.4    -8.8   -14.4
1341.406   -12.3     7.7    -7.0
1343.066    -8.9   -13.5   -18.5
1344.727     3.4   -16.3    -4.0
1346.387     0.5    -4.4     0.6
1348.047     2.4    -3.4     2.2
1349.707   -23.7   -11.1   -23.0
1351.367   -15.7     5.1     2.9
1353.027   -10.1   -13.3   -15.5
1354.688    12.5   -22.1   -12.0
1356.348    12.9     6.0    13.1
1358.008   -13.5     2.0   -11.4
1359.668   -35.9   -14.7   -32.4
1361.328    -2.3     3.7     8.1
1362.988     3.4    -3.3   -11.6
1364.648     6.1   -24.8   -20.7
1366.309     3.8    -1.0    11.2
1367.969   -10.5     8.6    -4.5
1369.629   -22.1    -8.6    -5.0
1371.289   -10.9     0.6    11.0
1372.949    17.8    -8.3   -14.5
1374.609    18.5   -19.8   -25.8
1376.270     1.0    -8.2     9.6
1377.930   -28.2     4.2   -19.2
1379.590   -33.3   -18.5   -30.1
1381.250   -29.0   -10.0    -1.8
1382.910    14.9   -13.9     0.7
1384.570    33.9   -24.5   -16.1
1386.230   -15.1    10.5    -1.4
1387.891   -37.9     3.8   -24.6
1389.551   -42.5   -15.2   -40.7
1391.211   -25.5    -9.1     3.7
1392.871    28.7   -16.5    -1.9
1394.531    39.4   -25.6   -14.7
1396.191    18.8    -0.1     1.5
1397.852   -31.2    11.4   -10.1
1399.512   -54.7   -14.3   -39.0
1401.172   -36.4   -13.5   -14.6
1402.832     9.3    -1.2     8.4
1404.492    34.5   -19.2    -7.3
1406.152    27.2   -14.6    -2.7
1407.812   -32.9    10.0    -9.7
1409.473   -56.2   -16.4   -40.0
1411.133   -49.5   -17.9   -27.6
1412.793    20.5    -8.1     8.6
1414.453    35.4   -16.5     2.5
1416.113    20.2    -5.6     6.5
1417.773    -4.6    11.9     7.4
1419.434   -50.6    -6.1   -40.2
1421.094   -39.5   -18.2   -13.6
1422.754   -11.0   -12.3     9.7
1424.414    51.0   -17.4    -0.8
1426.074    14.4    10.0     4.4
1427.734     9.0    11.3     2.5
1429.395   -47.3    -0.7   -29.7
1431.055   -38.8   -16.8   -17.4
1432.715    -6.6    -8.1     1.7
1434.375    18.1   -11.2     2.8
1436.035    31.5    -3.1     7.3
1437.695   -20.4    13.3    -4.9
1439.355   -54.4   -22.9   -35.5
1441.016   -54.3   -22.6   -36.9
1442.676   -28.5   -13.3    -8.1
1444.336    12.7   -13.3     1.2
1445.996    28.0   -21.0    -5.4
1447.656    23.9     4.9     8.7
1449.316   -14.7    15.0   -10.5
1450.977   -52.3    -8.3   -34.7
1452.637   -23.1   -14.3    -8.6
1454.297   -18.8   -13.0    -6.0
1455.957    25.8   -18.8    -2.1
1457.617    21.1     1.1    19.5
1459.277    -5.1    11.1   -15.1
1460.938   -37.5    -7.2   -37.6
1462.598   -34.1   -13.2     2.2
1464.258   -15.5   -14.5     0.4
1465.918    17.8   -31.9   -22.6
1467.578    10.0    22.9    15.4
1469.238    -3.1    23.3     7.8
1470.898   -32.1   -16.2   -34.4
1472.559   -18.6    -7.9     5.2
1474.219    -8.7   -23.9   -23.0
1475.879     8.0   -33.9   -33.2
1477.539    20.4    -1.0    14.7
1479.199    -4.4    16.8    -8.3
1480.859   -21.3    -5.0   -35.6
1482.520   -24.7   -14.3    -6.8
1484.180    -9.3    -8.3    -4.3
1485.840     0.7   -34.9   -30.3
1487.500     6.4   -12.8     1.6
1489.160     4.4    22.6     8.6
1490.820   -17.6     1.2   -29.6
1492.480   -10.7    -6.6     7.4
1494.141    -4.8    -6.6     4.7
1495.801    -1.2   -32.0   -32.0
1497.461    -2.9   -25.3   -15.4
1499.121   -16.1     8.2   -16.6
1500.781   -17.1    -5.0   -24.9
1502.441    -8.0    -4.9    -5.9
1504.102    10.7    -1.4     5.9
1505.762    -4.2   -38.1   -34.5
1507.422   -13.2   -31.5   -19.2
1509.082   -15.4     2.1   -11.8
1510.742   -13.1   -13.4   -26.7
1512.402    -5.6     3.3     1.4
1514.062    10.4     8.4    11.8
1515.723   -11.1   -42.4   -35.2
1517.383   -13.9   -26.7   -16.0
1519.043   -28.4    -4.9   -19.0
1520.703   -28.2    -7.0   -25.1
1522.363     4.7     5.3     3.8
1524.023    23.4    14.4    23.4
1525.684    11.3    -2.7     0.2
1527.344   -15.8   -37.6   -31.9
1529.004   -27.5    -9.9     0.2
1530.664   -22.7    -6.4   -24.2
1532.324     1.6     3.8    -5.2
1533.984    14.4    11.5     9.0
1535.645    12.0     9.5     5.9
1537.305   -21.2   -25.1    -7.3
1538.965   -27.0   -18.4    -8.2
1540.625   -17.4    -5.2   -20.9
1542.285    -3.9     4.3    -2.2
1543.945     6.8    12.9     5.4
1545.605     7.7   -12.4   -16.8
1547.266    -4.7   -20.4    -2.2
1548.926   -15.4   -17.1    -7.6
1550.586   -24.0   -20.7   -31.9
1552.246   -10.0    16.1    16.5
1553.906    -7.5    20.2    16.2
1555.566     9.0   -21.8   -26.8
1557.227     5.0   -17.9    -1.1
1558.887    -3.1    -5.3    11.8
1560.547   -17.4   -23.3   -26.7
1562.207   -23.3   -10.6   -14.0
1563.867    -9.5    21.3     8.8
1565.527     3.2    -2.5   -15.9
1567.188    12.8   -23.9    -8.7
1568.848     2.3    -2.4     4.1
1570.508   -17.7   -18.5   -15.8
1572.168   -26.6     9.4   -18.7
1573.828   -30.2     9.5   -14.2
1575.488     2.8   -15.0    -6.4
1577.148    16.7    -2.8    13.0
1578.809    11.2   -12.0   -10.1
1580.469     1.0   -10.6   -14.5
1582.129   -32.8     5.2   -10.6
1583.789   -37.4    -4.4   -19.4
1585.449     5.1   -20.4    -7.7
1587.109    23.9     0.1    17.5
1588.770    -0.8   -13.1   -22.6
1590.430   -10.4   -10.4   -15.3
1592.090   -36.6     2.4    -8.4
1593.750   -36.7   -17.5   -23.9
1595.410     3.0   -22.4   -12.6
1597.070    24.1    -3.5    10.4
1598.730    19.4    10.6    13.2
1600.391    -7.9   -17.8   -25.6
1602.051   -21.3    -7.7   -10.3
1603.711   -33.3   -16.5   -24.1
1605.371   -20.3   -25.2   -27.1
1607.031    22.5     0.0    15.3
1608.691    21.8     3.6    14.5
1610.352   -18.5    -5.7   -10.4
1612.012   -28.6    -4.9    -4.8
1613.672   -25.6   -15.6   -22.7
1615.332     7.4   -16.6    -4.1
1616.992    14.9    -8.5    12.6
1618.652     7.5     3.6   -12.5
1620.312    -6.9    -5.3   -26.7
1621.973   -27.9    -1.8     0.8
1623.633     3.1   -31.2   -28.6
1625.293    -0.5   -31.3   -28.3
1626.953     6.2     7.1    14.7
1628.613     2.6     8.7     4.2
1630.273   -25.7   -18.1   -35.2
1631.934   -20.2     2.9     9.4
1633.594     0.2   -13.9   -16.9
1635.254    16.9   -16.7   -10.6
1636.914     8.6     9.0    21.8
1638.574   -15.3    -0.1    -9.4
1640.234   -35.7   -28.2   -38.1
1641.895   -35.2   -20.8   -21.3
1643.555   -17.2     4.3    13.7
1645.215    22.0   -18.4   -19.8
1646.875    20.1     3.0     6.9
1648.535   -10.3     6.7    -3.2
1650.195   -49.2   -25.2   -42.6
1651.855   -45.7   -25.5   -27.0
1653.516     6.2    -2.2    -1.5
1655.176    28.8    -4.2    -4.7
1656.836    21.2     7.3    17.7
1658.496    -9.2     3.8   -11.6
1660.156   -50.3   -24.5   -31.8
1661.816   -24.5    -6.6     5.7
1663.477    21.3    -2.8   -12.7
1665.137    26.2    10.3    16.3
1666.797    20.0    14.2    18.5
1668.457   -16.7   -12.4   -26.5
1670.117   -47.3   -33.7   -38.4
1671.777   -21.5     3.8     3.2
1673.438    11.4   -17.8   -23.7
1675.098    27.3   -15.6   -10.2
1676.758    30.4    13.2    24.2
1678.418   -17.6   -19.7   -32.0
1680.078   -36.7   -38.2   -46.9
1681.738   -36.4    -4.1    -4.4
1683.398   -14.8     4.9     3.8
1685.059    15.9   -24.2   -20.0
1686.719    22.1     3.9    16.6
1688.379    -7.5     1.4    -6.3
1690.039   -24.0    -8.6   -23.1
1691.699   -28.7    -6.3    -7.6
1693.359   -16.4     2.0    -2.4
1695.020    -4.6   -15.6   -14.2
1696.680    15.6   -16.0    -3.4
1698.340     5.7     0.8    -7.9

Event #27  ts=2026-09-25 12:01:33.363  [SELECTED]
  t[ns]  u1[mV]  u2[mV]  u3[mV]
  0.000    -3.2    -5.8    -5.0
  1.660    -2.0     5.1     2.2
  3.320    -3.4   -20.1   -16.9
  4.980    -6.0   -29.3   -13.5
  6.641   -16.6     1.0   -11.9
  8.301   -21.5     0.8   -18.9
  9.961   -10.7    -0.3    -7.9
 11.621    -1.3    -3.0     6.5
 13.281     5.8   -16.9    -9.2
 14.941    11.9   -23.2   -13.4
 16.602     5.9   -14.8    -3.7
 18.262   -37.9    -7.2   -22.1
 19.922   -24.2    -6.4   -28.3
 21.582    11.2     6.4    13.1
 23.242    21.4    -1.2    12.1
 24.902    14.4   -23.3   -14.6
 26.562   -47.4    -7.5   -23.0
 28.223   -45.4    -8.4   -22.4
 29.883   -19.0   -11.1   -15.7
 31.543    -1.4    -5.0    -1.8
 33.203    34.2    -4.2     1.1
 34.863    25.3   -10.5    -0.3
 36.523   -37.6   -19.5   -26.2
 38.184   -54.7   -20.9   -36.7
 39.844   -47.3   -10.3   -11.5
 41.504    15.7     7.4     3.1
 43.164    26.4    -2.2    13.8
 44.824    11.8    -1.9    10.6
 46.484    -8.6    -4.6    -8.8
 48.145   -49.4   -22.6   -24.8
 49.805   -27.6     7.0     2.5
 51.465    33.4     3.2    -1.2
 53.125    39.0     1.2    -0.6
 54.785    19.6   -10.4     7.4
 56.445   -26.1   -16.2   -24.5
 58.105   -46.4   -23.6   -24.1
 59.766   -15.1     1.6     5.5
 61.426    17.8     5.2     2.0
 63.086    31.2    -3.4    -4.7
 64.746    15.0    -1.1     2.0
 66.406   -17.4   -19.2   -15.0
 68.066   -38.5   -27.2   -28.1
 69.727   -38.1   -17.4   -21.4
 71.387    -0.9     5.7     0.7
 73.047    15.3    -0.2    -7.6
 74.707    14.9     0.0    12.0
 76.367    -0.3    -6.0     3.5
 78.027   -29.3   -18.7   -30.2
 79.688   -21.3    -8.7    -8.7
 81.348    -7.7    -0.1    -3.2
 83.008     5.3    -3.5    -9.3
 84.668     9.5    -5.7    -4.7
 86.328     1.3    -7.7     2.7
 87.988   -12.4   -13.8   -22.2
 89.648   -17.7   -13.9   -14.2
 91.309   -11.1    -2.1   -15.9
 92.969     2.1    -2.9    -4.3
 94.629     3.5    -4.5    -2.1
 96.289     4.5   -12.8    -2.3
 97.949    -3.7   -14.4   -13.7
 99.609   -11.8   -10.4    -8.5
101.270   -24.8    -1.4    -9.2
102.930   -12.2    -6.2    -8.9
104.590    -4.5    -1.8     4.5
106.250     4.9   -12.3    -6.5
107.910    13.6    -2.7     4.1
109.570     8.0    -3.9     4.1
111.230   -28.5   -17.0   -16.8
112.891   -17.0   -12.9    -5.1
114.551    -9.7    -5.8    -1.0
116.211     9.6   -17.2    -8.1
117.871    11.1     6.6    10.6
119.531   -15.2    -0.2   -23.7
121.191   -28.0   -19.9   -26.9
122.852   -23.5   -13.2    -6.3
124.512    -3.6   -16.7   -23.3
126.172     7.6   -22.6   -16.9
127.832     9.1    -0.2    13.3
129.492     6.6    17.1     8.5
131.152   -27.6   -16.7   -27.8
132.812   -30.1    -8.8    -6.9
134.473   -14.5   -13.6   -10.7
136.133     3.6   -19.1    -7.5
137.793    11.6    17.5     9.5
139.453     9.8    16.2     3.6
141.113   -23.8   -16.2   -31.2
142.773   -27.7    -8.7   -11.5
144.434    -5.8   -13.3   -17.4
146.094    -7.4   -23.0   -24.1
147.754    11.5     6.2    13.4
149.414    -1.0    -1.4   -13.0
151.074   -16.9   -13.1   -17.2
152.734   -16.2    -2.1    -0.4
154.395   -11.3   -11.5   -22.4
156.055    -9.8   -20.3   -23.9
157.715     1.9    -4.1    12.8
159.375    -0.8    -8.2   -21.6
161.035    -8.2   -11.2   -11.1
162.695   -13.0     5.7     5.2
164.355    -9.5   -11.2   -20.9
166.016    -3.4   -22.7   -13.2
167.676     0.2    -7.1     8.4
169.336    -4.0    -1.4     3.3
170.996    -4.7    -4.1    -7.0
172.656    -3.6     8.2     6.2
174.316    -9.2    -6.8   -19.5
175.977    -9.9   -21.6   -18.2
177.637    -9.8    -3.7     2.5
179.297    -0.2   -22.8   -20.9
180.957    -2.3    -9.1    -9.6
182.617    -6.9     9.6     2.9
184.277   -13.2     2.3   -11.6
185.938    -6.0   -12.6   -10.7
187.598    -7.9   -17.3    -5.6
189.258    -5.9    -9.3    -4.2
190.918     0.6     5.9    -5.1
192.578   -16.0     0.0   -13.0
194.238   -14.7    -1.5   -11.4
195.898   -10.6   -11.7    -9.9
197.559    -8.2   -19.4   -17.0
199.219   -11.7   -20.8   -14.3
200.879   -40.5   -14.7   -22.0
202.539   -90.4   -44.2   -85.8
204.199  -137.3   -96.9  -149.6
205.859  -129.8  -100.2  -130.9
207.520   -92.2  -110.4  -160.7
209.180   -65.6   -95.5  -167.3
210.840   -58.7   -70.3  -136.8
212.500   -60.1   -57.5  -128.7
214.160   -29.7   -54.7   -73.7
215.820   -26.7   -49.9   -68.5
217.480    -5.4   -31.0   -53.6
219.141   -23.5   -29.0   -37.1
220.801   -24.0   -27.1   -35.2
222.461   -31.0   -14.7   -37.1
224.121   -18.6   -25.8   -36.9
225.781    -1.1    -7.4   -18.8
227.441     4.8    -7.0   -13.9
229.102     3.8    -8.0    -9.6
230.762   -15.8   -11.8   -19.7
232.422   -39.2   -19.4   -40.9
234.082   -37.3   -20.7   -32.8
235.742    14.7    -7.2    -5.2
237.402    17.8    -8.8    -2.1
239.062   -13.8    -1.7   -14.5
240.723   -20.1     0.0   -19.0
242.383   -41.7   -17.8   -28.7
244.043   -13.5   -24.2   -10.5
245.703    20.6     1.6     5.9
247.363    14.7     2.6    -2.2
249.023    -2.9    -6.9   -16.3
250.684   -28.1    -8.2   -14.7
252.344   -36.8   -24.6   -33.4
254.004   -19.4   -25.8   -35.5
255.664    12.4     0.6    12.3
257.324     9.1     4.0    -2.5
258.984     3.7    -4.8   -20.6
260.645   -17.3   -10.5   -15.2
262.305    -9.9   -23.9   -22.0
263.965   -14.3   -26.1   -25.0
265.625    10.2     8.8     1.4
267.285    -0.9     1.2   -15.8
268.945    -8.4    -6.5   -22.2
270.605   -30.6   -14.5   -13.2
272.266    -3.6   -27.3   -21.8
273.926    -1.3   -23.2   -16.7
275.586    13.8    13.0     6.5
277.246     2.3    12.9    -7.7
278.906   -25.3   -18.0   -21.4
280.566   -28.8   -23.9   -13.4
282.227   -20.4   -24.0   -26.2
283.887     5.8   -16.4    -4.9
285.547    11.0    13.2     2.2
287.207   -10.8    -7.9   -23.2
288.867   -29.2   -16.8   -13.7
290.527   -27.8   -19.1   -10.8
292.188    -1.9   -27.0   -28.4
293.848     6.3     1.7     2.6
295.508     3.9    17.3     8.0
297.168   -22.7   -17.7   -33.5
298.828   -27.2   -24.7   -16.4
300.488    -5.9   -11.4    -6.1
302.148     2.8   -31.1   -24.2
303.809    -6.6   -10.7    -6.3
305.469   -10.0    14.4    -9.0
307.129   -28.1    -9.5   -30.3
308.789   -16.5   -23.1   -11.9
310.449     3.9   -14.8     8.7
312.109     3.2   -16.6   -14.5
313.770    -5.2     4.0    -9.7
315.430   -14.3    15.0    -6.2
317.090   -17.7   -15.7   -26.2
318.750   -18.4   -23.0   -15.4
320.410    12.2   -15.4    -4.6
322.070     2.9   -18.2   -21.7
323.730   -18.2    -1.7    -7.9
325.391   -34.6     3.8   -12.7
327.051   -22.6    -9.7   -27.4
328.711     9.1    -6.0    16.1
330.371    23.6    -3.2    15.2
332.031     7.9   -25.2   -25.5
333.691   -43.3     6.2   -10.7
335.352   -38.4     7.8   -15.2
337.012     2.0   -11.3    -3.4
338.672    24.3     2.5    18.0
340.332    18.0    -8.0     3.8
341.992    -7.7   -26.7   -24.9
343.652   -40.8    -9.3   -12.0
345.312   -46.5    -1.8   -18.0
346.973    -9.0    -3.2   -17.0
348.633    19.5     4.2     9.8
350.293    25.4   -10.8     2.1
351.953     4.9   -29.7   -12.2
353.613   -33.2   -17.4   -23.8
355.273   -38.9   -14.9   -26.5
356.934   -25.1     7.0    -3.5
358.594    28.0    -9.8   -10.2
360.254    19.3   -22.1   -10.7
361.914    -2.5   -20.6    -2.9
363.574   -22.3   -11.9   -16.2
365.234   -40.9   -18.3   -34.9
366.895   -24.6    -0.7   -11.4
368.555     5.7    22.9    13.1
370.215    13.0   -26.3   -17.9
371.875    -6.2   -30.2    -4.9
373.535   -19.5    -8.8    -8.3
375.195   -28.3    -7.0   -27.9
376.855   -21.9     2.6   -11.5
378.516     8.8    25.1    10.3
380.176    15.3   -17.4   -14.9
381.836     5.1   -36.8    -8.7
383.496    -9.9   -19.8    -4.5
385.156   -30.5    -4.2   -26.2
386.816   -22.6    10.4    -7.1
388.477    -0.7    12.7    -3.5
390.137     8.0   -33.3   -17.9
391.797    10.2   -34.0    -4.3
393.457    -8.0   -11.8    -2.4
395.117   -21.5    -8.4   -20.4
396.777   -19.3    13.8     1.4
398.438   -11.9    13.6    -6.5
400.098    -4.7   -13.4   -21.0
401.758    17.6   -17.8    14.7
403.418    -0.5   -12.9    -8.3
405.078    -7.3   -12.3   -15.7
406.738   -27.8    15.7    -4.9
408.398   -15.6    10.2     0.3
410.059     1.8   -29.8   -18.7
411.719    14.4   -24.0    -0.6
413.379     9.7    -5.8     7.9
415.039     3.2   -10.4     1.2
416.699   -27.4     9.1    -3.4
418.359   -28.5     6.2     0.0
420.020   -12.4   -14.8   -20.8
421.680    15.1   -14.8     0.0
423.340    14.6    -5.9    14.5
425.000   -11.5   -11.2   -17.1
426.660   -17.3   -11.4   -20.0
428.320   -18.8    -4.3   -15.4
429.980   -25.2     1.6    -8.8
431.641     1.6   -17.1   -19.8
433.301    10.1    -8.1     6.9
434.961    -8.6    -7.8   -12.3
436.621   -16.0   -12.7   -20.8
438.281   -18.4    -1.7    -6.2
439.941   -15.8    -5.0   -14.1
441.602    -2.1   -13.1   -13.8
443.262    -0.9    -6.1     0.2
444.922    -3.7   -12.3    -7.1
446.582    -9.1    -4.3    -3.6
448.242   -12.0    -3.6   -19.0
449.902    -9.5   -10.3   -26.7
451.562   -13.3    -6.3    -3.9
453.223    -9.0    -7.2    -4.9
454.883     4.6   -13.9    -1.6
456.543     3.3    -1.6    10.4
458.203    -0.6     7.7    10.9
459.863   -20.1   -16.6   -27.7
461.523   -24.0    -8.9   -14.5
463.184   -16.8    -8.4    -5.1
464.844     2.3   -21.9   -13.9
466.504     9.6   -16.2    -5.7
468.164     6.7    11.2     2.9
469.824     1.0     6.1    -3.2
471.484   -33.2   -20.3   -26.1
473.145   -29.1   -13.5   -12.5
474.805    -3.4   -15.0    -5.7
476.465     8.2   -12.4    -4.2
478.125     8.0     9.2     3.9
479.785    -2.1     5.1    -6.7
481.445   -31.9   -17.4   -26.2
483.105   -31.0   -24.9   -17.6
484.766    -5.7   -19.0    -9.2
486.426    11.1     1.1     6.5
488.086    15.5    12.1     9.8
489.746     2.9     0.2   -11.1
491.406   -29.7   -18.3   -21.5
493.066   -34.1   -27.4   -15.6
494.727   -18.5   -22.9   -18.9
496.387    11.3    -3.9     1.7
498.047    16.7    11.2     4.5
499.707   -13.2   -15.0   -23.7
501.367   -13.6   -15.3   -23.8
503.027   -37.4   -20.7    -7.5
504.688   -11.5   -24.8   -17.8
506.348    -0.5   -14.5   -15.4
508.008    12.4    14.2    10.6
509.668     2.6    -2.1   -17.1
511.328    -6.4   -21.2   -10.7
512.988   -15.1   -20.2   -16.1
514.648   -12.4   -19.6   -13.2
516.309    -2.9    10.7     0.3
517.969    -4.6    12.9    -6.6
519.629     0.6    -7.3    -9.9
521.289    -2.0    -8.6     3.2
522.949    -3.6   -15.7   -16.9
524.609    -9.7   -22.0   -21.1
526.270   -17.2    -3.0    -2.7
527.930   -11.0    -3.7   -23.3
529.590   -10.5    -4.5   -24.4
531.250    15.2    -1.7     7.6
532.910    13.0    -3.7    -2.0
534.570   -10.8   -24.4   -19.0
536.230   -33.4     0.0     1.7
537.891   -31.2     8.9    -8.8
539.551   -18.9   -21.2   -34.4
541.211    -2.9   -19.2    -6.4
542.871    28.8     4.4     3.1
544.531     7.3   -14.7   -19.0
546.191   -34.8   -20.4   -19.0
547.852   -40.3    -7.9   -12.7
549.512   -16.7   -19.5   -26.2
551.172    27.5    -0.5    17.0
552.832    33.6    11.0    15.1
554.492    -9.8   -11.4   -21.9
556.152   -42.1   -14.1   -12.6
557.812   -43.2   -12.8   -12.1
559.473    -7.3   -19.8   -19.1
561.133    31.1    11.4    24.2
562.793    29.1    10.5     6.9
564.453    -8.1   -12.6   -19.7
566.113   -36.6   -16.8   -12.7
567.773   -30.2   -24.6   -33.2
569.434   -14.5   -20.7   -23.2
571.094    25.9     4.2    20.6
572.754    21.2    11.8     1.9
574.414    -6.1    -8.8   -26.6
576.074   -30.7    -8.2    -5.9
577.734   -34.1   -14.8    -8.2
579.395    -1.1   -26.7   -24.0
581.055     4.5   -15.1    -5.8
582.715    18.1    14.7    12.8
584.375    -6.7   -11.1   -23.0
586.035   -29.3     1.8    -0.4
587.695   -25.4    -4.5     1.3
589.355   -11.3   -22.0   -19.3
591.016     4.5   -25.2   -15.4
592.676     5.2     4.9     4.9
594.336   -11.3   -10.1   -20.5
595.996   -13.7    -7.9   -14.9
597.656   -17.4     1.3    -3.4
599.316    -9.2   -16.2    -8.8
600.977     5.7   -16.2   -11.2
602.637    -7.7   -10.4    -7.8
604.297    -9.6    -8.7   -11.2
605.957   -10.2     4.0   -11.7
607.617    -8.7    -3.0   -17.3
609.277     7.8    -7.2     4.7
610.938    -0.5   -13.9    -7.5
612.598   -10.9   -24.5   -27.6
614.258   -12.8     4.5     2.0
615.918    -8.7     9.3    -9.4
617.578    -8.7    -1.5   -19.3
619.238     2.0   -13.4     2.1
620.898     5.1    -8.3     4.4
622.559    -6.5   -21.4   -12.6
624.219   -15.5   -23.6   -25.2
625.879   -19.4    25.5    11.8
627.539    -2.2    -6.9   -22.0
629.199    11.2   -19.8    -0.3
630.859     3.6   -18.6     2.3
632.520    -5.9   -20.5   -13.2
634.180   -15.8   -10.3   -11.6
635.840   -13.0    30.4     3.7
637.500   -12.4    10.7   -12.9
639.160    -1.5   -27.6   -11.6
640.820     4.3   -30.5    -4.7
642.480     4.0   -17.1   -10.5
644.141    -8.3    16.9    -6.7
645.801   -17.8    27.4    -2.6
647.461   -27.9     4.6   -11.2
649.121    -7.0   -32.5   -10.8
650.781    10.5   -38.3    -7.7
652.441     0.7   -10.4    -7.4
654.102   -13.0    33.4     5.3
655.762   -25.6    17.4   -10.2
657.422   -26.2   -11.7   -28.4
659.082   -25.7   -27.0   -23.6
660.742     7.7   -31.1     0.0
662.402     9.1   -19.0   -14.4
664.062     7.8    19.6    -3.2
665.723    -1.5    41.3    11.0
667.383   -35.5   -33.5   -42.8
669.043    -6.5   -37.0    -4.2
670.703     5.2   -34.2     6.6
672.363    17.6   -18.5    17.8
674.023    12.3    18.5    -6.6
675.684     2.8    30.1    -5.2
677.344   -26.5   -39.1   -34.4
679.004   -23.5   -45.4   -35.3
680.664     7.0   -35.9     2.2
682.324    16.7    -3.5    -1.9
683.984    -0.5    17.3    -2.6
685.645   -20.7    28.6    -3.6
687.305   -32.2     4.6   -21.6
688.965   -17.6   -37.2   -22.2
690.625     6.7   -24.6    -6.1
692.285    11.0    -8.1    -2.1
693.945    10.0    23.4    10.2
695.605    -8.5    29.6    -1.1
697.266   -28.1    11.0   -24.7
698.926   -16.0   -26.2    -2.7
700.586    -8.8   -25.5     3.9
702.246    17.4   -23.9   -15.9
703.906    11.5   -16.7   -16.4
705.566   -10.5    25.3     9.2
707.227   -17.7    -2.5   -28.2
708.887   -20.6   -17.3   -33.8
710.547    -4.8   -26.3     5.3
712.207     6.9    -9.4     4.3
713.867    -1.1   -10.8   -21.0
715.527   -16.1    10.4     0.6
717.188   -16.5    15.8     4.0
718.848    -8.3    -6.6   -15.4
720.508    -8.1   -20.9   -21.5
722.168     3.0    -8.6     5.7
723.828     5.8    -7.5     8.0
725.488   -16.7    -6.7   -16.8
727.148   -15.5     5.9    -3.0
728.809    -9.2    -4.8   -14.6
730.469    -1.0   -21.2    -3.9
732.129     1.3   -14.0     1.1
733.789    -8.5    -9.7   -12.5
735.449   -15.4   -11.4   -20.3
737.109   -12.8    -7.0    -1.3
738.770    -8.8    -5.5     1.2
740.430    -3.5    -8.4   -13.2
742.090     2.2    -8.0     0.9
743.750   -11.1   -13.4   -14.0
745.410   -15.6   -20.6   -20.9
747.070   -14.4    -1.4     3.9
748.730   -10.5     1.9    -0.7
750.391     0.5   -10.3   -20.5
752.051     5.0    -3.1    -3.6
753.711    -9.0     2.9    -1.6
755.371   -22.3   -16.2   -20.8
757.031    -2.2    -9.9     2.8
758.691     6.0     8.0    -6.1
760.352     0.2     0.2   -15.8
762.012    -3.5    -6.1   -12.4
763.672   -19.7   -19.5   -16.0
765.332   -12.2   -25.4    -6.8
766.992    -8.2   -14.8    -6.5
768.652     3.8     2.7    -8.1
770.312     1.0     8.0     4.1
771.973    -7.2     2.7    -8.0
773.633   -23.6   -38.3   -29.6
775.293   -18.1   -33.3   -13.2
776.953     5.1     1.6     9.7
778.613     3.5    -3.5   -20.0
780.273     1.2     0.7   -10.8
781.934   -12.2    11.9     5.4
783.594   -15.9   -41.3   -34.1
785.254   -17.1   -45.8   -33.8
786.914    -2.2    12.3    16.9
788.574    10.8    18.9    -6.0
790.234    -5.7     2.4   -24.5
791.895   -11.0    -3.5     0.8
793.555   -17.1   -15.7   -15.1
795.215   -10.4   -43.9   -22.6
796.875    -4.4   -32.9   -14.7
798.535    -5.7    25.9    -7.7
800.195   -12.1     6.4   -21.9
801.855   -14.0   -12.5   -14.5
803.516    -1.3   -21.7    -6.1
805.176     0.2   -29.0   -19.9
806.836     3.8   -10.8     2.0
808.496   -13.2    15.8    -9.5
810.156   -12.3    13.8   -18.7
811.816   -16.1    -0.8    -9.0
813.477    -1.5   -32.6   -15.3
815.137     9.7   -30.7   -18.5
816.797    10.2   -25.5   -11.0
818.457    -2.8    25.8    14.2
820.117   -18.7    13.5   -27.0
821.777   -29.6   -13.9   -22.1
823.438    -1.2   -14.1     8.0
825.098    15.2   -30.9   -13.3
826.758     8.9    14.1    11.1
828.418    -6.7    24.2    19.5
830.078   -15.2    30.9     4.1
831.738   -36.4   -23.8   -37.2
833.398    -8.2   -19.0     9.8
835.059    24.5   -19.7     2.1
836.719    21.9    -7.9    -4.3
838.379    -6.7    20.2     2.3
840.039   -50.0    -3.8   -28.4
841.699   -55.3   -10.2   -32.5
843.359   -11.3   -34.3    -9.0
845.020    27.0   -16.4    12.9
846.680    32.1    -3.5    -1.9
848.340   -22.8    17.2    -6.6
850.000   -54.8    -0.3   -21.6
851.660   -33.3   -21.8   -25.9
853.320    10.0   -31.0    -8.4
854.980    40.9   -11.7     8.5
856.641    28.9     7.9    13.6
858.301    25.0    18.2    11.7
859.961   -47.1     0.3   -34.1
861.621   -45.3   -26.6   -21.2
863.281    17.0   -26.6    -3.7
864.941    38.1   -24.4    -3.1
866.602     9.4    23.6    15.7
868.262    15.0    23.3    17.2
869.922   -57.3    -6.9   -42.2
871.582   -57.8   -14.1   -44.8
873.242   -23.8   -31.9    -4.4
874.902    32.0   -17.2     2.8
876.562    50.0   -10.4    -4.1
878.223    -0.1    24.4     7.0
879.883   -45.7    18.9   -15.5
881.543   -47.6    -2.3   -28.9
883.203   -11.4   -40.3    -8.7
884.863    21.3   -20.3     0.8
886.523    36.6     1.9     8.3
888.184     1.9    23.1     1.5
889.844   -41.8     7.0   -22.3
891.504   -42.7   -19.0   -29.0
893.164    -2.9   -35.7   -12.0
894.824    22.9   -22.3    -4.7
896.484    23.0    13.8     8.1
898.145     9.4    27.7     7.2
899.805   -28.0    17.4   -14.4
901.465   -36.8   -26.9   -23.8
903.125    -7.7   -31.2    -4.6
904.785    20.2   -22.3    -7.1
906.445     9.3    16.3     0.1
908.105   -11.9    32.2    -2.3
909.766   -32.0     4.1   -22.0
911.426   -27.4   -27.2   -28.9
913.086     7.9   -37.5     2.4
914.746     8.1   -28.8     3.3
916.406    -1.9    -5.7   -13.0
918.066   -11.7    20.1    -1.1
919.727   -13.3   -17.0   -26.7
921.387   -12.3   -18.3   -25.0
923.047     0.2   -28.5   -17.9
924.707     1.7   -34.3     2.6
926.367    -6.0   -12.9   -15.7
928.027   -14.6     9.8   -14.2
929.688   -27.2    19.2   -16.1
931.348   -11.1    -5.6   -20.5
933.008    10.2   -27.5    -5.8
934.668     9.5   -34.8     6.6
936.328    -6.0   -31.3   -17.2
937.988   -20.5     7.6    -7.6
939.648   -29.0    26.9    -3.8
941.309    -4.9    -3.9   -15.3
942.969    16.0   -25.7     6.4
944.629    18.7   -23.9     8.2
946.289    -8.9   -25.5   -22.0
947.949   -31.4     5.6    -0.8
949.609   -32.3    27.8     3.7
951.270    -9.7    12.9   -17.9
952.930    16.1   -24.4     8.3
954.590    17.4   -11.1     6.5
956.250   -12.2   -26.3   -25.7
957.910   -19.7   -25.3   -22.5
959.570   -16.0    16.0   -11.7
961.230    -7.2    14.8   -14.5
962.891    -0.6   -18.5   -15.5
964.551    13.1   -15.4     4.5
966.211    -7.8   -28.2   -24.6
967.871   -31.1    -1.0   -15.3
969.531   -29.7    10.8    -3.6
971.191     1.8   -10.1   -21.6
972.852     5.3   -15.1   -16.0
974.512     0.6   -17.9    -1.5
976.172   -13.2   -21.0   -21.6
977.832   -16.2   -17.7   -23.0
979.492   -14.1    10.2     6.2
981.152   -11.0    -7.8   -13.5
982.812   -10.5    -7.5   -14.9
984.473    -1.5   -17.8    -5.4
986.133   -18.0   -17.3   -23.9
987.793   -13.9    -6.3   -11.5
989.453    -8.7    -2.9     5.4
991.113     2.2     9.8     0.4
992.773    -8.4   -21.1   -25.0
994.434   -10.7   -15.9   -10.9
996.094   -20.7   -17.0    -8.2
997.754    -4.9   -16.4   -24.2
999.414    -0.9    10.6    10.2
1001.074     8.0     9.8    -4.4
1002.734     0.4    -9.5   -17.3
1004.395   -12.1   -22.2   -15.9
1006.055   -32.5   -13.6   -13.7
1007.715   -23.7   -17.9   -22.0
1009.375     4.6    -0.9    -2.4
1011.035    12.2     9.1     6.1
1012.695     2.1    -3.8    -5.0
1014.355   -22.1   -24.8   -16.9
1016.016   -27.0   -18.8   -23.0
1017.676   -27.4   -21.1   -18.3
1019.336    -5.8    -5.7    -1.9
1020.996    14.4     8.2     3.1
1022.656    15.4     4.6    -0.3
1024.316     0.7    -4.4    -2.2
1025.977   -27.2   -19.7   -26.3
1027.637   -21.3   -22.0   -17.1
1029.297   -13.5   -10.2    -4.0
1030.957     6.0    16.2     6.8
1032.617    11.0     1.5    -5.4
1034.277     0.6   -11.0    -0.5
1035.938    -9.0    -1.9     0.1
1037.598   -23.6   -34.6   -27.4
1039.258   -12.3   -14.4    -1.3
1040.918    -0.2    12.3     8.5
1042.578     1.3     6.7   -14.9
1044.238    -1.5    -3.5    -5.9
1045.898    -0.3    -9.0     4.6
1047.559    -9.6   -15.4    -6.5
1049.219   -21.5   -33.2   -23.9
1050.879   -16.9    -9.6    -6.5
1052.539   -14.8    10.9   -10.5
1054.199    -2.7   -10.0   -12.1
1055.859     9.7    -7.0     7.0
1057.520    12.2    -5.8     3.7
1059.180    -6.3   -20.7   -24.5
1060.840   -14.6   -14.0    -9.8
1062.500   -24.5    -2.4    -8.8
1064.160   -29.0    -8.0   -21.6
1065.820    -1.5     1.5     4.8
1067.480    25.6     1.8    12.0
1069.141    12.4   -17.2   -14.9
1070.801    -7.8   -16.0    -8.8
1072.461   -18.1    -8.9    -5.8
1074.121   -43.5    -6.3   -26.0
1075.781   -25.7   -14.9   -20.4
1077.441     9.0     6.0    14.0
1079.102    30.7     9.3    22.2
1080.762    16.3   -20.2   -18.7
1082.422   -15.1    -9.5    -7.3
1084.082   -50.2   -10.2   -19.8
1085.742   -50.0   -24.6   -35.2
1087.402    -6.4    -5.8     0.3
1089.062    17.6     6.8    21.9
1090.723    43.4    11.6    11.4
1092.383   -24.5    -9.7    -7.7
1094.043   -47.2   -14.0   -12.7
1095.703   -67.4   -21.4   -33.8
1097.363   -15.9   -10.4   -14.6
1099.023    39.7    16.0    29.3
1100.684    44.1    11.1    22.2
1102.344    29.0   -10.7    -7.6
1104.004   -41.2   -15.4   -22.0
1105.664   -69.9   -22.2   -30.6
1107.324   -37.7   -21.3   -20.5
1108.984   -19.6   -14.2   -11.4
1110.645    38.1    13.2    12.4
1112.305    19.2     2.2     4.1
1113.965    -9.5   -11.3   -12.0
1115.625   -54.9   -29.4   -34.1
1117.285   -59.8   -34.5   -41.4
1118.945     0.2     8.8     8.0
1120.605    16.2     6.7     4.9
1122.266    39.6     1.6    -0.9
1123.926    16.1     0.8     4.5
1125.586   -10.0    -1.4    -4.0
1127.246   -49.3   -36.0   -39.2
1128.906   -30.1    -0.4     2.9
1130.566    -3.3    15.0     6.3
1132.227    29.3     0.1   -11.2
1133.887    19.1    -5.7     2.9
1135.547    -3.6    -3.6     4.8
1137.207   -27.8   -14.6   -18.5
1138.867   -34.7   -25.5   -27.0
1140.527   -11.9     9.4     2.5
1142.188    23.4    -5.0    -4.8
1143.848    11.7   -12.2    -6.2
1145.508    -1.0   -16.3   -11.4
1147.168   -19.9   -11.1   -11.1
1148.828   -31.3   -11.6   -18.7
1150.488   -21.8    -6.6    -9.9
1152.148     8.1    -9.8   -11.6
1153.809    10.2   -12.1   -13.6
1155.469     9.1    -5.7    -5.3
1157.129   -13.2    -7.8    -7.4
1158.789   -21.9    -1.3    -8.1
1160.449   -23.1    -0.1   -10.2
1162.109    -2.4   -12.9   -12.6
1163.770     7.2   -19.1   -17.0
1165.430     4.9    -7.7    -0.2
1167.090   -11.7    -6.3    -3.0
1168.750   -15.2    -5.6   -14.1
1170.410   -18.4    -6.2    -4.7
1172.070    -6.4   -12.3   -13.9
1173.730    -5.7   -17.9   -14.4
1175.391     4.5   -20.4   -18.7
1177.051    -5.6     3.8     6.5
1178.711    -9.1     3.9    -9.6
1180.371   -11.2    -1.3   -14.7
1182.031   -15.4    -4.6    -3.7
1183.691   -16.2   -16.0    -4.8
1185.352     5.9   -23.8   -17.1
1187.012    -1.3    -1.2     1.6
1188.672   -13.4     6.0    -9.5
1190.332   -12.3    -3.9   -16.1
1191.992   -16.8   -14.5    -7.0
1193.652    -6.8   -23.0   -21.9
1195.312    -1.7   -19.8   -23.0
1196.973     6.2   -10.7    -0.3
1198.633   -10.8     9.7    -5.0
1200.293   -20.6     4.7   -12.0
1201.953   -20.1    -7.3    -1.8
1203.613    -7.6   -15.5   -15.7
1205.273     2.1   -27.3   -23.9
1206.934     8.5   -12.9     2.8
1208.594    -0.9    11.0     5.7
1210.254   -24.6   -10.9   -21.8
1211.914   -27.9    -9.2   -15.8
1213.574   -19.0    -4.7     1.4
1215.234     2.7   -35.9   -25.9
1216.895     7.6   -23.3    -8.9
1218.555    12.3    -6.2     8.6
1220.215   -12.2    22.9    -8.4
1221.875   -32.5   -17.4   -29.6
1223.535     4.0   -15.8    -0.6
1225.195    12.8   -19.3    -6.2
1226.855    10.4   -19.1   -10.8
1228.516     8.6     1.4     4.2
1230.176   -12.0    19.5    -3.7
1231.836   -33.6   -15.1   -28.3
1233.496   -18.6   -23.7    -4.1
1235.156     0.9   -24.0     3.2
1236.816    16.5   -14.3   -15.2
1238.477    10.1    -1.7    -5.9
1240.137    -1.2    21.3    11.8
1241.797   -33.1    -9.6   -30.2
1243.457   -38.3   -30.9   -31.1
1245.117    -1.2   -17.8     6.7
1246.777    16.9    -9.1   -17.6
1248.438    -1.7    15.0    12.0
1250.098   -13.0    16.1     8.4
1251.758   -27.8   -10.9   -28.6
1253.418   -28.4   -32.6   -30.1
1255.078     0.7   -18.6     1.6
1256.738    12.9   -13.4    -9.2
1258.398     6.5    -0.9    -8.2
1260.059    -9.7    21.7    10.5
1261.719   -25.8     3.5   -15.7
1263.379   -20.1   -29.5   -34.1
1265.039    -5.8   -25.4    -3.6
1266.699    13.6   -15.3     9.9
1268.359    -1.2    -7.8   -16.5
1270.020   -19.4    20.9    -1.1
1271.680   -29.0    10.5    -7.7
1273.340    -9.7   -26.3   -21.0
1275.000     0.7   -26.8   -11.0
1276.660     6.9   -14.2    -3.4
1278.320    -1.1    -5.8    -0.6
1279.980   -20.2    -2.1   -14.1
1281.641   -26.4    -3.6   -17.9
1283.301   -23.0    -9.4   -16.3
1284.961    16.4   -15.9    -5.1
1286.621    18.3   -15.6   -11.5
1288.281    -0.7    -9.0    -8.5
1289.941   -29.1     9.3   -12.3
1291.602   -36.4     6.8   -16.0
1293.262   -22.5   -21.1   -26.5
1294.922     7.8    -6.1    10.3
1296.582    24.1    -2.8    -0.4
1298.242    13.5   -15.7   -17.6
1299.902   -35.9     7.0    -5.0
1301.562   -39.6    -1.5   -20.6
1303.223   -36.6   -14.6   -27.8
1304.883    -4.7   -18.6   -12.0
1306.543    20.6    -1.6    15.6
1308.203    19.3    -5.5    -8.9
1309.863   -14.4   -12.1   -13.7
1311.523   -39.5    -1.0   -12.9
1313.184   -44.8    -8.1   -21.2
1314.844   -21.7   -18.1   -25.3
1316.504    28.4    -1.4     9.0
1318.164    29.3    -1.9    -1.0
1319.824   -21.5   -11.5   -12.0
1321.484   -42.8    -9.4   -20.4
1323.145   -46.0    -9.7   -23.9
1324.805    -5.8    -6.7    -4.4
1326.465    26.7    -0.8     6.4
1328.125    29.1    -2.9     5.2
1329.785    -6.2   -11.0    -8.3
1331.445   -44.0    -9.0   -26.3
1333.105   -44.4   -10.9   -29.7
1334.766    -4.1    -7.5    -1.6
1336.426    12.1    -0.4    15.8
1338.086    28.4   -12.8    -3.7
1339.746    19.8   -16.7   -14.9
1341.406   -16.2    -1.5    -5.8
1343.066   -36.9    -1.4   -15.2
1344.727   -35.9   -18.7   -32.6
1346.387     2.1    -3.9     0.7
1348.047    19.3    -9.1    -0.2
1349.707    21.0    -8.6     0.8
1351.367     2.4   -11.2    -8.2
1353.027   -39.1     6.6    -3.9
1354.688   -39.5    -3.0   -32.4
1356.348   -11.2   -17.8   -19.7
1358.008    12.2    -7.2     9.2
1359.668    18.0   -11.9     3.6
1361.328    12.6   -13.9    -3.5
1362.988   -29.1     5.6    -8.7
1364.648   -38.0     1.3   -27.4
1366.309   -21.0   -10.3   -15.1
1367.969     2.0   -14.5    -1.4
1369.629    14.7   -19.2    -8.8
1371.289    -5.4     5.5     1.6
1372.949   -12.5     3.0   -16.2
1374.609   -29.3   -10.1   -28.3
1376.270   -30.5   -13.1   -27.1
1377.930   -10.1    -2.8     5.2
1379.590    10.8   -21.2   -14.4
1381.250     1.0    -5.6     8.4
1382.910    -1.8     5.3     5.9
1384.570   -19.7    -7.7   -28.3
1386.230   -26.0   -14.9   -21.3
1387.891     6.1     0.0    -0.1
1389.551    10.9   -17.5   -10.1
1391.211     7.5   -21.7    -8.1
1392.871    -7.0    -0.7     2.4
1394.531   -19.7   -11.7   -28.2
1396.191   -20.8   -13.9   -25.8
1397.852   -12.1     2.8     0.6
1399.512     0.7    -5.0    -4.5
1401.172    -0.6   -19.7   -18.2
1402.832     0.2    -7.0    -5.0
1404.492    -7.0    -7.9    -7.0
1406.152   -23.3    -7.6   -11.5
1407.812   -21.4    -5.2    -9.8
1409.473    -2.0    -1.4    -8.7
1411.133     2.8   -16.1   -15.9
1412.793     0.4   -16.2    -5.5
1414.453    -9.5   -17.2   -12.0
1416.113    -8.0   -18.8   -23.6
1417.773   -18.2     5.5     3.8
1419.434   -16.3     7.6     2.2
1421.094    -0.1    -9.8   -19.6
1422.754    11.5   -14.5     7.4
1424.414    -0.8   -14.9     2.4
1426.074   -14.4   -10.4   -17.1
1427.734   -20.6     7.2    -5.1
1429.395   -21.9     7.9    -5.3
1431.055   -14.2     0.8   -19.7
1432.715    10.3   -11.6    -0.4
1434.375     8.8   -14.4   -12.2
1436.035     2.6   -20.3   -30.3
1437.695   -28.3    -3.4   -48.8
1439.355   -34.0     4.5   -72.1
1441.016     0.5    -8.4   -64.3
1442.676     0.5    -7.9   -65.4
1444.336    19.7    -2.6   -40.4
1445.996    17.3   -17.8   -28.7
1447.656    -7.1   -19.1   -32.9
1449.316   -37.9     1.8   -54.1
1450.977   -40.8    -6.5   -53.4
1452.637   -13.3   -11.5   -24.9
1454.297    28.4     3.1    -3.9
1455.957    31.9     2.5    -7.5
1457.617    -3.4    -8.6   -12.7
1459.277   -34.4    -6.1   -18.0
1460.938   -50.1   -20.6   -48.0
1462.598   -25.4   -13.6   -12.7
1464.258    23.3     3.7    13.7
1465.918    40.0    -0.7    -2.0
1467.578    20.3   -11.4    -7.1
1469.238   -44.1    -9.3   -32.6
1470.898   -52.7   -18.8   -41.4
1472.559   -33.3   -31.0   -26.2
1474.219    38.5    20.6    16.2
1475.879    36.5     3.1    -5.1
1477.539    12.6   -10.4    -6.5
1479.199   -15.9     0.2     1.1
1480.859   -58.0   -32.7   -48.4
1482.520   -53.0   -39.3   -49.4
1484.180     6.8    -0.1     7.6
1485.840    39.8    15.0     9.1
1487.500    24.5     3.2    -4.5
1489.160   -12.2    -4.3    -9.9
1490.820   -42.7   -22.5   -32.9
1492.480   -47.5   -38.4   -37.5
1494.141    16.4     5.6    10.9
1495.801    28.5    16.3     6.6
1497.461    13.3     6.6    -3.1
1499.121     2.4     8.3     2.9
1500.781   -42.0   -45.8   -42.7
1502.441   -34.7   -41.9   -30.0
1504.102   -14.4   -17.6    -2.6
1505.762    15.6    15.3     3.9
1507.422    12.2    -0.1   -15.6
1509.082     2.6     7.4    -0.5
1510.742   -25.4   -38.0   -35.8
1512.402   -24.0   -43.3   -34.3
1514.062    -4.9    -4.8     7.3
1515.723     4.1    20.6     7.4
1517.383    -4.7   -11.4   -27.1
1519.043    -4.3    -5.5   -10.4
1520.703   -18.2   -35.7   -18.2
1522.363   -19.1   -38.3   -23.0
1524.023    -0.8    -6.8    -6.0
1525.684     0.1    19.2     5.7
1527.344    -6.2     6.8    -6.5
1529.004   -13.5   -13.0   -17.4
1530.664   -21.0   -18.6    -8.5
1532.324     3.5   -13.6    -5.7
1533.984    13.3    -4.6    -4.6
1535.645   -12.5     4.4    -8.2
1537.305   -15.6     1.1    -8.4
1538.965    -8.9   -15.9   -12.0
1540.625   -10.4   -27.5   -22.2
1542.285     4.5    -5.5     2.4
1543.945     7.7    10.2     8.7
1545.605   -16.5    -6.3   -23.1
1547.266   -18.3    -6.3   -11.5
1548.926   -18.1    -8.2    -9.7
1550.586    -9.4   -23.2   -22.9
1552.246     9.8   -16.7    -7.6
1553.906     9.3    11.9    12.6
1555.566     3.2    16.0     2.8
1557.227   -25.4   -23.3   -23.4
1558.887   -21.8    -2.6    -2.6
1560.547   -13.4     3.4    -4.7
1562.207     4.0   -18.5   -12.8
1563.867     6.2    -5.4     1.8
1565.527    -2.2     1.3    -3.3
1567.188   -12.3   -15.9   -18.2
1568.848   -25.5   -16.2   -19.1
1570.508   -11.2    -0.7    -3.4
1572.168     5.4   -10.7    -4.5
1573.828    -4.7    -9.2   -10.0
1575.488    -5.4    -9.7   -10.2
1577.148   -12.6    -2.8    -9.5
1578.809    -9.7    -4.6   -12.0
1580.469    -9.9    -7.7   -14.8
1582.129    -6.8    -6.8   -10.2
1583.789    -5.8   -24.7   -10.5
1585.449   -11.6   -21.4   -13.4
1587.109    -2.0     2.5    -3.9
1588.770    -6.0    12.1     2.7
1590.430   -15.8   -21.9   -26.0
1592.090   -11.9   -13.4   -12.0
1593.750    -6.4   -19.5    -4.7
1595.410    -3.9   -21.3   -19.0
1597.070    -2.9    16.9     2.0
1598.730    -8.1    30.8     9.5
1600.391   -12.3    -6.3   -17.4
1602.051    -7.3   -36.9   -22.3
1603.711   -11.9   -25.6     0.5
1605.371    -4.1    -8.3   -13.5
1607.031     3.4     2.7   -10.9
1608.691    -9.8    22.1    -3.6
1610.352   -12.9    20.9    -7.5
1612.012   -11.2   -44.6    -7.3
1613.672   -13.6   -34.9    -8.9
1615.332    -1.1   -18.6   -11.6
1616.992     2.8    25.1     3.7
1618.652    -6.7    26.8    -1.6
1620.312   -21.8   -13.5   -23.9
1621.973   -18.4   -29.0   -16.5
1623.633    -2.4   -30.8    -9.6
1625.293     0.5     5.6    -6.6
1626.953     0.8     3.1    -7.9
1628.613   -16.4    11.2   -14.5
1630.273   -16.1     5.4   -20.8
1631.934   -11.6   -44.6   -12.4
1633.594     8.7   -22.8    -4.3
1635.254    -3.1   -19.8   -21.0
1636.914   -13.3    31.3     6.6
1638.574   -13.2    32.2     3.2
1640.234   -10.0   -13.2   -27.5
1641.895   -11.0   -44.4   -13.8
1643.555    -2.3   -36.4     4.9
1645.215     8.3   -14.2     4.6
1646.875   -10.9     0.3   -17.5
1648.535   -28.1    25.8    -1.5
1650.195   -21.2     1.1   -12.1
1651.855    -5.6   -35.5   -18.1
1653.516    13.9   -36.0     1.2
1655.176     5.0   -13.7   -17.6
1656.836   -15.2     5.1   -14.7
1658.496   -25.1    22.0     0.2
1660.156   -22.2     4.3   -16.5
1661.816     3.1   -27.8    -6.0
1663.477    14.4   -16.3    13.5
1665.137     1.1   -10.3   -22.6
1666.797   -31.2    13.9    -4.7
1668.457   -33.8    16.9    -0.4
1670.117   -15.7   -18.7   -29.4
1671.777    12.7   -26.4    -7.3
1673.438    10.7    -5.6     2.5
1675.098    -9.3   -17.3   -26.8
1676.758   -27.9    -5.9   -15.8
1678.418   -35.2    15.8    -1.2
1680.078    -5.7   -15.0   -23.0
1681.738     9.3   -21.7   -14.2
1683.398    21.1     1.9    13.3
1685.059     8.7    -5.4    -5.2
1686.719   -22.8   -19.6   -24.7
1688.379   -35.1    -0.9   -11.9
1690.039   -13.8   -11.9   -15.4
1691.699     0.7    -9.3    -9.0
1693.359     9.6    -8.2     1.5
1695.020     9.6    -9.3     0.2
1696.680   -12.4   -16.9   -14.3
1698.340   -22.2    -9.5   -24.9

Event #31  ts=2026-09-25 12:01:34.729  [SELECTED]
  t[ns]  u1[mV]  u2[mV]  u3[mV]
  0.000   -13.4    -1.9   -25.1
  1.660     5.2   -19.5    -1.9
  3.320    -1.4    -7.8    -0.7
  4.980    -5.9    -7.0    -6.4
  6.641   -26.5    -0.5   -18.0
  8.301   -21.6    -4.2   -17.7
  9.961    -1.9     0.4     4.7
 11.621    12.0   -16.6   -12.6
 13.281     7.3   -23.9   -21.8
 14.941   -10.4    -5.3     3.3
 16.602   -14.6     3.0    11.4
 18.262   -18.1   -13.8   -27.3
 19.922   -14.5    -5.5    -5.8
 21.582     3.3    -2.4     1.7
 23.242     3.0    -9.0    -5.6
 24.902     1.4   -12.2     4.8
 26.562   -26.0   -13.0   -29.5
 28.223   -23.9   -14.9   -28.8
 29.883   -21.3   -10.9   -15.4
 31.543   -11.9     2.4     2.4
 33.203     9.9   -19.8   -11.7
 34.863    13.0   -20.3    -3.1
 36.523    -9.6     4.9   -11.0
 38.184   -30.2    -7.9   -20.3
 39.844   -38.1   -14.0   -20.0
 41.504   -11.8    -9.3    -8.6
 43.164    23.8    -7.8    10.7
 44.824    28.6    -2.2    13.9
 46.484    25.1    -1.8     0.2
 48.145   -44.9    -4.6   -12.1
 49.805   -38.3    -2.6    -6.6
 51.465    -8.1   -22.3   -22.7
 53.125    -3.6   -25.7   -21.0
 54.785    34.0     2.9    28.1
 56.445    11.1    -4.5   -14.2
 58.105   -47.2    -8.5   -26.5
 59.766   -50.6     3.4     2.1
 61.426   -18.7   -24.7   -28.3
 63.086    22.2   -36.5   -21.7
 64.746    48.3     9.9    37.6
 66.406    12.8    17.7    -4.8
 68.066   -23.9   -13.3   -45.5
 69.727   -57.4   -13.3   -20.5
 71.387   -45.1    -8.8    -7.7
 73.047     7.3   -35.0   -26.3
 74.707    50.6     5.1    26.0
 76.367    29.2    28.7    29.5
 78.027   -37.5   -12.9   -41.3
 79.688   -63.2   -23.9   -34.4
 81.348   -44.4   -23.9   -15.2
 83.008     0.7   -24.7    -1.4
 84.668    53.6   -14.3     9.8
 86.328    31.3    16.4     8.8
 87.988   -37.4    16.7   -17.7
 89.648   -47.4     9.5   -18.6
 91.309   -23.4   -47.6   -20.9
 92.969    33.8    -5.5    21.8
 94.629    40.7     2.4    24.2
 96.289    19.6    12.1   -10.5
 97.949   -42.8    14.2   -11.2
 99.609   -52.1     7.9    -9.2
101.270   -51.2   -25.8   -25.4
102.930    18.2   -20.1     4.8
104.590    34.9    26.3    32.6
106.250    20.5    24.5     0.3
107.910   -33.1    -4.0   -28.7
109.570   -39.3    -2.4   -22.2
111.230     5.1   -45.6   -16.3
112.891    32.0   -17.5    -0.5
114.551    34.5     2.6    16.3
116.211    -5.1    29.1    -1.0
117.871   -32.0    -5.9   -32.1
119.531   -37.6   -34.8   -13.6
121.191    -9.5   -31.2    -4.3
122.852    34.8   -11.2    -0.3
124.512    10.8    18.9    -2.7
126.172   -19.2    27.3    -0.5
127.832   -32.1    14.4    -2.6
129.492   -29.3   -27.4   -28.1
131.152     1.0   -37.5    -4.5
132.812    23.9    -1.4    19.9
134.473     2.8    15.8   -14.6
136.133   -33.2     9.4   -11.5
137.793   -23.1   -14.0    -7.3
139.453   -15.4   -25.1   -19.9
141.113    14.3   -46.5   -24.3
142.773    15.5    -3.9    19.7
144.434   -11.7    14.7   -20.0
146.094   -23.2     1.9   -33.4
147.754   -33.7    -6.2     3.5
149.414    -2.0   -24.6    -2.2
151.074    26.0   -34.8   -11.9
152.734    19.1   -10.6     0.6
154.395   -26.6    22.1   -13.2
156.055   -34.1     5.8   -37.3
157.715   -34.3   -16.8   -23.2
159.375    11.7   -24.0     2.5
161.035    36.4   -24.5    -7.2
162.695     4.0    10.6    -0.5
164.355   -39.6    23.6   -17.3
166.016   -41.3    -1.1   -27.4
167.676   -15.1   -22.7    -9.6
169.336     4.4   -30.0    -5.6
170.996    23.1   -11.7     6.5
172.656     9.7     5.4     4.9
174.316   -38.8    11.3   -27.0
175.977   -36.6     6.9    -6.7
177.637     2.5   -20.0    -0.6
179.297    29.1   -36.2    -9.0
180.957    15.7   -10.2    14.5
182.617   -10.2    15.6     5.2
184.277   -38.2     2.9   -39.8
185.938   -22.3     5.5    10.3
187.598    -8.0    -2.3    11.7
189.258    31.4   -35.8   -15.1
190.918    -3.0    -7.7     3.4
192.578   -88.2     6.9   -22.2
194.238  -114.2    -8.2   -36.4
195.898  -158.8   -35.2   -38.8
197.559  -164.8   -77.4   -31.9
199.219  -151.5  -114.6   -65.0
200.879  -117.9  -143.4   -98.1
202.539  -131.4  -116.0  -103.2
204.199  -113.7   -70.3   -97.2
205.859   -78.4   -57.8   -73.0
207.520   -31.0   -57.7   -66.8
209.180    -8.6   -61.3   -37.1
210.840   -16.1   -53.3   -26.5
212.500   -25.9   -39.2   -30.9
214.160   -52.0     0.0   -34.6
215.820   -50.8     3.2   -26.6
217.480    -2.8   -19.1   -11.3
219.141     9.3   -34.0   -16.9
220.801    10.3   -32.5   -15.7
222.461   -16.3    -9.3   -12.0
224.121   -51.6   -10.2   -38.2
225.781   -15.9     7.1     9.1
227.441    13.4    -3.6    -2.6
229.102    17.6   -33.1   -28.8
230.762    -0.2   -20.8    -5.5
232.422   -19.3     3.9     4.3
234.082   -29.5    -6.0   -27.2
235.742   -24.2    -5.4    -4.4
237.402   -14.9     3.8    -1.1
239.062     9.5   -25.3   -16.2
240.723    15.6   -25.4    -8.8
242.383   -16.0    -3.2    -1.4
244.043   -22.2    -4.8   -18.9
245.703   -23.7   -11.6   -18.1
247.363   -20.4   -11.2   -17.4
249.023    -4.1   -19.0    -7.9
250.684    12.0    -7.0    -1.6
252.344     0.2    -4.5   -12.4
254.004    -9.8    -5.3   -15.2
255.664   -25.3    -3.7    -7.3
257.324   -19.7   -29.0   -33.5
258.984   -20.0   -33.6   -29.2
260.645    -1.6    -7.8     7.6
262.305     1.9    -8.9   -14.8
263.965     5.5   -10.7   -14.7
265.625   -29.4   -11.3   -17.0
267.285   -30.6   -30.5   -31.0
268.945   -24.7   -38.4   -30.8
270.605     6.8     2.1    11.4
272.266     8.0    -2.0    -7.7
273.926     4.5    -2.9    -9.0
275.586   -23.2    -6.2   -13.7
277.246   -43.3   -20.3   -23.2
278.906   -11.9   -28.2   -10.2
280.566     6.6   -14.2    -2.6
282.227    17.6     8.5     3.1
283.887     1.2     3.7    -5.9
285.547   -18.6    -9.7   -18.4
287.207   -39.4   -26.2   -23.5
288.867   -23.3   -21.0    -7.2
290.527    10.4    -6.8    -0.7
292.188     8.3     0.7    -6.1
293.848    -9.1     6.6     5.6
295.508    -9.0     1.1    -2.2
297.168   -30.9   -35.2   -38.8
298.828   -16.2   -15.0    -0.2
300.488    11.9     5.7    17.6
302.148     9.0   -10.9   -28.9
303.809   -15.5    -4.8   -11.1
305.469   -22.6    -2.5    -7.2
307.129    -3.2   -34.4   -39.5
308.789     1.1    -9.1     3.7
310.449    -2.4    15.3    12.3
312.109    -5.1   -18.7   -33.6
313.770   -18.9   -17.1   -11.8
315.430   -25.8     6.2     8.3
317.090     1.4   -23.9   -24.5
318.750    14.4   -24.1   -16.3
320.410   -10.4     8.4     8.8
322.070   -21.1    -4.5   -20.0
323.730   -24.2   -20.9   -25.4
325.391   -13.8    -3.8    -0.6
327.051     8.6    -4.4    -4.1
328.711    11.8    -5.2    -3.5
330.371     0.6    -8.1    -5.5
332.031   -33.5   -11.5   -15.0
333.691   -14.5   -12.0   -13.3
335.352    -8.1   -11.7   -13.5
337.012    14.2     2.1     6.0
338.672    11.5    -2.1     4.3
340.332    -6.1   -11.1   -16.4
341.992   -39.4   -17.9   -25.3
343.652   -25.4    -0.5     3.0
345.312     3.3    -9.9    -4.9
346.973    19.8   -12.1   -10.2
348.633    -1.7    10.8     6.8
350.293   -14.9    -5.0   -13.7
351.953   -24.7   -26.3   -33.6
353.613   -26.2   -11.6    -3.4
355.273   -16.9     1.9    11.9
356.934    22.1    -4.4   -15.1
358.594   -17.2     0.9    -0.3
360.254   -25.0     2.8    -1.8
361.914   -21.1   -27.5   -22.0
363.574    -8.6   -16.8   -12.6
365.234    -4.4    -3.4     2.4
366.895     8.4     1.7    -5.5
368.555    -0.5    -8.8   -17.4
370.215   -26.7   -10.9   -10.6
371.875   -16.2   -15.2    -6.1
373.535     4.3   -10.6   -11.6
375.195     7.8    -7.4   -11.6
376.855    -3.0     2.5     0.0
378.516   -13.7    -6.5   -11.8
380.176   -19.4   -17.0   -23.7
381.836    -8.8    -8.9    -0.7
383.496     2.5    -0.7     8.2
385.156     8.9   -15.2   -18.9
386.816   -11.3    -8.5   -10.6
388.477   -30.0    -2.9    -9.2
390.137    -8.8   -25.7   -29.3
391.797    -1.7   -17.5    -7.4
393.457    11.3    15.1    25.0
395.117    11.6     0.3    -6.5
396.777   -25.5   -23.0   -19.3
398.438   -35.4    -9.6    -8.2
400.098   -29.3     0.6    -6.6
401.758    22.0    -2.1     6.4
403.418    17.8    11.2    18.3
405.078    12.5     7.3    16.2
406.738   -28.2   -30.2   -28.9
408.398   -35.8   -11.9   -11.5
410.059   -16.7     2.8   -12.8
411.719    11.4     5.5     2.5
413.379    24.8     7.0    13.0
415.039    19.0     3.7     6.4
416.699   -31.2   -27.9   -15.1
418.359   -32.2   -27.6   -14.5
420.020   -23.4    -7.4   -23.1
421.680     6.2    17.5    15.2
423.340    18.1    18.3    25.5
425.000     9.2   -26.7   -23.1
426.660   -20.3   -35.9   -14.5
428.320   -23.4   -29.6    -7.4
429.980   -27.8    -8.5   -11.4
431.641    -8.0     0.4   -19.2
433.301     8.0    23.0    16.3
434.961     6.9   -27.7   -23.7
436.621    -2.4   -49.3   -28.4
438.281   -15.7   -16.8     0.2
439.941   -19.6     1.7   -15.9
441.602   -18.1     4.7   -21.3
443.262    -4.3    23.2    12.8
444.922     2.8    -4.9    -1.8
446.582     4.9   -32.8    -0.3
448.242    -8.3     0.6     2.3
449.902   -19.8     3.7    -8.7
451.562   -28.6    10.9   -14.2
453.223   -13.2    12.6     0.5
454.883     9.3   -36.8   -11.8
456.543    10.6   -36.8    -2.7
458.203    15.3   -24.4     4.3
459.863   -33.0    11.5   -21.6
461.523   -40.3    15.8   -17.3
463.184   -17.9    -1.3    -6.8
464.844     4.1   -31.1   -26.5
466.504    17.9   -39.7    -7.6
468.164    16.8     5.2    15.8
469.824    11.0     9.8     3.0
471.484   -41.7     0.0   -32.3
473.145   -43.7     4.3     5.9
474.805    -1.6   -34.6   -22.5
476.465    17.2   -48.7   -25.5
478.125    23.0    23.6    29.7
479.785   -11.4    20.5   -12.0
481.445   -44.9   -13.3   -45.8
483.105   -50.8    -6.3    -6.1
484.766   -12.4   -25.3   -11.0
486.426    38.8   -38.8   -11.1
488.086    44.6    -1.1    20.5
489.746     0.8    28.8     9.1
491.406   -46.2    -7.1   -33.4
493.066   -37.4   -28.5   -26.0
494.727   -17.8   -32.0   -10.3
496.387    21.6   -23.5     6.7
498.047    27.1    12.3    -2.0
499.707   -37.0     5.3   -14.3
501.367   -36.9     4.8   -13.9
503.027   -42.4   -22.6   -26.7
504.688     1.3   -40.7   -14.3
506.348    13.9   -26.0     0.9
508.008    22.3    15.8    18.1
509.668   -12.2    -5.3   -21.8
511.328   -33.3     2.8   -11.0
512.988   -28.0   -15.1   -13.1
514.648     3.7   -41.5   -20.3
516.309    15.3     9.3    15.2
517.969     2.0    23.9    12.5
519.629   -16.5    -3.8   -22.5
521.289   -18.0    -7.7   -19.8
522.949   -15.7    -6.1    -7.3
524.609    -8.5   -22.8   -10.3
526.270    14.6   -23.6    -6.2
527.930   -18.6     4.0    -7.3
529.590   -20.2     5.2    -8.9
531.250   -16.4    -6.1   -11.0
532.910     7.9    -8.3    -9.9
534.570    -3.1    -8.4    -9.0
536.230     0.3    -8.1    -2.9
537.891    -0.5   -10.9    -5.0
539.551   -27.0   -16.5   -21.7
541.211   -22.1    -5.5    -6.0
542.871    12.4    -5.2    -6.8
544.531    14.9    -7.7   -19.6
546.191    18.4    12.0    12.0
547.852    -9.8     3.3     1.9
549.512   -31.3   -39.8   -48.2
551.172    -6.6     0.2    13.1
552.832    15.9    16.0     9.6
554.492    20.0   -16.3   -37.9
556.152   -13.2    -2.3     0.8
557.812   -32.7     8.7    12.9
559.473   -22.6   -42.9   -41.0
561.133     4.4     3.7    14.6
562.793    11.1    28.7    24.5
564.453     9.0    -6.0   -24.3
566.113    -1.0   -11.7   -14.3
567.773   -34.9   -15.3    -6.7
569.434   -22.6   -30.4   -25.4
571.094    -3.5   -16.8   -17.8
572.754    10.0    17.4    12.1
574.414     2.9     7.7    -8.2
576.074   -11.8   -15.9   -18.8
577.734   -22.7   -21.0   -10.1
579.395   -17.8   -18.6   -10.7
581.055   -12.4   -13.1    -8.1
582.715     2.6    -2.7    -5.1
584.375    -3.0     7.1   -10.7
586.035    -6.1     2.4     0.2
587.695    -5.7   -24.4   -12.6
589.355    -3.1   -33.5   -21.6
591.016    -2.8   -18.9    -6.5
592.676    -6.3    12.2     8.1
594.336   -12.7   -13.4   -31.3
595.996   -17.5   -11.1   -15.3
597.656    -4.6    -9.2     6.0
599.316    10.1   -29.8   -28.8
600.977    -5.6    -1.3    -2.9
602.637   -20.2    11.3    -2.6
604.297   -17.5     6.8    -7.8
605.957   -14.8   -15.7   -13.1
607.617    -1.7     0.9     9.6
609.277    11.7   -15.8    -9.5
610.938     7.3   -11.8   -11.4
612.598   -19.2    11.0    -2.3
614.258   -21.0   -19.9   -21.5
615.918    -3.0   -22.2   -13.5
617.578     1.2   -14.0     1.5
619.238     4.9     0.5     7.1
620.898     0.9     3.6    -7.9
622.559    -7.5    -2.2   -19.6
624.219   -29.2    -8.7   -16.8
625.879   -16.5   -10.3    -0.4
627.539    16.7   -24.2   -19.1
629.199     3.0    13.3    10.8
630.859    -7.1    19.3    13.4
632.520   -11.2     4.3   -11.3
634.180   -25.5   -34.7   -31.3
635.840   -10.0    -1.6    16.4
637.500     3.5    -4.9    -5.0
639.160     8.0   -15.1   -24.2
640.820    -6.4    13.1    17.3
642.480   -15.0   -10.6   -13.0
644.141    -8.6   -32.5   -22.6
645.801    -6.7   -24.4   -10.1
647.461   -11.2     8.0     5.4
649.121    -6.1   -12.9   -26.6
650.781    -6.7    -2.2     1.7
652.441   -13.8    -3.9   -12.6
654.102    -2.9   -20.5   -14.3
655.762    -1.4   -13.4    -3.8
657.422    -6.2     1.9    -6.5
659.082    -9.8     0.6   -11.5
660.742   -13.0    -4.3    -8.1
662.402    -8.5   -14.7   -16.7
664.062    -0.6   -14.6    -4.2
665.723     8.4    -2.7    12.9
667.383    -7.4   -15.7   -26.5
669.043   -23.0     9.3     5.1
670.703   -23.8    10.0     6.6
672.363   -20.9     2.1    -3.2
674.023     7.0   -17.9    -4.5
675.684     7.7   -10.5     4.3
677.344   -18.0   -19.9   -32.2
679.004   -24.3   -22.5   -29.8
680.664   -23.9    10.7     6.5
682.324   -14.4   -12.2   -14.5
683.984    13.5   -21.6    -8.5
685.645    14.9     3.4     5.6
687.305     5.5    11.9    -7.6
688.965   -15.1   -16.1   -18.4
690.625   -29.6    -2.7   -11.3
692.285   -19.8    -7.2   -13.5
693.945     5.6   -17.6     0.6
695.605    20.8   -13.1     7.0
697.266    29.3    -7.0    -0.6
698.926   -29.5     0.5    -8.7
700.586   -32.8     2.7   -10.9
702.246   -25.4   -16.1   -20.9
703.906   -25.3   -22.0   -17.0
705.566     4.1    -9.2    12.4
707.227    18.8   -16.9   -19.7
708.887    13.4   -18.5   -27.1
710.547   -28.0     9.0     5.7
712.207   -29.2    11.0    -0.7
713.867   -11.0   -29.3   -41.3
715.527    19.9   -13.2    14.9
717.188    23.7     2.4    25.1
718.848    14.6    -8.3   -12.3
720.508    -0.6   -21.3   -38.5
722.168   -34.8    23.1    10.8
723.828   -42.8    19.8     8.9
725.488     8.5   -37.6   -15.8
727.148    22.8   -11.3    19.0
728.809    14.6     1.2    -5.6
730.469   -26.8     5.7   -14.4
732.129   -40.1    11.1    -4.7
733.789   -40.3     4.8    -6.9
735.449    -7.5   -25.3   -17.3
737.109    27.6   -29.1    -4.2
738.770    31.3   -20.6     3.7
740.430   -11.0     3.2    -7.6
742.090   -26.1     0.9   -17.5
743.750   -38.9    -4.8   -24.4
745.410   -34.1    -5.3   -15.6
747.070    22.4   -25.6    -1.3
748.730    25.7   -24.9    -7.5
750.391    15.9    -8.5    -0.8
752.051   -19.6    20.5    -4.6
753.711   -39.3     9.1   -19.6
755.371   -40.7   -14.7   -32.1
757.031    17.1    -9.8    10.3
758.691    35.5   -29.1    -4.8
760.352    20.9   -23.0    -8.6
762.012    -1.4     2.4    -6.5
763.672   -48.9    13.3   -15.2
765.332   -22.4   -30.0   -29.9
766.992     2.8   -30.4   -17.6
768.652    29.7    -6.4    19.1
770.312    18.8   -12.6    -7.3
771.973   -12.6    -3.6   -20.8
773.633   -49.1     9.8   -13.3
775.293   -35.4    -4.2   -16.1
776.953     7.0   -33.5   -17.7
778.613    24.3   -15.2     6.4
780.273    18.2     1.4    17.7
781.934     1.3     1.0    -6.9
783.594   -44.4    -5.4   -28.8
785.254   -49.1    -2.0   -22.0
786.914     0.2   -12.0    -6.3
788.574    20.2   -31.9   -18.4
790.234    21.7   -25.2    -7.3
791.895    -1.2    12.8    15.0
793.555   -28.9     0.9   -29.1
795.215   -40.4   -18.8   -29.6
796.875   -31.1   -12.7   -17.0
798.535    22.9   -19.7    -5.4
800.195    26.1   -33.2   -18.1
801.855    11.1    -8.2     5.2
803.516   -23.2    15.6    -6.3
805.176   -33.0   -18.2   -46.2
806.836   -27.6   -17.7   -16.0
808.496     0.5    -2.2    13.8
810.156    14.7    -7.8     7.1
811.816    17.9   -29.1   -16.8
813.477   -26.9    18.2     6.2
815.137   -32.7     1.5   -28.2
816.797   -32.2    -4.8   -31.1
818.457   -11.4   -15.7    -9.1
820.117     6.6    -6.6     8.8
821.777    23.3   -15.3    -5.0
823.438    -3.0    -7.7    -6.3
825.098   -29.3     6.2    -8.3
826.758   -16.4    -7.3   -15.3
828.418   -12.6   -16.3   -11.8
830.078     2.5   -21.5    -9.9
831.738    10.8   -11.4     0.1
833.398     1.3    -0.9     7.1
835.059   -17.1    -4.4   -14.2
836.719   -22.8     2.9    -8.7
838.379   -16.0     0.4    -0.8
840.039     5.0   -30.4   -22.5
841.699     5.2   -30.9   -23.5
843.359     5.8     1.0    14.4
845.020    -7.0     8.3    -5.2
846.680   -20.3   -15.0   -32.6
848.340   -20.6     0.9     4.4
850.000    10.0   -20.9   -13.0
851.660     9.2   -36.5   -18.8
853.320    -7.5     8.9     9.3
854.980   -17.1    14.3    -5.7
856.641   -13.7    -7.3   -26.8
858.301   -15.1   -12.7   -23.5
859.961    -4.8   -10.1    -1.1
861.621     6.5   -28.7   -12.9
863.281    -4.2    -2.0   -11.8
864.941   -15.9     7.7    -4.8
866.602   -11.4    -7.6   -10.5
868.262   -11.6    -5.9   -10.0
869.922     2.5   -19.6   -11.7
871.582     1.0   -19.0    -7.3
873.242    -8.4   -10.5    -3.0
874.902    -9.5    -8.8   -11.2
876.562   -19.1    -2.3   -14.9
878.223   -11.1    12.2     7.0
879.883    10.3    -2.3     0.9
881.543     4.9   -21.0   -18.3
883.203   -13.9    -7.8    -0.8
884.863   -10.9     3.0    -4.0
886.523    -9.6    -8.2   -28.1
888.184    -8.5     1.3    -0.5
889.844     4.5     3.0     8.9
891.504    11.1   -15.6   -16.4
893.164   -12.6   -26.0   -19.0
894.824   -24.9     5.1     4.6
896.484    -9.7    -0.6   -20.6
898.145    -2.8    -9.5   -20.2
899.805     2.1     4.5    10.2
901.465    -2.6   -10.1   -12.1
903.125    -7.7   -29.8   -20.5
904.785   -26.3   -10.4   -12.9
906.445   -13.7     1.1   -10.8
908.105     7.0     1.8    -4.5
909.766     8.7     0.6   -12.0
911.426     0.0    -4.9    -6.1
913.086   -12.0   -19.2    -8.3
914.746   -20.7   -22.5   -19.6
916.406   -19.8   -17.4   -21.5
918.066    -9.6     4.9     4.2
919.727     7.4   -12.0   -17.0
921.387     8.2   -12.8   -15.2
923.047     2.5   -11.1    -7.0
924.707   -11.7    -8.2    -3.2
926.367   -17.9   -29.7   -23.2
928.027   -12.6   -14.1   -15.0
929.688     0.0    15.3    -2.6
931.348    11.0    -6.0   -13.3
933.008     1.7   -13.4    -7.9
934.668    -3.2    -5.3     4.6
936.328   -15.7   -18.7    -9.6
937.988   -17.7   -19.3   -16.6
939.648    -8.3     0.5    -7.7
941.309    -3.9     9.2     0.0
942.969     6.2    -3.8    -7.1
944.629    10.4   -15.1   -10.3
946.289   -17.1   -21.0    -8.7
947.949   -22.9   -13.9   -11.3
949.609   -20.2    -5.2   -11.7
951.270   -16.1     0.1   -17.1
952.930    11.4    -3.9     8.0
954.590    20.3    -2.1    -0.1
956.250    -7.9   -21.4   -17.0
957.910   -16.9   -22.1   -14.0
959.570   -17.6    -2.6   -17.4
961.230   -14.1   -10.4   -27.8
962.891    -6.0   -14.0   -23.4
964.551    15.4     7.6    18.8
966.211     8.9   -23.8   -25.0
967.871   -15.8   -23.0   -13.5
969.531   -31.2    -2.9     4.5
971.191   -16.4   -14.2   -31.3
972.852    -9.1   -20.3   -37.2
974.512     7.5    -7.9     7.4
976.172     6.9    -5.7    -8.6
977.832     2.0   -23.1   -29.6
979.492   -31.9    -5.3    -5.1
981.152   -23.7    -2.9   -16.7
982.812   -22.8    -2.2   -16.9
984.473    15.8   -18.7    -3.7
986.133    -0.2     5.9     4.2
987.793    -9.2    -7.6   -13.9
989.453   -12.3    -9.1   -22.7
991.113   -24.2    -7.6    -9.0
992.773    -4.0   -13.9   -14.1
994.434     4.0   -13.6    -9.1
996.094    10.5    -9.0     1.0
997.754    -9.3    -2.5    -2.5
999.414   -18.1     7.7   -10.1
1001.074   -14.7   -15.5   -17.3
1002.734   -13.0   -17.6   -18.6
1004.395     3.9   -17.8    -4.0
1006.055     7.1   -12.8    -8.3
1007.715    -5.3   -10.5   -13.8
1009.375   -28.7    11.7    -9.1
1011.035   -11.3    -2.6    -6.3
1012.695     5.6   -19.3   -13.4
1014.355    10.2   -14.8     0.3
1016.016     7.3    -5.5     4.6
1017.676   -14.4   -10.5   -20.3
1019.336   -30.8   -13.6   -28.0
1020.996   -38.3     6.3    -4.3
1022.656   -18.6     8.9     6.5
1024.316    29.9   -22.5   -11.3
1025.977     0.5    -9.9     0.6
1027.637   -31.0    -4.2   -12.1
1029.297   -30.1    -7.3   -21.6
1030.957   -33.6   -10.0   -32.1
1032.617    -0.3     2.5     0.5
1034.277    33.4   -21.8     2.9
1035.938    42.9   -21.1     0.9
1037.598     7.1   -14.0   -11.7
1039.258   -51.9    10.5   -13.3
1040.918   -43.1     0.7   -25.5
1042.578   -12.0   -14.9   -22.5
1044.238    18.6   -11.1     9.6
1045.898    39.9    -7.5    22.1
1047.559    31.3   -12.0    -0.5
1049.219   -32.1    -7.1   -24.6
1050.879   -61.5     4.2   -18.4
1052.539   -34.4    -3.1   -15.1
1054.199    17.9   -29.5   -19.0
1055.859    36.6   -17.6    10.6
1057.520    41.1     2.5    29.9
1059.180    -6.3    -8.2   -22.7
1060.840   -34.3   -12.0   -38.5
1062.500   -62.0     3.0   -13.2
1064.160   -18.1   -13.9   -19.0
1065.820    24.5   -33.7   -16.9
1067.480    43.6   -14.2    20.3
1069.141     5.0    11.7    -2.3
1070.801   -23.3     2.4   -31.9
1072.461   -46.2    -4.7   -40.1
1074.121   -60.9    -3.2   -16.2
1075.781    -7.7   -28.8   -18.8
1077.441    36.3   -29.0    -1.4
1079.102    49.0   -17.3    11.5
1080.762   -12.2    14.1   -13.9
1082.422   -43.3     1.4   -26.4
1084.082   -52.1    -8.9   -23.8
1085.742   -21.5   -31.8   -19.8
1087.402    20.1   -26.6     0.8
1089.062    34.1   -16.6    12.9
1090.723    32.5     4.9     2.9
1092.383   -42.3     7.6    -7.9
1094.043   -42.5    -1.9   -14.3
1095.703   -34.8   -22.0   -26.8
1097.363     9.5   -30.1    -0.2
1099.023    26.8     3.9     9.5
1100.684    22.6     3.9     1.5
1102.344    -9.0     1.5   -19.3
1104.004   -35.4    13.2    -4.0
1105.664   -25.5    -7.8   -21.7
1107.324    -0.7   -43.1   -26.4
1108.984     6.0   -37.3   -13.0
1110.645    13.6     7.9    15.0
1112.305   -14.2     0.0   -20.9
1113.965   -25.2     2.2   -14.1
1115.625   -20.4     2.3    -2.8
1117.285   -18.6   -20.6    -8.1
1118.945     9.4   -15.0    -4.0
1120.605    12.6    -9.9    -2.0
1122.266   -14.0     7.7    -9.0
1123.926   -19.1     3.5    -7.3
1125.586    -6.1     2.1    -4.3
1127.246    -1.8   -18.2   -17.6
1128.906    -8.2   -22.3    -6.9
1130.566    -4.1   -14.1    -1.8
1132.227   -12.1    -5.0   -15.4
1133.887   -21.7     5.1   -11.0
1135.547    -6.0    10.7     8.1
1137.207    12.0    -4.3    -1.8
1138.867    -2.7   -25.9   -22.1
1140.527   -12.2    -3.9    11.0
1142.188   -16.2    -9.2   -32.3
1143.848    -6.2    -3.9    -8.9
1145.508    -7.7     7.2     4.9
1147.168     7.7     1.2     3.0
1148.828     2.8   -34.7   -28.3
1150.488     0.2   -31.8   -16.5
1152.148   -30.5    -0.6   -19.5
1153.809    -8.8   -14.0   -24.7
1155.469    -4.8   -10.8   -17.8
1157.129     9.8    12.7    14.6
1158.789     6.2   -19.9   -18.3
1160.449    -2.3   -33.4   -27.2
1162.109   -33.7    -6.0   -10.1
1163.770   -12.1    -2.6    -8.9
1165.430     2.8    -1.9    -4.6
1167.090    19.6     0.4     0.2
1168.750     8.8    -7.7    -6.4
1170.410   -26.7   -18.1   -14.8
1172.070   -30.1   -14.7   -22.7
1173.730   -27.9   -14.6   -20.4
1175.391   -13.9    -3.4    -4.6
1177.051    14.3     7.0     0.1
1178.711    19.0    -1.7    -9.0
1180.371    -2.9   -26.2   -15.7
1182.031   -23.3   -15.5    -6.4
1183.691   -38.1   -17.7   -15.3
1185.352     2.5     1.5    -7.2
1187.012     9.2    22.3    13.3
1188.672    12.3    10.2     4.8
1190.332     2.3   -27.6   -23.0
1191.992   -16.4   -34.3   -24.3
1193.652   -25.1   -10.2   -12.2
1195.312   -24.5    -7.2   -12.8
1196.973    14.1     6.6     0.4
1198.633    11.8    15.0     7.5
1200.293    -6.9    -7.6    -9.3
1201.953   -20.1   -35.0   -20.9
1203.613   -21.5   -26.7   -18.2
1205.273   -22.5    -8.7    -4.9
1206.934     1.5     8.9     7.6
1208.594    24.2    14.6     1.1
1210.254   -16.1    -9.6   -12.3
1211.914   -27.0   -17.7   -16.6
1213.574   -24.7   -31.7   -12.7
1215.234   -16.3   -22.9   -27.6
1216.895    -6.2    12.1     8.6
1218.555     6.3    17.7    12.3
1220.215     5.2     2.9   -16.0
1221.875   -18.5   -31.0   -39.4
1223.535   -19.5   -12.6     5.7
1225.195   -10.8   -12.4   -12.0
1226.855     3.9   -10.7   -21.1
1228.516     3.1    17.8    12.4
1230.176    -3.8    29.0    19.6
1231.836   -11.7   -36.8   -47.0
1233.496   -15.2   -30.4    -4.7
1235.156   -15.7    -6.5    19.7
1236.816     8.9    -6.3   -19.8
1238.477    16.6    -6.9   -28.4
1240.137    -0.8    11.2     5.7
1241.797   -23.0   -11.9   -18.4
1243.457   -18.0   -43.7   -42.4
1245.117    -1.9   -19.2     6.1
1246.777     5.7    12.1     4.7
1248.438    -0.4    -4.3   -23.6
1250.098   -18.7    -4.5   -11.9
1251.758   -28.4    -7.3    -3.7
1253.418   -18.3   -25.8   -16.1
1255.078    13.6   -15.9    -1.2
1256.738    11.1    -0.2     3.5
1258.398    -5.8    13.9    -2.2
1260.059   -16.3     0.8   -12.5
1261.719   -28.4   -23.6   -24.7
1263.379   -19.7   -23.4   -19.5
1265.039     0.5    -5.8     9.1
1266.699     8.1     1.3    12.9
1268.359    -2.5     2.9   -12.5
1270.020   -29.1     1.2    -2.0
1271.680   -31.1    -9.9   -13.3
1273.340   -14.1   -36.3   -33.1
1275.000     0.0   -16.7    -3.4
1276.660    15.7    18.3    23.0
1278.320    11.8     0.2   -12.8
1279.980   -26.4   -10.0   -11.1
1281.641   -31.3    -8.4    -9.6
1283.301   -27.8   -12.5   -10.8
1284.961    18.8    -0.8     5.1
1286.621    18.1    15.5    18.5
1288.281     1.0     7.5    -3.6
1289.941   -25.6   -23.8   -25.5
1291.602   -31.2   -21.3   -23.3
1293.262   -26.6   -12.3    -6.8
1294.922    -1.4   -14.6    -7.3
1296.582    15.9     2.0     0.0
1298.242    14.2     7.1     4.1
1299.902   -24.0   -14.9   -22.5
1301.562   -29.3   -19.1   -23.6
1303.223   -26.2   -25.2   -30.5
1304.883   -19.2   -17.5    -4.9
1306.543     3.3    -0.1    13.1
1308.203    11.1    -0.9   -10.9
1309.863   -11.2    -8.5   -14.7
1311.523   -21.2    -2.0     4.8
1313.184   -17.2   -13.1   -12.2
1314.844   -22.4   -24.1   -33.5
1316.504    -3.5     1.0     6.2
1318.164     7.3     4.6     8.6
1319.824     3.6   -13.7   -18.4
1321.484   -18.5    13.3    12.1
1323.145   -20.0    15.1    12.4
1324.805   -20.4   -35.8   -38.4
1326.465    -3.9   -13.1     2.6
1328.125    -5.0     0.2    12.3
1329.785     9.2   -13.4   -23.5
1331.445   -11.8     7.5     4.8
1333.105   -17.4    12.4     4.6
1334.766   -25.6   -25.0   -27.3
1336.426   -16.4   -35.7   -23.7
1338.086    -1.7   -12.2    -0.4
1339.746     7.4     2.1    -1.4
1341.406    15.8     9.8     7.0
1343.066    -5.5     6.6    -7.5
1344.727   -25.6    -7.2   -27.1
1346.387   -29.6   -18.7   -10.8
1348.047    -1.8   -24.9   -17.5
1349.707    -1.4   -24.7   -16.2
1351.367    14.1    14.8    11.8
1353.027    -5.1    24.5    -0.6
1354.688   -22.1    -9.8   -37.2
1356.348   -34.9   -32.2   -17.6
1358.008   -17.6   -17.9    -2.7
1359.668     7.3   -28.7   -17.1
1361.328    20.5   -13.9    -5.9
1362.988    -2.3    40.0     3.7
1364.648   -22.7     6.4   -26.5
1366.309   -39.5   -43.6   -37.0
1367.969   -16.4   -32.5    -2.9
1369.629     8.1   -14.9    -3.0
1371.289    11.0    26.9     3.9
1372.949     1.0    30.2     2.4
1374.609   -37.8    -8.4   -21.0
1376.270   -43.8   -17.6   -22.5
1377.930    -8.7   -42.1   -11.7
1379.590    12.3   -14.1    -4.0
1381.250     3.6    24.5     9.6
1382.910     3.4    26.9     5.8
1384.570   -29.0   -14.6   -31.6
1386.230   -33.3   -30.1   -20.5
1387.891    14.3   -26.8    -7.1
1389.551    18.6   -12.4   -16.3
1391.211     9.6     5.5    -4.3
1392.871   -11.6    31.1    14.4
1394.531   -39.6   -40.7   -54.2
1396.191   -32.1   -44.3   -37.9
1397.852     2.9   -16.2    25.0
1399.512    24.1    -7.2     0.7
1401.172    15.6    -6.6   -29.6
1402.832   -17.9    31.7    10.6
1404.492   -42.3     6.5   -10.4
1406.152    -3.8   -64.5   -26.4
1407.812     4.9   -50.5    -6.5
1409.473    20.4    22.6    14.6
1411.133     9.5     9.0   -23.5
1412.793   -13.3    12.2   -19.8
1414.453   -48.0    -4.5   -12.3
1416.113   -36.6   -24.1   -22.4
1417.773    22.6   -43.6    -4.6
1419.434    27.7   -11.7    11.7
1421.094     1.2    36.3     4.8
1422.754   -33.3     4.3   -23.1
1424.414   -40.4   -18.0   -28.0
1426.074     9.3   -40.0     2.7
1427.734    28.6   -20.6    -2.9
1429.395    28.4   -19.1    -3.6
1431.055     6.8    12.3    -7.3
1432.715   -37.1    33.4    -1.5
1434.375   -38.6   -14.6   -26.1
1436.035   -15.6   -49.1   -34.8
1437.695    22.3   -14.4    18.9
1439.355     5.8     3.4    -6.6
1441.016   -41.1    18.0   -17.5
1442.676   -40.9    18.6   -18.8
1444.336   -48.5    22.1     0.9
1445.996    -8.7   -33.1   -14.6
1447.656    30.7   -51.4   -13.4
1449.316    31.3   -10.3    12.6
1450.977    -9.8    10.1    -3.9
1452.637   -48.1     5.4   -38.6
1454.297   -38.0     5.1   -11.5
1455.957   -30.3     5.9    -5.2
1457.617    41.9   -30.8     1.7
1459.277    40.8   -24.3    -1.8
1460.938   -21.0     4.9    -5.8
1462.598   -54.0    11.1   -19.1
1464.258   -39.1    -3.6   -31.8
1465.918   -21.1   -13.2   -19.4
1467.578    31.8   -12.3    20.8
1469.238    19.2   -19.2   -22.3
1470.898    -0.2   -18.7   -29.9
1472.559   -69.6     5.0   -17.1
1474.219   -35.6    -9.9   -24.3
1475.879    12.3   -28.4   -22.6
1477.539    48.3   -13.5    14.3
1479.199    49.6    11.0    35.1
1480.859   -14.5   -23.9   -47.5
1482.520   -48.0   -32.6   -52.3
1484.180   -68.4     7.4     2.2
1485.840    -2.2   -11.5   -16.8
1487.500    46.1   -27.0   -11.7
1489.160    53.5     7.1    26.8
1490.820     4.5    13.3     8.1
1492.480   -45.0   -30.1   -50.8
1494.141   -53.7    -3.5    -7.0
1495.801   -38.4    10.3     5.3
1497.461    31.0   -18.0   -12.9
1499.121    49.2   -14.4    -2.9
1500.781   -10.4     0.8    -0.3
1502.441   -31.8    -9.9   -24.5
1504.102   -43.3   -21.7   -38.5
1505.762   -33.4    -7.9   -12.2
1507.422    12.4    -7.1    -3.3
1509.082    29.2    -4.7     7.3
1510.742     5.7    -9.8   -13.2
1512.402   -20.8   -10.2   -18.7
1514.062   -36.4    -2.6    -7.8
1515.723   -28.3   -12.4   -19.8
1517.383    -4.1   -13.2    -9.2
1519.043     9.0     3.3    15.8
1520.703    -0.8   -23.1   -24.1
1522.363    -0.8   -22.2   -26.5
1524.023   -17.3     7.6     8.6
1525.684   -16.4    -1.6   -17.3
1527.344   -15.4   -18.9   -36.8
1529.004   -17.0   -12.1    -5.0
1530.664     3.7     1.7    12.8
1532.324    12.8   -23.9   -15.8
1533.984    -3.6    10.3     1.9
1535.645   -26.1    -3.2   -18.2
1537.305   -26.7    -7.7   -23.5
1538.965   -10.6    -5.2     5.1
1540.625    -4.2     2.6     4.9
1542.285    11.2    -8.6    -7.8
1543.945     3.5    -6.9    -9.3
1545.605   -11.0     7.5    -5.8
1547.266   -25.8    -7.9   -14.1
1548.926   -18.2   -26.3   -20.3
1550.586    -6.8   -25.2   -17.9
1552.246     4.8     0.2     5.6
1553.906    12.8    12.0     8.8
1555.566    11.8     7.9     0.9
1557.227   -22.6   -13.9   -20.7
1558.887   -27.3    -9.6    -4.5
1560.547   -14.5   -12.8    -4.2
1562.207    -0.3   -23.8   -18.5
1563.867     6.2    14.3    14.9
1565.527     1.5    13.8     5.1
1567.188    -5.4   -19.3   -36.5
1568.848   -18.2   -21.1    -6.6
1570.508   -13.2    -7.3     0.1
1572.168    -0.9   -16.8   -22.3
1573.828    -5.1    19.3    19.6
1575.488    -3.4    20.7    25.3
1577.148    -1.1   -24.0   -30.0
1578.809    -6.8    -8.9     2.1
1580.469   -13.7    -9.3    -8.5
1582.129   -11.5    -9.6   -19.2
1583.789   -13.7    -4.8    -5.6
1585.449   -11.8     8.7     1.0
1587.109     3.6   -10.5    -5.5
1588.770     3.8    -9.1    -7.2
1590.430   -16.1   -15.8   -15.7
1592.090   -17.8   -10.6    -6.1
1593.750   -19.5    -2.6   -16.6
1595.410   -12.8    -9.5   -23.0
1597.070    11.7     3.6     8.8
1598.730    11.0     5.0    10.4
1600.391     4.2   -22.8   -21.0
1602.051   -25.8   -10.3    -9.0
1603.711   -29.2     4.5    -3.8
1605.371   -12.9   -18.9   -22.4
1607.031     0.3   -14.7    -6.7
1608.691    19.3     7.6     4.3
1610.352    14.5     2.4    -1.9
1612.012   -26.8   -14.2   -15.0
1613.672   -37.2     1.8    -6.9
1615.332   -26.0    -1.5    -9.0
1616.992    14.2    -7.6    -3.5
1618.652    25.7    -2.0     2.7
1620.312     8.8    -8.4    -2.4
1621.973    -9.3   -17.0    -9.1
1623.633   -30.3    -8.8   -20.5
1625.293   -18.6   -10.3    -7.2
1626.953   -22.5   -11.2    -7.0
1628.613    28.1   -12.8   -10.5
1630.273    28.0    -9.2   -12.4
1631.934    -8.0     0.8     2.7
1633.594   -34.3   -10.8   -21.3
1635.254   -34.4   -17.7   -31.7
1636.914     5.5     1.9    15.9
1638.574    30.5    -3.1     3.5
1640.234    16.4   -18.4   -28.0
1641.895    -9.2    -0.4     3.0
1643.555   -19.2    15.6    16.3
1645.215   -34.9     0.1   -14.6
1646.875   -16.4   -32.4   -33.5
1648.535    12.9     8.3    24.6
1650.195    23.9    -7.4   -15.3
1651.855     5.7   -14.3   -23.6
1653.516   -16.7    10.0     8.1
1655.176   -33.2   -11.3   -25.7
1656.836   -13.2   -37.0   -39.4
1658.496    -0.1    -9.4    13.1
1660.156    10.2     4.4     7.7
1661.816     4.3    -6.2   -17.8
1663.477   -26.8    11.7    -1.1
1665.137   -24.1    -5.4   -16.1
1666.797     5.3   -35.7   -13.9
1668.457    10.7   -29.4    -7.2
1670.117     0.5    -0.5    -1.8
1671.777    -9.4    12.9    -6.1
1673.438   -19.1    -2.5   -12.6
1675.098   -16.2   -23.2   -10.7
1676.758    -1.9   -24.4    -3.8
1678.418    11.7   -24.3    -4.7
1680.078   -10.8    -0.1   -15.5
1681.738   -18.9    19.2    -0.8
1683.398   -17.1    18.8    -0.8
1685.059    -9.7   -19.9   -21.5
1686.719     1.8   -31.3    -5.9
1688.379     3.6   -15.9     4.7
1690.039   -12.3    -9.6   -25.3
1691.699   -14.3    -5.7   -27.5
1693.359   -21.6    17.0     6.6
1695.020    -5.3    -6.3    -6.8
1696.680    17.6   -38.8   -20.5
1698.340     7.5   -15.1     6.4

