# DRS4 export. File index 0, run_id=./medidas/run_20260925_134629
# Columns: t[ns] u1[mV] u2[mV] u3[mV]
Event #0  ts=2026-09-25 13:46:29.777  [SELECTED]
  t[ns]  u1[mV]  u2[mV]  u3[mV]
  0.000   -10.2   -26.7   -15.3
 13.281   -18.6    -8.3   -30.5
 31.543   -13.2   -31.4   -25.4
114.551   -33.8     1.3    -6.2
124.512   -36.1    -9.9   -22.4
134.473   -50.4   -18.1   -35.9
136.133   -36.8   -21.0   -21.4
144.434   -42.0   -10.1   -27.7
146.094   -39.5   -23.3   -35.4
156.055   -34.9   -25.4   -26.4
164.355   -34.6   -17.2   -21.4
207.520   -24.1   -40.8    -1.6
209.180  -111.2   -95.7   -20.2
210.840  -136.5   -99.0    -1.0
212.500  -138.1   -98.9     0.5
214.160   -87.5   -94.6    -8.1
215.820   -82.9   -93.9    -8.1
217.480   -64.8  -104.8    -6.5
219.141   -62.2   -99.4   -14.4
220.801   -52.3   -53.1    -7.9
222.461   -48.1    -8.2   -12.1
224.121   -32.6   -22.5   -15.0
225.781   -24.0   -34.9    -5.5
227.441     1.1   -42.7    -2.3
229.102     6.8   -46.8    -9.1
230.762   -10.1   -38.5   -15.9
232.422   -38.6     8.3   -10.0
239.062     3.7   -33.7     2.8
244.043   -32.7     2.1   -13.3
262.305   -30.6    -3.9   -16.7
263.965   -35.9    -9.6   -26.0
273.926   -21.1   -21.2   -30.9
320.410   -36.3   -16.6   -12.4
340.332   -39.0   -21.1   -23.6
350.293   -31.5   -17.7   -16.6
360.254   -43.9   -12.2   -13.2
361.914   -37.0   -11.5   -21.8
371.875   -48.5   -18.3   -31.7
381.836   -51.5   -26.8   -27.6
390.137   -31.3    -0.3   -22.4
391.797   -51.3   -32.3   -37.1
401.758   -45.8   -42.8   -28.8
411.719   -42.8   -37.6   -34.3
413.379   -26.2   -38.9   -15.5
421.680   -23.3   -42.7   -24.8
448.242   -32.7     9.3    -4.5
458.203   -37.3    -6.6   -17.6
512.988   -12.2   -31.4   -21.9
531.250   -30.9    -2.4   -10.8
541.211   -37.5   -17.0   -15.7
561.133   -33.2     5.3    -6.9
569.434   -32.7   -12.4   -28.9
579.395   -31.3   -13.0   -22.2
587.695   -31.5    -6.8   -12.0
597.656   -44.0   -18.3   -26.0
605.957   -39.4   -16.5   -23.7
607.617   -43.4   -22.0   -34.5
615.918   -38.3   -16.7   -18.1
617.578   -41.6   -17.0   -21.7
624.219   -42.6   -27.9   -31.1
625.879   -51.7   -26.8   -26.8
635.840   -49.9   -44.3   -43.8
637.500   -52.4   -23.8   -23.5
644.141   -42.0   -21.8   -25.2
645.801   -50.9   -30.1   -31.3
647.461   -32.7    -1.7   -13.6
655.762   -46.2   -22.4   -22.1
657.422   -34.5    -4.3   -15.1
665.723   -35.5   -17.3   -20.6
667.383   -35.1     7.4   -10.2
675.684   -30.1   -15.4   -28.6
677.344   -32.7    -2.0   -15.0
687.305   -40.2     6.8     0.5
698.926   -34.6   -10.0   -15.4
700.586   -36.7    -5.5   -10.6
708.887   -37.4    -7.5   -23.5
710.547   -31.5   -30.4   -29.0
718.848   -39.5    -4.9    -9.7
720.508   -38.4   -38.5   -39.5
728.809   -33.8   -10.6    -7.2
730.469   -45.1   -21.1   -22.2
740.430   -30.7   -17.1   -15.8
750.391   -41.3   -23.4   -18.9
752.051   -37.2   -11.7    -8.9
762.012   -33.3   -30.2   -26.2
820.117   -34.9    -3.0   -13.0
830.078   -45.7    -9.1   -29.6
831.738   -36.8   -17.2   -24.7
840.039   -47.4   -26.3   -39.1
848.340   -40.2    15.7   -11.2
850.000   -46.7   -40.4   -38.6
851.660   -20.3   -42.7   -15.4
858.301   -33.9     6.4   -11.4
861.621   -18.5   -42.7   -19.8
871.582    -3.6   -38.0    -9.3
873.242     4.0   -32.0    -3.8
883.203    16.3   -36.5   -11.1
886.523   -32.4    26.7    -8.6
891.504    19.7   -35.4    -1.9
896.484   -39.9    12.4   -20.8
903.125     2.8   -32.8    -1.1
904.785   -36.7    -4.4   -15.7
906.445   -46.9     6.3   -30.5
908.105   -42.3    14.0   -21.8
914.746   -54.1    -1.8   -23.9
916.406   -62.5    11.5   -22.1
918.066   -49.1    17.2   -19.5
924.707   -39.0   -14.0   -20.5
926.367   -55.1     7.2   -12.6
934.668   -38.3   -15.7   -19.8
936.328   -63.6     6.4   -16.8
946.289   -48.9     6.5   -19.3
947.949   -42.7    -1.3   -28.4
954.590   -34.8    -2.0   -14.2
956.250   -30.2     3.2   -16.5
957.910   -42.4     1.9   -25.1
977.832   -34.1    -8.6   -27.3
989.453   -31.0   -19.5   -25.8
991.113   -32.4   -30.9   -28.2
1011.035   -34.7   -26.6   -21.1
1020.996   -17.9   -34.3   -24.6
1032.617   -30.3   -10.5   -22.1
1075.781   -30.6   -13.7   -24.4
1085.742   -29.3   -22.1   -30.8
1125.586    -4.6   -35.5   -13.0
1127.246    -6.7   -34.4   -13.3
1135.547    10.6   -38.4   -15.0
1145.508    20.6   -32.7     1.9
1148.828   -33.1    26.0    -5.9
1150.488   -33.1    17.4   -14.4
1160.449   -38.7    16.5   -16.3
1162.109   -40.7     2.4   -18.6
1170.410   -34.7     7.4   -24.4
1172.070   -36.9    -5.3   -22.0
1175.391    26.3   -30.5    -6.9
1180.371   -38.9     5.0   -25.4
1182.031   -31.2   -21.3   -31.2
1191.992   -17.5   -23.0   -35.4
1216.895    -2.9   -41.3   -20.0
1226.855     7.4   -48.6   -25.7
1228.516   -17.5   -39.8   -11.8
1230.176   -32.5     2.1     1.8
1238.477   -20.4   -49.9   -21.6
1248.438     3.0   -32.7   -12.3
1250.098   -33.2   -10.0   -12.7
1251.758   -34.8     9.9   -11.8
1261.719   -37.5    -0.6   -27.6
1263.379   -34.9     1.2   -25.9
1271.680   -38.3    -0.3   -30.3
1284.961   -30.4   -16.6   -19.9
1294.922   -30.9   -13.2   -20.6
1343.066   -42.2     6.8    -9.9
1344.727   -35.4   -28.0   -40.2
1353.027   -43.4     4.0    -4.8
1354.688   -40.8   -25.2   -38.7
1356.348   -17.1   -33.8   -25.4
1364.648   -52.6    -5.4   -14.9
1366.309   -33.3   -26.9   -29.9
1374.609   -32.3   -14.3   -20.0
1376.270   -61.7   -16.0   -31.8
1384.570   -54.1   -21.7   -36.9
1386.230   -56.5   -29.8   -43.5
1387.891   -42.6   -12.6   -17.9
1396.191   -39.1    -6.3   -22.7
1407.812   -41.4     5.6   -20.5
1409.473   -31.5   -14.3   -24.4
1432.715    -0.5   -33.4   -21.5
1434.375     4.5   -31.9   -10.3
1444.336     5.5   -50.4   -24.8
1445.996    -3.1   -36.8    -8.6
1454.297    -5.3   -41.0   -17.6
1464.258    -9.8   -36.6   -28.4
1465.918     2.6   -41.3    -2.2
1475.879     4.5   -50.4   -16.4
1485.840    17.6   -41.3   -12.7
1502.441   -50.8     0.7   -23.6
1504.102   -47.8     1.2   -19.3
1512.402   -55.2   -14.3   -35.9
1514.062   -48.1    -6.3   -24.0
1522.363   -36.1   -10.7   -37.6
1524.023   -46.0   -24.4   -45.3
1525.684   -44.7   -15.8   -14.9
1532.324   -33.3   -18.1   -37.9
1533.984   -51.2   -25.1   -26.0
1535.645   -42.6   -11.0    -9.6
1543.945   -37.1   -24.2   -24.2
1545.605   -48.7   -20.1   -21.5
1555.566   -30.5   -13.0   -23.7
1636.914   -30.5    -9.7    -6.7
1645.215    -8.7   -10.4   -30.4
1646.875   -33.4   -17.0   -21.4
1656.836   -40.4   -14.5   -13.6
1658.496   -31.3   -17.7   -13.7
1666.797   -40.0    -7.3   -21.2
1668.457   -39.1   -21.5   -18.4
1670.117    -7.5   -31.9    -9.0
1676.758   -33.1     5.0   -13.7
1678.418   -38.5   -21.1   -13.8
1680.078    -8.4   -34.8   -16.5
1688.379   -38.1    -9.8    -9.8
1690.039   -30.5   -31.6   -18.8
1698.340   -43.6   -13.1   -16.0

Event #1  ts=2026-09-25 13:46:30.428  [SELECTED]
  t[ns]  u1[mV]  u2[mV]  u3[mV]
  0.000   -36.4     1.7   -10.6
  4.980   -30.5     6.3   -19.7
 11.621    -3.7   -33.3   -10.6
 14.941   -22.6     3.4   -31.2
 21.582   -11.3   -30.3   -26.5
 43.164   -30.4    -3.6    -9.5
 51.465   -36.3   -18.5   -15.0
 61.426   -29.5   -35.9   -31.4
 63.086   -40.8   -13.3    -9.6
 71.387   -28.2   -31.0   -19.0
147.754   -11.0   -23.5   -31.0
149.414   -13.2   -23.8   -30.6
170.996   -30.7   -14.8   -31.5
172.656   -33.1    -5.1    -2.3
180.957   -33.7   -14.6   -26.5
182.617   -43.9   -25.8   -39.8
190.918   -37.3    -1.6   -15.9
192.578   -52.9   -22.1   -39.7
200.879   -66.3    -9.9   -19.8
202.539  -139.3   -84.8   -59.4
204.199  -155.6  -144.7   -66.2
205.859  -147.1  -162.1   -64.4
207.520   -77.0  -172.2   -84.2
209.180   -78.0  -167.9   -84.6
210.840  -110.5  -147.1   -99.6
212.500  -104.7  -130.6   -85.2
214.160  -100.0  -127.3   -82.1
215.820   -21.5   -79.7   -60.1
220.801   -42.3   -46.8   -58.1
222.461   -62.5   -52.0   -44.6
224.121   -42.5   -34.5   -10.5
232.422   -30.3   -40.5   -26.6
242.383   -30.0   -32.3   -16.0
244.043   -12.2   -30.8   -12.0
267.285   -36.1   -10.7   -16.1
277.246   -41.8   -32.6   -32.0
278.906   -34.8     4.6    -2.4
287.207   -49.8   -26.2   -26.5
288.867   -37.4    -8.6   -17.7
297.168   -48.5   -21.1   -20.0
305.469   -34.7   -36.2   -35.5
307.129   -49.2   -10.3   -10.4
308.789   -31.2     1.4    -7.2
315.430   -21.8   -33.7   -35.1
317.090   -39.5   -18.8   -16.4
396.777   -34.1   -23.7   -15.8
398.438   -31.8   -33.6   -20.9
406.738   -39.9   -35.3   -29.3
408.398   -44.5   -28.8   -27.2
416.699   -28.5   -34.2   -32.0
418.359   -46.3   -38.0   -25.7
426.660   -21.5   -34.2   -17.7
428.320   -41.5   -44.9   -38.5
429.980   -40.0   -22.3   -16.9
438.281   -32.0   -28.9   -31.1
448.242   -39.7   -21.9   -21.8
449.902   -37.4   -11.9   -15.4
459.863   -40.8    -0.2   -15.6
469.824   -34.2    -4.6   -20.7
479.785   -34.2    -3.3   -19.3
481.445   -39.1    -4.2    -8.6
501.367   -19.3   -20.4   -30.7
554.492   -33.4     8.1    -3.0
556.152   -33.3     5.6   -18.8
566.113   -35.6    -1.2   -17.8
576.074   -33.8    -2.6   -25.5
586.035   -40.0   -20.3   -36.0
595.996   -32.1   -15.2   -29.5
597.656   -31.0   -11.3   -29.9
602.637     2.8   -31.1   -16.8
629.199   -30.5     1.7   -15.9
639.160   -39.9    13.1    -1.9
647.461   -21.3   -11.9   -30.4
649.121   -52.4     5.5   -14.4
650.781   -43.4     2.7   -14.7
659.082   -30.7    -3.5   -22.2
660.742   -34.1    -6.3    -7.3
670.703   -38.4    -9.4    -9.6
672.363   -33.2   -15.1   -13.7
675.684    36.6   -41.2   -22.8
679.004   -37.5    17.4    -5.0
680.664   -40.9    -4.9   -37.0
685.645    31.8   -40.1   -19.8
690.625   -31.1    16.5    -8.7
697.266    14.1   -36.4   -17.8
700.586   -37.7    27.5   -16.1
702.246   -33.4    21.0   -12.6
705.566    29.5   -32.7    -0.1
717.188    11.0   -45.7   -12.1
727.148    11.8   -38.3   -11.4
732.129   -35.3    23.8    -4.1
737.109    10.0   -30.5    -2.2
740.430   -44.1    10.0   -20.2
742.090   -30.7    14.9   -12.3
750.391   -38.9    -1.9   -26.5
752.051   -46.6    -2.1   -24.7
760.352   -30.9     6.9    -7.5
762.012   -49.6   -18.4   -32.7
763.672   -30.2    -6.0    -8.5
771.973   -48.1   -18.8   -31.3
773.633   -36.5   -25.6   -33.5
781.934   -49.6   -24.0   -30.2
783.594   -54.0   -16.9   -24.1
791.895   -39.3   -34.2   -41.9
793.555   -49.3   -32.2   -31.9
803.516   -30.9   -36.5   -38.8
805.176   -36.0   -26.3   -14.3
815.137   -16.1   -38.3   -25.9
816.797   -32.4   -14.9   -15.4
828.418   -32.1    -9.4   -27.0
838.379   -34.0   -19.4   -29.3
840.039   -40.8     5.5   -12.0
848.340   -39.4   -21.2   -37.9
850.000   -45.6   -12.2   -33.3
851.660   -31.6     4.5    -8.8
858.301   -38.8   -17.1   -25.2
859.961   -37.4    -5.9   -12.9
861.621   -37.5    -4.7   -14.4
869.922   -42.6    -8.1   -28.8
871.582   -36.9    -4.5   -15.5
881.543   -34.2     8.3    -7.4
906.445    -9.0   -31.3   -12.2
913.086   -33.4   -10.2   -11.0
914.746   -31.1   -10.6    -9.7
918.066    -9.0   -40.5   -26.4
923.047   -15.1    -3.4   -34.5
926.367   -33.0   -21.8    -0.9
928.027   -20.7   -36.7    -5.1
929.688     2.0   -35.1   -19.0
934.668   -24.7   -21.6   -31.2
936.328   -31.2   -31.8   -10.1
946.289   -23.5   -41.7   -21.4
947.949   -21.4   -31.7   -16.0
1052.539   -28.1   -30.7   -29.9
1054.199   -35.0   -22.3   -19.0
1062.500   -14.4   -32.4   -25.7
1094.043     7.8   -33.9   -22.6
1099.023   -28.6   -12.1   -36.1
1110.645   -33.5   -27.1   -40.5
1120.605   -36.0   -18.0   -29.0
1122.266   -20.3   -40.9   -17.8
1130.566   -39.4    -3.5   -25.7
1132.227   -30.9   -34.5   -19.5
1133.887    10.1   -31.9    -2.0
1140.527   -43.7   -15.2   -38.3
1142.188   -28.0   -37.6   -19.0
1143.848   -12.7   -34.8     3.4
1150.488   -38.8    -3.8   -29.1
1152.148   -28.4   -42.5   -33.8
1153.809    -8.5   -42.2   -13.3
1160.449   -59.8     4.4   -19.5
1162.109   -47.6   -14.0   -17.9
1163.770    25.1   -33.2    -2.2
1170.410   -55.9     0.5   -37.9
1172.070   -63.2    -6.2   -32.4
1180.371   -45.5     6.3   -30.9
1182.031   -58.8   -10.4   -45.7
1183.691   -33.0    -8.8    -6.5
1190.332   -30.6     1.4   -11.7
1191.992   -58.8    -7.4   -43.4
1193.652   -47.1   -10.1   -26.7
1201.953   -55.1    -9.6   -27.7
1213.574   -52.6    -7.2   -38.3
1215.234   -32.6    11.7   -16.8
1223.535   -42.6    -5.4   -30.4
1230.176    18.1   -35.3   -17.8
1240.137     9.4   -37.9   -12.6
1260.059   -11.9   -34.4   -27.4
1270.020   -17.4   -49.7   -28.5
1271.680   -16.5   -46.7   -24.9
1281.641   -14.5   -48.4   -30.7
1291.602     0.0   -35.0   -10.4
1293.262   -31.2    -8.4   -18.9
1304.883   -43.6    -3.3   -21.7
1306.543   -43.3    -5.4   -34.3
1314.844   -46.7    -4.0   -14.5
1316.504   -47.5   -13.0   -20.8
1324.805   -52.9   -19.1   -20.4
1326.465   -54.5   -17.3   -26.0
1336.426   -54.6   -27.1   -30.7
1338.086   -58.1   -22.7   -20.1
1346.387   -39.0   -30.8   -38.1
1348.047   -56.0   -32.7   -33.9
1358.008   -35.1   -39.4   -44.6
1359.668   -38.8   -16.3    -4.5
1367.969   -27.4   -32.9   -29.9
1369.629   -39.8   -35.1   -29.2
1414.453     9.4   -30.9   -14.4
1441.016   -48.1   -11.5   -14.7
1450.977   -49.8   -22.9   -29.4
1452.637   -37.9   -18.5   -18.8
1460.938   -44.8    -8.1   -19.6
1470.898   -43.2   -14.3   -18.6
1472.559   -57.5   -20.4   -20.2
1480.859   -37.7   -12.7   -20.7
1482.520   -44.8   -11.2    -9.6
1492.480   -41.6   -11.4   -19.9
1535.645   -11.7   -35.8   -23.4
1545.605   -16.4   -31.0   -27.4
1577.148   -31.8   -12.5    -5.8
1608.691   -14.9   -34.2   -26.8
1648.535     3.3   -39.9   -27.5
1666.797     8.3   -32.1    -6.1
1671.777   -33.0     6.8   -23.0
1688.379    14.6   -31.0    -6.1
1691.699   -41.3     0.4   -19.2
1698.340    12.7   -21.6    -4.0

Event #2  ts=2026-09-25 13:46:30.880  [SELECTED]
  t[ns]  u1[mV]  u2[mV]  u3[mV]
  0.000    22.5   -11.2     2.0
  8.301   -32.7    10.0   -10.0
111.230   -15.5   -32.6   -20.8
121.191   -12.2   -40.3   -20.1
131.152   -11.2   -33.9   -16.3
141.113     7.0   -37.8    -7.6
149.414    11.5   -36.1    -8.1
151.074    18.5   -35.6    -2.2
156.055   -40.1     8.8   -24.3
157.715   -32.8    -1.0   -22.9
166.016   -45.2    14.4   -16.6
167.676   -43.8    -5.2   -31.9
175.977   -51.6    14.1   -15.2
177.637   -55.4     8.9   -18.6
179.297     5.2   -30.9    -7.4
185.938   -47.5     1.2   -19.1
187.598   -50.9     1.9   -14.3
195.898   -51.1    -3.6   -32.1
197.559   -78.5    -8.1   -27.9
199.219   -99.0   -83.9   -53.4
200.879   -95.0  -124.6   -59.9
202.539   -97.0  -126.5   -60.0
204.199  -135.0  -114.1   -64.9
205.859  -144.2   -98.9   -72.6
207.520  -135.0   -94.8   -79.3
209.180   -87.8   -79.6   -72.4
210.840   -32.1   -53.1   -24.0
212.500   -19.5   -40.4   -17.9
214.160   -31.3   -37.3   -38.6
215.820   -55.4   -13.1   -26.3
217.480   -42.6   -14.4   -31.2
219.141   -20.1   -23.7   -33.0
224.121   -10.4   -24.4   -32.7
227.441   -34.5    17.3     3.5
229.102    -7.6   -31.7   -32.2
230.762    -7.7   -31.1   -32.7
240.723    -3.2   -37.4   -21.7
242.383    -8.5   -38.5   -22.5
252.344   -13.2   -45.1   -32.6
262.305   -17.0   -35.5   -21.1
280.566    14.0   -36.1    -9.7
295.508   -36.5     5.2    -9.3
297.168   -37.0    -2.3   -17.3
305.469   -30.2    -7.6    -7.2
308.789   -11.0   -29.4   -34.2
315.430   -44.7     0.0   -15.7
325.391   -31.6   -16.0   -24.8
327.051   -44.4   -13.5   -19.4
337.012   -36.2   -24.8   -32.8
346.973   -30.5    -7.9   -24.2
358.594   -19.9   -34.5   -26.6
360.254    -6.2   -30.7   -10.8
370.215     0.8   -30.9   -13.2
371.875     0.5   -30.4   -12.7
381.836     2.0   -33.9   -17.0
395.117   -44.2    26.6    -7.4
396.777   -41.1    20.1    -9.5
405.078   -30.8    -4.8   -20.4
406.738   -57.8     3.0   -33.3
411.719    47.0   -30.4    -2.0
415.039   -40.1     6.3   -17.6
416.699   -71.0    -8.4   -54.9
418.359   -52.4   -12.1   -32.0
426.660   -74.7     7.3   -29.5
428.320   -72.8   -26.0   -49.4
436.621   -57.2     7.6   -20.7
438.281   -73.8   -16.0   -39.9
439.941   -55.0   -36.1   -40.6
448.242   -70.1   -12.2   -39.0
449.902   -53.1   -21.8   -22.5
458.203   -55.7   -21.7   -39.8
459.863   -33.6   -27.3   -14.7
469.824   -22.4   -30.7   -37.3
479.785   -10.5   -23.3   -31.0
493.066   -26.5   -30.3   -14.3
504.688   -45.5   -31.2   -20.7
514.648   -45.6   -45.9   -36.0
524.609   -32.0   -26.8   -18.9
526.270   -42.9   -35.9   -37.2
534.570   -30.1   -27.1   -20.9
536.230   -35.8   -26.1   -20.9
544.531   -22.9   -34.5   -30.2
554.492    -9.1   -34.7   -31.6
591.016   -35.9   -15.9   -24.5
600.977   -31.8   -18.1   -28.2
610.938   -39.3   -16.5   -24.0
630.859   -41.3   -18.8   -30.2
632.520   -33.0     1.7   -10.8
640.820   -37.0   -23.2   -22.5
642.480   -34.1    -0.3   -23.4
650.781   -39.5   -17.4    -8.4
652.441   -42.1    -9.5   -16.0
660.742   -44.5   -10.3   -13.5
662.402   -42.2    -1.3    -5.4
672.363   -34.8     8.6    -3.3
682.324   -33.2    -3.1   -16.5
683.984   -32.4    -2.0   -16.5
702.246   -33.1     2.8   -17.0
703.906   -30.7    -4.7   -21.7
712.207   -30.3     4.0   -15.1
713.867   -31.2     0.2   -10.7
725.488   -31.4    -6.2    -3.4
735.449   -33.5   -14.5   -11.2
786.914   -13.3   -36.7   -20.5
823.438   -37.9     1.6   -24.9
825.098   -39.8     6.4   -18.5
833.398   -39.9   -11.1   -20.9
835.059   -54.5    -8.7   -28.5
843.359   -47.1   -13.0   -18.5
845.020   -42.0   -17.4   -34.4
846.680   -36.7   -19.3   -38.5
853.320   -35.0   -19.6   -26.1
854.980   -55.4   -16.4   -27.0
856.641   -58.3   -15.3   -24.2
864.941   -42.2   -27.2   -25.4
866.602   -51.0   -24.2   -29.8
914.746   -41.4    -4.0   -15.2
924.707   -33.3   -16.6   -12.8
934.668   -35.8    -6.5   -23.9
936.328   -33.5   -20.4   -36.9
944.629   -33.6     8.1    -9.7
982.812   -33.4   -22.4   -26.6
984.473   -31.1   -19.5   -22.1
1004.395   -30.1   -16.0   -12.4
1006.055   -30.7    -5.4   -17.9
1025.977   -31.0     7.1    -6.1
1059.180   -27.9   -25.7   -30.7
1070.801   -20.0   -32.3   -33.1
1080.762   -23.8   -31.6   -32.3
1125.586   -42.6   -11.5   -23.2
1135.547   -49.2    -8.1   -21.1
1137.207   -49.6    -2.4   -14.5
1145.508   -24.2   -22.4   -30.8
1147.168   -46.6    -9.2   -19.7
1148.828   -35.9     7.0    -0.2
1158.789   -40.0     9.1    -8.8
1168.750   -40.1     4.1   -26.7
1185.352    14.0   -31.1    -5.2
1195.312    15.3   -33.5    -7.4
1201.953    -6.0   -32.5   -23.7
1203.613     7.2   -42.0    -7.9
1205.273     6.1   -33.5     6.5
1213.574     9.6   -44.9   -12.0
1215.234    13.9   -35.7    -2.2
1225.195    16.0   -31.6    -4.3
1230.176   -30.2    16.3   -21.2
1235.156    15.6   -30.2   -10.2
1250.098   -32.7     7.8   -15.3
1260.059   -31.4    -0.5   -25.8
1294.922     4.9   -30.3   -12.7
1329.785   -35.9    -8.7   -24.0
1331.445   -35.5   -11.1   -31.6
1339.746   -40.9     1.6   -12.7
1341.406   -46.2   -10.3   -21.4
1343.066   -14.8   -31.0   -24.2
1349.707   -38.2   -17.9   -33.1
1351.367   -48.6   -17.8   -14.1
1359.668   -31.7   -20.8   -34.0
1361.328   -47.2   -37.4   -36.2
1369.629   -36.2   -20.6   -27.8
1371.289   -48.4   -46.9   -38.2
1381.250   -31.7   -44.5   -27.4
1382.910   -19.9   -34.0   -19.1
1417.773   -35.3    -3.8   -24.2
1426.074   -43.4   -11.8   -24.4
1436.035   -36.3    -8.3   -16.4
1437.695   -37.1     3.5   -28.5
1444.336   -30.5   -23.4   -26.8
1445.996   -44.7    -4.1   -15.9
1447.656   -53.7     9.8   -16.6
1457.617   -47.2    11.2   -16.8
1467.578   -33.8    15.6   -18.6
1489.160   -33.9   -12.0   -25.5
1490.820   -33.7   -14.0   -16.5
1500.781   -34.4   -27.8   -27.2
1502.441   -35.0   -37.5   -29.5
1520.703   -35.8   -42.6   -39.4
1522.363   -23.0   -41.4   -29.2
1530.664   -32.7   -27.7   -21.0
1532.324   -28.0   -30.3   -25.0
1542.285   -30.2   -30.4   -19.5
1550.586    -6.9   -30.7   -18.1
1553.906   -33.6    -3.6   -13.1
1563.867   -38.3    -0.9    -4.0
1573.828   -44.7    -6.2   -11.5
1583.789   -46.8   -16.8   -30.2
1585.449   -40.3    -7.2    -9.2
1592.090   -37.2   -15.4   -27.3
1593.750   -38.6   -25.7   -22.0
1595.410   -33.5   -15.4   -13.2
1603.711   -38.8   -18.8   -28.0
1605.371   -18.5   -15.3   -32.0
1623.633   -33.9    -4.2   -10.8
1660.156    -1.9   -31.9   -18.1
1683.398   -33.4    -0.1   -26.2
1685.059   -36.1     5.2   -15.4
1688.379    25.4   -31.0   -13.3
1693.359   -35.6     6.7   -27.2
1698.340    22.1   -26.9    -7.4

Event #11  ts=2026-09-25 13:46:37.679  [SELECTED]
  t[ns]  u1[mV]  u2[mV]  u3[mV]
  0.000    -4.5    13.8    -2.7
  3.320   -20.4   -22.4   -33.9
 14.941   -25.4   -36.6   -28.2
 24.902   -32.2   -35.8   -23.5
 34.863   -34.1   -21.7    -9.0
 43.164   -16.2   -44.4   -37.1
 44.824   -28.4   -34.2   -25.2
 53.125    -7.0   -35.7   -28.4
 66.406   -42.9    -1.1    -9.0
 76.367   -44.1   -14.9   -34.9
 78.027   -44.6   -26.9   -34.0
 87.988   -35.2   -41.8   -28.5
 96.289   -31.4    -4.4   -17.2
 97.949   -31.0   -58.9   -34.4
 99.609   -25.3   -48.9   -22.0
106.250   -30.9   -16.1   -10.8
107.910   -32.6   -38.9   -22.6
126.172   -11.0   -33.1   -22.3
142.773   -30.2    -6.1   -24.1
152.734   -40.1   -10.0   -15.3
161.035   -20.8   -20.7   -31.1
162.695   -36.8    -8.9   -10.2
195.898   -51.4   -24.8    -5.6
197.559   -52.5   -35.6    -8.5
199.219   -69.1   -66.5    -7.5
200.879  -105.5   -79.9    18.5
202.539  -135.2  -107.4   -16.3
204.199  -147.5  -112.7   -25.7
205.859  -136.5  -119.0   -32.0
207.520   -87.4   -99.2    -7.6
209.180   -51.0   -90.0   -15.5
210.840    13.1   -50.2     2.2
214.160   -55.6   -49.8   -59.2
215.820   -77.8   -60.9   -43.8
217.480   -53.3   -36.9    -4.2
224.121   -67.1   -35.9   -39.1
225.781   -69.5   -42.9   -41.2
227.441   -34.2   -24.5    -8.0
234.082   -42.2   -23.5   -27.4
235.742   -58.2   -34.6   -23.4
237.402   -45.1   -31.8   -26.6
244.043   -13.9   -21.9   -40.9
245.703   -51.3   -24.4   -17.5
247.363   -46.0   -26.0   -20.7
254.004   -25.8   -30.7   -34.9
255.664   -46.3   -20.4   -11.6
290.527   -30.4    -7.7    -3.8
298.828   -19.3   -22.8   -35.7
300.488   -39.8   -17.0   -15.3
302.148   -30.3    -7.2    -6.6
310.449   -41.1   -18.6   -16.7
318.750   -39.2   -17.0   -15.3
320.410   -48.6   -18.6   -22.4
330.371   -42.0   -10.4   -22.7
337.012    -2.2   -31.2   -29.4
338.672   -44.6   -11.3   -17.5
340.332   -41.8    -1.6    -7.5
348.633   -38.0   -17.4   -22.3
358.594   -37.5   -11.4   -12.8
413.379   -31.3   -12.8   -12.8
415.039   -31.6   -11.9   -16.5
425.000   -37.3   -20.6   -16.4
434.961   -29.4   -31.3   -27.8
444.922   -16.7   -38.2   -32.3
446.582   -19.4   -33.1   -23.5
464.844   -17.4   -33.3   -26.0
466.504   -21.0   -32.5   -23.5
489.746   -27.1   -10.8   -31.1
534.570   -20.6   -31.1   -30.5
544.531   -16.2   -35.6   -32.4
556.152   -14.7   -41.6   -25.2
564.453    -0.5   -39.9   -24.7
566.113   -26.4   -35.9   -12.6
567.773   -34.6   -10.6    -9.7
574.414    15.5   -42.1   -17.7
577.734   -42.8    -2.9   -28.1
579.395   -37.4    -0.1   -28.6
584.375    28.3   -38.2   -17.4
586.035   -13.6   -33.6   -16.7
587.695   -51.1    -9.6   -13.7
589.355   -44.0    -0.9   -31.4
597.656   -46.9   -11.3   -22.5
599.316   -61.7    -6.1   -33.4
600.977   -55.4     4.1   -26.8
607.617   -43.4   -16.7   -24.9
609.277   -69.9    -6.3   -36.5
610.938   -37.2    10.2    -7.6
617.578   -34.9    -5.3   -13.5
619.238   -54.1   -14.4   -40.1
620.898   -39.1    -4.0   -18.0
627.539   -31.5    -0.5    -8.7
629.199   -56.9   -12.4   -34.9
630.859   -34.5    -9.0   -25.2
639.160   -45.2    -6.0   -21.6
640.820   -41.7    -2.5   -14.9
649.121   -30.8    -9.3   -23.1
650.781   -33.5     1.0    -2.6
660.742   -35.7     1.1    -2.2
674.023    -6.7   -31.5   -19.2
692.285   -26.8   -27.4   -34.6
703.906    -5.9   -37.2   -34.1
740.430   -44.7    -2.2     3.5
742.090   -31.5    -5.8    -7.3
752.051   -41.1   -19.9   -13.8
762.012   -31.0   -24.8   -30.1
763.672   -35.0   -18.5   -22.1
771.973   -33.0    -3.4   -19.7
781.934   -30.6     6.2    -6.1
806.836     6.8   -31.6   -12.4
816.797     7.6   -35.7     1.9
826.758    10.0   -37.3   -22.2
833.398   -31.4    32.9     7.6
836.719    22.6   -46.2    -6.2
838.379    18.0   -38.3     2.4
843.359   -41.7    15.8   -12.6
846.680    21.6   -42.6   -12.0
848.340    21.5   -39.2     3.3
853.320   -44.7    17.6   -18.2
856.641    17.4   -38.2    -8.4
861.621   -32.4    13.9   -23.8
863.281   -52.8    17.7   -11.0
864.941    -8.3   -31.1   -14.9
866.602    26.4   -49.6   -13.9
868.262    33.2   -49.7    -7.2
871.582   -30.7    11.8   -32.2
873.242   -47.2     8.7    -7.4
876.562    41.2   -43.3    -6.5
878.223    40.3   -45.6    -9.9
883.203   -56.0     7.5   -41.4
884.863   -41.5    -3.6   -14.4
888.184    41.4   -36.9     3.3
893.164   -60.3     8.0   -25.5
894.824   -30.7   -13.9   -15.2
896.484    14.2   -30.8    -6.9
903.125   -69.3     9.3   -16.6
906.445    27.4   -36.6   -14.8
911.426   -38.5   -13.9   -37.7
913.086   -59.1    -6.4   -22.2
923.047   -56.0   -10.8   -26.9
924.707   -39.9    -1.9   -11.5
933.008   -41.0    -9.8   -16.0
934.668   -36.3   -10.8   -19.7
942.969   -39.6   -15.2   -16.5
944.629   -30.8    -0.5    -5.7
962.891    -2.3   -33.0   -21.9
989.453   -44.0   -13.5    -5.5
999.414   -40.6   -20.4   -15.6
1009.375   -36.2   -22.5   -25.2
1057.520   -38.5   -11.1   -12.2
1077.441   -32.0    -2.5    -0.8
1079.102   -31.4   -23.0   -30.4
1100.684   -35.3    -0.9   -16.9
1135.547     6.2   -31.7    -1.9
1145.508    14.0   -32.8   -11.7
1147.168    -7.7   -36.9   -16.0
1148.828   -34.2   -14.0   -24.1
1157.129    -7.1   -38.7   -24.9
1158.789   -36.2   -24.8   -23.4
1160.449   -42.1    -4.2    -8.2
1167.090     5.3   -31.9   -13.0
1168.750   -12.2   -38.8   -30.0
1170.410   -35.2   -21.9   -16.6
1172.070   -38.8    25.7   -15.0
1178.711     6.4   -33.6   -19.6
1180.371   -51.8     5.9   -12.2
1182.031   -41.7    14.1   -17.1
1183.691   -37.2    11.5   -16.1
1191.992   -39.5    -5.7   -19.3
1193.652   -51.8     1.2   -29.7
1203.613   -49.4    -6.4   -32.3
1205.273   -53.1    -8.9   -37.2
1213.574   -33.3     5.8    -5.3
1215.234   -49.6   -13.8   -34.0
1216.895   -35.4   -29.3   -39.4
1225.195   -41.9    -1.4   -22.1
1226.855   -43.1   -30.9   -41.3
1228.516   -35.3   -34.1   -36.1
1236.816   -43.0   -25.3   -35.8
1246.777   -22.9   -27.2   -35.3
1248.438   -21.2   -35.8   -31.5
1284.961   -32.5    -8.6   -20.3
1294.922   -38.2   -17.3   -18.8
1296.582   -31.8   -10.8    -5.4
1304.883   -37.4   -29.4   -39.6
1306.543   -33.0   -17.7   -10.1
1316.504   -36.7   -18.7   -29.1
1326.465   -34.2    -5.0   -14.3
1334.766   -14.9   -16.8   -31.7
1338.086   -31.4    -1.9    -2.6
1391.211   -21.0   -39.3   -31.5
1421.094   -17.8   -32.6   -23.2
1497.461    -7.8   -30.3   -22.2
1507.422     1.1   -34.3   -22.4
1542.285   -28.6   -21.0   -31.2
1552.246   -27.2   -26.3   -41.5
1572.168   -33.3   -13.6   -23.0
1580.469   -36.9   -18.1   -25.7
1588.770   -31.0    -4.6    -7.3
1590.430   -35.3    -9.7   -28.7
1592.090   -32.1   -22.4   -40.3
1597.070     1.6   -30.6   -18.4
1600.391   -31.6   -11.7   -24.5
1607.031     2.3   -30.2   -10.3
1610.352   -47.2   -13.4   -31.9
1620.312   -30.3   -16.7   -27.5
1630.273   -33.2   -10.3   -35.6
1631.934   -37.7   -10.1   -40.2
1635.254    21.6   -34.2   -17.8
1636.914    21.5   -30.2   -14.1
1641.895   -36.0    -6.2   -33.6
1651.855   -32.1    -3.4   -27.3
1653.516   -33.6    -1.8   -15.2
1663.477   -43.4     1.8    -9.4
1665.137   -24.4   -33.3   -37.4
1666.797     2.9   -37.8   -23.2
1673.438   -45.0   -13.9   -13.3
1675.098    -8.0   -35.5   -25.7
1683.398   -32.9   -21.8   -11.8
1698.340    -8.2     5.1     1.9

Event #14  ts=2026-09-25 13:46:39.240  [SELECTED]
  t[ns]  u1[mV]  u2[mV]  u3[mV]
  0.000    -5.3     0.1     1.3
  4.980   -42.6    11.8    -6.4
  6.641   -26.2   -46.1   -34.9
  8.301    -4.5   -59.7   -30.5
 14.941   -35.3    -3.2   -13.4
 16.602   -32.1   -32.1   -22.9
 18.262    -5.7   -51.0   -20.6
 26.562   -16.9   -33.1   -15.0
 28.223     2.3   -33.1    -0.8
 36.523    -2.0   -34.4   -13.8
154.395   -31.6    10.9   -13.5
156.055   -34.0    11.5   -15.9
199.219  -127.7  -103.1   -17.0
200.879  -211.2  -154.3    -4.1
202.539  -203.2  -171.5    -9.2
204.199  -189.2  -169.7   -14.1
205.859  -148.4  -125.6     0.6
207.520  -115.5  -115.5    -1.0
209.180   -79.3  -102.4   -18.1
210.840   -68.8   -68.6    -4.9
212.500   -75.4   -31.4    -1.6
214.160   -56.8   -20.1   -14.6
217.480    -3.0   -39.3     2.6
219.141   -26.3   -38.2   -18.6
220.801   -43.2   -12.5   -11.2
222.461   -44.0     1.9     1.1
224.121   -34.0    -2.7    -5.9
230.762   -38.8   -16.3    -8.5
232.422   -42.1     0.5   -12.9
234.082   -37.6    -0.6   -18.1
237.402    17.8   -30.4    -7.6
240.723   -36.0    -3.7    -3.3
242.383   -36.7    -1.8   -28.1
250.684   -31.5     9.3    -5.9
252.344   -52.2    17.0    -2.8
254.004   -29.8   -26.3   -35.5
262.305   -56.9     4.9   -10.1
272.266   -54.9    -3.1   -21.6
273.926   -58.1    -6.3   -27.7
282.227   -45.2   -15.4   -33.8
283.887   -44.9   -40.2   -38.9
292.188   -57.1   -23.9   -29.8
293.848   -46.2   -36.6   -37.9
302.148   -50.1    -9.3   -17.2
303.809   -44.9   -30.0   -33.5
305.469   -21.0   -36.2   -27.3
312.109   -30.4   -19.1   -22.7
313.770   -42.7   -28.9   -11.9
323.730   -22.2   -32.0   -23.9
325.391   -38.1   -25.8   -19.9
333.691   -17.4   -33.8   -29.2
345.312   -32.5   -19.6    -9.7
346.973   -45.7   -15.4   -19.8
356.934   -37.7   -17.2   -30.8
358.594   -39.6    -5.5   -19.1
366.895   -42.7   -30.3   -35.2
368.555   -46.1   -15.7   -13.9
376.855   -39.8   -35.4   -42.2
378.516   -46.9   -24.9   -31.0
388.477   -50.8   -27.8   -42.3
398.438   -31.4   -23.2   -25.3
400.098   -31.3   -29.7   -24.1
503.027   -40.3   -10.2   -19.5
512.988   -40.2    -9.2   -12.0
522.949   -39.6   -20.8   -28.5
524.609   -50.1   -22.7   -32.5
534.570   -38.3   -33.5   -37.3
546.191   -35.0   -30.7   -31.8
547.852   -32.4     1.4    -1.7
554.492   -32.6   -17.0   -16.6
556.152   -34.1   -20.1   -22.4
557.812   -42.1   -16.9   -32.3
566.113   -33.0    -4.0   -12.2
567.773   -39.9   -14.5   -28.8
569.434   -37.6   -15.7   -26.1
576.074   -36.1     1.3   -12.8
577.734   -47.0    -8.5   -20.9
579.395   -31.0   -17.2   -24.5
587.695   -50.3    -4.3   -17.5
589.355   -41.3   -15.1   -23.6
597.656   -51.8    -7.5   -21.7
599.316   -53.2    -8.2   -22.9
607.617   -34.6    -5.9   -17.6
609.277   -48.3    -9.2   -24.2
617.578   -40.5    -5.6   -12.9
619.238   -44.7   -19.1   -28.2
627.539   -33.6    -2.7   -14.0
629.199   -34.9   -23.5   -19.7
630.859    -5.0   -32.2   -20.7
649.121   -12.4   -30.2   -11.7
665.723   -35.8    -1.0   -25.9
675.684   -32.9    -5.0   -27.1
677.344   -32.0   -13.9   -24.1
683.984   -39.9    -5.0   -21.6
685.645   -51.3    -5.7   -27.2
693.945   -45.3   -18.3   -30.0
695.605   -54.7   -10.3   -31.2
697.266   -31.7    -8.3   -22.1
703.906   -47.1   -23.8   -25.0
705.566   -51.1   -22.0   -32.5
713.867   -41.9   -26.1   -23.4
715.527   -45.5   -14.0   -30.8
717.188   -35.2    -7.7   -24.5
723.828   -17.7   -43.1   -34.2
725.488   -49.2   -21.8   -23.4
733.789   -22.6   -44.2   -22.5
735.449   -31.8   -47.0   -33.9
737.109   -37.6   -11.8   -16.5
745.410   -18.0   -33.1   -18.8
753.711    -7.8   -31.8    -8.0
765.332    -1.0   -35.7    -7.5
775.293    -1.0   -31.1    -4.3
783.594   -18.9   -31.2   -24.8
785.254   -12.3   -31.5    -5.8
795.215   -16.2   -32.5   -18.0
806.836   -14.2   -31.0   -32.3
840.039    -0.3   -31.1   -11.8
841.699   -11.7   -31.9   -20.6
843.359   -33.1    -8.5   -14.8
845.020   -30.4    15.2    -4.8
851.660     4.4   -31.1    -7.3
853.320    -9.4   -31.1   -17.9
854.980   -49.5    11.7   -14.7
861.621    13.3   -33.0    -9.1
864.941   -34.0    -7.0   -12.3
866.602   -36.2    15.5   -23.4
871.582    18.9   -34.1    -5.6
873.242     1.4   -31.2   -11.3
874.902   -47.6     6.1   -16.3
876.562   -49.9     9.7   -33.0
878.223   -33.6     1.5   -26.7
883.203    27.8   -30.3     1.7
884.863   -34.3    -2.0   -13.7
886.523   -53.2    11.1   -23.9
888.184   -43.9     4.7   -26.8
896.484   -43.2     2.9   -18.2
898.145   -37.6    -6.4   -25.6
908.105   -43.9     4.7   -33.7
909.766   -46.5    -9.5   -25.4
919.727   -36.0   -12.0   -39.3
929.688   -28.2   -13.4   -30.6
942.969    -6.9   -30.1   -14.7
979.492   -30.8     3.2   -14.0
989.453   -28.5    -9.4   -32.1
999.414   -30.4     8.7   -16.6
1024.316    -1.0   -31.9   -15.5
1035.938    -7.7   -32.9    -4.1
1047.559     2.2   -30.2   -18.5
1065.820   -13.0   -30.2   -17.9
1099.023    -2.0   -31.9   -22.9
1100.684   -14.4   -32.8   -22.4
1102.344   -35.2     1.5    -8.5
1104.004   -32.0    11.1    -7.0
1110.645    -1.9   -31.8   -14.4
1112.305   -33.9   -11.9   -18.3
1113.965   -36.4     5.0   -17.2
1120.605    -2.1   -33.3   -12.4
1122.266   -37.2    -7.8   -19.6
1123.926   -42.2    -2.2   -18.9
1130.566    11.8   -30.2    -2.2
1133.887   -38.1     6.8   -23.4
1135.547   -31.6     5.2   -23.3
1153.809   -34.3     6.0   -12.3
1165.430   -30.7    10.8    -6.0
1168.750     7.0   -31.1   -14.8
1170.410     7.5   -30.5   -15.6
1180.371    -3.2   -30.6   -21.6
1235.156   -36.4     0.6    -9.9
1238.477    20.7   -36.4   -13.9
1245.117   -38.3    -3.9    -9.4
1248.438    26.1   -35.5    -6.0
1250.098    27.9   -33.9    -5.3
1255.078   -35.8     6.1   -20.1
1256.738   -31.5   -21.1   -19.0
1263.379   -39.6    20.5   -11.6
1265.039   -41.8    18.3   -14.3
1266.699     2.7   -36.2    -4.3
1268.359    10.3   -34.6     3.3
1273.340   -38.4    20.8    -7.2
1275.000   -49.7     9.8   -16.6
1276.660    -3.6   -36.9   -17.5
1278.320    23.8   -40.3     0.3
1284.961   -47.6     1.9   -26.4
1293.262   -34.5    11.3    -9.9
1294.922   -51.4     2.8   -33.6
1304.883   -36.2   -15.3   -30.8
1313.184   -35.5     0.0   -18.0
1367.969   -38.6   -17.1   -23.8
1369.629   -31.1   -31.2   -25.0
1371.289   -14.1   -31.5   -10.1
1377.930   -33.5   -10.4   -13.3
1379.590   -32.6   -44.2   -35.5
1381.250   -18.6   -41.3   -27.0
1389.551   -20.3   -46.4   -25.4
1399.512   -14.6   -33.9   -10.2
1409.473     2.3   -33.5    -3.8
1416.113   -32.5    17.0    -5.4
1424.414   -38.8   -13.8   -33.5
1426.074   -40.8     5.9   -14.7
1434.375   -48.9   -11.9   -28.9
1436.035   -35.5    -6.5   -14.5
1444.336   -50.3    -8.2   -22.4
1445.996   -50.7   -13.2   -23.7
1452.637   -39.9   -16.0   -23.9
1454.297   -34.5    -8.2    -9.4
1455.957   -32.1    -9.0    -8.3
1464.258   -56.3   -23.6   -27.9
1472.559   -35.5   -19.9   -20.2
1474.219   -45.7   -26.1   -32.8
1484.180   -33.8   -21.9   -26.4
1492.480   -34.1    -4.4    -9.5
1542.285   -37.3     1.6   -24.8
1552.246   -51.0    -3.1   -29.9
1553.906   -43.2    -5.3   -18.0
1562.207   -54.8    -3.7   -32.4
1563.867   -53.1   -26.4   -23.6
1572.168   -63.3   -20.6   -30.2
1573.828   -65.0   -27.0   -29.9
1582.129   -66.0   -27.3   -30.9
1583.789   -66.6   -25.5   -21.1
1585.449   -27.4   -32.5   -29.5
1592.090   -56.9   -33.8   -30.1
1593.750   -52.7   -33.5   -21.8
1602.051   -38.9   -37.1   -27.0
1603.711   -45.9   -27.3   -27.1
1613.672   -37.4   -21.6   -23.6
1615.332   -33.4   -11.3   -15.3
1625.293   -34.5   -19.8   -23.2
1626.953   -33.1    -3.9   -11.3
1636.914   -32.0   -11.2   -15.4
1645.215   -38.5   -17.0   -28.2
1646.875   -31.7   -24.1   -23.6
1655.176   -36.2   -10.7   -15.8
1656.836   -36.2   -34.2   -36.0
1666.797   -35.2   -25.4   -25.9
1698.340    -4.7    -4.8   -12.2

Event #15  ts=2026-09-25 13:46:40.489  [SELECTED]
  t[ns]  u1[mV]  u2[mV]  u3[mV]
  0.000    60.0    19.9    16.6
  1.660   -37.0   -13.4   -19.1
 11.621   -31.3    -8.9   -24.7
 21.582   -35.6    -1.9   -14.5
 23.242   -36.0    -4.2    -8.9
 33.203   -38.0    -2.8    -8.0
 34.863   -17.0   -28.9   -30.2
 36.523    -0.6   -32.3   -21.7
 43.164   -47.4    -8.1   -15.1
 44.824   -31.0   -21.8   -22.1
 46.484     7.8   -39.5   -17.1
 53.125   -34.7   -15.3   -26.0
 54.785   -33.2   -21.0   -19.2
 56.445   -10.2   -33.2   -13.6
 61.426   -30.3   -10.2   -16.5
 63.086   -31.3   -21.2   -23.9
 64.746   -26.6   -33.4   -26.5
 71.387   -33.1     7.9   -16.5
 73.047   -31.7    -1.4   -10.3
 74.707     2.1   -39.0   -21.3
 76.367    16.4   -36.6    -9.2
 81.348   -41.7    -3.0   -31.4
 89.648   -39.1     5.7   -24.4
 91.309   -50.5   -11.4   -34.9
 99.609   -51.0     1.8   -34.2
101.270   -35.4   -19.4   -15.0
107.910   -42.1     2.4   -23.1
109.570   -66.5   -16.1   -43.6
111.230   -54.2   -21.2   -29.4
117.871   -40.1     1.5   -16.3
119.531   -68.2   -20.3   -39.3
121.191   -33.2   -23.3   -22.5
127.832   -37.1    -2.8   -20.0
129.492   -47.0   -29.2   -31.6
131.152   -37.7   -26.4   -28.2
137.793   -45.6   -10.0   -19.7
139.453   -41.6   -16.2   -24.6
182.617   -18.4   -39.4   -35.8
184.277   -39.6   -33.6   -19.5
192.578   -37.4   -49.7   -39.8
194.238   -46.3   -50.7   -45.1
195.898   -45.0    -7.9    -1.7
202.539  -140.6   -88.3   -36.7
204.199  -163.3  -113.4   -35.5
205.859  -129.9   -59.3     4.7
207.520   -86.5   -40.7     4.1
209.180   -49.2   -60.7    -3.0
210.840   -40.0   -68.3     3.6
212.500   -58.8   -70.0   -25.1
214.160   -62.9   -69.2   -25.9
215.820   -57.1   -32.0   -15.8
222.461    -8.6   -45.5   -14.6
224.121   -16.9   -44.7   -15.5
225.781   -36.4   -16.0   -16.8
232.422     5.6   -41.9   -11.7
234.082   -10.6   -42.7   -17.2
235.742   -34.0     7.2    -5.7
237.402   -31.0    23.5   -11.4
242.383    -1.0   -41.3   -16.6
250.684    -2.0   -32.3    -2.3
252.344     6.7   -32.7    -3.0
262.305     5.9   -39.4    -8.5
328.711   -31.6    -1.4   -16.7
373.535    -1.2   -38.1   -20.2
393.457     8.7   -32.0    -6.2
418.359   -40.9     3.5   -12.1
420.020   -32.1     0.0   -21.2
426.660   -41.8    -8.6   -24.0
428.320   -48.1     1.0    -4.7
436.621   -44.2   -18.6   -35.1
438.281   -37.1     0.3     3.6
446.582   -38.2   -23.3   -35.9
448.242   -33.8   -11.0    -6.3
456.543   -35.1   -11.5   -26.3
464.844   -30.2    -3.2   -24.8
466.504   -33.3    -7.3   -22.9
468.164   -33.8    -7.6   -10.3
476.465   -32.3   -14.3   -18.1
484.766   -32.0    10.5   -10.5
494.727   -49.0     3.7   -25.4
496.387   -49.1     2.1   -26.9
506.348   -61.7    -4.9   -33.8
516.309   -48.5     0.4   -23.3
517.969   -39.1   -11.1   -24.0
524.609   -37.9    -7.9   -14.6
526.270   -45.8   -12.7   -36.3
527.930   -35.3    -9.2   -21.3
536.230   -55.2   -10.1   -34.8
537.891   -52.0    -7.4   -24.3
546.191   -33.4   -18.0   -26.7
547.852   -44.4   -15.8   -18.3
557.812   -32.7   -21.0   -22.9
592.676   -23.4   -12.6   -30.6
602.637   -19.4   -23.3   -36.5
614.258   -14.6   -27.0   -33.4
649.121   -30.2   -26.0   -24.7
659.082   -36.3   -30.3   -28.1
660.742   -37.2   -14.6   -21.8
670.703   -40.4   -22.9   -20.5
680.664   -41.6   -16.4    -6.2
682.324   -32.9    -8.7   -10.2
688.965     1.1   -22.6   -30.4
690.625   -32.1   -14.3    -2.3
692.285   -35.6    -8.0   -11.0
702.246   -32.7    -5.4   -13.6
735.449    -4.0   -36.2   -17.8
745.410     9.5   -34.5   -14.7
748.730   -33.6    -6.4   -17.1
750.391   -31.7     3.5   -23.8
760.352   -38.8     1.0   -15.9
770.312   -33.8    -5.6   -33.3
771.973   -30.3    -8.4    -3.8
780.273   -33.5    -8.2   -36.6
781.934   -38.8    -7.2   -11.0
791.895   -46.7   -17.1   -30.0
801.855   -36.0   -13.9   -28.3
803.516   -40.4   -18.8   -29.4
813.477   -37.1   -14.2   -20.8
815.137   -33.1   -22.1   -23.5
823.438   -34.4    -3.3   -12.6
825.098   -35.4    -6.8   -13.0
835.059   -33.9    -0.9   -25.6
836.719   -32.3   -13.9   -20.5
846.680   -42.6    -5.3   -30.9
856.641   -33.7    -3.7   -35.2
858.301   -38.0   -30.4   -35.8
866.602   -32.5    11.5    -9.6
868.262   -40.7    -8.0   -36.7
869.922   -36.0   -33.5   -38.7
878.223   -47.3     0.3   -23.1
879.883   -41.9   -29.3   -35.2
888.184   -40.3    -7.0   -18.1
889.844   -37.8   -12.2   -17.9
898.145   -24.8   -16.9   -33.7
946.289    -3.1   -33.4   -38.9
947.949   -38.1    -4.5     0.3
957.910   -37.1   -36.0   -26.0
966.211   -15.1   -33.6   -18.2
967.871   -29.0   -32.5   -25.7
977.832    -4.5   -35.8   -15.5
987.793     2.7   -39.1   -22.9
997.754    -1.5   -40.0   -14.6
999.414    -1.3   -34.6   -13.8
1024.316   -36.0    -5.1   -33.3
1025.977   -40.2   -12.6   -20.4
1035.938   -41.7   -27.0   -46.1
1044.238   -35.9   -15.5   -28.1
1045.898   -41.1   -35.6   -38.5
1047.559   -28.5   -38.4   -28.5
1054.199   -33.1    -3.5   -15.3
1055.859   -38.7   -17.1   -16.1
1057.520   -23.5   -34.4   -26.9
1065.820   -36.8   -21.4   -17.0
1075.781   -37.2   -31.6   -32.6
1105.664   -32.7   -25.9   -41.9
1115.625   -26.3   -26.5   -32.4
1123.926     1.4   -34.4   -27.5
1133.887     4.8   -31.3   -16.0
1150.488   -31.0     3.1   -18.3
1160.449   -36.7     9.3    -9.6
1162.109   -41.5   -18.7   -28.8
1163.770   -21.3   -38.1   -27.1
1170.410   -51.6    -7.3   -22.4
1172.070   -59.0   -11.2   -24.0
1173.730   -31.5   -32.0   -24.0
1182.031   -54.7   -27.9   -27.5
1191.992   -45.9   -31.8   -36.7
1193.652   -56.0   -41.2   -39.2
1201.953   -40.0   -33.0   -36.4
1203.613   -42.3   -42.6   -42.7
1213.574   -22.9   -36.2   -30.4
1215.234   -26.2   -38.2   -34.0
1260.059   -30.5    -3.5   -15.9
1261.719   -30.1    -6.2   -12.3
1270.020   -36.2    -2.5   -14.2
1279.980   -28.4   -14.1   -35.7
1281.641   -36.3     3.6    -3.3
1289.941   -11.0   -13.2   -32.4
1303.223   -31.2    -4.1   -10.6
1364.648    -9.4   -13.1   -31.2
1381.250   -33.2    -1.0   -15.6
1401.172   -30.6    -4.1   -20.5
1411.133   -32.5     3.9   -12.6
1414.453     2.1   -30.9   -14.0
1424.414     2.9   -31.4    -9.9
1434.375    -5.2   -33.3   -11.6
1454.297    11.5   -35.7   -19.1
1457.617   -36.3     0.9   -17.3
1464.258     8.4   -30.8   -17.3
1465.918   -33.2   -20.8   -23.4
1467.578   -44.1     0.1   -13.0
1475.879   -44.8   -15.2   -29.0
1477.539   -49.0    -6.5   -20.9
1485.840   -38.3   -17.5   -23.1
1487.500   -43.3   -15.8   -27.8
1495.801   -38.6   -13.4   -24.8
1497.461   -43.9    -3.7   -27.6
1502.441    18.6   -32.9    -8.9
1504.102    10.8   -31.2   -16.6
1505.762   -39.3    -8.0   -22.3
1507.422   -40.7     9.0   -16.4
1514.062     8.6   -30.7    -0.4
1517.383   -42.2     6.8   -25.6
1519.043   -38.5     9.6   -20.3
1527.344   -39.5    -9.3   -34.9
1532.324    36.2   -37.0   -22.2
1537.305   -36.6    -6.8   -37.6
1547.266   -30.7    -2.0   -36.1
1548.926   -34.2    -3.8   -30.0
1557.227   -40.9     2.7   -20.9
1567.188   -32.1    -9.6   -18.0
1568.848   -41.2     2.3    -9.0
1578.809   -42.9     3.0   -17.6
1580.469   -37.4     6.1   -14.2
1587.109   -21.4   -17.7   -32.3
1588.770   -46.2     3.7   -16.6
1590.430   -47.3     7.5   -12.3
1598.730   -31.7    -6.7   -24.0
1600.391   -39.2    -2.8   -26.4
1608.691   -37.7     0.5   -35.3
1610.352   -48.4   -10.9   -45.0
1618.652   -40.3    12.2   -19.5
1620.312   -38.2   -29.7   -39.7
1621.973   -15.8   -32.2   -17.0
1630.273   -34.5   -11.4   -29.1
1631.934    -5.4   -37.6   -14.2
1638.574   -30.8    22.8   -14.3
1643.555     9.3   -33.7    -7.8
1653.516    21.0   -42.3   -15.3
1656.836   -40.7    26.6    -8.8
1666.797   -53.1    20.8    -9.0
1668.457   -30.9     9.7   -10.8
1675.098   -62.2   -13.9   -32.5
1676.758   -64.8    -4.1   -31.0
1678.418   -31.1     2.7   -14.6
1685.059   -59.7    -2.9   -17.8
1686.719   -58.6   -19.3   -37.7
1695.020   -51.8   -18.4   -36.3
1696.680   -75.1   -10.6   -20.8
1698.340   -16.6   -26.0   -25.5

Event #18  ts=2026-09-25 13:46:41.050  [SELECTED]
  t[ns]  u1[mV]  u2[mV]  u3[mV]
  0.000    -3.4    -9.2   -17.6
  4.980   -33.1     2.7   -10.8
  6.641   -37.8    -0.1    -7.2
 14.941   -35.6    -2.4   -20.8
 16.602   -39.8   -11.3   -18.8
 18.262     5.0   -34.2   -11.4
 26.562   -27.1   -33.0   -24.0
 38.184    -9.3   -44.0   -32.3
 48.145    -6.1   -48.3   -22.1
 49.805    -6.7   -31.2   -14.9
117.871    -8.3   -32.5   -24.8
122.852    -0.3    -9.9   -31.8
127.832    -5.4   -33.9    -7.3
139.453    -6.4   -41.5   -18.9
146.094   -30.3   -13.9   -21.0
149.414    12.8   -37.7   -12.1
151.074    14.8   -37.1   -18.1
156.055   -31.2   -24.3   -38.8
157.715   -32.5   -22.4   -34.1
166.016   -32.9    -1.6   -22.8
167.676   -27.4   -44.0   -34.1
175.977   -36.6    21.9    -3.4
177.637   -32.9   -20.5   -25.0
185.938   -39.3     1.3   -11.0
187.598   -38.8    -4.1   -11.1
195.898   -31.5   -14.7   -30.0
200.879     9.1   -34.4   -15.6
204.199  -104.7   -49.1    -0.9
205.859  -148.4  -111.5   -30.8
207.520  -133.1  -164.9   -21.4
209.180   -95.4  -155.8    17.1
210.840   -95.4  -154.4    17.0
212.500   -71.0  -144.9   -21.7
214.160   -96.7   -88.0    -4.7
215.820   -77.2   -64.4    -7.8
217.480   -23.0   -78.2   -14.0
219.141    -9.3   -73.5   -12.7
220.801    -7.0   -44.7     0.9
222.461   -11.1   -32.9     8.2
224.121   -43.5   -34.6   -28.6
225.781   -42.8   -17.4   -18.1
230.762     1.4   -41.3   -16.6
234.082   -35.1    -4.6   -25.6
240.723     6.0   -46.3   -41.0
242.383   -34.3    18.2    11.2
244.043   -31.7    17.2    -4.0
245.703    -4.2   -27.9   -31.6
250.684     2.7   -34.9   -26.9
252.344   -31.0   -16.4   -13.4
254.004   -33.0    24.6     3.9
257.324    13.7   -33.2   -11.5
263.965   -31.8    -0.2   -16.5
268.945    20.8   -37.2    -7.5
273.926   -41.1     5.8   -16.2
282.227   -43.8     1.3    -4.6
292.188   -45.3    -8.5   -28.3
293.848   -47.2    17.7    -4.1
302.148   -41.5    -7.6   -36.8
303.809   -48.0   -14.4   -36.7
312.109   -43.7     1.0   -19.6
313.770   -48.2   -20.7   -41.2
315.430   -13.5   -30.4    -4.8
322.070   -39.0     2.5    -5.7
323.730   -22.5   -30.8   -29.5
332.031   -32.8    -4.1    -9.7
333.691   -32.1   -26.5   -23.0
335.352    -6.2   -31.7   -14.2
401.758   -11.3   -30.1   -35.7
438.281   -30.3    -8.5   -10.0
449.902   -33.6   -16.7   -19.9
458.203   -32.8   -18.1   -23.3
459.863   -50.2   -22.8   -18.6
469.824   -41.1   -27.4   -25.1
471.484   -47.3   -26.7   -23.9
479.785   -30.9   -36.1   -46.9
481.445   -41.1   -33.9   -37.8
483.105   -34.2   -10.3     2.4
493.066   -38.4   -23.5   -17.0
503.027   -24.1   -36.2   -38.3
504.688   -46.9    -3.3   -11.5
506.348   -35.8    11.8    -3.6
514.648   -52.5   -23.6   -28.7
516.309   -47.1    -1.6   -17.2
524.609   -49.7   -20.1   -19.3
526.270   -64.5   -10.7   -30.8
534.570   -63.7   -10.6   -23.8
536.230   -56.7   -18.2   -28.4
544.531   -68.8   -13.2   -27.7
546.191   -67.5   -11.4   -21.6
556.152   -48.5   -21.7   -32.4
557.812   -43.7   -21.8   -21.3
566.113   -39.6   -23.7   -27.8
567.773   -30.1   -22.2   -26.0
576.074   -37.8   -17.4   -17.5
659.082   -18.2   -28.9   -39.8
669.043   -32.8   -38.2   -37.8
670.703   -27.4   -35.4   -29.0
679.004   -42.2   -25.5   -29.0
680.664   -25.0   -31.3   -15.6
690.625   -33.5   -23.3   -14.9
698.926   -28.9   -27.2   -37.6
700.586   -32.1   -25.5   -21.1
708.887    -8.6   -32.2   -23.8
710.547   -17.8   -34.5   -25.0
728.809   -15.4   -29.7   -31.8
758.691   -12.5   -46.2   -26.9
760.352   -23.6   -32.0   -12.9
768.652   -10.0   -38.7   -26.3
770.312   -13.6   -47.2   -20.8
788.574     7.7   -40.1   -18.7
790.234     5.6   -38.2   -15.1
800.195     6.1   -31.0   -12.3
810.156    21.6   -36.7   -11.3
811.816    14.5   -30.6   -16.6
815.137   -36.1    22.3   -15.5
816.797   -35.3    11.6   -17.1
823.438   -40.9    -1.1   -34.4
825.098   -39.1    17.9    -6.8
826.758   -36.7    21.7    -2.1
830.078    36.6   -33.8    -6.4
835.059   -45.9    -6.5   -37.4
836.719   -55.3    -4.4   -36.6
841.699    41.9   -30.5    -6.0
845.020   -45.4   -12.4   -43.0
846.680   -57.4    -9.1   -44.4
856.641   -52.5    -1.7   -17.6
858.301   -51.2    -7.2   -33.7
866.602   -63.2    -5.2   -28.2
868.262   -62.6     5.2   -15.4
878.223   -56.2   -26.0   -33.9
879.883   -54.5    23.1    -8.1
889.844   -62.2   -27.8   -47.7
891.504   -32.1    20.1     0.2
899.805   -39.7   -10.8   -16.1
901.465   -58.0   -14.0   -41.8
911.426   -39.7     7.0   -16.5
913.086   -37.2   -24.4   -52.2
918.066    26.3   -33.2   -21.6
921.387   -34.2     4.0     3.2
923.047   -30.9    -6.6   -29.4
924.707   -18.7   -31.3   -38.1
931.348   -35.1     0.7    -6.6
933.008   -31.1    13.5   -10.6
942.969   -34.0    -5.0   -16.6
1012.695   -35.5     3.8    -3.5
1014.355   -34.3     3.6    -7.5
1025.977   -34.7    -3.4   -14.5
1035.938   -34.0   -15.5   -36.0
1037.598   -30.4   -10.4   -12.3
1047.559   -31.8   -37.2   -39.5
1055.859   -32.3    -4.8    -7.9
1059.180   -18.2   -31.9   -25.2
1067.480   -38.5   -19.5   -21.7
1077.441   -28.9   -37.0   -22.5
1089.062   -27.7   -35.4   -16.6
1099.023    -8.1   -36.9   -13.3
1125.586   -37.7     6.5    -6.0
1135.547   -49.3     4.4    -3.7
1137.207   -53.3    10.7    -4.2
1145.508   -39.9    -6.4   -27.0
1147.168   -56.0    10.8   -25.2
1148.828   -42.9     6.7   -14.0
1155.469   -35.6    -5.0   -30.3
1157.129   -55.0   -12.2   -37.3
1158.789   -41.6    -2.2    -5.3
1167.090   -40.8     6.0   -45.3
1168.750   -56.3    -7.1   -39.5
1173.730    38.8   -33.3    -5.5
1178.711   -45.3    -1.7   -35.2
1180.371   -44.5   -23.9   -30.1
1188.672   -45.5    -4.0   -29.5
1190.332   -29.8   -24.3   -36.8
1191.992     8.1   -32.2    -3.9
1198.633   -38.2    12.6   -14.1
1201.953    14.1   -30.6    -3.8
1203.613    17.1   -30.6    -4.1
1213.574    12.2   -40.5   -20.3
1246.777   -39.4     1.1   -22.5
1248.438   -30.6    -7.0   -28.1
1255.078   -43.2     5.4   -15.2
1256.738   -36.3     9.2    -6.2
1275.000   -31.6     3.4   -18.3
1276.660   -30.2   -11.6   -21.2
1359.668    -6.9   -32.1   -14.6
1361.328   -35.4   -11.3   -17.2
1369.629   -22.8   -30.5   -16.6
1371.289   -36.9   -26.4   -26.8
1381.250   -28.1   -37.8   -38.5
1391.211   -27.8   -36.7   -29.1
1401.172   -18.0   -31.1    -9.8
1407.812   -13.2   -41.3   -28.2
1409.473   -12.0   -43.7   -28.0
1411.133    -6.0   -32.6    -4.6
1419.434    -4.7   -47.2   -23.6
1421.094    10.9   -42.0   -16.2
1426.074   -39.3   -17.2   -35.4
1427.734   -32.3   -17.8   -17.9
1436.035   -39.6    -2.4   -30.9
1445.996   -54.0    -9.0   -28.9
1455.957   -45.2    -5.2   -19.2
1457.617   -39.1   -10.7    -8.5
1465.918   -37.2   -26.4   -37.0
1474.219   -37.2    -8.0   -23.1
1475.879   -30.7   -10.0   -25.4
1484.180   -30.6    -4.7   -12.6
1500.781   -38.3     0.2    -3.3
1502.441   -33.8    -6.1   -16.1
1510.742   -34.7   -30.5   -32.2
1512.402   -39.6     3.3    -4.5
1519.043   -41.2   -41.3   -38.6
1520.703   -51.4   -38.0   -44.6
1522.363   -33.6     0.5   -12.7
1530.664   -53.8   -25.7   -32.3
1532.324   -35.4     4.1   -17.3
1538.965   -14.7   -35.4   -30.6
1540.625   -59.6    -8.8   -10.2
1542.285   -28.1    -7.6   -32.4
1547.266    25.4   -31.9   -20.0
1548.926    -7.5   -43.8   -33.7
1550.586   -37.4   -26.2   -24.3
1552.246   -34.8     5.1   -24.7
1560.547   -63.6     5.3   -23.7
1562.207   -46.8    12.8    -7.3
1570.508   -40.9    -1.3   -32.6
1572.168   -48.3     0.9    -4.3
1582.129   -56.5   -36.4   -53.5
1583.789   -40.4   -15.7     0.8
1585.449    31.2   -23.8   -31.8
1592.090   -56.9   -39.4   -54.9
1593.750   -61.0   -46.7   -49.3
1600.391   -43.2     2.4   -16.4
1602.051   -42.8    -0.5   -16.5
1603.711   -41.1   -52.2   -38.8
1612.012   -37.7   -18.9   -21.4
1613.672   -32.7   -34.1   -19.5
1615.332   -12.8   -37.1   -23.3
1620.312   -21.2   -22.5   -40.1
1621.973   -28.7   -32.4   -33.4
1623.633   -30.1   -23.6    -5.5
1631.934   -12.7   -32.8   -28.3
1648.535   -14.4   -20.9   -36.6
1698.340    -3.9   -16.3   -13.4

Event #19  ts=2026-09-25 13:46:41.822  [SELECTED]
  t[ns]  u1[mV]  u2[mV]  u3[mV]
  0.000   -25.3   -27.9   -25.8
  3.320    -1.2   -38.3   -26.8
  6.641   -32.2     9.1    -4.7
 16.602   -41.4    -5.6   -19.8
 23.242     3.4   -43.6   -10.5
 24.902   -10.4   -34.8    -5.7
 28.223   -36.6    -3.2   -25.4
 33.203    21.6   -33.9    -9.7
 34.863    13.5   -45.6   -11.9
 38.184   -40.0     5.0   -27.0
 44.824    22.8   -32.4    -8.6
 48.145   -39.1     8.0   -27.7
 49.805   -37.4     1.8   -29.6
 58.105   -30.8    -2.4   -30.5
 59.766   -42.0    -9.8   -28.1
 69.727   -40.1    -6.1   -36.9
 71.387   -41.3   -19.7   -14.5
 81.348   -38.0   -23.3   -25.0
102.930   -31.7   -21.6   -10.8
114.551   -35.8    -8.5   -23.3
136.133   -36.5   -13.2   -18.5
149.414    -2.9   -35.1   -23.0
159.375    -0.5   -33.3   -15.7
177.637    14.4   -30.4   -17.2
184.277   -31.9     7.9   -10.5
192.578   -34.9     6.1   -18.3
194.238   -32.9    -7.0   -21.2
202.539   -52.3     7.2   -15.4
204.199   -50.4     2.6   -20.4
209.180  -111.6   -76.6   -13.5
210.840  -110.4   -76.6   -12.0
212.500  -148.0  -100.3   -21.5
214.160  -157.9  -116.2   -16.2
215.820   -85.8  -104.3   -15.4
217.480   -46.3   -93.5     4.8
219.141   -14.1   -70.2     5.6
220.801   -27.5   -59.5   -11.0
222.461   -57.8   -42.1   -21.3
224.121   -84.1   -22.8   -14.6
225.781   -56.8   -39.7   -19.9
227.441    11.2   -33.7     2.5
232.422   -48.7   -19.4   -22.3
234.082   -57.4    -6.2   -16.1
242.383   -45.7   -17.1   -15.2
244.043   -48.8   -13.4   -16.2
254.004   -42.7     6.1    -7.8
263.965   -40.1     5.5   -13.9
273.926   -34.6    -4.2   -21.2
282.227   -32.3     3.2    -3.0
283.887   -34.2    -0.2   -11.7
293.848   -31.8    -0.6    -8.9
303.809   -30.6    -0.6    -7.9
305.469   -36.6    -1.9   -15.4
315.430   -43.2    -3.9   -20.4
317.090    -8.5   -32.3   -23.8
327.051   -28.9   -32.0   -25.8
328.711   -11.8   -35.7   -20.3
337.012   -31.2   -13.3    -8.5
338.672   -20.1   -46.1   -28.3
340.332   -14.5   -35.1   -21.7
348.633   -19.1   -33.0   -14.9
350.293   -19.9   -35.4   -22.0
358.594   -19.1   -34.4   -18.3
360.254   -22.5   -32.5   -19.9
370.215    -8.3   -32.3   -12.1
383.496   -32.2    -7.7   -16.2
385.156   -39.4     0.8   -17.9
395.117   -44.0   -14.4   -29.7
405.078   -38.7   -15.2   -23.5
406.738   -37.2   -21.3   -31.0
416.699   -36.9   -23.8   -39.1
426.660   -36.8   -17.6   -17.0
436.621   -40.7   -13.5   -17.6
444.922    -2.5   -30.5   -14.3
446.582   -34.9   -24.4   -22.3
456.543   -25.2   -34.6   -30.3
466.504   -15.0   -33.6   -17.6
468.164   -20.7   -30.7   -25.5
474.805    10.2   -38.6    -7.7
476.465    -0.5   -31.1     4.0
486.426    13.2   -38.1     0.6
488.086     3.5   -31.5    -4.7
491.406   -39.3    20.1   -10.7
493.066   -32.7    21.9    -4.4
503.027   -45.9    17.3   -11.0
512.988   -53.5    -2.6   -22.9
514.648   -42.0    -4.6   -25.6
522.949   -38.9     1.0   -25.2
524.609   -52.4    -6.0   -31.9
534.570   -43.0   -11.5   -27.6
536.230   -41.1   -20.8   -19.4
544.531   -36.3   -10.5   -31.1
546.191   -43.4   -15.1   -28.8
650.781   -15.4   -30.9   -14.9
659.082   -31.9   -16.6   -32.1
669.043   -26.7   -32.4   -35.8
670.703   -15.5   -33.9    -9.0
679.004   -18.8   -25.7   -33.4
680.664   -26.2   -41.7   -34.6
690.625    -8.1   -43.7   -17.3
692.285     2.1   -48.7   -16.5
700.586     5.8   -36.0    -6.6
702.246    16.1   -36.0    -4.0
707.227   -32.4    15.7   -25.2
708.887   -32.4     5.0   -25.4
713.867    24.9   -31.3   -15.6
715.527   -42.5    15.4   -14.1
717.188   -44.8    21.3   -16.5
718.848   -45.8    18.9   -16.3
723.828    24.5   -32.2   -11.4
727.148   -59.3    17.1   -10.4
728.809   -31.8     2.7   -25.3
737.109   -43.8   -15.6   -23.4
738.770   -63.9     7.2   -26.7
740.430   -38.9     6.3   -29.5
747.070   -41.8   -14.8   -33.2
748.730   -79.1     0.0   -28.7
750.391   -42.7     2.2   -24.7
758.691   -70.9     0.7   -33.4
760.352   -62.6     1.6   -35.5
768.652   -53.6    -5.0   -26.1
770.312   -56.1    -3.6   -23.6
771.973   -32.6    -2.8   -18.9
778.613   -41.6    -9.3   -29.0
780.273   -57.0     4.2   -15.6
790.234   -41.8    -2.3   -23.4
791.895   -33.5     2.0   -16.1
800.195   -36.6     4.8   -22.0
801.855   -31.6    -3.9   -14.8
816.797    -2.4   -34.2   -14.9
823.438   -31.5   -18.2   -18.6
825.098    -9.8   -32.4   -20.4
826.758    -8.7   -32.3   -19.9
835.059   -14.9   -41.3   -34.3
853.320   -16.8   -30.4   -26.6
864.941    -8.3   -30.5   -17.7
881.543   -21.3   -35.1   -19.4
891.504   -15.4   -38.9   -19.3
919.727   -32.0   -14.9   -26.0
928.027   -33.6     0.5   -10.4
939.648   -34.9    -5.8   -11.7
984.473    -6.6   -32.9   -24.7
994.434     1.8   -36.8   -25.0
1004.395    -6.9   -34.5   -21.0
1006.055   -12.1   -36.4   -27.5
1042.578    11.0   -33.1    -6.2
1047.559   -31.1     1.4   -16.2
1057.520   -36.2     0.6   -26.0
1104.004   -23.0   -35.2   -26.0
1132.227   -31.6   -26.2   -28.5
1140.527   -25.7   -17.7   -34.4
1142.188   -30.8   -29.3   -29.0
1153.809   -34.5   -17.3   -21.8
1163.770   -34.6   -12.7   -13.1
1165.430   -21.8   -27.2   -31.5
1175.391   -34.6   -17.7   -19.1
1183.691   -38.0   -24.7   -18.7
1185.352   -48.3   -23.0   -14.9
1193.652   -40.3   -37.6   -44.6
1195.312   -44.1   -28.7   -22.1
1196.973   -32.2   -11.5   -21.8
1203.613   -41.6   -25.9   -29.1
1205.273   -44.4   -23.1   -22.9
1206.934   -32.7    -1.2   -14.6
1215.234   -35.0   -11.2   -17.3
1216.895   -32.3    -5.8   -22.7
1225.195   -30.3   -13.6    -5.4
1226.855   -31.9    -6.2   -14.6
1235.156   -31.7     3.0    -3.1
1238.477    -2.3   -22.1   -30.3
1250.098    -1.7   -41.0   -25.9
1260.059    -1.5   -36.7   -27.3
1270.020    12.2   -42.8   -21.2
1273.340   -35.0     5.1    -3.4
1279.980    21.0   -36.7    -7.0
1283.301   -37.5    -3.3   -26.6
1284.961   -31.0     8.2   -21.2
1288.281    36.3   -34.0    -5.2
1293.262   -52.5   -17.5   -40.6
1301.562   -40.1     1.1   -20.8
1303.223   -57.1    -9.4   -31.4
1304.883   -50.7    -9.2   -23.0
1313.184   -62.7   -11.1   -29.6
1314.844   -39.2   -18.0   -20.7
1321.484   -18.8   -15.3   -30.2
1323.145   -52.5   -20.9   -21.9
1324.805   -41.4    -6.1   -10.6
1333.105   -31.2   -21.5   -17.9
1367.969   -36.4    -4.2   -11.5
1377.930   -39.9   -14.4   -19.9
1379.590   -28.5   -28.6   -31.1
1381.250   -13.1   -32.6   -19.9
1386.230   -37.9   -11.7   -29.1
1387.891   -37.0   -15.4   -20.6
1389.551   -47.3   -16.0   -15.2
1397.852   -53.2   -20.0   -21.9
1407.812   -32.9   -14.5   -22.0
1409.473   -41.6   -14.2   -10.2
1419.434   -32.4   -15.9   -17.8
1444.336   -39.7   -11.1   -22.0
1454.297   -40.9    -6.6   -22.4
1462.598   -44.2   -18.6   -26.1
1464.258   -51.9   -10.0   -29.5
1465.918   -43.1   -10.4   -19.9
1472.559   -48.2   -15.5   -17.8
1474.219   -66.1   -13.9   -43.4
1482.520   -61.6    -6.1   -20.6
1484.180   -66.7   -14.3   -24.9
1485.840   -39.1    -8.3   -26.7
1492.480   -49.1   -18.0   -20.3
1494.141   -47.5    -8.3   -25.7
1495.801   -34.9   -14.4   -22.5
1502.441   -61.4   -20.2   -23.5
1504.102   -49.5     1.5   -20.7
1512.402   -46.4   -23.0   -29.3
1514.062   -63.8   -12.8   -20.8
1522.363   -33.5   -11.8   -20.1
1524.023   -49.8    -8.3   -23.0
1532.324   -40.6    -4.3   -12.3
1533.984   -47.5    -1.1   -19.9
1543.945   -32.7    -5.2   -19.6
1553.906   -33.2    -8.7   -19.0
1567.188    -9.4   -35.1   -13.5
1575.488   -14.4   -30.4   -15.6
1577.148   -20.3   -32.5    -8.6
1587.109   -14.1   -36.7    -8.4
1595.410   -13.9   -32.3   -24.1
1597.070   -18.5   -40.8   -14.8
1605.371   -10.2   -31.8   -17.0
1607.031    -6.8   -38.3   -16.7
1641.895   -39.8     0.6   -27.3
1643.555   -15.4   -32.9   -32.2
1698.340    -3.2   -15.7     1.9

Event #21  ts=2026-09-25 13:46:42.921  [SELECTED]
  t[ns]  u1[mV]  u2[mV]  u3[mV]
  0.000    38.9    -5.1     3.7
  8.301   -40.2    -5.1   -24.1
 18.262   -38.8    -7.6   -39.9
 19.922   -38.6    10.5    -5.7
 23.242    28.3   -38.2   -25.1
 28.223   -32.9     5.9   -25.2
 29.883   -35.8    13.0    -3.6
 31.543   -31.5     9.9    -6.8
 33.203    22.7   -36.4     0.5
 34.863    21.8   -33.5     6.5
 41.504   -31.1    -2.7   -20.7
 43.164     5.4   -39.5     5.9
 53.125    -3.0   -55.5   -23.5
 63.086    -9.0   -36.8    -1.1
 71.387   -12.1   -30.7   -33.7
 73.047   -16.5   -39.8   -26.1
 81.348    -5.9   -43.9   -21.8
 83.008    -9.6   -37.8   -21.6
 92.969     1.5   -45.0   -21.3
102.930     6.8   -36.5   -27.2
112.891    17.8   -33.6   -11.9
127.832   -35.9     8.1    -4.0
136.133   -33.2   -25.0   -23.9
137.793   -44.0    -0.6    -2.4
146.094   -41.2   -26.1   -26.0
156.055   -42.5    -4.6   -11.8
164.355   -24.7   -14.9   -39.0
166.016   -39.5   -16.3   -17.4
175.977   -36.9   -16.4   -25.6
185.938   -29.9   -14.2   -34.5
197.559   -38.6    -4.0    -2.3
199.219   -60.5   -24.7    -8.2
200.879   -87.1   -84.6    -6.6
202.539  -118.9  -135.4    -8.3
204.199  -107.8  -184.4   -13.8
205.859  -102.3  -164.1    -1.3
207.520  -114.0  -117.5   -14.9
209.180   -76.2  -107.9   -17.3
210.840   -59.3   -87.8     6.3
212.500   -36.3   -85.4    -9.9
214.160   -27.3   -79.0   -24.9
215.820   -30.6    -5.6     8.4
217.480   -33.9    -6.8    -3.5
219.141   -30.0   -46.5   -31.8
224.121     0.1   -33.2   -23.6
229.102   -23.9   -42.3   -25.3
230.762   -25.7   -31.0    -8.9
239.062   -31.6   -27.0   -30.4
240.723   -25.4   -39.2   -18.9
249.023   -31.9    -6.0   -18.3
250.684   -42.5   -48.4   -33.1
258.984   -40.5   -28.8   -35.8
260.645   -34.5   -56.5   -36.3
267.285   -31.5    -0.4   -12.9
268.945   -40.6   -27.9   -37.8
270.605   -21.0   -54.9   -18.4
278.906   -22.3   -47.5   -27.6
280.566   -16.0   -59.7   -20.7
287.207   -32.8     1.6   -26.2
288.867   -32.0    -9.4   -33.4
290.527   -13.3   -43.6     0.6
297.168   -31.6    -3.9   -31.7
298.828   -26.0   -35.5   -33.1
307.129   -38.1    21.2    -8.3
308.789   -20.1   -25.4   -30.3
317.090   -35.5    -3.0   -26.2
327.051   -47.2    -4.4   -14.9
335.352   -40.4     1.0     1.1
337.012   -38.6    -3.9   -24.3
346.973   -34.2     1.7   -23.0
348.633   -33.8     1.5   -24.7
356.934   -30.3     6.1     0.1
371.875    -7.1   -34.2   -23.5
381.836   -14.0   -40.1   -33.2
391.797   -30.5   -44.0   -31.3
401.758   -25.1   -34.9   -25.1
411.719    -7.2   -31.1   -21.5
413.379   -34.3   -17.1    -8.7
415.039   -30.9    -8.9    -0.9
421.680    -9.2   -46.5   -37.1
423.340   -12.6   -41.2   -37.1
425.000   -32.1    17.6    10.4
433.301   -31.3   -11.6   -14.7
434.961   -48.2     4.6    -7.0
444.922   -57.7    -4.0   -11.2
454.883   -62.0    -5.0   -26.3
456.543   -46.8   -23.5   -38.0
463.184   -34.3     2.9    -4.0
464.844   -52.7    -5.2   -16.1
466.504   -45.5   -30.4   -39.1
473.145   -34.5     0.7    -4.2
474.805   -58.6   -20.1   -31.5
476.465   -46.5   -29.4   -36.9
484.766   -44.1    -9.4   -13.9
506.348   -24.7   -17.2   -31.8
542.871   -12.4   -32.1   -36.5
552.832   -12.6   -31.7   -31.3
582.715   -11.4   -17.2   -34.2
592.676   -10.3   -16.7   -32.5
599.316    -1.0   -27.8   -34.1
632.520   -25.6   -28.5   -38.2
688.965   -33.7    -2.3   -22.9
698.926   -45.4    -1.4   -18.7
700.586   -27.2    -2.8   -30.7
708.887   -35.8   -13.1   -33.3
713.867    25.2   -31.2   -16.6
718.848   -40.1     5.1   -26.1
727.148   -39.7    12.6   -14.1
728.809   -48.9   -13.2   -38.3
730.469   -31.8   -19.0   -22.9
738.770   -45.9   -14.8   -35.5
740.430   -44.6   -15.2   -33.3
748.730   -56.7   -10.4   -44.6
750.391   -41.3   -26.9   -45.5
758.691   -42.5    -4.4    -3.9
760.352   -41.2   -34.9   -50.0
768.652   -32.6   -14.1    -5.5
770.312   -47.3   -23.2   -31.1
778.613   -35.8    -9.4   -20.1
780.273   -33.3   -28.1   -30.1
781.934   -37.0   -22.2   -22.3
791.895   -32.1   -26.5   -14.1
793.555   -31.1     9.9     0.6
800.195   -20.5   -36.2   -27.2
801.855   -18.5   -36.2   -27.8
815.137   -42.9    -8.6   -31.5
825.098   -42.6   -16.4   -40.1
826.758   -37.7   -17.8   -28.6
835.059   -34.3   -11.0   -33.0
836.719   -40.2   -26.2   -33.0
845.020   -30.7    -8.7   -22.4
846.680   -26.0   -26.8   -36.6
856.641   -37.9   -22.1   -26.4
896.484   -30.4     1.0    -2.7
906.445   -39.5   -12.1   -14.7
908.105   -35.1    -5.4    -4.0
916.406   -41.6   -11.2   -20.1
926.367   -43.0    -9.4   -22.5
928.027   -47.6    -8.8   -18.0
936.328   -26.0   -10.8   -35.1
946.289   -25.8    -6.9   -30.1
947.949   -30.4     6.6    -3.4
961.230    22.5   -30.7    -3.0
976.172   -31.7   -20.0   -40.7
986.133   -42.2   -24.2   -31.4
987.793   -37.2   -16.5   -27.7
994.434     8.1   -36.5   -16.3
997.754   -45.6   -21.5   -38.3
1004.395     2.1   -35.8     0.3
1007.715   -22.5   -28.2   -36.9
1009.375   -38.0    -5.1   -27.8
1019.336   -25.3   -23.3   -38.6
1029.297   -18.1   -17.5   -34.0
1032.617   -31.7    25.4     0.7
1042.578   -30.2     6.1   -12.8
1044.238   -30.3    -1.8   -20.3
1052.539   -37.5     7.6   -14.2
1054.199   -47.5    -6.8   -36.7
1064.160   -50.6     1.6   -30.2
1065.820   -25.4   -38.6   -26.1
1074.121   -52.1   -13.2   -31.0
1075.781   -46.7   -33.7   -41.5
1085.742   -37.4   -13.2   -29.8
1095.703   -32.8   -17.4   -36.7
1097.363   -33.0   -16.9   -26.5
1107.324   -20.4   -20.0   -33.1
1123.926     7.1   -32.5   -14.6
1133.887    -3.1   -39.4   -22.5
1142.188   -26.0   -18.8   -30.7
1152.148    -8.7   -36.0   -30.9
1163.770    10.8   -36.2   -21.9
1178.711   -36.1    -1.1   -24.9
1180.371   -35.9   -13.9   -29.5
1188.672   -35.1     3.4   -28.8
1198.633   -40.6    -8.8   -34.2
1200.293   -23.1   -42.6   -18.5
1206.934   -36.2    13.4   -15.2
1208.594   -44.2   -14.4   -26.4
1210.254   -35.3   -37.8   -29.1
1218.555   -39.3   -10.2   -36.2
1220.215   -35.9   -25.4   -12.4
1228.516   -48.2   -27.5   -47.1
1230.176   -23.0   -37.6   -12.5
1238.477   -45.4     7.6   -22.1
1240.137   -25.9   -42.3   -24.6
1246.777   -31.6    16.4   -10.2
1258.398   -45.3   -20.3   -49.0
1268.359   -42.2     3.2   -11.9
1270.020   -29.6   -26.7   -43.4
1278.320   -33.6    26.1    18.0
1279.980   -19.6   -18.9   -38.0
1281.641     1.9   -37.0   -27.9
1286.621   -12.0   -20.8   -34.2
1304.883   -13.5   -35.4   -32.2
1314.844   -15.1   -40.6   -28.3
1324.805   -15.3   -31.0   -19.9
1326.465   -21.6   -38.2   -27.9
1334.766   -14.5   -33.4   -13.2
1344.727   -10.1   -40.3   -19.4
1346.387   -13.3   -38.9   -23.6
1354.688   -10.0   -33.2   -24.5
1356.348    -8.4   -35.3   -28.0
1389.551   -26.7   -14.2   -32.0
1399.512   -12.8   -33.2   -39.2
1401.172    -8.6   -36.9   -31.7
1434.375   -11.4   -21.3   -32.2
1444.336   -24.8   -32.3   -43.1
1445.996   -24.2   -30.5   -43.4
1455.957   -38.0   -16.1   -27.7
1457.617   -33.9     2.5   -14.3
1467.578   -39.5     8.8   -22.0
1469.238   -20.1    -6.6   -30.4
1474.219     6.1   -40.0   -33.1
1477.539   -43.7    19.3    -9.0
1479.199   -27.7    -3.9   -34.2
1485.840   -40.7    20.2   -11.1
1487.500   -45.8    16.8   -14.9
1489.160   -36.7   -18.2   -39.2
1499.121   -30.9   -17.5   -26.6
1509.082   -44.4   -22.5   -35.5
1510.742   -31.9   -31.1   -25.1
1519.043   -31.2   -34.2   -43.1
1520.703   -20.0   -32.8     2.5
1529.004   -17.6   -29.1   -38.7
1530.664   -15.7   -34.4    -0.8
1540.625   -11.2   -37.7   -15.4
1542.285   -11.9   -33.6    -8.6
1552.246   -13.7   -36.4   -30.8
1553.906   -16.6   -37.3   -34.8
1562.207    -6.5   -43.2   -37.0
1573.828   -11.2   -41.3   -28.8
1597.070   -26.8     4.4   -30.1
1607.031   -37.4     1.4   -33.9
1608.691   -37.9    -2.0   -34.5
1616.992   -38.8     4.6   -31.7
1618.652   -31.6    -3.6   -23.1
1626.953   -38.8    -2.3   -27.6
1628.613   -38.7    -1.1   -23.0
1630.273    16.6   -34.6   -16.5
1636.914   -31.8    -8.8   -28.2
1646.875   -33.3    -6.5   -32.5
1651.855    25.2   -33.3   -15.5
1655.176   -32.3     7.5   -20.7
1665.137   -37.8    -0.7   -25.4
1666.797   -31.1    -8.6   -12.6
1673.438   -37.5    -3.1   -12.1
1675.098   -56.7    -6.5   -42.7
1683.398   -53.9     6.3    -7.3
1685.059   -47.6   -30.7   -53.6
1693.359   -62.7     2.9   -11.5
1695.020   -53.9   -28.2   -43.3
1698.340    49.6    11.7    19.6

Event #24  ts=2026-09-25 13:46:45.163  [SELECTED]
  t[ns]  u1[mV]  u2[mV]  u3[mV]
  0.000    31.7   -26.6    -7.0
  1.660   -30.7   -10.5   -24.4
 13.281   -31.6     2.9    -8.1
 33.203   -35.3   -17.9   -33.2
 34.863   -37.2   -22.0   -26.8
 43.164   -32.8   -19.6   -36.8
 53.125   -34.3   -24.3   -37.9
 54.785   -35.0   -32.6   -15.8
 63.086   -47.3   -27.2   -29.8
 64.746   -46.5   -38.5   -33.9
 73.047   -40.2   -19.5   -25.1
 74.707   -33.6   -26.6   -16.9
 83.008   -35.8   -17.8   -25.5
 84.668   -35.1   -24.4   -26.2
 92.969   -38.7   -15.7   -18.7
 94.629   -36.3   -25.7   -31.2
102.930   -34.6    -4.3    -8.8
121.191   -34.7    -7.2   -29.2
122.852   -30.8   -17.0   -24.2
197.559   -22.7   -30.1   -27.8
200.879   -30.3   -21.9    -3.0
202.539   -84.5  -156.2    -5.3
204.199  -110.8  -216.7    -4.2
205.859  -130.9  -307.9    -8.7
207.520  -122.8  -307.8   -26.0
209.180  -101.0  -214.6     2.8
210.840   -83.9  -170.3    15.7
212.500   -52.4  -153.4    -6.5
214.160   -21.8  -127.5     2.2
215.820   -34.6   -96.3    -2.4
217.480   -57.0   -73.1   -29.4
219.141   -30.2   -41.2    -1.2
225.781   -17.9   -38.7   -16.6
227.441   -16.1   -35.9   -17.7
235.742    -5.3   -30.4    -6.4
260.645   -46.5    -7.0    -4.7
262.305   -46.0    -5.8    -9.5
272.266   -45.2    -5.8   -15.3
280.566   -51.3   -16.7   -23.8
292.188   -37.7   -29.0   -28.2
302.148   -36.1   -30.3   -26.4
370.215   -35.0   -14.2   -26.3
393.457    -7.8   -31.0   -22.2
438.281   -32.6    -6.2    -7.6
439.941   -38.6    -6.9   -25.9
448.242   -42.4   -19.8   -23.6
449.902   -42.4    -1.0   -14.1
458.203   -38.7   -31.7   -33.5
459.863   -50.3    -4.0    -7.6
469.824   -47.5   -20.2   -15.8
479.785   -43.1   -15.4   -24.7
527.930   -30.4   -26.5   -14.1
536.230   -43.4    -4.9   -18.5
537.891   -41.7    -5.1   -22.7
539.551   -11.4   -31.0   -22.0
546.191   -45.3    -3.2   -11.9
547.852   -45.5    -7.3   -12.9
556.152   -40.1   -10.3   -25.1
557.812   -49.0   -11.0   -21.4
567.773   -37.1   -11.7   -13.7
665.723   -31.1     1.0   -20.8
685.645   -36.7    18.1    -6.0
687.305   -41.5     9.2   -13.4
695.605   -34.3    10.6   -22.9
697.266   -51.1    12.2   -19.0
700.586    22.5   -37.4    -7.6
705.566   -37.8     6.2   -33.4
707.227   -48.8    -3.8   -27.4
708.887   -31.9   -11.5    -7.0
710.547     5.4   -31.4   -18.6
712.207    29.8   -34.2    -9.1
717.188   -36.0     7.2   -34.3
718.848   -44.4   -18.5   -12.8
722.168    25.9   -32.3    -9.7
728.809   -49.2   -18.2   -31.4
732.129    16.5   -33.7   -10.0
738.770   -35.4     3.7   -24.3
740.430   -39.1   -15.7   -22.9
742.090    -1.8   -37.3   -14.4
752.051    -7.0   -31.8    -2.7
788.574   -38.4   -22.1   -26.9
798.535   -40.0   -23.9   -16.6
808.496   -30.8   -30.6   -22.3
828.418     2.3   -34.0   -17.4
840.039     4.9   -35.6    -6.0
856.641   -34.4     5.1   -19.2
858.301   -30.4   -10.7   -17.0
868.262   -32.7   -17.5   -27.7
878.223   -35.9    -4.8   -32.1
879.883   -30.9   -29.1   -23.9
901.465    -9.7   -38.0   -17.6
911.426    -3.8   -31.1   -15.8
926.367   -43.2    -2.6   -29.4
928.027   -32.4    10.0    -8.4
936.328   -46.5    -8.4   -34.0
937.988   -54.1    -9.7   -37.0
946.289   -50.1   -18.0   -21.3
947.949   -48.5    -3.8   -31.6
949.609   -44.9    -2.4   -23.1
956.250   -49.8   -11.9   -20.9
957.910   -62.2   -12.4   -25.1
959.570   -54.0    -3.2   -23.5
966.211   -34.1   -18.4   -19.8
967.871   -61.0    -0.8   -12.1
969.531   -72.8     0.4   -22.0
971.191   -42.3    -6.0   -33.5
977.832   -37.8   -16.1   -19.9
979.492   -62.5    -2.7   -14.7
981.152   -53.4    -1.0   -22.1
987.793   -37.0    -5.7   -22.1
989.453   -38.2    -5.6   -26.0
991.113   -35.1   -11.9   -25.1
999.414   -35.8    -3.8   -22.6
1001.074   -42.0   -14.5   -26.7
1002.734   -33.1   -10.6   -16.8
1012.695   -39.0   -22.8   -28.8
1022.656   -39.2   -21.5   -30.9
1024.316   -20.7   -33.1   -27.5
1032.617   -34.7    -7.2   -21.0
1034.277   -25.8   -36.3   -28.7
1035.938   -13.7   -30.4   -13.8
1102.344   -32.4    -1.9   -20.0
1113.965   -30.6   -11.2   -17.3
1170.410   -15.2   -31.5   -15.4
1213.574   -38.7   -16.6   -31.1
1223.535   -35.3   -13.4   -27.9
1233.496   -34.8     7.4   -12.9
1240.137   -34.2    -3.9   -29.9
1251.758   -29.5   -12.4   -34.3
1314.844   -34.1   -41.3   -36.6
1324.805   -38.1   -41.6   -36.2
1326.465   -30.4   -42.1   -17.4
1334.766   -16.0   -38.1   -30.1
1344.727   -24.0   -30.3   -23.0
1354.688   -12.7   -36.3   -16.9
1364.648     0.0   -31.8   -12.3
1371.289   -30.6    -1.4   -28.0
1381.250   -35.9     0.2   -31.9
1382.910   -35.3   -18.6   -37.9
1391.211   -36.7     4.0   -22.8
1399.512   -45.9    -2.0   -14.9
1401.172   -38.2    -4.5   -20.0
1409.473   -35.1   -18.2   -28.8
1411.133   -30.6    -6.6   -18.5
1454.297    -7.3   -32.6   -21.2
1455.957    -6.5   -30.1   -14.6
1464.258    -9.3   -37.7   -24.6
1465.918   -11.8   -45.5   -30.5
1467.578   -12.1   -36.0   -22.6
1482.520    -4.3   -30.9   -12.0
1484.180     8.8   -37.8   -12.6
1494.141    12.1   -32.2    -4.8
1499.121   -37.1     2.9   -12.5
1507.422   -31.3    -7.8   -17.4
1509.082   -48.6     2.5   -18.0
1517.383   -36.9   -10.6   -24.4
1519.043   -64.4   -16.8   -31.5
1527.344   -42.7   -15.8   -27.5
1529.004   -61.0   -29.6   -30.4
1537.305   -36.1   -21.5   -30.2
1538.965   -58.8   -38.6   -44.4
1540.625   -32.4   -10.2    -6.5
1547.266   -33.8   -20.6   -24.8
1548.926   -46.2   -40.2   -39.8
1550.586   -35.3   -14.0    -6.6
1557.227   -30.9   -20.3   -30.9
1558.887   -39.3   -25.6   -15.2
1560.547   -31.8    -6.2    -5.3
1658.496   -32.2    -6.6   -19.0
1666.797   -30.5     8.7   -23.3
1668.457   -31.1   -18.4   -19.4
1670.117     6.0   -31.1     0.5
1675.098   -37.1    14.4    -7.0
1676.758   -36.2     3.5   -17.1
1695.020   -34.5    -4.2   -25.0
1696.680   -39.4     1.7   -15.8
1698.340    -7.9   -18.1    -6.5

Event #30  ts=2026-09-25 13:46:49.754  [SELECTED]
  t[ns]  u1[mV]  u2[mV]  u3[mV]
  0.000    36.3   -12.4     9.6
  9.961   -38.4    -2.2   -36.1
111.230   -12.6   -35.3   -16.3
134.473   -31.5    -5.4   -19.2
136.133   -31.6     3.3    -7.7
144.434   -30.9    -6.1   -23.7
146.094   -40.9    -2.6   -18.6
154.395   -31.9   -20.8   -32.6
156.055   -45.2   -14.0   -21.9
157.715   -40.2   -18.8   -19.7
164.355   -39.4   -18.6   -29.3
166.016   -45.0   -23.0   -24.3
174.316   -25.7   -13.8   -31.0
175.977   -43.0   -29.8   -21.0
185.938   -38.2   -23.7   -13.2
202.539   -90.0   -48.3   -32.6
204.199  -122.2   -86.5   -43.9
205.859  -155.0  -131.1    -3.0
207.520   -67.0  -160.9    -7.6
209.180   -63.4  -151.4    -4.3
210.840   -68.0  -150.7    -5.5
212.500  -107.5  -128.0   -26.5
214.160   -77.1  -106.2   -27.2
215.820   -17.7   -52.4     3.5
217.480   -14.1   -32.8    14.5
219.141   -16.0   -32.0     0.6
222.461   -36.7   -35.8   -26.7
224.121   -35.3   -33.9   -21.9
232.422   -32.2   -42.8   -32.1
234.082   -32.0   -49.4   -30.3
242.383   -16.6   -35.6   -34.1
244.043   -14.4   -32.1   -19.2
252.344    -3.3   -43.6   -17.9
277.246   -33.1    -6.3   -15.8
278.906   -38.2   -21.7   -26.5
287.207   -32.8   -19.8   -20.3
288.867   -37.1   -34.3   -31.5
297.168   -35.2   -17.6   -21.4
298.828   -43.5   -20.3   -24.2
300.488   -31.0   -19.8   -16.2
308.789   -42.3   -25.9   -14.6
355.273   -32.4     5.5     5.8
375.195   -33.8     1.0    -7.6
385.156   -40.5    -9.1   -22.3
386.816   -39.1    -7.7   -17.9
396.777   -36.8   -21.7   -38.8
405.078   -46.8    10.2   -12.1
406.738   -47.5   -18.1   -34.7
415.039   -48.0     5.4   -15.5
416.699   -48.4    -4.5   -24.6
425.000   -47.6    -5.0   -24.7
426.660   -49.0    -8.9   -26.8
428.320   -37.2   -13.1   -19.3
434.961   -48.6   -14.5   -45.3
436.621   -48.8   -17.9   -41.1
438.281   -30.5    -7.9    -8.4
444.922   -35.3    16.7    -7.9
446.582   -33.6   -20.1   -38.3
471.484     4.1   -34.8   -11.8
481.445     1.7   -31.6   -25.4
491.406    -7.8   -42.4   -19.0
493.066   -10.3   -36.5   -15.6
521.289    -8.7   -29.4   -34.3
522.949     6.8   -35.9   -17.2
539.551   -35.5   -13.2   -18.2
551.172   -30.4   -16.2   -23.0
561.133   -35.6    -3.4   -12.5
571.094   -33.9    -2.9    -8.8
597.656     2.3   -32.4   -18.6
652.441   -33.3    -0.7   -21.6
662.402   -33.0    -3.9   -16.8
664.062   -26.2   -19.1   -30.9
672.363   -28.0   -22.2   -30.4
682.324   -34.7     0.2   -12.9
690.625   -39.3     5.2    -8.3
692.285   -49.4    -8.5    -7.3
693.945   -13.9   -35.4   -25.0
698.926    -8.6    -4.5   -31.1
700.586   -42.8    -0.9   -16.5
702.246   -44.9   -11.8   -11.9
710.547   -59.7   -12.6   -28.1
712.207   -46.9   -11.2   -19.1
720.508   -52.9   -12.9   -28.1
722.168   -65.7   -13.4   -26.5
732.129   -62.9   -20.3   -35.2
733.789   -34.0   -22.7   -34.0
742.090   -55.2    -5.4   -23.4
743.750   -34.8   -20.6   -25.2
752.051   -45.4    -8.4   -21.2
785.254   -15.3   -21.6   -31.3
796.875   -39.1   -32.0   -28.2
806.836   -56.3   -27.6   -18.9
808.496   -55.8   -40.9   -30.1
816.797   -44.6   -28.6   -20.4
818.457   -37.9   -36.9   -16.1
826.758   -15.8   -27.2   -33.4
828.418   -43.4   -37.6   -34.5
830.078   -38.1   -24.6   -10.1
838.379   -38.0   -36.6   -22.7
850.000   -11.1   -36.5   -19.8
851.660    -6.1   -33.0   -19.7
861.621     3.8   -31.3   -15.4
868.262   -23.8   -14.6   -31.3
876.562   -34.3     3.8    -2.6
878.223   -37.9    10.9   -10.6
886.523   -37.0    -7.4   -18.9
888.184   -40.5    -3.1   -23.3
898.145   -44.1   -16.1   -24.5
908.105   -31.1   -11.5   -29.4
918.066   -31.1   -10.7   -17.4
951.270     7.4   -17.8   -31.0
979.492   -31.9     5.0   -11.1
1016.016    -1.0   -34.2   -16.2
1017.676     0.1   -34.3   -17.3
1025.977   -17.6   -34.7   -11.4
1035.938   -21.0   -41.6   -32.1
1047.559   -17.2   -43.4    -9.3
1057.520   -10.3   -41.1   -13.6
1069.141   -11.8   -31.5   -17.2
1113.965   -34.0    -2.4    -9.8
1122.266   -18.7   -13.0   -32.7
1123.926   -35.5   -21.8   -29.9
1133.887   -18.5   -24.2   -34.8
1172.070     5.6   -31.2   -20.9
1183.691     5.0   -31.0    -6.6
1187.012   -33.2    -6.9   -30.4
1198.633   -30.8   -14.3   -32.7
1206.934   -38.9    11.8   -11.1
1208.594   -40.7     3.7   -27.4
1216.895   -41.8     3.0   -22.1
1218.555   -45.8    -7.5   -30.2
1226.855   -46.8    -4.6   -24.6
1228.516   -34.3   -10.6   -22.9
1238.477   -48.0   -22.7   -33.9
1246.777   -52.2    -9.7   -22.7
1248.438   -52.8    -9.4   -24.0
1250.098   -36.8   -17.9   -27.3
1258.398   -55.6    -6.5   -22.3
1268.359   -42.1   -10.1   -26.2
1270.020   -44.1   -13.3   -19.1
1278.320   -49.6    -3.4   -23.1
1288.281   -46.8     9.0    -2.9
1289.941   -32.4   -12.2   -29.4
1298.242   -41.6     5.4    -9.7
1308.203   -36.8     8.8   -12.1
1309.863   -45.2    -1.3   -20.9
1319.824   -32.9    -2.9   -20.0
1329.785   -26.5   -14.3   -30.2
1386.230   -36.1     6.7    -8.7
1387.891   -32.2     8.0    -6.4
1396.191   -36.7    -8.7   -18.8
1406.152   -39.3   -17.8   -25.8
1407.812   -39.2   -14.4   -23.9
1454.297     5.2   -32.0   -18.7
1464.258    -2.7   -34.9   -23.1
1474.219    -0.9   -31.5   -15.5
1480.859   -31.5   -15.6   -17.6
1490.820   -31.7     5.2    -5.4
1492.480   -17.2   -35.9   -28.6
1610.352   -25.9   -21.8   -33.3
1620.312   -36.6   -22.6   -31.0
1630.273   -26.6   -27.3   -33.2
1665.137   -34.4    -5.2   -13.6
1675.098   -32.6     7.3   -10.5
1683.398   -33.9    -3.7   -24.7
1685.059   -48.5    -5.3   -18.0
1693.359   -33.4   -13.6   -35.5
1695.020   -47.6    -9.8   -26.2
1698.340    34.4   -21.7    -2.5

Event #35  ts=2026-09-25 13:46:50.727  [SELECTED]
  t[ns]  u1[mV]  u2[mV]  u3[mV]
  0.000     2.8   -10.1     1.7
 28.223   -11.8   -36.5   -20.6
 38.184    -8.4   -44.7   -18.1
 46.484     2.6   -42.0   -19.7
 48.145    -4.4   -40.9    -2.5
 56.445     1.6   -39.7   -21.2
 58.105     0.7   -31.3     2.5
 66.406     6.6   -46.5   -21.5
 71.387   -33.0    15.8   -16.1
 76.367    19.9   -42.9   -14.8
 81.348   -30.8    11.2   -26.8
102.930   -42.1     2.0   -20.6
111.230   -32.2   -13.7   -34.3
112.891   -37.8   -14.9   -19.0
122.852   -33.4   -18.0   -28.3
131.152   -32.5    -1.8    -7.5
134.473    -7.3   -27.9   -32.8
144.434     1.9   -25.8   -31.9
187.598   -30.7    -0.3    10.6
189.258    -8.2   -27.3   -30.2
197.559   -42.2   -10.8   -18.0
199.219   -59.2   -37.8   -69.4
200.879   -83.4  -113.5  -142.0
202.539  -126.2  -194.9  -132.5
204.199  -134.8  -206.5  -123.5
205.859  -109.7  -225.2  -107.0
207.520  -110.7  -174.6  -143.0
209.180  -106.8  -144.5  -129.6
210.840   -89.1  -138.8  -111.0
212.500   -31.3   -93.7   -72.2
214.160   -21.2   -72.0   -67.2
215.820   -21.8   -32.9   -37.4
217.480   -31.2   -46.0   -43.4
219.141   -32.0   -59.1   -51.0
224.121   -19.3   -37.0   -38.6
230.762   -13.3   -32.5   -26.5
252.344   -24.0   -30.1   -29.2
265.625   -21.4   -42.5   -23.1
273.926   -15.3   -34.3   -24.8
275.586   -12.4   -50.4   -29.9
285.547   -11.0   -35.4    -6.9
293.848     5.6   -30.1    -9.4
297.168   -23.2   -21.3   -33.5
303.809    12.5   -36.0   -19.9
308.789   -38.9   -22.7   -42.0
315.430    21.3   -34.8   -13.8
318.750   -35.4   -11.8   -29.8
320.410   -31.7     7.6   -11.1
328.711   -40.1    -6.0   -25.6
330.371   -43.1    -0.4   -25.7
340.332   -48.7     3.2    -5.8
341.992   -33.1     0.9   -12.3
343.652    19.0   -32.7   -20.8
348.633   -33.7   -29.1   -48.5
350.293   -47.2    15.2    -1.9
351.953   -31.7    12.4     1.2
353.613    16.4   -33.7   -21.4
360.254   -40.4   -11.2   -28.6
370.215   -32.1    -7.8   -23.5
371.875   -36.5   -21.8   -35.0
381.836   -27.4   -13.4   -39.2
393.457   -14.2   -30.3   -33.3
403.418     5.1   -30.6   -15.1
433.301     8.2   -30.7   -18.0
451.562   -35.0   -17.4   -21.1
459.863   -38.7     5.5    -8.3
461.523   -38.3    -3.4   -10.2
463.184    -6.5   -35.4   -29.0
469.824   -35.7   -13.1   -26.7
471.484   -49.6    -4.0    -9.2
473.145   -33.6   -15.5   -13.2
481.445   -57.7   -16.3   -23.0
483.105   -35.1   -16.5   -10.8
491.406   -63.5   -14.0   -27.7
499.707   -33.8     4.4   -24.9
501.367   -56.0    -6.1   -30.8
503.027   -31.8   -21.4   -18.1
511.328   -58.1    -1.0   -22.2
521.289   -57.5   -10.7   -35.5
522.949   -49.4    -4.0    -9.7
531.250   -32.2    -1.5   -22.9
532.910   -35.8    -4.4   -24.0
541.211   -37.6     4.3   -14.5
542.871   -32.5    -3.9   -26.0
544.531   -34.6   -12.8   -34.5
549.512    -9.1   -21.2   -34.8
551.172   -22.4   -10.2   -33.3
552.832   -51.8    13.5    -9.7
554.492   -39.6    -9.0   -25.9
561.133   -48.7     0.6   -19.4
562.793   -35.8    15.9    -0.7
564.453   -51.3    14.2   -10.0
566.113    -5.9   -33.6   -23.9
572.754   -35.0     7.3   -15.7
582.715   -34.7    11.3   -11.9
584.375   -33.3   -18.0   -29.6
586.035   -12.5   -36.1   -16.2
594.336   -36.8     6.3   -10.5
595.996    -3.0   -39.3   -23.9
650.781    -8.1   -30.9   -25.0
679.004   -33.4    -4.3   -10.4
687.305   -30.3   -15.8   -20.7
698.926   -32.3    -4.8   -12.3
707.227   -30.1   -13.3   -19.7
708.887   -40.2   -20.5   -18.8
737.109   -30.6   -26.6   -26.5
745.410   -35.4    -9.6    -6.1
747.070   -34.8   -21.4   -22.0
755.371   -33.4   -24.0   -13.8
757.031   -43.3   -23.6   -10.1
766.992   -57.3   -35.7   -39.7
775.293   -32.1   -18.5   -21.0
776.953   -58.1   -23.7   -21.7
778.613   -36.0   -32.0   -27.9
786.914   -59.4   -25.0   -30.1
788.574   -44.8   -19.0   -13.0
796.875   -31.8   -22.2   -22.7
798.535   -43.5   -34.9   -31.6
810.156   -30.8   -23.6   -24.9
820.117   -24.4   -18.5   -31.2
856.641    -9.6   -38.9   -40.1
874.902    -1.5   -32.3   -17.1
903.125   -17.9   -20.1   -31.1
916.406    -3.7   -31.7   -16.2
951.270   -25.0   -19.0   -35.0
961.230   -38.9   -10.2   -16.6
962.891   -38.6   -23.6   -18.6
971.191   -39.1   -22.1   -33.8
972.852   -47.9   -21.2   -19.1
974.512   -31.3   -10.1    -2.1
981.152   -43.1   -37.2   -50.5
982.812   -42.8   -18.1    -0.1
992.773   -51.6   -47.7   -49.2
994.434   -35.5   -32.3   -11.5
1002.734   -45.1   -35.1   -32.0
1004.395   -18.3   -32.9   -10.4
1022.656   -19.7   -22.6   -41.1
1069.141   -34.9   -17.6   -21.6
1070.801   -39.2    -5.0    -4.0
1080.762   -32.1   -25.1   -26.0
1108.984   -24.9   -16.8   -30.4
1110.645   -23.5   -26.1   -36.3
1120.605   -25.0   -29.2   -33.7
1157.129   -30.8     4.7    -0.8
1178.711   -40.7   -15.8   -26.4
1188.672   -43.4    -9.8    -8.1
1190.332   -40.2    -4.7    -5.1
1198.633   -30.7   -22.6   -10.7
1208.594   -31.0   -21.7   -23.7
1210.254   -34.8    -8.4   -16.4
1220.215   -24.4   -23.2   -31.3
1231.836   -17.9   -22.5   -32.6
1241.797   -13.6   -15.5   -30.9
1276.660    -6.2   -33.6   -34.9
1311.523   -37.4     2.7    -8.1
1323.145   -32.3    26.8     7.0
1331.445   -41.0     0.0   -15.6
1333.105   -46.3    19.9    -8.9
1341.406   -38.9   -10.6   -19.6
1343.066   -32.1    16.7   -13.5
1344.727   -31.1    15.0   -13.9
1351.367   -46.9     1.4   -19.9
1353.027   -50.3     4.1   -21.5
1362.988   -52.2     4.0    -8.4
1364.648   -46.4     1.2   -12.2
1371.289   -39.8   -15.3   -26.5
1372.949   -56.2    -1.7   -19.8
1374.609   -39.0    -4.6   -20.6
1382.910   -43.3     2.3   -19.9
1384.570   -38.2   -12.9   -31.5
1392.871   -39.0     5.6   -12.6
1394.531   -45.1    -2.8   -32.7
1402.832   -32.7     1.9    -7.3
1404.492   -19.2   -26.1   -31.9
1414.453   -21.4   -23.7   -32.6
1482.520   -28.9   -25.2   -38.8
1484.180   -18.1   -31.7   -29.1
1492.480   -31.2   -24.8   -29.7
1494.141    -1.0   -33.7   -14.7
1502.441   -38.9    -4.0   -16.0
1512.402   -46.7   -32.9   -43.2
1514.062   -12.1   -30.3    -1.0
1522.363   -33.1   -26.8   -37.1
1524.023   -36.0   -36.2   -41.3
1530.664   -32.3    23.1     3.8
1533.984   -14.6   -32.5   -29.2
1535.645    -3.1   -32.2    -8.7
1567.188     3.4   -32.2   -24.3
1570.508   -31.7     7.1   -21.7
1577.148     2.1   -32.5   -27.9
1580.469   -32.7    21.6    -0.2
1588.770   -33.4     5.6   -15.3
1593.750    10.3   -32.0    -8.8
1600.391   -31.8    10.5   -18.8
1605.371    11.2   -30.4   -13.2
1620.312   -33.5   -13.9   -25.5
1623.633    -7.2   -35.6   -14.5
1630.273   -41.2     0.0   -30.9
1635.254    16.3   -33.0    -7.1
1638.574   -29.4    15.8   -50.6
1640.234   -46.5   -13.7   -39.2
1641.895   -32.9    -6.9     1.8
1643.555     2.9   -47.0   -22.4
1645.215    25.3   -34.6   -13.8
1648.535   -36.4     7.1   -34.1
1650.195   -41.3    -9.2   -39.9
1658.496   -37.5    16.8   -15.7
1660.156   -43.6   -32.0   -39.1
1661.816   -17.5   -33.0   -17.8
1670.117   -53.4   -19.4   -32.1
1678.418   -36.0    -6.3   -20.7
1680.078   -42.1   -30.2   -42.5
1690.039   -27.2   -46.1   -47.1
1696.680   -43.6    -6.4   -16.9
1698.340   -34.7    -2.5    -7.9

Event #37  ts=2026-09-25 13:46:52.692  [SELECTED]
  t[ns]  u1[mV]  u2[mV]  u3[mV]
  0.000     7.6    -3.7   -11.0
 13.281     3.6   -32.3   -10.1
 21.582   -41.2    27.5     0.4
 24.902     1.3   -45.7   -14.9
 31.543   -38.3    20.7    -3.1
 33.203   -31.4    -9.6   -24.9
 34.863    -6.8   -49.9   -26.3
 41.504   -37.5     5.3   -20.6
 43.164   -39.1   -13.4   -24.1
 44.824   -16.7   -31.5   -15.2
 51.465   -30.2     7.9   -17.3
 53.125   -34.7   -21.3   -27.9
 54.785   -34.1   -21.4   -26.0
 63.086   -40.7   -21.7   -34.3
 64.746   -23.5   -40.7   -34.3
 71.387   -36.3     9.5   -12.4
 73.047   -34.9   -22.1   -29.5
 74.707   -17.9   -35.3   -21.3
 83.008   -46.3    -7.9   -24.5
 91.309   -30.7    -6.4   -12.2
 92.969   -35.9   -15.6   -31.3
 94.629   -28.2   -27.6   -32.7
101.270   -42.5   -11.3   -17.8
102.930   -42.2   -16.9   -27.9
111.230   -37.9   -10.5   -17.9
112.891   -46.5   -14.3   -21.4
114.551   -30.9   -16.3   -18.3
122.852   -32.5   -17.1   -18.4
161.035   -19.8   -35.1   -27.3
170.996   -19.4   -30.6   -25.6
180.957   -20.4   -31.3   -33.8
190.918   -12.8   -29.2   -31.4
197.559    -8.9   -31.0   -23.8
207.520   -30.2   -37.5   -60.1
209.180   -98.6   -62.3  -179.9
210.840  -133.9   -77.7  -328.5
212.500  -162.7   -98.9  -456.0
214.160  -143.7  -125.1  -442.5
215.820  -144.2  -130.8  -441.9
217.480   -67.5  -112.9  -386.8
219.141   -69.5  -110.7  -396.7
220.801   -52.4   -40.8  -282.2
222.461   -44.7   -24.0  -207.2
224.121   -25.9   -46.3  -159.3
225.781   -22.2   -55.4  -137.4
227.441   -39.4   -43.0  -106.1
229.102   -34.0   -32.2   -89.7
230.762   -19.4    -3.7   -75.0
232.422   -13.3     4.8   -52.7
234.082    -5.2     6.9   -46.3
235.742    -4.5   -39.3   -48.3
237.402   -13.9   -33.2   -46.1
239.062   -18.8   -19.9   -44.6
240.723   -28.0    -5.1   -34.0
242.383   -11.7     6.2   -35.1
247.363     2.9   -46.3   -31.7
249.023   -16.8   -20.5   -33.3
258.984   -34.0   -28.1   -55.8
260.645   -30.0   -11.9   -38.2
268.945   -25.4   -13.1   -37.9
270.605   -30.5   -20.9   -43.3
273.926    11.2   -14.4   -30.1
280.566   -23.0   -22.4   -37.4
318.750     5.8   -30.4   -19.5
343.652   -28.8    -5.2   -36.9
400.098   -27.0   -31.3   -28.2
410.059   -19.3   -30.9   -22.7
421.680   -26.6   -18.9   -32.7
428.320   -11.5   -26.3   -34.9
429.980   -31.6   -19.9     2.1
431.641   -38.0   -12.6    -0.3
433.301   -13.0   -22.0   -30.1
438.281   -12.0   -34.5   -28.0
539.551   -33.9   -18.0   -23.1
549.512   -41.0   -27.9   -30.4
559.473   -36.3   -30.2   -28.4
569.434   -44.1   -19.6   -23.0
581.055   -41.2     0.0    -2.4
582.715    -7.1   -10.5   -37.5
591.016   -33.3    -5.7   -19.0
612.598   -30.4    -9.5   -18.6
614.258     2.9   -32.9   -13.6
632.520   -23.4   -15.3   -30.7
672.363     5.7   -30.2   -30.8
677.344   -15.3   -15.6   -37.2
687.305   -23.8   -17.7   -31.5
697.266   -33.5   -12.4   -23.5
705.566   -37.3   -11.7   -20.0
715.527   -43.6   -24.1   -34.0
725.488   -36.6   -15.2   -23.5
735.449   -37.1   -19.7   -27.9
745.410   -30.1   -23.1   -30.1
747.070   -24.3   -30.2   -21.9
790.234   -42.1   -17.7   -29.4
800.195   -38.8   -30.3   -36.4
810.156   -47.4   -19.9   -28.9
820.117   -49.9   -18.9   -31.8
828.418   -40.0    -0.9   -13.1
830.078   -48.0   -37.4   -43.3
831.738   -21.7   -30.8   -10.7
838.379   -48.5    -9.2   -24.7
840.039   -42.5   -26.3   -35.0
848.340   -32.3     0.1    -9.4
850.000   -47.4   -13.7   -18.2
856.641   -31.8    -2.1   -22.9
858.301   -49.7    -4.5   -22.0
859.961   -31.7    -9.4    -8.4
868.262   -48.8   -13.0   -34.9
869.922   -31.4   -11.7    -7.7
876.562   -35.5     4.7   -17.1
878.223   -39.3   -14.0   -26.8
879.883   -40.5   -15.6   -28.5
888.184   -41.5     1.4   -13.3
898.145   -38.2     3.1   -18.6
899.805   -30.2    -8.8   -18.5
909.766   -33.4   -13.3   -31.7
929.688   -20.4   -29.1   -36.1
931.348   -22.3   -33.8    -7.9
939.648    -9.4   -41.0   -25.8
941.309   -13.5   -48.6   -22.8
951.270    -5.5   -50.4   -17.0
952.930   -24.9   -35.1   -18.0
961.230     1.8   -34.8    -3.2
962.891    -7.6   -36.8   -13.0
971.191    28.2   -33.7     1.3
974.512   -26.9   -23.2   -32.1
976.172   -48.1    20.2    -4.9
984.473   -33.8    -8.5   -18.6
986.133   -55.4    15.4   -10.0
994.434   -48.9     3.4   -18.3
996.094   -60.3    10.1   -11.0
997.754   -24.5   -19.6   -30.8
1006.055   -55.4     0.5   -19.4
1016.016   -49.0    -3.3   -20.9
1017.676   -37.3   -16.5   -22.9
1025.977   -33.5    -3.5   -20.7
1037.598   -26.9   -15.0   -35.1
1062.500    -6.9   -32.9   -10.2
1130.566   -37.6    -9.3   -16.7
1162.109   -31.2   -14.3   -13.3
1172.070   -30.6    -7.6     1.9
1215.234   -18.6   -31.1   -27.2
1248.438   -30.8    22.5     4.7
1250.098   -31.9    22.0     2.4
1268.359   -31.3    11.3   -10.6
1270.020   -36.8     9.8   -10.5
1279.980   -40.9    -2.3   -26.8
1288.281   -30.4     8.7   -18.5
1289.941   -38.9    -1.5   -29.8
1298.242   -40.3    -5.9   -25.0
1299.902   -39.3    -6.2   -23.6
1301.562   -35.1   -16.2   -27.8
1309.863   -36.2    -7.4   -22.3
1311.523   -37.4   -15.5   -28.3
1319.824   -33.5   -17.3   -27.0
1321.484   -41.8   -19.0   -27.4
1331.445   -37.9   -33.6   -34.5
1421.094   -42.0    -4.0   -12.1
1422.754   -32.3    -9.8   -29.2
1432.715   -34.1    -3.5   -20.9
1434.375   -32.0   -21.7   -30.4
1444.336   -36.9   -11.6   -21.0
1454.297   -31.3   -12.9   -21.8
1455.957   -39.5   -24.8   -21.8
1465.918   -37.8   -22.5   -32.3
1467.578   -37.3   -32.9   -28.4
1475.879   -30.3   -18.9   -32.2
1477.539   -16.8   -38.8   -12.1
1479.199    -9.9   -30.7    -4.4
1489.160   -10.0   -35.5   -12.4
1500.781    11.0   -31.2    -0.9
1502.441   -12.3   -36.1   -28.0
1515.723   -39.3     9.8     0.1
1524.023   -15.8   -22.9   -30.6
1525.684   -46.9    -2.5   -19.4
1535.645   -42.6   -12.3   -28.9
1537.305   -35.6     1.1   -14.1
1545.605   -40.8   -16.3   -20.9
1547.266   -40.8   -11.2   -30.3
1558.887   -38.4     0.3   -20.0
1568.848   -33.2    -3.6   -15.0
1570.508   -34.7    -3.8   -19.9
1580.469   -37.1     1.0   -20.8
1582.129   -30.6     2.9   -11.0
1592.090   -39.6    -0.7   -21.1
1593.750   -35.3     7.6    -1.8
1602.051   -46.9    -0.3   -11.9
1603.711   -52.3     6.6    -4.6
1607.031    11.9   -36.1   -13.4
1612.012   -30.2    -6.8   -31.8
1613.672   -49.8    -2.6   -30.6
1615.332   -33.5   -14.4   -13.9
1618.652    26.1   -31.7     3.5
1623.633   -48.5    -3.7   -25.7
1625.293   -33.9   -25.5   -20.4
1633.594   -42.6     2.1   -21.9
1635.254   -45.2   -11.6   -25.3
1643.555   -35.2    -4.1   -26.5
1645.215   -44.7    -7.8   -17.4
1673.438   -34.3   -30.7   -34.8
1683.398   -31.3   -23.0   -24.2
1685.059   -31.6   -30.3   -24.4
1693.359   -34.8   -16.1   -19.7
1695.020   -35.5   -28.6   -22.7
1698.340    26.4    12.5    10.6

Event #38  ts=2026-09-25 13:46:52.802  [SELECTED]
  t[ns]  u1[mV]  u2[mV]  u3[mV]
  0.000   -28.2     5.6   -14.0
  8.301   -36.7    -3.5   -13.4
  9.961   -22.8   -40.6   -29.2
 18.262   -20.6   -30.2   -28.1
 19.922   -22.1   -30.8   -27.9
 29.883   -17.8   -30.8   -20.9
 66.406   -31.7     0.0   -12.9
 96.289   -40.1     4.8    -4.0
106.250   -35.6     3.3    -6.2
107.910   -40.5    -3.0   -15.1
119.531    -3.2   -30.3    -6.3
126.172   -32.6    15.8    -6.1
146.094   -30.6     8.1   -12.6
154.395   -34.6    -0.6   -21.4
156.055   -38.6    15.8    -4.4
164.355   -29.2   -15.6   -30.4
166.016   -51.1     5.2   -12.5
172.656   -17.2   -25.3   -33.4
174.316   -56.2    -5.7   -17.5
175.977   -52.2     7.3   -11.7
177.637   -35.0     0.2   -23.0
185.938   -52.0     3.5   -22.4
194.238     3.3   -33.0   -27.4
195.898  -112.3    -8.8   -34.5
197.559  -119.3   -14.8   -35.7
199.219  -183.8   -81.3   -61.8
200.879  -167.5  -165.1  -134.9
202.539  -171.2  -217.4  -298.0
204.199  -175.2  -196.6  -355.1
205.859  -193.4  -163.3  -387.2
207.520  -173.4  -157.4  -365.8
209.180   -75.2  -117.2  -280.4
210.840   -29.5   -92.6  -250.5
212.500    -7.1   -64.2  -202.8
214.160   -16.9   -56.1  -168.9
215.820   -35.8   -45.9  -151.4
217.480   -72.7   -44.4  -130.3
219.141   -67.9   -32.3  -116.0
220.801     2.1   -27.5   -48.4
222.461    15.7   -36.6   -52.2
224.121    19.1   -18.2   -41.5
225.781   -21.9    -2.9   -50.9
227.441   -29.7    -0.8   -50.0
229.102   -46.8   -27.2   -42.5
239.062   -37.4   -13.6   -38.9
240.723   -42.5   -41.6   -43.1
242.383   -31.9   -23.8   -25.4
249.023   -43.2   -25.9   -32.5
250.684   -39.2   -40.9   -34.6
258.984   -23.2   -16.9   -35.6
260.645   -30.2   -30.3   -30.7
262.305   -29.1   -35.4   -24.3
270.605   -21.9   -37.0   -35.9
272.266   -22.9   -41.2   -31.0
310.449   -13.2   -32.7   -21.7
351.953    -5.4   -33.1   -16.0
360.254   -30.5     0.9   -14.7
361.914    -3.8   -35.0   -16.6
425.000    -5.7   -36.0   -27.8
444.922     7.4   -34.1    -9.6
476.465     7.6   -30.3    -7.1
491.406   -34.5     1.0   -16.6
542.871    -9.6   -34.0   -20.3
557.812   -18.6   -11.4   -31.3
559.473   -32.4    -5.6   -20.3
569.434   -21.1    -6.1   -30.4
599.316   -16.1   -26.1   -33.4
600.977   -31.4   -25.1   -43.0
637.500   -39.1    -6.3   -11.8
640.820     4.1   -34.5    -3.7
647.461   -36.3   -20.2   -26.9
649.121   -49.1   -19.0   -17.6
657.422   -49.5    -7.4   -35.4
659.082   -58.3   -24.5   -15.6
667.383   -43.4   -17.2   -31.2
669.043   -58.8   -18.4   -29.4
670.703    -0.3   -31.6   -17.5
677.344   -33.1     9.1   -32.2
679.004   -36.9   -11.3   -36.1
680.664   -21.5   -33.4    -0.5
688.965   -27.4   -31.2   -14.5
698.926   -33.2     2.8   -18.7
708.887   -36.7     4.7   -22.2
717.188   -32.7    -8.4   -11.3
718.848   -44.8    -2.1   -26.2
728.809   -51.8    -9.7   -28.6
730.469   -47.8    -7.2   -29.0
738.770   -41.6   -19.5   -25.8
740.430   -62.8    -4.4   -20.1
748.730   -32.7   -25.9   -28.3
750.391   -57.3   -17.7   -19.0
760.352   -38.6    -8.8   -24.0
762.012   -45.5     4.8   -23.6
796.875   -20.0   -34.4   -27.1
806.836   -16.3   -42.6   -33.9
818.457   -33.5   -10.6    -9.0
830.078   -36.2    -7.7   -15.1
850.000   -33.8    -4.4   -12.0
851.660   -38.0    11.8    -3.7
863.281   -33.7   -14.3   -16.3
873.242   -32.6    -8.4   -26.7
884.863   -32.7   -25.5   -23.4
916.406   -30.6    -5.4    -9.4
918.066   -34.5    -5.8   -11.3
928.027   -30.4    -7.8   -14.3
929.688   -19.6   -32.7   -31.2
937.988   -36.9     2.3   -13.9
949.609   -42.3   -11.9   -12.3
957.910   -40.6    -4.5   -15.7
959.570   -17.5   -38.0   -25.3
961.230   -18.2   -37.4   -26.8
962.891    14.7   -31.9    -7.5
979.492   -32.2    -1.1   -13.4
989.453   -32.7    16.0     0.6
1014.355    15.5   -30.8    -5.2
1032.617    11.8   -36.1   -21.5
1042.578    11.6   -41.0   -16.2
1065.820   -24.6   -23.6   -30.3
1067.480   -31.4    16.5    -2.8
1077.441   -37.2    -9.2   -15.4
1079.102   -33.6     7.1    -6.4
1087.402   -37.9   -10.7   -23.8
1097.363   -33.9    -0.2   -13.0
1175.391   -10.8   -32.6   -10.8
1183.691    -2.9   -37.5   -15.2
1195.312     2.2   -37.7   -22.2
1208.594   -33.7     8.5   -14.4
1210.254   -37.2     9.3   -22.0
1215.234    27.4   -32.4    -7.2
1218.555   -45.5     2.2   -30.0
1220.215   -42.9     2.2   -21.6
1228.516   -34.7    -3.7   -30.5
1230.176   -55.3   -16.2   -32.9
1231.836   -41.0     0.0    -5.8
1240.137   -65.3   -23.4   -45.4
1241.797   -61.4   -32.3   -47.2
1250.098   -58.5   -21.4   -34.4
1260.059   -63.8   -22.0   -38.2
1270.020   -44.4   -39.8   -29.9
1271.680   -44.5   -26.9   -14.8
1278.320   -24.1   -24.9   -33.8
1279.980   -39.6   -38.2   -27.0
1281.641   -34.5   -26.3   -14.3
1314.844   -30.6    10.8    -0.8
1324.805   -30.9     0.9    -5.4
1334.766   -34.0    -4.4   -13.3
1344.727   -32.9    -1.1    -4.4
1389.551    -4.1   -31.4   -13.3
1399.512    -8.7   -33.4    -9.2
1419.434     6.3   -34.6    -8.7
1422.754    -9.6     6.3   -30.4
1432.715   -33.6     6.7   -10.3
1434.375   -39.4     5.6   -12.3
1442.676   -37.7     2.9   -12.1
1444.336   -44.9   -15.0   -31.0
1454.297   -57.1   -16.2   -29.6
1462.598   -34.2    -9.6   -25.9
1464.258   -46.3   -22.6   -33.1
1474.219   -41.6   -37.1   -34.8
1519.043   -32.1   -39.6   -42.5
1529.004   -35.3   -27.9   -25.6
1538.965   -30.8   -20.7   -14.5
1547.266   -24.4   -31.7   -19.3
1555.566    -7.4   -38.3   -21.0
1565.527    -4.3   -31.1    -9.3
1575.488    -5.7   -44.8   -17.1
1585.449    -7.1   -46.4   -12.4
1587.109     3.6   -39.3   -20.8
1595.410    -0.7   -48.1   -12.8
1603.711    -9.4   -39.8   -12.8
1605.371     5.6   -37.7    -1.3
1613.672   -13.7   -30.7   -13.6
1620.312   -40.8     8.3   -22.2
1630.273   -33.8    15.7   -21.3
1631.934   -38.3   -15.8   -33.3
1633.594   -34.0    -9.7   -16.3
1640.234   -34.6     2.0   -27.2
1641.895   -37.5    -5.8   -28.7
1651.855   -41.5    -6.2   -27.7
1661.816   -39.4     2.5   -21.8
1671.777   -31.6    -2.6   -23.8
1690.039   -32.1     7.9    -6.1
1698.340    -6.6   -14.2    -3.6

Event #40  ts=2026-09-25 13:46:54.363  [SELECTED]
  t[ns]  u1[mV]  u2[mV]  u3[mV]
  0.000   -18.2   -13.0     0.1
 26.562   -35.0    -8.6   -17.3
 36.523   -33.3   -20.6   -26.2
 91.309   -38.9   -25.6   -24.6
 99.609   -33.0   -15.9   -25.7
101.270   -39.1   -26.0   -21.8
109.570   -30.3    -8.9   -29.3
111.230   -48.0   -26.6   -25.9
119.531   -35.6   -14.5   -32.7
121.191   -48.1   -20.4   -25.5
122.852   -32.0   -24.5    -9.5
129.492   -31.8   -12.3   -28.0
131.152   -45.8   -20.0   -11.5
132.812   -44.3   -21.2   -13.2
141.113   -34.4   -13.2   -13.5
162.695    -8.7   -31.0   -14.0
192.578    -6.8   -30.1   -15.2
199.219   -30.7    24.6     7.6
200.879   -53.6   -17.9   -35.2
202.539   -92.7   -78.7   -63.2
204.199  -114.9  -103.7   -75.9
205.859  -125.4  -116.7   -96.2
207.520  -123.1  -117.3  -110.3
209.180   -96.0   -67.8   -99.2
210.840   -85.7   -71.0  -118.3
212.500   -56.0   -85.8   -81.0
214.160   -30.1   -53.7   -53.0
215.820   -24.2   -29.0   -45.7
217.480   -33.8    -2.7   -39.2
219.141   -45.4    -7.4   -44.7
220.801   -28.2   -30.6   -50.5
222.461    -5.5   -43.4   -11.1
229.102   -28.1   -28.5   -37.3
230.762   -12.5   -32.4    -9.4
240.723   -25.1   -32.7   -35.5
247.363   -35.0     2.4   -12.3
360.254   -21.5   -32.7   -19.3
406.738   -40.4   -10.5   -27.9
416.699   -44.0   -18.5   -27.2
418.359   -33.0   -17.2   -19.0
426.660   -45.4   -19.5   -31.5
436.621   -27.9   -21.7   -33.3
438.281   -42.3   -25.1   -26.7
446.582   -24.4   -22.7   -30.5
448.242   -32.3   -22.7   -17.3
459.863   -37.5   -13.7   -20.7
469.824   -39.9   -20.6   -20.0
479.785   -38.4   -19.7   -19.5
481.445   -46.9   -32.9   -38.6
489.746   -34.5   -33.0   -23.6
491.406   -42.9   -40.8   -31.8
501.367   -45.5   -29.1   -37.0
511.328   -34.0   -26.6   -20.7
522.949   -30.4   -15.7   -15.6
534.570   -32.9    -2.0   -19.2
544.531   -32.3    -6.3   -13.1
554.492   -34.1   -14.7   -30.1
564.453   -30.5   -18.8   -29.9
574.414   -30.1   -18.1   -28.9
654.102   -27.6   -11.1   -30.8
655.762   -32.3    -4.7   -19.4
664.062   -31.2     2.5   -13.1
665.723   -31.1   -14.0   -21.1
674.023   -33.2     0.4   -10.8
675.684   -34.1   -14.1   -18.3
685.645   -30.4   -15.1   -21.1
791.895     6.8   -36.3   -13.1
816.797   -30.5     1.8   -17.4
826.758   -48.3     5.0   -21.6
828.418   -49.8    -0.7   -21.2
836.719   -56.5     5.9   -24.9
846.680   -56.0     3.0   -39.4
848.340   -51.6     3.8   -36.2
856.641   -51.3     3.0   -35.3
858.301   -54.9    -4.9   -42.0
864.941   -31.2     8.3    -8.2
866.602   -47.7     3.8   -27.5
868.262   -55.3    -5.6   -46.0
876.562   -45.0    -2.3   -31.8
878.223   -37.4    -4.9   -10.9
879.883   -34.6    -3.8    -9.4
886.523   -41.1   -16.5   -39.4
888.184   -45.9     4.8    -7.9
898.145   -45.9   -16.7   -30.0
908.105   -39.0    -9.1   -27.5
909.766   -35.5    -4.2   -22.0
918.066   -31.3    -3.8   -22.5
991.113   -32.2   -18.0   -21.0
992.773   -29.0   -16.5   -32.2
1001.074   -32.2   -12.9   -10.4
1002.734   -32.8   -23.1   -28.7
1011.035   -35.0    -9.4   -14.3
1012.695   -48.2   -27.2   -28.1
1022.656   -46.6   -30.9   -27.4
1030.957   -46.1   -23.1   -15.7
1032.617   -48.8   -27.4   -14.6
1042.578   -40.7   -32.7   -24.8
1052.539   -27.0   -30.6   -25.0
1054.199    -8.2   -33.0   -24.8
1070.801   -37.3    -6.6   -15.8
1080.762   -42.1   -10.5   -22.1
1082.422   -35.8    -4.7   -17.2
1090.723   -44.7   -15.3   -29.2
1092.383   -43.1    -5.7   -19.5
1102.344   -49.7    -5.4   -22.4
1104.004   -39.3     2.1    -8.3
1112.305   -24.6   -23.2   -36.1
1113.965   -51.3     4.4    -9.0
1115.625   -34.7    13.7    -5.5
1123.926   -42.0     3.1   -13.6
1125.586   -48.3    18.3   -14.8
1127.246   -33.0     1.7   -21.4
1135.547   -45.5    12.1   -22.2
1137.207   -12.7   -31.1   -11.3
1138.867    -1.9   -31.8    -3.3
1145.508   -40.4    19.2   -13.3
1147.168   -36.6    10.0   -25.8
1148.828   -16.9   -42.2   -19.1
1157.129   -29.8   -24.8   -34.2
1158.789   -24.0   -34.2   -32.4
1160.449    -7.4   -37.3    -6.4
1170.410   -15.7   -46.6   -24.0
1180.371    -1.4   -35.9    -7.7
1190.332     7.5   -33.2   -11.6
1238.477   -31.3   -16.2    -7.7
1286.621   -32.7     0.4   -10.5
1296.582   -44.7     2.0    -9.4
1298.242   -33.3     0.6   -14.1
1306.543   -42.9    -6.6   -17.7
1316.504   -32.3   -16.1    -9.3
1326.465   -34.7   -10.9   -10.9
1514.062   -36.3    -8.9   -11.8
1524.023   -49.5   -17.9   -29.4
1533.984   -36.3   -28.6   -44.4
1535.645   -40.5   -20.9    -6.5
1543.945   -33.2   -35.1   -38.4
1545.605   -50.2   -31.7   -14.7
1547.266   -36.3   -16.8    -9.6
1553.906   -27.0   -36.6   -31.5
1555.566   -38.0   -18.1   -10.1
1557.227   -34.7   -10.9   -19.1
1565.527   -37.4   -30.6   -10.8
1666.797   -30.8   -22.1   -26.2
1676.758   -34.4   -14.4   -24.7
1688.379   -34.6   -13.6   -25.4
1698.340   -29.1   -15.0   -29.9

Event #44  ts=2026-09-25 13:47:00.023  [SELECTED]
  t[ns]  u1[mV]  u2[mV]  u3[mV]
  0.000     2.4   -22.2   -16.2
  9.961   -17.3   -34.8   -35.4
 21.582   -21.1   -36.8   -19.5
 33.203   -17.5   -26.2   -31.2
 39.844   -12.8   -30.5   -32.6
 49.805   -27.9   -44.5   -24.8
 61.426   -18.0   -33.9   -11.5
 78.027   -24.1   -23.1   -33.8
 87.988   -27.9   -38.0   -47.7
116.211   -31.2   -18.7   -25.1
162.695    -6.7   -31.8   -18.0
172.656    -7.2   -34.4   -14.9
180.957    -1.3   -30.5   -18.9
200.879   -88.4   -77.7  -118.8
202.539  -121.7   -88.5  -133.9
204.199  -142.2   -99.4  -164.0
205.859  -141.1  -113.4  -190.1
207.520  -135.9  -114.6  -186.1
209.180  -102.5   -90.3  -161.8
210.840   -73.8   -77.2  -180.4
212.500   -63.4   -67.7  -143.9
214.160   -63.0   -27.8   -81.5
215.820   -45.8   -16.5   -75.8
217.480   -21.0   -31.4   -81.1
219.141   -13.7   -17.8   -55.1
220.801   -21.1   -17.9   -49.4
222.461   -22.3   -30.6   -33.4
224.121   -32.1   -16.9   -26.4
230.762     0.8   -27.4   -32.6
244.043   -41.3     9.9    -5.7
254.004   -41.6     6.7    -2.3
255.664   -42.0     2.0    -0.4
263.965   -38.8    -0.2   -17.0
265.625   -33.7    -8.1   -25.3
273.926   -32.6     3.0   -21.6
275.586   -42.0   -24.6   -38.6
283.887   -39.7    -6.6   -29.3
285.547   -36.5   -22.3   -40.7
287.207   -10.6   -31.8   -11.1
292.188   -32.7     6.9    -0.9
293.848   -39.2   -11.0   -31.7
295.508    -5.1   -36.8   -20.3
303.809   -39.0    -6.4   -24.6
305.469   -25.5   -36.2   -30.8
315.430   -14.0   -34.1   -17.1
340.332   -25.7   -17.0   -36.0
348.633   -38.5    -3.0   -13.9
350.293   -38.0   -18.3   -32.6
358.594   -47.8   -20.0   -36.5
360.254   -54.7   -23.4   -38.9
368.555   -36.4   -12.7   -22.2
370.215   -49.7   -39.6   -44.0
371.875   -39.7   -26.0   -18.9
378.516   -40.0   -18.6   -24.4
380.176   -47.6   -44.5   -43.7
388.477   -36.2   -19.2   -19.2
390.137   -40.5   -32.8   -31.0
434.961   -38.9   -21.8   -20.2
443.262   -13.2   -23.1   -35.6
453.223    -2.4   -23.6   -30.9
454.883    -9.4   -31.0   -33.6
493.066   -33.0   -11.2   -14.3
494.727   -20.4   -18.2   -33.0
501.367    -5.7   -40.0   -37.9
503.027   -16.0   -40.1   -25.9
504.688   -42.7    -8.4   -18.1
511.328     3.5   -32.5   -19.1
512.988   -39.4   -26.2   -20.2
514.648   -51.6   -12.9   -26.8
524.609   -40.0   -18.1   -28.0
526.270   -36.6     1.8   -13.6
536.230   -56.0    -8.3   -18.1
544.531   -28.1   -13.3   -32.0
546.191   -46.2   -24.8   -39.6
547.852   -42.5     1.7    -7.2
556.152   -55.0   -18.8   -31.0
557.812   -39.0   -11.2   -24.4
566.113   -47.3   -13.6   -25.7
567.773   -56.9   -20.1   -21.7
569.434   -42.9   -24.0   -20.4
577.734   -50.7   -16.6   -14.9
579.395   -37.7   -15.1   -13.2
586.035    -4.3   -16.3   -33.7
587.695   -42.1   -24.0   -23.9
589.355   -45.9   -14.6   -13.5
599.316   -36.0   -23.8   -19.8
610.938   -32.4   -13.3   -26.7
707.227     0.9   -15.1   -35.5
713.867    -3.1   -39.6   -18.8
723.828   -12.6   -30.7   -18.3
747.070   -15.2   -33.3   -30.1
748.730   -25.1   -21.0   -32.7
758.691   -17.7   -30.1   -38.6
780.273   -31.8    18.3    -3.6
788.574    -2.6   -32.2   -17.6
790.234   -31.8    22.5     6.4
801.855   -32.4    14.5    -8.9
811.816   -32.8    13.1   -12.8
833.398   -32.5    20.4   -10.7
835.059   -24.3   -13.6   -37.3
845.020   -31.0     2.3   -20.1
854.980   -39.3     6.8   -19.7
856.641   -31.2    -2.0   -26.4
864.941   -34.2     0.0   -21.6
866.602   -37.5    -6.9   -38.6
874.902   -31.9    -2.4    -0.3
876.562   -36.5   -12.3   -42.5
883.203    -3.2   -32.2   -16.5
886.523   -39.8    -2.0   -25.2
888.184   -38.7    -8.5   -34.9
898.145   -35.5    -5.3   -23.7
909.766   -31.7    -2.5   -24.2
919.727   -24.7    -9.0   -36.1
924.707     2.6   -35.2   -26.8
954.590   -23.8   -31.3   -36.9
964.551   -16.0   -48.1   -47.4
966.211   -18.1   -40.3   -21.5
976.172    -9.3   -40.4   -23.2
996.094    12.6   -35.2   -19.8
997.754    10.5   -35.8   -18.9
1007.715    22.6   -35.0   -20.8
1012.695   -34.8   -17.8   -43.5
1022.656   -44.7    15.4   -13.5
1024.316   -32.6   -30.6   -32.8
1032.617   -41.1     8.9   -17.1
1042.578   -27.4     5.7   -30.9
1044.238   -45.0   -18.7   -25.1
1045.898   -38.7   -18.7    -9.5
1054.199   -31.2   -13.5   -30.8
1100.684   -22.7   -33.7   -24.7
1110.645   -30.5   -31.5   -20.2
1112.305   -32.1   -23.6   -15.2
1120.605    -3.2   -32.0   -22.8
1122.266   -21.9   -30.1    -6.6
1123.926   -32.2   -13.4   -17.8
1130.566     7.0   -32.8   -30.7
1135.547   -17.2   -11.5   -35.0
1142.188    -6.4   -32.0     0.9
1152.148    13.1   -33.3    -8.6
1157.129   -31.7    -3.3   -20.4
1167.090   -42.9    -1.0    -9.4
1168.750   -30.6    -5.6    -4.1
1177.051   -36.0   -19.3   -46.3
1178.711   -45.8    -8.6    -3.9
1187.012   -22.8   -15.3   -40.8
1188.672   -41.5   -20.8   -12.4
1236.816   -33.6   -21.7   -25.8
1246.777   -44.5   -16.7   -31.5
1255.078   -35.2     0.5   -14.0
1256.738   -40.1   -26.9   -37.1
1258.398   -22.7   -31.8   -25.6
1265.039   -33.3     2.3    -3.7
1266.699   -40.7    -7.5   -21.1
1268.359   -23.1   -31.5   -33.9
1276.660   -42.5    -4.2   -17.4
1343.066     3.9   -32.2   -25.3
1349.707   -36.4   -23.2   -17.0
1351.367   -11.3   -32.6   -21.8
1359.668   -32.6   -27.0   -17.1
1361.328   -33.2   -31.6   -18.4
1369.629   -28.2   -34.3   -34.3
1371.289   -19.7   -36.0   -31.5
1379.590   -33.6    -7.6    -3.3
1381.250   -10.2   -38.6   -38.9
1391.211     3.7   -44.4   -26.3
1416.113   -31.3    -5.4   -26.6
1417.773   -36.7     8.4     0.1
1427.734   -35.7    -1.1   -27.4
1437.695   -39.9   -12.2   -43.2
1439.355   -30.2     5.9    -8.8
1445.996   -43.1    -6.1   -29.6
1447.656   -43.1    -4.6   -28.8
1455.957   -41.9   -15.6   -25.9
1457.617   -51.5    -3.8   -11.6
1465.918   -35.4   -26.3   -34.9
1467.578   -52.6    -1.4   -14.4
1477.539   -48.3   -18.2   -29.0
1485.840   -41.1   -19.7   -22.1
1487.500   -37.6   -20.3   -24.1
1497.461   -31.4   -15.3   -12.6
1533.984   -32.7    -2.2   -22.2
1543.945   -25.9   -10.3   -32.6
1553.906   -30.8   -13.8   -33.3
1597.070   -41.7    -5.5    -5.2
1607.031   -49.2   -16.6   -18.8
1608.691   -51.6   -21.3   -25.0
1616.992   -54.9   -28.6   -33.4
1618.652   -51.4   -26.8   -24.3
1626.953   -60.0   -43.4   -54.6
1628.613   -50.9   -23.0   -14.6
1636.914   -43.1   -25.6   -38.5
1638.574   -48.6   -25.2   -20.9
1646.875   -44.3   -20.2   -26.7
1648.535   -52.8   -29.4   -29.3
1656.836   -46.4   -13.3   -22.1
1665.137   -21.1   -13.6   -31.2
1666.797   -31.4   -17.3   -33.7
1676.758   -13.0   -17.5   -35.4
1681.738     2.8   -35.1   -29.8
1698.340     1.5   -21.4   -16.9

Event #48  ts=2026-09-25 13:47:02.483  [SELECTED]
  t[ns]  u1[mV]  u2[mV]  u3[mV]
  0.000    17.1    19.2    17.3
  1.660   -31.0   -12.9   -19.4
 23.242   -32.5   -21.6    -4.6
 34.863   -22.3   -32.2   -22.0
 36.523     7.9   -34.9   -21.6
 41.504   -18.0    -1.1   -31.7
 46.484    13.5   -38.6   -17.9
 53.125   -30.2   -13.1    -8.2
 59.766   -43.6     8.8   -25.8
 61.426   -32.9   -15.8   -17.0
 69.727   -55.4    -5.3   -34.4
 71.387   -48.7   -17.4   -31.3
 79.688   -42.3    10.7   -14.2
 81.348   -54.7   -35.6   -37.2
 89.648   -57.4     6.1   -25.5
 91.309   -62.5   -32.5   -39.6
 99.609   -54.5    -9.0   -33.7
109.570   -54.4   -26.7   -46.0
111.230   -50.7   -34.2   -44.3
119.531   -39.2   -25.8   -38.7
127.832   -49.5    -0.2   -14.5
129.492   -44.5    -5.2   -20.5
137.793   -36.2   -16.2   -13.5
146.094   -38.7   -11.8   -16.8
147.754   -46.2   -17.1   -17.0
156.055   -34.6    -2.9   -17.0
166.016   -38.3    -3.0   -15.5
174.316   -33.8    -3.4   -18.5
175.977   -32.6     5.7    -8.0
184.277   -25.6   -21.6   -31.3
194.238   -27.6   -21.8   -32.4
200.879    -0.1   -33.3     5.5
202.539   -84.2   -60.0   -29.7
204.199  -103.1   -75.2   -37.4
205.859  -150.7  -121.3     4.2
207.520  -101.6  -144.2   -20.7
209.180   -88.4  -151.6   -14.7
210.840   -76.0  -124.7     1.5
212.500   -72.4  -105.8   -26.3
214.160   -56.8   -32.4     8.3
215.820   -46.2    -8.6    10.9
217.480   -18.5   -33.5   -25.2
219.141   -17.6   -43.4     2.2
220.801   -20.6   -43.4     8.8
222.461    -9.0   -45.4   -16.2
229.102   -18.5   -36.9   -18.5
239.062    -5.7   -39.3   -14.7
240.723    -2.6   -30.4     3.6
249.023    -7.2   -34.1    -6.0
250.684     3.3   -31.4     2.2
265.625   -25.8   -12.4   -32.7
320.410   -32.9   -32.1   -24.8
330.371   -29.8   -33.1   -21.5
340.332   -22.9   -48.7   -29.0
350.293   -19.8   -50.3   -41.8
360.254   -19.8   -34.8    -9.9
370.215    -8.1   -32.8   -23.6
380.176     6.8   -31.5   -24.9
433.301    -6.5   -30.8   -24.8
456.543    -1.5   -20.2   -30.9
463.184   -16.6   -35.5   -46.9
471.484   -31.2     0.1    -9.4
473.145   -31.4   -37.9   -39.8
481.445   -39.7    -8.6   -16.1
483.105   -31.0   -24.3   -19.5
491.406   -39.8   -25.7   -28.0
493.066   -36.7   -32.1   -29.3
501.367   -36.6   -33.4   -43.1
503.027   -33.0   -22.3   -14.3
511.328   -27.1   -24.3   -35.6
512.988   -30.3   -30.3   -33.9
620.898   -20.5   -24.9   -36.6
650.781   -34.7   -12.3   -16.7
652.441   -31.3     0.9   -13.4
660.742   -38.0   -14.9   -27.4
670.703   -41.2   -16.8   -27.4
672.363   -34.3   -11.0    -6.1
690.625   -20.7   -17.0   -32.4
692.285   -32.7    -1.3    -4.1
702.246   -41.2    -1.2    -1.8
710.547   -34.0   -17.0   -26.0
712.207   -32.9    -2.8    -9.4
722.168   -32.5    -7.1   -13.8
730.469   -30.2   -14.7   -21.0
760.352   -11.0   -27.5   -30.8
800.195     3.7   -30.8    -9.1
825.098   -37.7   -16.5   -22.7
835.059   -42.1   -12.0   -36.5
836.719   -40.2   -25.8   -41.0
845.020   -37.3     2.1   -18.5
846.680   -44.6   -34.7   -44.8
848.340   -23.6   -32.5   -12.5
854.980   -43.4     4.7   -18.7
856.641   -43.1   -32.7   -48.9
866.602   -27.0   -38.7   -36.0
876.562    -7.3   -32.6   -31.3
901.465   -32.4   -13.5   -18.8
903.125   -31.9   -15.9   -25.5
913.086   -41.5   -30.8   -38.2
914.746   -36.1   -18.9   -21.7
921.387   -32.0   -50.2   -46.9
923.047   -42.7   -36.0   -34.9
924.707   -48.4   -27.6   -21.1
931.348   -13.5   -29.9   -30.5
933.008   -36.9   -48.1   -36.5
934.668   -36.3    15.0     1.5
936.328   -32.2    19.5     2.9
942.969   -12.9   -43.2   -27.2
944.629   -36.0     2.3    -8.8
951.270    20.7   -30.8    -7.9
956.250   -41.1     3.8   -20.2
961.230    30.1   -37.6    -7.4
962.891    29.6   -38.4   -10.9
967.871   -51.2    10.0   -35.8
969.531   -31.2    -5.8    -7.7
972.852    37.3   -31.2    -1.9
977.832   -63.8    -3.3   -41.4
979.492   -40.2   -21.6   -19.7
987.793   -62.3    -1.2   -34.1
989.453   -38.4   -25.5   -18.5
991.113    16.4   -33.2    -6.9
992.773    41.9   -32.8     2.6
997.754   -60.2    -6.8   -47.9
999.414   -34.7   -26.1   -15.4
1001.074    22.3   -33.3    -4.0
1007.715   -64.7   -14.9   -43.3
1009.375   -52.0   -22.2   -28.7
1017.676   -52.9     2.1   -40.1
1019.336   -57.3   -24.1   -37.8
1027.637   -52.6    -4.1   -38.4
1029.297   -49.8   -24.0   -46.2
1035.938   -31.8    -1.9   -10.6
1037.598   -58.3   -11.4   -44.3
1039.258   -45.1   -17.5   -40.3
1047.559   -54.4   -35.0   -40.4
1049.219   -39.6   -24.5   -36.8
1057.520   -49.5   -15.7   -23.4
1065.820   -35.2   -19.5   -24.1
1067.480   -43.9   -19.3   -26.3
1069.141   -38.4    -3.6   -17.1
1087.402   -23.9   -14.4   -30.6
1123.926   -19.6   -24.9   -32.8
1125.586   -23.9   -30.3   -31.7
1135.547   -24.6   -30.5   -31.2
1167.090   -32.5   -19.5   -28.7
1177.051   -16.0   -22.4   -33.1
1213.574   -11.3   -31.1   -28.2
1236.816   -17.4   -32.1   -20.5
1248.438   -10.3   -30.4   -26.1
1250.098    -5.3   -34.4   -23.3
1260.059    -9.8   -37.3   -27.1
1291.602    -8.8   -36.0   -36.2
1296.582     2.0   -21.8   -36.3
1299.902   -33.6    16.8    12.8
1308.203   -11.2   -15.9   -31.7
1309.863   -38.6     0.9   -11.1
1354.688     6.3   -32.1   -28.5
1389.551   -31.8   -14.4   -32.1
1399.512   -34.3    -1.0   -18.4
1401.172   -36.7   -13.6   -30.1
1411.133   -37.8   -16.7   -30.5
1419.434   -43.5     1.4   -25.6
1421.094   -32.6   -23.9   -29.0
1422.754   -17.3   -33.2   -22.4
1429.395   -33.1    10.3   -21.8
1431.055   -30.1   -16.2   -36.7
1441.016   -36.9     1.3   -26.0
1449.316   -34.9    15.3   -11.1
1459.277   -31.1    25.1    10.3
1460.938   -34.0    -0.1   -30.6
1462.598    -9.2   -26.6   -34.6
1465.918    14.5   -33.7   -26.0
1469.238   -46.0    10.7    -7.2
1470.898   -47.7    17.0   -13.0
1472.559   -10.7   -18.8   -30.2
1479.199   -40.4     7.4   -11.4
1480.859   -55.5    14.8   -11.2
1489.160   -32.6     7.2   -17.3
1490.820   -45.5     9.0   -27.7
1492.480   -31.9     0.5   -11.4
1500.781   -41.2   -18.7   -33.4
1502.441   -42.7   -13.9   -35.5
1507.422    28.0   -34.4   -12.8
1512.402   -34.3    -3.9   -26.1
1514.062   -30.4   -19.6   -27.2
1532.324   -29.0   -18.9   -41.6
1543.945   -12.4    -7.9   -30.1
1558.887    -3.3   -34.9   -28.7
1568.848    -9.0   -33.4   -24.1
1588.770   -23.7   -31.9   -23.7
1590.430   -24.4   -37.3   -22.8
1600.391   -14.3   -40.5   -18.9
1610.352    -5.1   -35.8   -13.4
1620.312    -2.9   -39.8    -7.3
1643.555   -27.8   -18.2   -33.6
1645.215   -34.7    -2.7   -11.5
1655.176   -36.9   -25.0   -30.8
1656.836   -32.2     6.0    -6.3
1665.137   -48.9   -21.1   -28.1
1673.438   -34.5   -19.8   -27.1
1675.098   -49.0   -22.9   -20.2
1676.758   -46.0   -20.0   -21.1
1685.059   -35.4   -11.0    -7.4
1693.359   -10.8   -22.7   -34.5
1698.340    -1.5   -21.7   -21.8

Event #49  ts=2026-09-25 13:47:02.573  [SELECTED]
  t[ns]  u1[mV]  u2[mV]  u3[mV]
  0.000    19.5   -28.5    -0.5
  3.320   -22.2   -36.0   -18.1
  4.980   -19.8   -37.1   -21.7
 34.863    -0.3   -35.3   -10.5
 58.105   -20.6   -20.6   -40.9
 63.086     6.7   -26.2   -32.2
 68.066   -14.2   -27.0   -36.2
 69.727   -34.1     8.4    -3.7
 74.707    19.2   -33.9   -13.3
 79.688   -30.6    -5.2   -19.2
 87.988   -35.0   -12.1   -11.3
 89.648   -30.2    -0.4    -9.8
 97.949   -25.7   -35.8   -26.4
 99.609   -32.9    -9.9   -13.3
109.570   -32.6   -23.2   -23.6
121.191   -32.6    -1.0    -5.5
142.773   -30.0   -10.0   -31.1
152.734   -36.7    15.1    -0.7
164.355   -55.1     5.9   -20.3
174.316   -57.5    -1.9   -32.2
175.977   -47.5    -5.9   -18.4
184.277   -45.6     1.6   -33.6
194.238   -57.2    -3.4   -37.0
195.898   -50.3   -30.2   -41.1
204.199   -61.8     4.5   -29.3
205.859   -69.5   -28.1   -38.0
207.520   -83.7   -31.6     0.4
209.180  -140.1   -37.9    12.3
210.840  -223.8  -140.2     0.5
212.500  -249.4  -192.3     0.9
214.160  -268.9  -275.6   -32.8
215.820  -259.6  -297.0   -40.0
217.480  -109.5  -242.7    13.9
219.141   -67.3  -222.0     3.1
220.801   -44.8  -202.1    -2.2
222.461   -53.1  -143.7    11.3
224.121   -88.6  -113.3   -28.6
225.781   -84.0   -98.9   -48.3
227.441   -25.9   -55.3    21.0
229.102    10.5   -55.0    13.8
230.762    12.5   -60.6   -18.0
234.082   -59.6   -18.9   -29.8
235.742   -55.8   -38.1   -43.9
244.043   -47.4    -4.1    -6.1
245.703   -40.7   -20.0   -24.6
265.625   -31.2   -16.2   -16.2
318.750   -14.0   -40.3   -31.2
328.711   -19.8   -33.2   -24.4
338.672    -2.8   -44.2   -19.9
348.633    -9.8   -35.7   -22.9
358.594     5.9   -36.2   -18.9
360.254    -7.9   -32.1   -26.6
363.574   -32.6     7.9   -22.8
370.215     1.2   -31.3   -21.9
373.535   -30.8    10.7    -7.7
381.836   -33.6    13.0   -15.6
383.496   -35.6   -15.5   -29.7
393.457   -42.3    -3.9   -27.8
395.117   -33.2   -12.9   -18.6
403.418   -34.5    -5.0   -26.6
405.078   -33.4   -14.3   -25.9
415.039   -37.7   -11.7   -28.7
423.340   -44.8    -2.4   -16.5
425.000   -40.7    -9.6   -17.9
458.203    16.6   -32.1   -12.4
463.184   -31.9     8.2   -19.6
473.145   -34.1     3.4   -18.2
481.445   -34.7    -5.4   -29.4
483.105   -36.9   -16.4   -34.0
491.406   -35.7   -21.8   -33.9
493.066   -38.5   -31.8   -39.6
503.027   -36.7   -24.3   -22.8
511.328   -12.1   -22.5   -30.2
512.988   -35.7   -12.8   -17.7
521.289   -19.9   -31.2   -34.0
522.949   -30.3   -20.4   -18.1
556.152   -33.7   -18.1   -27.9
564.453   -30.1   -23.2   -36.8
566.113   -38.4   -21.8   -24.0
576.074   -30.4   -26.1   -25.5
586.035   -31.2   -20.7   -18.5
602.637   -14.2   -31.6   -29.1
604.297   -16.6   -34.8   -33.8
639.160   -22.4   -15.4   -32.3
649.121   -24.0   -23.4   -33.5
703.906     7.7   -31.0   -10.0
705.566    -1.3   -39.6   -15.3
715.527    -3.7   -35.0   -16.2
743.750     0.0   -35.0   -16.7
753.711     8.0   -32.4   -20.6
796.875   -36.1    -7.2   -14.3
805.176   -32.7   -28.8   -27.3
806.836   -33.9    -7.3   -11.8
816.797   -34.9   -28.1   -25.7
825.098   -34.9   -20.4   -17.0
871.582   -33.4    -4.7   -13.3
883.203   -33.1    -4.0   -10.5
894.824   -14.5   -19.7   -35.0
937.988   -45.5    10.1    -8.7
939.648   -30.2   -17.4   -26.7
947.949   -41.7     2.6   -16.1
949.609   -55.7    -8.8   -18.7
959.570   -60.4   -10.3   -17.3
961.230   -30.3    -6.1     7.1
967.871   -46.2    -7.2   -35.3
969.531   -53.9   -26.3   -35.7
977.832   -49.0    -2.5   -25.1
979.492   -52.8   -16.9   -30.2
987.793   -41.4    -2.3   -19.2
989.453   -42.6    -3.8   -14.2
999.414   -38.6    -8.3   -16.8
1045.898   -30.5     6.9    -9.5
1055.859   -39.4     1.0    -9.5
1065.820   -35.7     0.7   -10.9
1077.441   -38.4    -3.8   -10.5
1085.742   -32.5    -9.5   -24.1
1087.402   -35.3   -13.5   -28.6
1097.363   -34.4   -16.7   -30.8
1107.324   -30.8   -19.0   -25.9
1138.867   -12.5   -20.6   -31.0
1157.129   -31.1    -7.7   -18.4
1178.711   -30.4   -16.8   -24.7
1188.672   -31.0    -9.5   -12.4
1213.574   -10.7   -35.4   -23.4
1221.875   -35.7   -16.1   -18.1
1223.535   -21.8   -32.5   -16.1
1231.836   -34.0   -22.5   -25.0
1233.496   -37.9   -18.1   -17.8
1235.156    -5.7   -36.0    -5.0
1241.797   -34.7   -10.4   -22.4
1243.457   -17.3   -36.2   -10.1
1245.117    -9.1   -31.0    -3.6
1253.418   -22.9   -46.2   -32.3
1255.078    -8.9   -34.2   -19.9
1265.039   -19.1   -39.1   -26.8
1294.922   -19.8   -33.6   -26.4
1304.883   -22.0   -34.2   -18.1
1316.504   -30.3   -37.6   -31.8
1334.766    -2.1   -33.3   -22.3
1346.387   -15.8   -36.1   -16.4
1356.348     0.3   -36.3   -16.6
1367.969     1.6   -32.6    -0.7
1371.289   -38.5    19.4   -24.1
1381.250   -37.9     3.5   -33.8
1382.910   -36.6     1.0   -11.2
1392.871   -44.9    -9.3   -17.2
1401.172   -34.3     5.1   -21.1
1402.832   -48.5   -21.9   -42.6
1412.793   -59.0    -6.9   -25.1
1422.754   -52.5   -11.5   -21.6
1424.414   -50.4   -12.8   -18.9
1432.715   -38.6   -18.5   -37.6
1442.676   -29.6   -17.3   -32.9
1522.363    -1.8   -30.5   -15.5
1540.625   -26.1   -30.9   -20.7
1542.285   -17.8   -31.9   -18.9
1552.246   -27.6   -39.4   -38.6
1560.547   -21.6   -36.7   -17.4
1562.207   -24.5   -43.3   -38.3
1573.828   -14.8   -31.9   -35.7
1582.129    12.1   -32.3    -4.1
1585.449   -40.5   -11.3   -23.6
1597.070   -40.2     0.0   -25.4
1598.730   -35.7    -3.8   -28.6
1607.031   -48.4    -0.7   -19.7
1608.691   -60.7    -3.3   -27.1
1618.652   -72.7    -1.3   -30.3
1620.312   -60.2    -6.7   -29.8
1628.613   -35.2   -17.3   -28.1
1630.273   -66.6   -17.1   -39.8
1631.934   -37.5    -9.0   -11.7
1640.234   -57.6   -18.6   -28.7
1641.895   -49.6   -12.4   -19.9
1650.195   -44.8   -16.8   -30.9
1651.855   -52.5   -18.8   -34.8
1661.816   -44.9   -14.1   -23.5
1671.777   -42.5     2.9   -17.6
1673.438   -44.1     7.2   -17.7
1695.020   -34.1    12.6    -8.9
1698.340    17.9   -28.9    -6.1

Event #52  ts=2026-09-25 13:47:07.953  [SELECTED]
  t[ns]  u1[mV]  u2[mV]  u3[mV]
  0.000     8.6    -1.9    -0.1
  1.660   -36.4   -32.3   -40.7
  3.320   -33.2   -41.2   -15.2
 13.281   -31.0   -53.2   -31.5
 23.242   -19.6   -41.4   -18.0
 24.902   -16.4   -39.3   -11.5
 48.145   -38.1   -12.6   -18.6
 59.766   -44.9   -13.8   -20.0
 61.426   -31.6    -2.4   -24.8
 68.066    -8.7   -35.9   -21.9
 69.727   -46.0   -25.1   -22.0
 71.387   -36.0    -1.9   -11.2
 78.027   -18.5   -32.2   -30.4
 79.688   -30.9   -35.7   -35.2
 81.348   -38.3     1.7    -8.4
 89.648   -34.6   -28.2   -20.8
 91.309   -37.6   -17.1   -17.8
107.910    10.0   -31.2    -9.1
127.832     4.2   -36.4   -10.8
137.793    13.0   -34.8    -5.6
151.074   -39.8     8.9   -18.6
152.734   -26.2    -5.2   -36.1
161.035   -43.7    15.1     0.0
162.695   -34.3   -26.3   -43.3
164.355   -15.1   -28.9   -33.7
170.996   -41.5     3.1   -12.7
172.656   -52.8     4.2   -17.2
174.316   -13.4   -40.5   -30.1
180.957   -62.0   -11.2   -11.8
182.617   -21.0   -30.6   -24.5
190.918   -42.8    -9.9   -25.4
192.578   -37.5   -29.0   -22.9
199.219   -46.4    -3.1   -19.3
200.879   -49.0   -11.6   -21.5
202.539   -15.2   -30.5   -17.8
209.180   -24.3    -4.5   -30.4
210.840   -94.7   -38.3   -73.7
212.500  -125.2  -127.8  -126.4
214.160  -109.0  -182.7  -181.9
215.820   -97.2  -169.8  -175.8
217.480   -88.3  -126.9  -164.2
219.141   -91.9  -121.9  -165.0
220.801   -96.4  -111.6  -153.1
222.461   -66.4  -101.9  -105.5
224.121   -38.7   -82.6   -84.8
225.781    -9.2   -29.0   -56.1
227.441    -5.0   -23.8   -53.3
229.102   -31.9   -33.2   -60.7
230.762   -35.0   -37.4   -65.3
232.422   -33.2   -28.8   -30.8
242.383   -23.4   -22.8   -33.0
252.344   -34.3   -10.7   -21.9
265.625   -30.7   -12.6   -12.9
272.266   -22.9   -15.0   -32.1
273.926   -40.6    -6.8    -7.0
283.887   -52.1    -8.3   -16.0
285.547   -39.9    -7.5   -19.7
293.848   -51.0   -20.3   -26.7
295.508   -44.2   -14.1   -26.6
303.809   -49.4   -14.1   -26.6
305.469   -51.4   -32.6   -44.6
313.770   -39.3   -12.7   -14.0
315.430   -25.3   -29.4   -33.0
323.730   -38.7    -2.7    -5.4
325.391   -41.0    -0.9    -2.5
327.051   -12.0   -37.3   -36.4
335.352    -8.0   -35.1   -28.1
337.012    -6.5   -36.6   -28.2
365.234    13.8   -32.0   -14.0
370.215   -34.8     2.1   -16.9
376.855    17.0   -37.5    -8.1
380.176   -41.9    12.7     1.0
381.836   -36.0    15.7   -13.1
388.477   -28.5   -20.8   -30.3
390.137   -44.8     5.3    -9.8
391.797   -45.1    23.3     7.7
400.098   -55.2    -3.6   -21.1
401.758   -30.4    25.2     8.5
405.078    36.6   -31.1   -13.3
411.719   -43.1    16.3    -2.1
420.020   -46.0   -12.3   -31.2
428.320   -37.2    -2.6   -18.3
429.980   -43.3    -8.8   -26.9
439.941   -37.8   -16.0   -27.7
449.902   -27.0   -24.5   -36.7
451.562   -31.5    -3.3   -17.1
486.426   -14.7   -30.3   -25.6
498.047   -21.5   -31.3   -29.0
517.969   -31.5   -15.1   -13.4
519.629   -35.8    11.1    -8.8
526.270    -2.2   -33.9   -18.4
527.930   -37.3    -5.5   -11.5
529.590   -36.6    -6.9   -12.8
537.891   -22.2   -23.5   -32.2
539.551   -42.8   -16.4   -41.9
541.211   -40.8    -2.6   -19.7
549.512   -31.3   -22.1   -39.7
551.172   -40.3   -29.1   -39.4
559.473   -35.7   -15.5   -30.4
561.133   -44.4   -25.0   -33.2
562.793   -34.9   -16.0   -22.3
571.094   -34.1   -19.5   -16.4
572.754   -40.0   -25.5   -28.8
579.395   -34.4    -0.9   -10.5
581.055   -38.1   -31.5   -39.6
591.016   -34.8   -14.9   -24.4
592.676   -39.7   -21.0   -26.9
600.977   -30.4   -21.6   -27.5
602.637   -34.5   -22.4   -19.2
612.598   -30.6   -25.5   -28.1
622.559   -30.9   -21.4   -33.2
717.188   -32.5     1.3   -30.5
725.488   -36.4    16.7   -16.1
727.148   -36.4    13.3   -22.6
728.809   -30.8   -10.7   -27.2
737.109   -39.8    13.7    -5.4
738.770   -48.1    -2.8   -38.3
747.070   -56.2    10.9   -20.5
748.730   -34.3   -10.6   -31.8
755.371   -46.3     8.2   -17.2
757.031   -43.8    -1.4   -24.3
758.691   -31.3   -16.6   -29.4
765.332   -46.8     6.4   -19.1
766.992   -59.5     4.5   -26.3
775.293   -44.0    -5.1   -27.4
776.953   -46.5   -14.6   -29.2
778.613   -35.4   -12.2   -23.5
785.254   -31.9    -2.4   -12.5
786.914   -40.1   -15.8   -24.6
795.215   -52.9   -19.5   -40.3
796.875   -59.5   -15.5   -43.4
805.176   -56.4   -16.0   -18.3
806.836   -25.6   -20.7   -30.3
815.137   -50.3   -11.8   -12.9
816.797   -53.3   -16.8   -19.7
823.438   -26.1   -31.2   -31.7
825.098   -48.5    -6.1    -7.5
879.883   -31.5   -35.2   -28.4
889.844   -24.5   -37.4   -24.1
891.504   -28.2   -27.5   -30.4
899.805   -17.2   -34.0    -3.3
901.465   -31.6   -32.6   -21.5
908.105    -1.7   -46.6   -20.3
909.766    -8.8   -33.6    -4.3
918.066     2.3   -45.2    -7.4
919.727     0.4   -40.9    -5.5
928.027    13.9   -35.8     4.9
934.668   -49.0    18.1   -12.5
944.629   -58.2    -1.5   -29.5
946.289   -33.7   -26.3   -22.9
952.930   -41.4    -8.8   -33.9
954.590   -53.8    -0.7   -30.3
956.250   -51.5   -17.9   -22.2
962.891   -47.7   -12.6   -35.5
964.551   -60.5   -21.4   -44.3
966.211   -48.1   -22.4   -30.4
974.512   -48.4    -2.0   -21.8
987.793   -22.9   -30.3   -23.4
996.094   -34.3    10.8   -15.1
1007.715   -31.0   -15.3   -27.5
1020.996    -9.3   -38.9   -10.0
1032.617   -13.2   -38.2    -2.6
1039.258   -11.6   -30.7   -27.3
1040.918   -22.5   -31.3   -19.9
1052.539    -6.2   -30.2    -6.3
1067.480   -35.2    -9.0   -38.2
1077.441   -37.8    -6.9   -31.0
1087.402   -40.3    -8.9   -31.1
1089.062   -39.6    -9.0   -23.7
1097.363   -40.7   -10.9   -29.9
1099.023   -44.4   -26.4   -34.7
1107.324   -42.2   -17.6   -22.5
1117.285   -37.7    -9.9   -18.5
1127.246   -31.1    -8.8   -25.6
1157.129   -36.1     5.9    -9.1
1160.449    15.3   -31.3    -1.4
1201.953    -5.6   -38.1   -30.5
1223.535    -2.6   -32.0   -24.4
1228.516   -19.6   -23.3   -33.5
1230.176   -18.3   -23.6   -32.2
1275.000    -5.7   -31.3   -14.0
1284.961   -11.9   -31.8    -3.8
1316.504    -8.5   -32.8   -20.6
1338.086    -9.4   -33.2    -9.4
1371.289   -33.7    -8.6   -18.6
1372.949   -30.6    -2.9   -13.3
1382.910   -30.4    -8.2   -22.4
1391.211   -34.8    -9.3   -15.0
1392.871   -39.8   -15.6   -20.9
1394.531   -30.3   -14.0   -20.4
1402.832   -46.4   -10.2   -20.4
1404.492   -53.1   -19.6   -35.0
1412.793   -45.3    -5.8   -18.9
1414.453   -54.4   -29.3   -40.7
1424.414   -37.8   -14.5   -18.8
1426.074   -36.2   -25.3   -21.7
1459.277     1.3   -31.5   -20.5
1532.324   -32.9   -11.5   -14.8
1542.285   -34.2    -0.6    -9.7
1543.945   -35.0    -3.2    -6.5
1553.906   -33.5   -18.4   -29.5
1563.867   -36.8   -27.3   -42.5
1565.527   -37.9   -24.4   -18.2
1575.488   -33.6   -15.9   -22.7
1587.109   -16.3   -29.5   -32.1
1621.973   -37.2   -35.0   -32.7
1623.633   -33.7   -35.3   -30.0
1631.934   -35.6   -21.5   -12.6
1633.594   -38.9   -11.9   -18.2
1640.234   -40.7   -38.2   -33.8
1641.895   -44.6   -47.2   -37.3
1643.555   -36.7     1.0     0.0
1651.855   -34.2   -47.9   -41.0
1653.516   -48.6   -38.6   -31.0
1661.816   -31.7   -34.9   -31.6
1663.477   -41.3   -47.0   -51.0
1665.137   -32.6    -1.0     4.1
1673.438   -35.4   -35.6   -34.6
1675.098   -43.5   -19.7   -24.1
1685.059   -32.6   -19.8   -18.1
1686.719   -32.1    -5.9   -17.1
1695.020   -33.1     0.7    -6.1
1698.340    -2.7   -11.2   -12.9

Event #53  ts=2026-09-25 13:47:09.026  [SELECTED]
  t[ns]  u1[mV]  u2[mV]  u3[mV]
  0.000    -4.2   -15.9    -6.3
 11.621   -32.4   -24.0   -30.5
 19.922   -31.7    -5.7   -23.6
 21.582   -45.8   -21.9   -21.7
 29.883   -42.9   -26.2   -40.7
 39.844   -46.9   -38.6   -44.6
 41.504   -33.2   -25.6   -16.8
 49.805   -41.1   -21.4   -19.9
 51.465   -32.4   -35.4   -27.3
 63.086   -17.3   -30.6   -24.7
 68.066   -20.5    -7.4   -30.4
 79.688   -11.8   -30.2   -30.7
 86.328   -36.0    14.0    -2.1
 87.988   -35.0    16.9     0.1
 97.949   -49.2     5.5    -4.5
106.250   -17.9   -18.4   -33.6
107.910   -37.7    -7.9   -23.8
109.570   -43.6     9.2   -14.5
116.211   -27.5   -32.5   -43.4
117.871   -60.9     9.8   -14.6
119.531   -45.3    17.3    -9.4
127.832   -69.8   -19.8   -34.9
129.492   -65.9     8.2   -16.4
137.793   -50.0   -28.6   -30.4
139.453   -68.7    -2.9   -35.5
141.113   -31.7     5.5   -20.0
146.094     0.7   -32.5   -14.4
147.754   -38.8   -19.8   -19.3
149.414   -62.5    -6.2   -26.7
156.055    11.2   -42.6   -23.1
157.715   -44.0   -16.7   -18.8
159.375   -56.7    12.2   -12.4
169.336   -45.1     2.1   -11.8
179.297   -33.5     6.1   -16.3
180.957   -30.5     7.5   -25.9
189.258   -31.1    20.4     0.1
190.918   -24.1     1.8   -32.3
195.898     4.9   -34.9   -25.0
197.559     3.5   -31.4   -28.0
207.520   -14.8   -30.8   -23.4
209.180   -97.8   -35.1   -66.9
210.840  -163.6   -53.9  -110.3
212.500  -157.7   -81.6  -152.6
214.160   -71.5  -101.4  -147.7
215.820   -59.3  -103.4  -137.2
217.480   -49.9   -91.5  -112.9
219.141   -72.7   -41.8   -97.0
220.801   -73.1   -45.0  -106.8
222.461   -56.0   -38.3   -70.3
224.121    -6.1   -30.3   -37.8
225.781    12.8   -40.8   -55.1
230.762   -50.8    -9.0   -35.5
232.422   -43.5   -33.3   -41.6
240.723   -49.1   -13.5   -43.3
242.383   -36.8   -35.1   -47.4
250.684   -55.4   -20.9   -40.4
252.344   -56.4   -35.7   -38.3
260.645   -33.5   -22.2   -19.0
262.305   -56.8   -29.0   -34.2
263.965   -39.3   -25.7   -28.3
272.266   -54.0   -38.4   -38.5
273.926   -47.5   -21.8   -25.2
282.227   -37.1   -34.5   -37.0
283.887   -48.7   -26.2   -37.4
285.547   -41.9    -4.4   -11.3
292.188   -32.9   -25.5   -24.0
293.848   -42.3   -29.5   -28.7
295.508   -32.8    -2.9   -10.9
303.809   -33.7   -17.9   -24.4
305.469   -49.6    -6.4   -30.6
315.430   -44.7   -11.7   -26.8
325.391   -33.0    -4.3   -13.4
327.051   -44.0   -21.4   -36.7
337.012   -38.5    -5.0   -21.2
338.672   -35.7   -28.8   -44.1
348.633   -23.6   -19.6   -36.6
385.156   -30.6    -8.3   -10.1
395.117   -39.1   -23.2   -20.8
396.777   -36.4    -4.1    -8.3
405.078   -39.7   -16.8   -22.0
406.738   -37.3    -9.3   -11.1
415.039   -36.8    -9.9   -18.7
416.699   -32.8    -3.7   -10.1
426.660   -31.5    -1.6    -5.0
436.621   -37.2    -8.2   -14.5
438.281   -35.0    -2.1    -4.3
451.562     4.8   -34.3   -15.9
498.047   -25.8   -20.1   -40.2
509.668   -35.5   -27.2   -32.0
519.629   -33.4   -24.3   -35.8
529.590   -30.7   -24.2   -29.0
539.551   -28.6   -30.0   -35.6
571.094     5.2   -41.2   -13.3
581.055    11.7   -34.8   -12.3
587.695   -40.6   -10.0   -24.5
591.016     9.6   -34.0    -9.1
597.656   -33.8   -17.9   -24.1
599.316   -31.0   -23.0   -13.7
607.617   -33.2     7.5   -30.6
609.277   -37.4   -23.0   -27.5
617.578   -36.9    -1.2   -40.7
619.238   -35.4   -19.9   -26.3
629.199   -41.0   -26.3   -38.9
637.500   -36.7   -14.8   -23.5
639.160   -43.8   -26.4   -32.6
647.461   -29.2   -21.1   -30.5
649.121   -48.1   -30.3   -26.8
659.082   -38.1   -45.6   -43.5
669.043   -19.7   -36.2   -35.9
670.703   -24.0   -36.3   -29.8
717.188   -35.2   -15.5   -28.4
728.809   -31.6     0.6   -12.2
760.352   -30.6    -0.4   -24.8
762.012   -30.7   -27.7   -25.1
763.672   -33.7   -26.4   -24.0
771.973   -36.1   -22.4   -34.1
781.934   -40.5   -32.6   -38.6
783.594   -39.4   -31.5   -18.4
791.895   -28.1   -17.4   -38.3
801.855   -24.8   -15.3   -32.3
803.516   -21.8   -24.2   -39.4
828.418   -31.3     6.8    -9.4
830.078   -31.2     6.7   -10.0
831.738   -31.2     7.4   -14.5
841.699   -34.4     9.0   -20.5
843.359   -35.3     8.3   -18.6
851.660   -46.9    -2.8   -25.2
853.320   -34.8    -5.2   -25.8
859.961   -32.7   -20.7    -9.2
861.621   -39.1    -3.9   -28.3
869.922   -22.6   -35.8   -16.6
871.582   -39.1    -4.2    -9.2
879.883   -11.3   -35.9   -16.4
888.184    -7.3   -36.7   -27.1
889.844   -15.6   -30.6   -13.7
908.105   -25.7   -34.8   -23.4
909.766   -24.7   -30.6   -21.2
918.066   -29.9   -29.3   -37.8
928.027   -34.6   -28.9   -43.6
937.988   -33.6   -26.2   -37.2
949.609   -32.6   -21.7   -26.9
981.152   -37.5    -8.3   -27.3
991.113   -37.1     2.1   -23.0
992.773   -33.5   -33.8   -21.4
994.434   -19.7   -30.6   -10.9
1001.074   -37.1    -9.5   -27.1
1002.734   -39.8   -28.9   -29.5
1011.035   -33.8    -5.7   -24.1
1012.695   -32.9   -27.1   -13.8
1014.355   -37.3   -27.0   -18.7
1020.996   -32.7    -1.4   -27.0
1022.656   -35.2   -30.3   -35.3
1032.617   -28.0    -6.4   -30.2
1042.578   -15.3   -22.6   -32.8
1044.238   -13.0   -39.0   -23.2
1115.625    13.2   -31.0   -12.1
1125.586    14.6   -32.2   -11.9
1248.438   -32.4     1.6   -13.8
1258.398   -35.9   -10.3   -20.3
1266.699   -40.9   -11.2   -42.2
1268.359   -51.7   -23.0   -29.5
1270.020   -38.9   -18.4    -7.3
1278.320   -45.0   -24.0   -12.8
1288.281   -47.8   -27.2   -30.8
1289.941   -50.5   -14.0   -15.7
1298.242   -45.7   -25.3   -29.3
1299.902   -53.2   -12.7   -19.9
1309.863   -34.4   -19.9   -19.1
1318.164   -33.7   -12.0   -15.9
1319.824   -39.1   -18.4   -20.6
1329.785   -30.4   -10.9   -14.7
1341.406   -19.0   -29.2   -33.0
1359.668    -7.3   -37.1   -19.7
1361.328   -12.1   -34.8   -21.4
1371.289     6.3   -48.4   -24.9
1374.609   -32.6     9.2   -16.6
1381.250     6.7   -50.4   -26.5
1382.910   -21.4   -32.9   -20.8
1384.570   -43.2    16.0   -14.7
1391.211    20.6   -38.7     0.5
1392.871   -35.9   -14.0   -26.6
1394.531   -48.9    18.9   -21.2
1399.512    42.0   -31.1    10.2
1404.492   -54.4     3.7   -24.8
1406.152   -51.5    18.8    -8.7
1409.473    44.5   -32.4    -1.0
1414.453   -61.1    -7.7   -43.0
1416.113   -35.2     3.6    -2.9
1419.434    44.5   -31.9    -0.8
1424.414   -63.5   -18.5   -38.4
1434.375   -57.6    -7.9   -45.2
1436.035   -37.8   -25.2   -10.6
1444.336   -40.1    -8.4   -40.4
1454.297   -34.4   -23.3   -40.3
1455.957   -34.2   -24.0   -19.1
1464.258   -34.1   -23.1   -30.8
1482.520   -30.5   -22.3   -26.6
1492.480   -31.1   -19.0   -22.4
1512.402   -19.6   -35.6   -26.0
1524.023    -0.5   -34.1   -26.1
1547.266   -44.8    -3.9   -24.1
1548.926   -35.9    -7.1   -22.4
1557.227   -31.0   -11.9   -23.9
1558.887   -48.2   -10.5   -17.8
1567.188   -49.8   -22.5   -38.5
1568.848   -53.1   -16.7   -24.4
1577.148   -53.5   -11.9   -30.4
1578.809   -36.7   -15.9   -26.2
1585.449   -37.8   -11.7   -17.9
1587.109   -38.7   -12.0   -33.1
1588.770   -39.0   -12.1   -32.3
1597.070   -40.3   -17.5   -32.5
1607.031   -30.5   -15.0   -33.3
1643.555   -31.4   -15.0   -12.6
1651.855   -30.7   -13.8   -22.0
1653.516   -38.8    -8.9    -8.3
1663.477   -40.5    -7.3   -15.4
1681.738   -41.5   -15.0   -36.5
1683.398   -41.7   -17.0   -33.0
1698.340    13.3   -19.0     3.3

Event #56  ts=2026-09-25 13:47:10.195  [SELECTED]
  t[ns]  u1[mV]  u2[mV]  u3[mV]
  0.000    -4.8    -4.7    -6.5
  4.980   -42.1    13.3    -5.1
  6.641   -46.0    10.6   -21.2
 14.941   -33.4    -2.7   -13.3
 16.602   -46.0     5.5   -18.6
 18.262   -42.7    -8.8   -31.7
 26.562   -49.2    -2.1   -14.1
 28.223   -35.3   -14.6   -32.1
 29.883   -30.4   -17.3   -28.9
 36.523   -45.9    -2.1   -22.8
 38.184   -53.8    -6.8   -29.5
 39.844   -42.5   -27.2   -35.7
 46.484   -42.7     1.1   -17.3
 48.145   -53.5   -15.6   -31.4
 49.805   -48.9   -27.8   -35.3
 58.105   -42.9    -5.4   -17.7
 59.766   -39.6   -25.9   -32.8
 61.426   -24.3   -31.1   -27.4
 68.066   -36.5    -9.3   -24.4
 69.727   -36.4   -10.1   -22.9
 87.988   -35.8     8.6   -11.6
 97.949   -36.5     3.7   -14.7
127.832   -32.5    -5.3     0.6
129.492   -30.1   -12.7   -13.8
172.656   -44.0   -17.0    -8.9
182.617    -3.1   -18.6   -30.1
184.277   -41.2   -25.2   -10.7
194.238   -27.3   -34.8   -25.3
195.898   -39.2   -26.6   -14.6
205.859   -27.4   -32.6   -23.8
209.180   -33.8    -4.0     0.0
210.840   -93.1   -12.3    -3.7
212.500  -128.9   -40.9    -8.5
214.160  -152.2   -92.4    -3.8
215.820  -129.1  -146.8   -24.6
217.480  -124.5  -142.9   -28.8
219.141   -90.8   -53.2     3.8
220.801   -47.8   -35.5    -8.2
222.461   -31.0   -52.8    -8.6
224.121   -36.1   -44.1     0.7
225.781   -34.1   -25.3    -2.1
230.762   -38.3    -7.1    -7.3
240.723   -39.4    -7.0   -19.5
242.383   -32.5   -15.8   -21.3
250.684   -40.0    -1.4    -9.9
252.344   -38.3   -16.4   -26.1
260.645   -49.8     1.7   -13.9
262.305   -46.4   -22.5   -28.7
270.605   -45.0    -3.6   -15.5
272.266   -50.8   -14.2   -27.0
273.926   -30.7   -12.6   -19.0
280.566   -44.6    -2.0   -11.7
282.227   -38.7    -1.1   -18.7
283.887   -36.1    -3.2   -18.5
290.527   -40.7    -8.9   -12.5
292.188   -53.2     2.9   -30.4
300.488   -46.9     1.1   -16.5
302.148   -54.2     3.7   -23.3
308.789    19.1   -33.3   -12.9
310.449   -31.3    -6.9    -3.4
312.109   -47.4     1.1   -25.9
320.410   -43.5    -0.3   -27.4
322.070   -41.8     2.3   -25.7
332.031   -33.1   -10.9   -31.5
341.992   -37.3   -12.1   -26.3
381.836    -2.0   -31.0   -17.4
408.398   -33.6    -2.1   -10.8
418.359   -32.7     3.4    -2.0
426.660   -30.2    -5.1   -22.6
436.621   -23.0   -12.2   -34.5
493.066   -13.4   -32.1    -5.8
537.891   -37.0   -18.5   -27.2
547.852   -32.3   -16.1   -15.1
569.434   -30.7     4.5    -6.3
579.395   -37.9     0.3   -13.6
589.355   -36.7     2.2   -19.8
591.016   -35.7    -2.2   -11.1
599.316   -29.2    -3.8   -30.1
600.977   -40.8   -16.8   -15.1
602.637   -34.6   -23.5   -18.5
609.277   -38.6   -10.6   -24.8
610.938   -52.4   -27.9   -30.2
612.598   -14.2   -34.4   -20.2
619.238   -33.5    -7.1   -21.2
620.898   -36.7   -38.6   -39.9
630.859   -16.5   -34.7   -31.5
655.762   -38.9   -13.4   -24.8
657.422   -41.0    -9.4    -9.7
665.723   -59.5   -26.2   -33.4
667.383   -58.3   -26.4   -31.0
675.684   -62.3   -42.4   -45.0
677.344   -49.5   -35.5   -20.9
685.645   -60.5   -38.7   -41.3
687.305   -55.2   -37.1   -36.0
693.945   -34.4   -14.7   -20.0
695.605   -65.3   -36.0   -41.5
697.266   -42.9   -29.4   -18.1
703.906   -32.0   -11.8   -16.5
705.566   -48.1   -27.8   -34.6
707.227   -47.8   -32.0   -27.5
713.867   -31.5   -10.6   -26.0
715.527   -33.5   -18.8   -26.9
788.574   -27.8   -35.0   -29.9
796.875   -36.5    10.5   -10.9
798.535   -30.0   -30.0   -42.4
800.195    -5.6   -34.0    -0.8
805.176   -31.1    12.5    -9.9
806.836   -38.8     6.9   -17.4
808.496   -19.9   -39.3   -17.0
818.457   -15.1   -36.2   -19.6
825.098   -35.7    20.8     0.2
826.758   -32.1     5.0   -15.0
828.418   -15.6   -35.9   -25.1
835.059   -35.1    21.5     1.0
838.379   -11.5   -39.3   -31.1
848.340    10.0   -33.4   -12.3
859.961    18.1   -30.4    -1.1
901.465    -4.6   -32.1   -13.8
911.426    -3.6   -32.1   -21.3
913.086    -5.3   -33.4   -17.2
994.434   -46.8     0.2   -14.2
996.094   -31.9   -10.2   -21.1
1004.395   -41.7   -11.5   -18.5
1006.055   -31.8   -17.7   -19.2
1014.355   -44.4   -16.7   -18.1
1016.016   -45.5   -14.8   -22.9
1024.316   -36.4   -19.9   -19.5
1025.977   -39.4   -20.4   -29.2
1035.938   -29.6   -22.1   -31.1
1037.598   -25.0   -31.3   -33.6
1080.762   -18.7   -34.5   -32.7
1099.023    -4.6   -31.9   -17.9
1127.246    -9.3   -32.3   -14.1
1203.613   -37.5    -5.2    -3.3
1211.914   -10.1   -33.5   -30.8
1213.574   -30.1   -30.2   -29.6
1215.234   -38.9    19.2    -4.4
1223.535   -38.2   -15.1   -19.5
1225.195   -42.9    13.5   -13.7
1233.496   -35.0   -12.4   -12.3
1235.156   -51.3     4.6   -25.1
1236.816   -35.6     2.1   -22.3
1245.117   -51.1     9.6   -16.8
1246.777   -48.4    -3.6   -32.4
1248.438   -25.6   -14.1   -30.1
1255.078   -42.1     4.8    -9.7
1256.738   -55.5     5.4   -15.6
1258.398   -38.0   -18.4   -31.0
1266.699   -55.8     4.7   -16.8
1268.359   -56.7   -10.6   -33.0
1276.660   -30.5     3.2   -23.3
1278.320   -60.8   -17.4   -40.1
1286.621   -52.3   -20.5   -48.4
1288.281   -50.4   -24.6   -48.1
1296.582   -51.5    -6.1   -26.7
1298.242   -38.3   -30.7   -33.9
1306.543   -37.3     2.5   -18.3
1308.203   -38.4   -22.0   -24.7
1316.504   -30.7    -9.5   -33.4
1318.164   -33.2   -13.7   -31.7
1328.125   -33.5    -8.5   -27.5
1374.609    -3.1   -26.0   -32.4
1402.832    -1.8   -35.1   -19.1
1404.492     0.9   -38.3   -20.4
1412.793    -7.1   -45.1   -22.2
1422.754    -6.3   -36.8    -7.6
1432.715    -1.5   -30.2   -13.9
1439.355   -30.8   -10.4   -23.8
1449.316   -24.6    -7.0   -31.1
1459.277   -30.8   -19.5   -36.0
1470.898   -30.2   -18.1   -24.4
1480.859   -33.7   -18.4   -17.6
1490.820   -43.8   -17.4   -34.0
1492.480   -38.7    -5.1   -18.6
1500.781   -37.0   -13.3   -29.0
1502.441   -34.9    -3.0   -21.9
1510.742   -37.6    -3.8   -12.1
1512.402   -40.1     1.8   -30.4
1519.043    27.2   -32.4   -13.9
1522.363   -46.9     6.9   -21.2
1524.023   -38.9    12.3   -17.7
1529.004    30.0   -33.6    -6.5
1530.664     8.6   -33.6    -7.9
1532.324   -44.5    -4.3   -27.4
1533.984   -54.4    11.4   -20.3
1535.645   -42.8    19.7   -10.7
1543.945   -59.6     7.4   -23.0
1553.906   -49.8    -7.4   -33.3
1555.566   -66.5     2.2   -33.8
1557.227   -37.0     8.8   -13.3
1565.527   -68.0     1.9   -24.4
1567.188   -67.6     2.8   -22.9
1575.488   -66.3    -4.4   -27.4
1577.148   -76.3    -2.8   -30.8
1578.809   -36.0   -13.9   -30.1
1585.449   -40.9   -11.4   -28.7
1587.109   -76.9    -6.6   -27.4
1595.410   -33.1   -14.8   -32.8
1597.070   -55.1   -19.9   -36.7
1607.031   -39.1   -15.0   -30.6
1608.691   -45.8   -23.8   -25.4
1616.992   -39.1   -15.2   -17.2
1666.797   -34.7     9.9   -12.4
1676.758   -32.4     5.7   -12.1
1686.719   -17.2   -11.1   -31.0
1698.340   -17.8    -5.1   -12.4

