# DRS4 export. File index 1, run_id=./medidas/run_20260925_113849
# Columns: t[ns] u1[mV] u2[mV] u3[mV]
Event #422  ts=2026-09-25 11:43:52.885  [SELECTED]
  t[ns]  u1[mV]  u2[mV]  u3[mV]
  0.000    15.8     8.1   -17.9
  2.002    35.6     5.5     3.5
  4.004    -5.2    13.7    -5.9
  6.006    -2.1   -15.2   -28.9
  8.008   -14.2   -25.9   -11.4
 10.010     4.5     9.5    11.6
 12.012    15.3     5.8     0.0
 14.014     1.9     2.1     5.6
 16.016   -14.8    -9.0    -8.7
 18.018    -3.9   -14.5    -1.8
 20.020   -13.3    -5.1     5.7
 22.021     8.3     8.2     1.9
 24.023   -20.6    -0.9   -14.4
 26.025     4.6    15.0     8.3
 28.027    13.2   -15.0   -18.4
 30.029    15.3    -1.8    -3.3
 32.031   -26.1     7.0    -5.1
 34.033   -12.6     2.4   -23.2
 36.035    -3.8   -12.5    -2.1
 38.037    27.6     9.4    13.7
 40.039    -6.0   -12.9   -22.1
 42.041   -35.2     8.5     1.5
 44.043   -31.7    -1.3    -8.3
 46.045     9.5    14.3    16.6
 48.047    23.9     8.0    14.3
 50.049    14.2    -5.7    -2.1
 52.051   -35.5   -26.2   -15.6
 54.053   -18.8     6.9   -13.6
 56.055    -1.9   -22.0   -20.7
 58.057    32.3    -9.3     9.4
 60.059   -12.5   -15.3    -0.8
 62.061   -18.9    -3.7     2.5
 64.062   -33.5   -21.1   -36.5
 66.064     0.1    10.5    37.0
 68.066    38.4     4.0    13.3
 70.068     4.2     4.8   -15.2
 72.070   -24.6   -12.1    -6.2
 74.072   -11.2   -12.5   -24.1
 76.074    -1.8    -4.8    11.2
 78.076    38.0    17.1    13.3
 80.078    12.2     4.6    -4.0
 82.080   -17.8     5.0    -0.2
 84.082   -24.5    -5.3   -21.0
 86.084   -13.6    -9.6    -2.7
 88.086     2.5     8.0    15.5
 90.088    18.2    15.3    -2.8
 92.090   -13.7    -3.7   -29.4
 94.092   -12.2    -3.1    -5.3
 96.094   -12.8    -7.5   -17.2
 98.096     1.6     4.5   -15.2
100.098     0.3   -15.0     2.5
102.100    10.7    -7.5     3.4
104.102     0.1    -7.2   -29.2
106.104   -20.8    29.2     3.0
108.105    -2.1   -11.4   -21.7
110.107     1.6   -15.5   -24.6
112.109     5.0   -12.1     4.0
114.111    11.0   -15.8    -5.0
116.113    -7.0     1.1   -12.3
118.115   -19.8    -3.9   -15.6
120.117     8.8   -10.5   -17.9
122.119    20.2   -17.1     9.9
124.121     9.5     3.9   -20.0
126.123   -18.9     0.0   -10.4
128.125   -12.7    -5.7     1.3
130.127    -1.2   -17.5     3.9
132.129    21.7   -16.6    12.8
134.131    25.6    12.0    -9.0
136.133   -27.6    12.5    -7.4
138.135   -48.3    -2.7   -22.8
140.137    22.6   -24.6    14.8
142.139    20.5   -15.0    10.4
144.141   -10.8   -13.5   -36.9
146.143   -10.8   -12.0   -19.8
148.145   -36.9    21.3    10.2
150.146    -5.6   -22.8   -43.8
152.148    17.7    -5.7    12.3
154.150    16.1    23.4    -1.8
156.152    -9.0   -12.8    -3.1
158.154    -8.6    11.2   -11.1
160.156    21.7   -27.7    -1.1
162.158    41.6     3.9    -0.2
164.160     3.9     7.0   -16.0
166.162   -20.0    20.4    -2.2
168.164   -32.1   -14.5   -16.8
170.166     7.5   -23.6     0.8
172.168    -2.6   -29.6   -11.9
174.170     5.0    13.7     0.1
176.172   -20.3    27.0     2.5
178.174   -14.6     7.1    -8.6
180.176   -16.0   -34.7   -38.2
182.178    25.3    -7.7    23.2
184.180     7.3     6.7    -3.2
186.182   -26.0    29.7    11.3
188.184   -14.0    -9.4   -22.0
190.186     8.8   -34.3    -6.7
192.188    -0.7    -6.8     3.6
194.189     7.5     2.1     2.2
196.191   -21.9    16.5    -0.1
198.193   -14.3    -3.1     8.7
200.195    -2.1   -32.3    -7.3
202.197    13.7   -14.3     0.1
204.199   -23.5    15.3   -19.5
206.201    -2.1    30.1     4.0
208.203   -21.9     8.6   -39.0
210.205    -1.2    -5.5    -1.0
212.207     8.6   -23.0   -11.2
214.209    -7.1    18.6     1.7
216.211   -23.5    22.0   -12.6
218.213     3.9    19.3    -1.3
220.215    -2.4   -17.7   -13.5
222.217     1.9   -16.0    -7.5
224.219    -9.2    17.1    11.2
226.221   -14.2     6.9   -14.2
228.223    -0.5     4.1   -16.2
230.225    30.7    -3.5    17.1
232.227     5.9   -10.5   -11.6
234.229    -2.7     4.5   -11.4
236.230   -28.6    -0.7   -28.9
238.232   -11.6    -9.5    -3.1
240.234    12.7     0.3    17.1
242.236    13.6    -6.2   -13.6
244.238   -14.6    -4.7   -13.7
246.240    -0.1     1.0   -14.3
248.242    -1.7     5.9    16.5
250.244     5.4     5.2     4.3
252.246    11.0   -31.2    -3.4
254.248     9.3     8.3    18.8
256.250   -14.1   -20.2   -31.1
258.252    14.7    -0.7    13.6
260.254    -4.1   -13.0     0.5
262.256    12.8    -4.1     5.3
264.258    -4.0     0.8     8.8
266.260   -27.8    15.5     4.8
268.262    -4.5   -11.6     3.2
270.264    16.4    21.6    -6.1
272.266     8.2   -18.0     1.5
274.268     4.6    -6.3    21.3
276.270   -12.4   -20.7    -8.5
278.271    -4.2     8.8    10.2
280.273    11.2    14.3     0.7
282.275    -5.5    -3.9     8.2
284.277   -15.4     2.3     4.0
286.279    -3.1   -20.5    -1.0
288.281   -13.2    13.4    -5.0
290.283     5.8    12.9    -6.2
292.285    -1.9    -8.7    -6.2
294.287    -5.5     5.5    10.8
296.289   -12.0   -13.1    -7.5
298.291    14.2    22.1    -0.7
300.293   -20.5   -19.6   -23.4
302.295     5.3    -7.9    -1.0
304.297    -9.8    -3.0    15.0
306.299    17.2     3.4   -13.7
308.301    -5.4     5.9     3.5
310.303   -10.1    10.6    20.6
312.305    -1.6   -31.0   -25.3
314.307    19.1     5.6    10.2
316.309    10.2    -9.5   -17.0
318.311    -5.9    13.7    -9.0
320.312   -26.4     4.5    -8.5
322.314   -13.4   -10.1   -13.1
324.316    -7.9   -18.2    -1.5
326.318    17.6    -2.4     5.0
328.320    16.2    -2.1    -5.9
330.322   -14.9     2.2    16.1
332.324    -8.1    -4.0   -13.4
334.326    13.9    -3.0     5.2
336.328    15.4   -11.7    -5.1
338.330     1.9    10.8   -11.4
340.332   -12.0   -14.2   -17.1
342.334   -14.4    -3.5   -18.0
344.336    -2.4   -25.1    -5.6
346.338    18.8     1.9    19.2
348.340   -12.6    -9.1    -9.4
350.342   -17.4    10.9    -0.6
352.344   -15.9   -21.5    -6.9
354.346     7.5    -7.4    10.1
356.348    10.5   -11.9     4.8
358.350    14.7    -4.5   -12.0
360.352   -42.8    -7.2   -12.8
362.354   -21.8     7.9   -16.5
364.355     7.2    -9.5    10.4
366.357    20.4    -4.1     2.3
368.359     5.4    -5.1     0.7
370.361   -15.6     0.1     7.4
372.363   -37.4    -4.0    -9.2
374.365     7.8     1.0     4.8
376.367    31.8    -8.3   -18.5
378.369    29.2   -15.0    -5.4
380.371   -31.0     1.1   -19.0
382.373   -17.4    -6.2   -22.5
384.375    12.8    -4.9    -2.1
386.377    38.5    -0.7     6.3
388.379    33.6    -3.7     5.1
390.381     0.4    11.0     4.3
392.383   -29.9     1.0   -13.5
394.385   -26.8    -7.3   -12.2
396.387    -6.8   -18.7    -9.2
398.389    28.9     8.1     0.6
400.391     1.9    -1.1   -19.0
402.393   -13.2     4.2    -6.1
404.395   -27.5   -18.4    -7.7
406.396    -0.1   -15.2   -10.9
408.398    16.5    -1.1     4.0
410.400     3.6    29.0     4.5
412.402   -39.3   -10.7   -23.3
414.404   -26.8   -10.4    -4.0
416.406   -25.7    -8.0   -23.4
418.408    25.8     1.5     3.4
420.410    -3.5    -8.2   -27.0
422.412     9.4    -8.5   -10.8
424.414   -15.2    -7.6    -4.7
426.416     6.5    -4.9    -4.0
428.418     4.7   -10.5     0.0
430.420     8.6    17.1    14.4
432.422     4.9    -2.6   -11.2
434.424    -3.1     2.2   -14.4
436.426   -13.0   -24.5   -11.1
438.428    -4.6     1.1     4.4
440.430    -8.9    -9.0   -15.9
442.432    18.8    -9.5    -7.3
444.434    -5.5     1.2    -9.4
446.436    17.1    -6.7    14.7
448.438   -16.3    -8.5   -25.0
450.439    -6.8     7.0     7.5
452.441     0.5    -2.7   -13.2
454.443    20.1    23.8    14.7
456.445    -8.5    -9.2   -12.2
458.447   -10.2   -18.1   -26.3
460.449   -29.4     4.1   -12.7
462.451    10.2    -4.9   -17.7
464.453    15.1    -6.1   -19.4
466.455    17.4    -0.1    15.4
468.457    -7.9     8.1   -14.5
470.459   -10.9    -2.5     3.3
472.461    -6.7   -12.4   -12.2
474.463    13.4   -16.1    -2.4
476.465     3.2    -9.0    -2.0
478.467     0.8     6.9   -18.3
480.469    -0.9   -13.9     0.2
482.471    -2.7     6.5     4.6
484.473     6.4    -0.7   -14.1
486.475     9.5   -20.6     2.0
488.477    -0.9    15.7    11.7
490.479     7.2    10.9    15.9
492.480    -3.5   -19.8   -15.5
494.482    12.3   -14.9     1.6
496.484    -6.9   -26.4   -17.0
498.486    -3.1    23.2    -1.2
500.488     1.5    -2.8   -13.8
502.490    10.6    14.8    -9.5
504.492    -4.5   -22.0    -9.0
506.494   -14.3    -8.9     0.5
508.496     2.2    -6.3   -14.8
510.498     9.5    16.0     2.7
512.500    -6.1    -4.2    -5.5
514.502     8.3   -17.2   -10.9
516.504   -15.0   -15.4   -21.7
518.506   -11.5    18.9    -5.1
520.508    -3.9   -11.0    -9.6
522.510     4.4   -11.1     8.7
524.512    -6.0   -24.7   -28.8
526.514   -10.8     9.2    12.2
528.516   -10.7    10.2    -8.0
530.518     9.2     2.8   -17.1
532.520     8.2   -10.3   -19.3
534.521     8.9   -35.3   -24.0
536.523    -1.7   -28.9   -16.3
538.525    -4.7    33.6     6.1
540.527    -0.7     1.9   -17.6
542.529     2.9     0.9     8.9
544.531    11.6   -23.0     0.6
546.533    -6.0   -13.5   -16.2
548.535    -9.9     7.7   -12.1
550.537    -9.6    14.6    -2.6
552.539    -5.6    -3.4   -12.3
554.541   -25.0    -9.3    -0.8
556.543   -43.6   -24.6   -10.7
558.545   -57.6   -49.0   -32.1
560.547   -74.3   -93.3   -29.7
562.549   -63.9   -72.9   -15.3
564.551   -71.0   -90.9   -26.3
566.553   -39.4   -53.4   -15.7
568.555   -21.6   -54.1   -37.6
570.557   -33.2   -21.0   -13.1
572.559   -19.8   -29.7   -23.9
574.561    -5.0   -29.6   -25.9
576.562   -13.0    -6.4   -21.6
578.564     1.2    -3.3     0.9
580.566    -3.1   -10.1    10.5
582.568    13.6    10.8    -9.5
584.570    -2.7   -13.4   -17.8
586.572     0.9    23.3    13.0
588.574    12.6    -2.4     8.9
590.576    -1.8   -35.6    -8.3
592.578   -11.6    -0.4    -4.0
594.580     5.0     2.7    -1.0
596.582    -8.4    -9.0    -4.1
598.584   -11.4    -8.6    -6.9
600.586   -18.1    -4.9     0.1
602.588    -3.3     3.1   -12.0
604.590     3.0    -2.1    -3.2
606.592     1.9     8.6    16.9
608.594   -15.7   -34.5   -35.2
610.596   -25.0    -0.5     1.3
612.598   -16.7   -10.3   -40.0
614.600   -12.9   -37.0   -37.9
616.602   -38.3   -18.8   -24.0
618.604    -2.2   -33.5   -27.6
620.605   -18.7   -23.7   -30.0
622.607    -8.2    -7.2    -7.5
624.609   -15.7   -25.9   -22.9
626.611     3.5    -2.5    10.7
628.613    11.5    -6.6     2.7
630.615     7.3    -4.3    -7.7
632.617   -13.5    -6.3    -8.6
634.619    -3.4   -16.1    -5.3
636.621    -5.0   -17.8   -19.0
638.623    12.7    -2.2   -18.6
640.625   -17.4   -16.6   -12.2
642.627   -13.1   -34.6   -34.8
644.629   -14.5   -22.4   -11.2
646.631   -30.7    -3.8   -17.0
648.633    10.6    -6.4     0.4
650.635     4.2    -4.0   -13.6
652.637    -6.5    -2.4    -7.7
654.639   -51.6   -36.5   -28.2
656.641   -20.4    -7.5    -0.5
658.643    -2.3   -14.7   -24.7
660.645    15.2    -3.7    -5.2
662.646   -24.0    -9.5   -18.9
664.648   -21.0   -22.4   -15.3
666.650   -45.3   -14.2   -23.4
668.652   -31.4    -0.4   -16.0
670.654    -5.5   -19.7     4.7
672.656     6.3    -3.6     5.4
674.658   -20.1   -20.6   -26.3
676.660   -33.9   -15.2   -15.0
678.662   -22.8   -18.8   -14.3
680.664     0.4     1.8     2.3
682.666   -11.9   -26.1   -17.0
684.668     1.4   -13.9    -5.7
686.670   -12.1     0.9    -4.4
688.672     4.3   -10.4    -6.0
690.674    -0.4   -27.7   -10.1
692.676    15.4    -2.1     3.9
694.678     0.6   -15.1   -19.4
696.680   -11.4     5.3   -28.2
698.682   -25.2   -21.4   -26.9
700.684     4.8   -26.6     4.9
702.686    -6.4     1.1   -17.3
704.688    -9.9   -13.1   -28.2
706.689   -22.8    -5.0   -31.6
708.691   -23.7    -3.6    -7.5
710.693   -35.2   -21.7    -9.5
712.695     3.3   -14.3   -20.8
714.697     7.3    10.6    -7.5
716.699   -10.3     7.9    -8.4
718.701   -24.9   -12.4   -15.7
720.703   -17.0   -24.0   -33.8
722.705    -6.1   -24.5   -19.0
724.707    -0.4     0.0     9.7
726.709     6.8     2.4    -2.9
728.711   -23.0   -21.5   -16.8
730.713   -20.2   -26.5   -20.0
732.715     3.1   -13.2   -23.8
734.717    -9.9    -1.2    11.2
736.719    -3.8    -3.5    -2.1
738.721   -15.4   -16.3   -20.0
740.723   -17.4   -20.1    -1.7
742.725   -13.4   -34.6   -26.1
744.727    -9.8    -0.1    -4.8
746.729   -20.0   -16.9   -10.8
748.730   -11.2   -11.1    -8.2
750.732   -19.0   -23.2    -8.6
752.734   -12.3    -9.9   -12.6
754.736   -29.5    -1.9   -30.0
756.738   -11.3    -2.3   -11.1
758.740   -17.0   -34.3    -7.4
760.742   -10.9    -1.1    -7.9
762.744   -11.8   -16.7   -19.0
764.746    -5.9    14.3     9.6
766.748   -30.1   -16.8   -25.4
768.750    -8.6   -11.7    -3.5
770.752    -6.1   -27.2   -15.3
772.754    -5.7    -8.6   -12.2
774.756   -45.4    -8.7   -23.1
776.758   -18.8   -30.0   -19.4
778.760    -5.6   -28.0     6.1
780.762     3.2    13.3    12.5
782.764     1.3   -13.8   -26.7
784.766   -14.9    17.5     6.9
786.768   -30.2   -25.9   -25.8
788.770     6.4   -15.1     8.2
790.771   -20.1   -14.7   -21.9
792.773    15.4    -3.7   -17.0
794.775   -18.9    -5.4    -7.0
796.777   -18.7    -3.7    -5.2
798.779   -12.2   -22.4   -15.8
800.781   -10.8   -12.2     7.6
802.783    -0.5   -15.4   -26.7
804.785    -0.5    -5.3   -14.3
806.787   -26.0    -6.2   -29.9
808.789     1.4     9.4   -11.1
810.791    -1.5    -4.9   -12.2
812.793    -2.9   -23.5   -16.0
814.795   -23.9   -22.4   -20.4
816.797   -15.8   -12.2   -11.4
818.799   -11.4   -16.7   -22.9
820.801    18.8    -9.1    16.7
822.803    -1.8   -14.3   -19.1
824.805   -20.6   -21.2   -18.0
826.807   -38.9    -7.2   -17.5
828.809    12.3    -9.3   -11.8
830.811    -0.1   -11.6    -3.9
832.812   -15.3   -13.5   -19.6
834.814   -27.9    -7.7    -8.6
836.816   -34.7     2.3     5.0
838.818   -17.6    -6.6    -8.6
840.820     9.5   -21.2    -2.2
842.822   -21.0   -24.0    -5.8
844.824   -13.8   -10.7   -13.2
846.826   -35.3   -15.2   -20.0
848.828    -7.3    -8.5     1.3
850.830    -4.7   -23.6   -27.7
852.832    17.3    -2.2   -23.9
854.834    -6.3   -10.4    -8.3
856.836   -29.7    -3.8     4.4
858.838   -24.2   -22.8   -17.1
860.840    12.8   -23.9    -0.4
862.842     6.7    -8.4    -5.4
864.844    11.2   -16.9   -20.3
866.846   -33.4   -30.7   -41.7
868.848    -7.4   -20.2   -18.3
870.850     3.1   -15.7   -14.1
872.852    -3.1   -11.8    -0.9
874.854   -18.8    -7.0   -24.3
876.855   -32.2     4.4    -9.8
878.857    -4.4   -22.6   -27.4
880.859    -3.1     2.3   -19.0
882.861     2.8   -17.4     4.0
884.863     6.6    -3.8    -8.4
886.865   -38.8   -20.6   -22.7
888.867   -20.0    -3.5   -10.4
890.869    -3.3   -13.8   -17.6
892.871   -10.7    14.1     0.5
894.873   -22.1   -16.8   -29.3
896.875   -23.7   -23.3   -16.3
898.877    -9.3   -26.2     7.5
900.879    20.9    -2.2    -4.6
902.881    15.9     1.0   -10.8
904.883   -11.1   -13.4   -20.1
906.885   -35.8   -32.5   -18.3
908.887     9.1   -23.7     0.6
910.889    -1.4     4.0   -15.7
912.891     0.7    -6.3     1.6
914.893   -24.1     3.6   -18.7
916.895   -29.2   -16.3   -14.3
918.896   -11.4    -3.4    -4.4
920.898    23.0    -0.4   -18.5
922.900   -15.7    -6.1     2.4
924.902   -11.8   -23.9   -23.2
926.904   -46.9   -33.0   -22.0
928.906     0.3     0.9     1.2
930.908    13.1    -5.4    -8.5
932.910   -14.0     1.8    -7.2
934.912   -38.9   -23.0   -27.9
936.914    -7.3   -26.2    -1.6
938.916    12.6   -23.4   -27.2
940.918    -9.7    19.4    -3.5
942.920   -26.0    -8.0   -23.9
944.922    -3.0   -22.3   -12.5
946.924   -26.9   -25.4   -10.8
948.926    12.2    -3.5    -7.9
950.928     4.5   -11.7   -13.6
952.930   -16.6    -1.9   -13.0
954.932    -6.0   -35.3   -19.3
956.934    -4.4   -10.4     7.6
958.936   -12.9   -30.0   -26.0
960.938   -25.5    -4.2   -23.7
962.939    -6.6    -9.9   -19.4
964.941    17.6   -20.1    -1.8
966.943    -6.1   -15.7     0.5
968.945   -25.2   -13.6   -20.6
970.947   -36.4   -11.3   -24.0
972.949    -6.2    -6.9   -20.6
974.951    11.2   -10.1    -6.3
976.953    24.9    -9.0     0.6
978.955   -34.9   -25.2   -41.5
980.957   -35.7    -5.1   -25.4
982.959   -25.6   -15.0   -11.2
984.961    18.8   -10.7     1.2
986.963    10.4    -3.0    -1.1
988.965   -25.0   -20.8   -36.8
990.967   -20.2   -18.6   -16.3
992.969    18.7   -11.5    -6.5
994.971    18.6   -29.8   -28.7
996.973     3.1    -0.4    -5.7
998.975   -39.7   -25.0   -41.3
1000.977   -26.7    -6.7    -2.0
1002.979   -32.5   -17.8   -17.0
1004.980    26.2    -9.6     8.6
1006.982    -7.7    -4.5    -6.2
1008.984   -18.0   -26.8   -17.3
1010.986   -28.4   -19.8   -16.5
1012.988     8.1    -0.7    -9.8
1014.990    11.4    -2.9    -4.8
1016.992     1.7     0.1    -0.5
1018.994   -12.6   -28.9    -9.8
1020.996    -1.1   -23.9   -24.4
1022.998   -24.8    -7.9   -25.8
1025.000   -35.2     5.1     4.8
1027.002    -7.5   -11.6   -24.7
1029.004    -8.2   -12.8     4.2
1031.006   -16.4   -32.2   -23.9
1033.008   -12.4    -1.9   -18.7
1035.010   -28.8    -1.2   -12.2
1037.012    -2.8     1.8    -2.5
1039.014     2.1   -23.6     2.1
1041.016     0.0    -6.4     7.7
1043.018   -23.5   -28.9   -34.0
1045.020   -39.7    -7.3   -12.5
1047.021   -21.0    -0.5    -5.9
1049.023     8.3   -15.4    -8.8
1051.025    17.8   -17.6    -4.0
1053.027   -38.8    -8.6   -29.3
1055.029   -47.1   -18.4   -30.6
1057.031   -14.4     2.3   -16.4
1059.033     8.5    -6.5    10.7
1061.035    14.6     5.2     1.7
1063.037    -4.2    -3.6   -19.8
1065.039   -16.4   -28.0    -4.0
1067.041    -7.9   -18.1    -9.6
1069.043    -7.5    -5.1   -17.8
1071.045   -13.6    -0.3    -9.3
1073.047     0.5   -10.2   -15.8
1075.049   -34.5   -19.2   -10.6
1077.051   -23.4   -14.4   -10.1
1079.053   -17.0   -10.9   -26.3
1081.055     0.0     5.3    10.9
1083.057    -7.7    -2.8    -4.9
1085.059    -5.5   -30.3   -19.4
1087.061   -14.1   -14.8    -3.2
1089.062   -17.2     6.0   -17.1
1091.064   -31.7   -15.8   -37.5
1093.066    -8.1   -11.4    -5.1
1095.068   -12.2   -32.9   -15.3
1097.070   -26.6    -9.9   -26.1
1099.072   -30.5    -5.1   -10.6
1101.074   -29.3   -13.7   -11.3
1103.076     3.9   -14.8    -6.5
1105.078    15.3     2.9    15.4
1107.080    -9.4   -26.8   -23.1
1109.082   -34.8   -14.1   -21.0
1111.084   -45.4   -30.2   -45.3
1113.086   -10.3   -20.7    -9.7
1115.088    15.0   -33.4   -21.3
1117.090     4.1    -3.5   -25.4
1119.092   -66.7   -23.3   -29.3
1121.094   -36.7   -35.2   -28.8
1123.096   -19.6   -23.1     3.1
1125.098    18.0     0.2     9.3
1127.100    10.5    -0.6   -24.7
1129.102   -22.0     1.1   -16.6
1131.104   -61.4   -48.1   -48.3
1133.105     7.9   -17.5    -6.9
1135.107    22.1    -5.7    -6.6
1137.109    18.6    -8.9   -31.2
1139.111   -30.5   -13.1   -17.1
1141.113   -38.4     1.9    -7.9
1143.115   -41.3   -37.1   -16.9
1145.117    15.0    20.4     4.7
1147.119    14.1    -5.4   -15.6
1149.121    -9.4    -5.6   -22.8
1151.123   -29.7   -23.3   -32.6
1153.125     7.8   -10.8    -8.3
1155.127    13.3    -5.9    -9.7
1157.129    14.0   -12.6    -7.1
1159.131   -15.8   -20.4    -2.2
1161.133   -25.7   -18.5   -26.6
1163.135   -20.0   -22.5   -15.1
1165.137    -2.0   -14.9   -21.3
1167.139   -10.4    -9.7   -28.0
1169.141    -5.3   -15.9    -3.9
1171.143    -9.6   -28.3   -16.1
1173.145   -10.2   -21.6   -20.3
1175.146    -8.5    -5.5   -19.2
1177.148    -7.2   -17.8   -12.3
1179.150   -16.3   -20.0    -6.6
1181.152     0.4     2.7    -7.5
1183.154   -26.6   -18.3   -20.7
1185.156   -27.7    -5.8   -10.5
1187.158   -27.6   -18.9   -33.8
1189.160     2.5    -5.7   -16.6
1191.162   -17.7   -17.3   -18.9
1193.164   -15.4   -24.2    -6.6
1195.166   -18.6   -37.5   -31.5
1197.168   -14.4    -3.6     3.1
1199.170   -11.9   -10.5    -3.9
1201.172    -7.5    -2.0   -30.2
1203.174   -18.6   -16.1   -28.7
1205.176   -33.1     6.3    -4.7
1207.178   -27.2   -15.1   -27.2
1209.180    -6.8    -3.4     9.2
1211.182    -1.2     0.6    -7.9
1213.184     0.6   -12.4    -6.1
1215.186   -32.5    -3.3   -41.0
1217.188   -11.3    -0.9   -18.8
1219.189    -5.7   -19.2   -16.6
1221.191    -7.2   -11.1   -10.5
1223.193     3.1   -15.1    -0.1
1225.195   -25.2    -4.9   -13.1
1227.197   -27.2   -20.1   -16.5
1229.199   -13.5   -11.7   -23.2
1231.201    -8.3   -17.0   -18.4
1233.203     1.4     5.7     6.0
1235.205   -20.0    -3.9   -15.3
1237.207   -16.8    -8.2   -26.8
1239.209     2.3   -21.7   -11.1
1241.211     1.4   -12.2     0.6
1243.213   -15.7   -13.5   -11.9
1245.215     3.2   -11.0   -22.9
1247.217   -15.1   -23.2   -16.4
1249.219   -14.2    -7.9     7.4
1251.221    -9.9   -26.0   -12.5
1253.223    -3.8    -3.3    -1.1
1255.225   -15.7   -11.0   -15.2
1257.227    -2.0    -2.0   -13.2
1259.229   -15.2   -26.4   -15.9
1261.230    -9.5   -10.4   -15.8
1263.232    -8.9    -9.2   -13.9
1265.234   -14.1    -6.7   -18.7
1267.236   -12.7   -20.0   -20.1
1269.238     4.4   -29.7     0.2
1271.240   -20.3   -16.7   -31.8
1273.242   -18.3     6.9   -15.7
1275.244   -34.9    16.6     1.7
1277.246   -13.1    -7.0     0.2
1279.248   -23.8   -27.0     3.5
1281.250    10.6   -11.4    -2.2
1283.252   -18.9   -15.1   -21.2
1285.254   -20.6    18.4   -11.9
1287.256   -18.2     4.5   -18.4
1289.258    -7.7   -25.1    -7.5
1291.260   -14.9    -8.3   -18.2
1293.262   -23.7   -11.7   -21.3
1295.264   -25.2   -10.2   -15.2
1297.266    -5.8     8.8    11.7
1299.268     2.8   -28.1   -35.0
1301.270    -8.9   -17.3   -13.9
1303.271   -14.1   -24.9   -13.1
1305.273   -16.0    -3.9     3.1
1307.275   -15.1    -9.9   -20.8
1309.277     3.8   -17.7    -2.4
1311.279   -10.7   -28.4   -18.1
1313.281   -20.2   -23.2   -29.3
1315.283   -22.7    -4.9   -10.9
1317.285    -9.2   -21.2    -9.4
1319.287     5.0   -25.1     6.1
1321.289    11.9    -2.8    -6.3
1323.291   -29.9   -23.8    -2.6
1325.293    -8.2    11.2     8.8
1327.295   -14.7     2.9   -21.8
1329.297    -8.3   -18.2    -1.5
1331.299   -24.4   -32.6   -19.9
1333.301   -12.5   -10.6   -23.9
1335.303   -26.3    12.8   -16.7
1337.305    -4.5    11.4    -5.9
1339.307   -24.9   -26.8   -22.3
1341.309    -1.8   -27.0   -11.9
1343.311   -23.5   -11.3   -17.5
1345.312   -14.2    -2.0   -12.2
1347.314   -34.7     9.7   -20.4
1349.316     5.0    -6.7   -12.1
1351.318    -3.7   -22.5    -7.5
1353.320    -8.2   -11.5   -17.5
1355.322   -17.0     4.1   -23.3
1357.324   -24.4    -4.3   -20.2
1359.326   -12.9   -31.9   -16.6
1361.328    -4.2   -22.1     1.5
1363.330    -8.6    -7.4    -8.5
1365.332   -13.5     2.9    -5.9
1367.334   -26.4    -0.6    -7.1
1369.336    -1.6   -34.7   -38.8
1371.338     3.3   -22.6    -7.6
1373.340    -1.5     7.5    -9.7
1375.342   -41.8    -2.1   -22.6
1377.344   -21.5    -5.5     1.9
1379.346    -6.6   -36.4   -16.6
1381.348     3.5   -37.7     8.0
1383.350   -12.0   -10.7   -12.7
1385.352   -10.2     8.9    -7.2
1387.354   -39.7   -20.7    -9.5
1389.355     0.9   -20.1    -9.6
1391.357    -5.6   -14.8   -27.9
1393.359    -4.3    -5.6   -12.4
1395.361   -35.9   -12.2   -20.6
1397.363   -30.6    -1.0   -19.5
1399.365   -13.8   -36.2   -24.1
1401.367    -5.7   -21.2   -15.0
1403.369   -20.7    -6.3   -16.1
1405.371   -20.9    -1.3   -17.1
1407.373   -34.2   -14.4   -26.9
1409.375    -5.8   -21.5   -32.9
1411.377     3.3   -37.1   -28.9
1413.379    11.7    -1.0     0.9
1415.381   -15.8   -14.4   -25.3
1417.383   -21.3    -2.9   -10.1
1419.385   -12.9    -6.4    -9.8
1421.387    21.3   -11.5     3.9
1423.389   -13.6     9.1    -1.6
1425.391   -15.0    -0.1    -7.4
1427.393   -27.2   -39.4   -37.5
1429.395   -23.8    -2.6    -3.7
1431.396   -12.2    -6.3     0.6
1433.398    18.4     0.0   -13.2
1435.400   -14.4    -5.9   -13.6
1437.402   -32.7   -13.0   -18.9
1439.404   -29.6   -31.4   -18.9
1441.406    -2.8    13.1    10.3
1443.408     9.2    -1.7    -4.2
1445.410     7.9   -10.1    -0.6
1447.412    -2.9    -5.0   -14.0
1449.414   -38.2   -26.4   -28.7
1451.416   -36.1   -30.3   -38.5
1453.418   -23.6    13.5   -14.9
1455.420     1.7   -20.4   -21.8
1457.422    -0.1   -39.6   -41.0
1459.424   -20.2   -39.3   -12.2
1461.426   -20.5    10.4   -10.9
1463.428   -21.5     1.0    -9.0
1465.430    -7.9   -26.5    -2.6
1467.432    -2.3   -28.4   -11.4
1469.434   -31.1   -26.0   -21.7
1471.436   -45.0     4.3    -9.7
1473.438   -32.0    -8.1   -22.2
1475.439     0.4     8.9     6.1
1477.441    -0.8   -24.3     1.1
1479.443     0.0   -48.0   -35.1
1481.445   -21.0    14.0     7.9
1483.447   -37.9    -2.9   -10.3
1485.449    12.5   -13.5   -20.8
1487.451    11.3   -23.0   -13.1
1489.453     1.2   -25.9   -21.4
1491.455   -28.1    11.4    -2.1
1493.457   -31.4     0.0   -21.6
1495.459    -7.0   -24.3   -22.9
1497.461   -10.0   -26.4   -17.7
1499.463    -2.3   -42.3   -27.8
1501.465   -10.1     6.9    -0.5
1503.467   -16.4     0.1   -19.9
1505.469   -12.2   -19.2   -24.9
1507.471   -20.8   -36.6    -7.0
1509.473   -10.7   -10.4     1.4
1511.475     1.1     7.8     6.7
1513.477   -18.5    -8.5   -16.5
1515.479    -8.6   -29.2   -28.9
1517.480   -36.7   -67.4   -26.2
1519.482   -14.5    -9.2    -9.7
1521.484    12.7     1.0    -8.5
1523.486     0.7    -0.6    -3.5
1525.488   -10.6    -5.4   -23.1
1527.490   -24.2   -61.7   -38.1
1529.492     1.4   -28.2   -18.0
1531.494     0.7    13.4     1.7
1533.496     8.5     3.2    -7.4
1535.498   -11.2   -29.9   -20.4
1537.500   -16.7   -40.5   -20.2
1539.502   -39.9   -38.5   -31.1
1541.504    -9.2    10.7   -13.0
1543.506   -20.3     4.6   -20.2
1545.508    14.3    -8.1    -3.9
1547.510   -31.2   -40.1   -26.6
1549.512   -20.3   -13.2   -15.5
1551.514   -32.1   -13.1   -20.1
1553.516    -5.5    -0.4     4.6
1555.518     2.6   -30.5   -14.5
1557.520     6.1   -14.2   -21.0
1559.521   -23.9   -14.3   -18.9
1561.523   -25.1   -11.0   -24.4
1563.525   -36.0    -7.7   -19.1
1565.527     4.1   -14.4   -12.5
1567.529    -6.5    -9.3   -25.4
1569.531    -3.3     6.9    -3.2
1571.533   -26.3     5.2   -24.1
1573.535   -15.4   -17.2   -10.4
1575.537   -14.9    -5.6    -4.7
1577.539   -22.2    -0.1    -9.2
1579.541   -18.4     7.0     1.4
1581.543     0.7    -3.4    -3.6
1583.545    -3.9   -11.8   -20.6
1585.547   -17.9     8.0    -1.8
1587.549   -14.8    -9.1    -8.3
1589.551    -8.3   -12.0   -13.6
1591.553   -11.7   -24.3   -18.8
1593.555     4.3   -15.1    -7.1
1595.557    -1.8   -17.8   -14.8
1597.559    -8.6     0.4   -14.6
1599.561   -27.6   -11.8   -10.0
1601.562    -8.6   -14.4   -10.3
1603.564     4.5    -4.4    13.8
1605.566    16.6    -8.2    -9.7
1607.568    -6.1   -23.3    -2.7
1609.570   -20.6     5.9   -26.1
1611.572   -29.5   -30.8   -10.9
1613.574   -18.6   -26.4    -2.3
1615.576   -65.2   -67.1   -35.5
1617.578   -88.6  -107.5   -36.2
1619.580   -96.8   -94.3   -43.5
1621.582   -95.6   -95.2   -39.9
1623.584   -21.4   -61.7   -18.2
1625.586    -2.1   -64.3   -40.2
1627.588   -36.8   -34.4   -24.5
1629.590   -47.0   -37.0   -35.0
1631.592   -11.7   -29.2   -29.5
1633.594   -18.8   -17.1   -11.0
1635.596   -20.6   -34.4   -26.1
1637.598   -14.3   -17.7    -6.7
1639.600   -38.6   -11.2   -32.4
1641.602   -23.1   -23.4   -30.3
1643.604     7.9    -5.5    -0.5
1645.605    -1.9   -14.0     4.1
1647.607   -28.7   -36.2   -17.5
1649.609   -30.6    -8.6   -11.4
1651.611   -28.3   -39.0   -44.8
1653.613     1.7     9.7     5.8
1655.615    -0.1   -27.9    -1.6
1657.617   -21.3   -12.5    -6.9
1659.619   -38.3    -8.0   -10.7
1661.621   -32.3   -12.8   -15.9
1663.623    -6.5   -12.5     4.3
1665.625    26.0   -10.1    10.6
1667.627     7.5    -0.7     3.7
1669.629   -34.1    -8.7   -20.6
1671.631   -19.3    -9.5   -24.5
1673.633    -4.5    -4.3     6.3
1675.635    11.6   -34.4    -8.3
1677.637     7.0   -10.1    -6.3
1679.639    -4.4     3.3    -4.3
1681.641   -19.0   -16.2    -3.0
1683.643    27.1    -4.7    13.1
1685.645    34.2   -15.1    10.5
1687.646     2.1     0.0    -8.4
1689.648   -20.0    -3.3    -8.6
1691.650   -14.3    -4.8   -11.9
1693.652    -6.4   -33.3    -2.1
1695.654    32.9    -5.7     3.1
1697.656    -4.3   -15.3   -22.5
1699.658    -7.5    -3.9   -12.4
1701.660   -18.5    -6.0   -15.0
1703.662   -11.7   -16.2     1.0
1705.664    17.0    -4.2    10.1
1707.666    23.0     4.3    -0.4
1709.668   -13.0   -10.6   -10.8
1711.670   -31.8     5.0   -18.7
1713.672   -15.4   -15.8   -20.3
1715.674    34.1    -6.9    -8.3
1717.676    13.6    -6.4   -11.4
1719.678    -2.3     8.4    -7.2
1721.680   -30.7   -13.5   -22.2
1723.682   -25.7   -30.1   -14.4
1725.684     8.1   -19.8    -9.3
1727.686    32.9    10.4    44.7
1729.688    -6.9    -3.4   -21.6
1731.689   -35.1     4.3   -12.4
1733.691   -31.2   -22.1   -17.4
1735.693    17.6   -16.5     4.2
1737.695    12.1    14.2    -5.6
1739.697   -16.0     0.1   -17.1
1741.699   -14.9   -22.2   -19.8
1743.701    -4.3    -3.2    15.7
1745.703    12.8    -5.9    -6.1
1747.705    -4.2    16.2    10.3
1749.707   -18.8     7.3    -4.8
1751.709   -28.3    -6.3    -2.5
1753.711    -9.7   -17.1   -24.1
1755.713    20.8     0.6    -4.3
1757.715     7.0   -12.2     6.7
1759.717   -17.3     7.5    -1.0
1761.719   -21.5   -11.0   -20.8
1763.721    16.4   -11.9   -13.1
1765.723     2.1    12.5     6.1
1767.725   -21.3    -0.7   -10.0
1769.727   -22.5   -34.8   -24.6
1771.729     4.4     0.9    23.1
1773.730     3.6     1.4    -9.5
1775.732    12.7     0.5   -11.2
1777.734   -13.0   -14.3    -7.9
1779.736    -9.3    -9.8   -15.4
1781.738   -11.3    -8.3    -5.1
1783.740    -3.3    -2.1   -18.8
1785.742     6.5   -14.8   -12.5
1787.744     6.0     1.1    -0.7
1789.746   -27.4    11.1   -17.1
1791.748     0.5     6.8    14.7
1793.750    14.7   -10.1     9.3
1795.752    23.0   -13.4   -15.6
1797.754    -2.0   -22.2   -26.7
1799.756   -30.2   -11.4   -25.7
1801.758    -6.2     6.6    -1.6
1803.760    19.2     9.0    12.2
1805.762    -1.3   -15.6    -2.6
1807.764    -5.4    -2.4     3.7
1809.766   -28.1    -2.6   -24.5
1811.768   -15.9     2.5    -8.4
1813.770     7.7     5.9     6.2
1815.771     6.4   -18.8     1.9
1817.773   -14.1     1.7   -11.4
1819.775   -19.8     5.2    -4.3
1821.777   -12.2    -5.3    -3.1
1823.779    23.4   -10.4    -4.3
1825.781    -0.1   -13.9   -19.7
1827.783   -10.6    -0.6    -2.4
1829.785   -26.0    -1.6   -16.4
1831.787    -7.6    10.5     3.3
1833.789    12.8   -22.4   -19.5
1835.791     4.4   -12.6     5.4
1837.793    -9.4    -8.3    -4.5
1839.795    -9.4    13.6    -7.0
1841.797   -12.6     7.0     3.7
1843.799     0.9   -20.8    -5.2
1845.801    12.7   -35.6    -8.1
1847.803     3.9     9.2   -19.4
1849.805   -15.0     2.2   -12.8
1851.807     0.5     7.5   -11.3
1853.809    19.0   -27.0    -9.8
1855.811    15.1   -19.2   -11.0
1857.812   -15.0    -9.2     5.9
1859.814    -8.5    12.5   -12.3
1861.816    -5.5    13.0    -7.8
1863.818     7.9    -2.7     0.6
1865.820    17.4   -19.2     1.5
1867.822   -15.4    12.0     0.0
1869.824   -26.7     9.5   -28.6
1871.826     6.2    -3.0     6.0
1873.828    -5.2   -14.6     2.1
1875.830    24.9    -0.5    -2.2
1877.832    -7.5    -0.5     8.9
1879.834   -20.6     9.5   -12.3
1881.836   -22.1    -3.3     3.5
1883.838     5.0    -3.4     6.9
1885.840    -6.4    -2.8    -0.7
1887.842   -17.7     9.9    -8.8
1889.844   -42.7   -12.0   -35.2
1891.846    -4.9    -9.5     0.1
1893.848    13.0   -18.5     3.2
1895.850    49.9    -2.6    10.4
1897.852   -19.1    -2.8     5.0
1899.854   -30.0    10.6     1.9
1901.855    13.3   -22.1    -2.6
1903.857    16.3    -9.1     3.9
1905.859    10.6    -2.4   -10.9
1907.861   -25.0    19.8     5.7
1909.863   -28.9   -17.1   -30.5
1911.865    -1.2     4.0     9.2
1913.867    25.0    -4.6     9.1
1915.869     6.4     2.1    16.0
1917.871   -25.6     3.2   -13.0
1919.873    -2.0     6.0    -4.2
1921.875    27.6   -16.9    -2.5
1923.877    39.8   -23.2    -1.3
1925.879    -5.3    -7.4   -19.5
1927.881    -9.9     1.3   -16.8
1929.883   -18.2   -10.8   -17.8
1931.885    36.2   -12.0   -13.8
1933.887     2.5    -1.9    17.1
1935.889    -8.5    -0.5   -14.5
1937.891   -29.4     1.7   -21.6
1939.893     1.1    10.7    -0.3
1941.895    21.7    -3.9    -1.5
1943.896    19.8    -6.7    -8.3
1945.898   -19.9    -5.2    -8.1
1947.900    -3.2    10.4   -16.4
1949.902   -13.8     4.2     5.5
1951.904    12.1    -6.3    -4.5
1953.906    -5.5   -19.7    11.7
1955.908    15.6     2.6    13.8
1957.910    -9.1    13.8    -9.8
1959.912   -23.7     8.1     2.7
1961.914     3.5   -19.7    -8.6
1963.916    14.2   -18.4     0.1
1965.918    -3.6    -7.6   -12.1
1967.920    -4.6     9.1    -5.0
1969.922   -25.9   -15.3    -8.3
1971.924    -5.0   -10.2    -2.3
1973.926    -6.3   -13.3     2.4
1975.928     9.3     7.6    11.6
1977.930   -15.5    -3.5    -3.0
1979.932   -13.3    11.2    -3.4
1981.934     2.3   -29.0   -13.6
1983.936     8.9   -27.2     3.4
1985.938   -15.5     1.3   -14.6
1987.939    -1.4    15.8   -16.6
1989.941    -9.7     0.2    -7.3
1991.943    18.1   -12.6    -1.8
1993.945     8.6   -30.7    -3.4
1995.947   -15.5    -4.5    -9.6
1997.949   -10.8    10.0    -8.3
1999.951     4.8    10.5    -4.1
2001.953    15.0   -20.7   -13.9
2003.955    -3.8    -5.4    -7.0
2005.957     1.9    -0.5   -12.0
2007.959    10.0    12.8    -5.1
2009.961     9.4    13.1    -7.7
2011.963    28.7   -13.6    -1.6
2013.965     5.1   -22.5    -9.3
2015.967   -16.5    -4.4   -13.7
2017.969   -44.1     4.1    -5.8
2019.971    17.8    11.2     3.9
2021.973    32.9   -10.1     7.0
2023.975    -0.3   -20.9     2.6
2025.977   -42.8     8.4   -11.7
2027.979   -22.8     3.7   -15.9
2029.980    16.7   -10.5     8.4
2031.982    45.6    -5.0    12.1
2033.984    22.3   -18.1    -3.4
2035.986   -22.2   -12.7   -27.9
2037.988   -46.1     5.7   -20.0
2039.990    -1.0    20.9    10.2
2041.992    32.3   -15.9    12.4
2043.994    48.6    11.9    34.6
2045.996   -41.0   -26.8   -33.9
2047.998   -36.6     9.4     3.5

Event #425  ts=2026-09-25 11:43:54.581  [SELECTED]
  t[ns]  u1[mV]  u2[mV]  u3[mV]
  0.000     5.4   -15.6    -7.1
  2.002     4.2   -31.3    -5.1
  4.004     5.7   -13.1   -13.1
  6.006   -11.2   -14.9   -21.4
  8.008   -36.0    -1.0   -11.5
 10.010   -36.7    -9.9   -24.7
 12.012    -6.8   -10.0   -11.8
 14.014    16.7   -16.3    -5.2
 16.016   -13.1    -6.1    -6.9
 18.018   -38.4   -14.7   -28.2
 20.020   -17.8    -6.6   -18.5
 22.021    10.7   -16.6    -3.3
 24.023     2.1    -3.2     2.6
 26.025   -17.3   -12.7   -23.0
 28.027   -23.7   -14.2   -16.4
 30.029   -29.8   -18.3   -18.0
 32.031     0.3    -3.7     3.5
 34.033     9.1   -14.6   -19.4
 36.035   -16.8    -9.7    -8.7
 38.037   -18.5   -15.2   -10.9
 40.039   -19.0   -13.3   -24.5
 42.041   -16.1   -16.6   -12.0
 44.043    17.2     8.1     1.1
 46.045   -15.3   -11.8    -4.4
 48.047   -12.8   -10.4    -8.3
 50.049   -23.0   -11.8   -14.9
 52.051   -10.5    -6.1    -6.1
 54.053    -0.3     1.1    -4.4
 56.055     0.2   -10.5    -7.4
 58.057   -11.4   -28.7   -18.7
 60.059   -18.0   -12.3    -9.2
 62.061    -7.3    -2.4   -15.3
 64.062    10.0   -14.2   -14.9
 66.064   -13.3   -21.9   -19.3
 68.066    -8.5   -13.7   -25.3
 70.068   -26.6   -13.5   -12.0
 72.070   -19.7   -15.4   -11.2
 74.072     7.1   -21.1   -19.5
 76.074    -0.5    11.3    -4.0
 78.076   -10.4    -7.7   -16.1
 80.078   -20.9   -26.8   -28.6
 82.080   -28.5   -21.5   -19.4
 84.082    -2.7   -14.1   -14.0
 86.084     8.1    -9.0    -9.2
 88.086     6.6    -3.2     2.4
 90.088   -22.2    -9.2   -25.5
 92.090   -19.8   -21.4   -20.9
 94.092    -8.7   -16.8   -12.9
 96.094     4.9     8.2     1.9
 98.096    -7.7    -0.4    -2.5
100.098   -13.6   -20.0    -5.4
102.100   -23.9   -26.5   -13.6
104.102    -2.6   -23.2   -28.2
106.104    -5.4    -9.2   -13.3
108.105   -10.7    -1.7   -12.0
110.107   -15.1   -19.8   -17.2
112.109     0.7   -14.4    -8.1
114.111    -9.9   -12.0   -26.5
116.113   -11.4     1.0   -11.7
118.115   -24.5   -12.1   -13.0
120.117     1.0   -15.0   -15.6
122.119    -5.6   -15.5    -2.5
124.121    -5.6    11.0   -21.2
126.123   -23.5   -17.6   -15.9
128.125   -13.4   -10.4   -19.9
130.127    -5.3   -38.2   -18.4
132.129    11.5   -13.8    -6.1
134.131    -1.4    -8.1    -9.6
136.133   -14.9     1.5   -12.6
138.135   -34.4   -24.0   -27.3
140.137     2.5   -19.4    -0.5
142.139     6.1   -16.0   -10.4
144.141    -1.7    -3.6    -1.6
146.143   -30.2    -5.2   -11.2
148.145   -32.0   -15.9   -20.3
150.146   -19.3   -29.9   -28.0
152.148    11.0    -6.8    -7.6
154.150     1.6    -7.2   -16.1
156.152   -28.1     4.1    -2.8
158.154   -33.9   -26.8   -31.5
160.156    -1.6   -21.6   -11.2
162.158    10.4     2.4   -11.8
164.160     0.2     2.0    -5.0
166.162   -25.4   -10.8   -24.2
168.164   -21.5   -25.9   -16.2
170.166   -15.9   -35.5   -17.4
172.168    -3.6   -15.4    -5.6
174.170    -6.1   -10.4   -17.0
176.172    -3.7    -0.3   -10.6
178.174   -21.0   -19.6   -26.4
180.176   -17.0   -18.1    -6.8
182.178    -6.5   -16.0   -11.2
184.180    -4.0    -8.3   -11.3
186.182   -20.7   -16.5   -21.7
188.184    -2.2    -7.6   -11.6
190.186   -28.2   -21.1   -17.0
192.188    -9.1   -18.8    -7.3
194.189   -13.2    -3.4    -6.8
196.191   -11.2     0.0    -8.7
198.193   -12.6   -11.5   -23.0
200.195    -8.1   -25.3    -1.8
202.197    -8.6   -30.5   -10.1
204.199    -7.2     4.3   -14.5
206.201   -13.4    18.3    -9.1
208.203    -9.7     5.0   -17.9
210.205    -8.7   -15.7    -9.9
212.207   -11.0   -26.3   -11.5
214.209   -21.5    -2.6   -22.3
216.211   -22.3    22.4    -8.9
218.213   -11.5     5.3    -9.2
220.215    -1.5   -20.9   -16.1
222.217   -18.4   -28.3   -16.1
224.219   -18.7    17.3    -3.7
226.221   -19.5     4.6   -28.4
228.223     3.5    -3.6    -5.7
230.225    -0.7   -37.0    -9.6
232.227   -10.5   -22.3   -12.5
234.229   -28.1    -1.5    -4.7
236.230   -30.7    20.6   -20.5
238.232   -20.4   -16.3    -6.8
240.234    16.6   -19.0     2.7
242.236    -6.1   -21.8   -16.0
244.238   -29.5    12.4    -9.3
246.240   -29.6     0.2   -14.0
248.242     0.2   -19.3    -0.1
250.244    25.5   -30.0   -11.4
252.246    21.2   -20.1    -3.5
254.248   -30.3     0.8    -8.8
256.250   -26.4    -8.7   -20.4
258.252   -16.8   -22.0   -18.8
260.254    22.8   -14.8    -7.9
262.256    -4.1   -15.8   -13.1
264.258   -25.6     2.2   -23.1
266.260   -46.4   -18.5   -39.0
268.262     0.7   -10.6   -18.9
270.264    12.9   -23.6     1.5
272.266    13.4    -8.8    -3.4
274.268   -25.9     3.5    -8.7
276.270   -21.5     1.5   -17.1
278.271    -1.7   -24.0   -10.8
280.273    13.4    -5.2     7.4
282.275   -13.7   -10.9   -13.9
284.277   -26.0    14.2    -6.8
286.279   -20.2   -15.7    -9.3
288.281    15.2    -4.2   -10.5
290.283    -3.1    -6.1    -3.0
292.285   -13.7    -0.3    -9.7
294.287   -21.8   -11.7   -13.7
296.289    -3.7   -16.9   -14.3
298.291    -2.6   -18.6   -17.7
300.293   -13.8    -4.3    -0.1
302.295   -23.2    -5.6   -25.6
304.297   -12.8   -10.6   -11.5
306.299    10.3   -25.7    -7.8
308.301    11.2    -6.9    -3.0
310.303   -20.4   -14.9   -12.3
312.305   -41.8     7.3   -15.1
314.307    -8.6   -20.8   -13.3
316.309    25.8   -12.9     4.4
318.311   -33.9   -12.3   -21.7
320.312   -48.4    -3.9   -34.9
322.314   -43.9   -19.4   -18.1
324.316    16.7    -9.1     3.3
326.318     9.0   -16.8    -9.0
328.320   -11.7     0.5   -20.0
330.322   -51.2   -14.9   -27.5
332.324   -19.8    -8.3   -25.7
334.326    14.2   -14.6     4.6
336.328    38.3    -9.2     6.1
338.330   -18.1    -9.0   -23.1
340.332   -66.5    -1.9   -26.0
342.334   -53.9   -20.0   -30.8
344.336    23.0   -12.4     7.0
346.338    15.7    -5.3    -5.7
348.340   -26.1   -13.6   -28.5
350.342   -62.4   -11.8   -29.9
352.344     4.6   -21.0    -4.7
354.346    31.5   -15.6     1.6
356.348    44.3     2.0    15.5
358.350   -21.6    -6.3   -22.0
360.352   -60.7   -11.3   -25.4
362.354   -11.3   -20.1    -8.6
364.355    24.2    -8.0    -0.7
366.357     0.2    -5.4    -9.2
368.359   -23.0   -14.2   -17.4
370.361   -39.8   -20.3   -22.1
372.363    -9.2    -3.3    -4.5
374.365    14.5   -12.2     2.1
376.367    -1.7   -11.6   -13.6
378.369   -36.3   -16.1   -22.7
380.371   -22.9    -3.6   -18.3
382.373   -12.9   -19.4   -19.4
384.375    -0.1   -17.3    -5.1
386.377   -11.3    -7.1   -19.5
388.379    -5.2    -1.8     2.2
390.381   -16.5    -6.9   -27.8
392.383    -0.8   -16.1   -18.9
394.385   -20.2   -20.8   -19.7
396.387    -3.0    -3.1   -13.3
398.389    -7.5    -8.1   -23.5
400.391    -9.2     2.5   -10.6
402.393   -19.8   -24.7   -21.4
404.395   -21.4   -21.8   -15.8
406.396    -4.8   -16.1   -12.1
408.398    14.9     2.4   -20.7
410.400   -11.6   -20.5   -22.2
412.402   -15.2   -35.1   -22.2
414.404   -22.5   -26.0   -28.9
416.406    -2.2    -8.8    -1.6
418.408     9.1    -2.8   -14.2
420.410     2.6     0.3    -0.9
422.412   -17.5   -16.0   -22.0
424.414   -16.0   -20.3   -17.3
426.416     1.2    -6.0    -8.1
428.418    11.2    -0.7     4.0
430.420    -6.5    -5.6   -21.6
432.422   -13.4   -12.5   -15.6
434.424   -32.3   -19.4   -26.4
436.426    -7.8   -16.5    -7.0
438.428     0.8    -1.8    -3.9
440.430     0.5    -2.4    -9.0
442.432   -26.6    -6.6   -14.1
444.434   -26.8   -18.3   -12.7
446.436    -6.9   -22.6   -10.9
448.438     4.2    -0.8   -17.5
450.439    -9.7    -7.1    -6.7
452.441   -19.7   -11.3    -8.8
454.443   -12.0    -8.8   -25.5
456.445     2.5   -20.6    -3.0
458.447    -1.5   -17.7   -18.6
460.449    -8.7    -1.8    -5.6
462.451   -27.8   -10.5   -19.1
464.453     5.4   -10.8    -8.1
466.455     2.6   -27.1   -12.8
468.457   -12.6    -3.4   -10.1
470.459   -33.6   -12.7   -24.9
472.461   -12.0    -7.6   -23.4
474.463    24.5   -27.3   -15.7
476.465    16.9   -23.6    -9.1
478.467   -15.0   -23.5   -22.2
480.469   -21.2    -4.8    -7.0
482.471   -26.1     2.6     0.3
484.473     5.7    -7.6    -0.5
486.475    16.7   -24.9   -14.0
488.477   -12.3   -12.9   -16.8
490.479   -38.5   -12.3   -42.9
492.480   -34.2    -9.6   -13.3
494.482    -4.0    -7.0   -11.1
496.484    11.6   -10.5    -0.8
498.486   -23.6   -15.7   -17.7
500.488   -36.7    -3.2   -21.5
502.490   -26.3    -4.2   -21.2
504.492    -2.2    -8.3   -12.3
506.494    11.6   -26.3   -13.2
508.496   -16.5    -6.6    -8.4
510.498   -31.9    -5.2   -19.5
512.500   -16.4     6.8    -7.0
514.502     6.7   -20.6   -10.3
516.504    11.2   -20.5    -5.8
518.506   -12.8   -10.5   -10.1
520.508   -17.8     0.8   -12.1
522.510   -20.7    -9.7   -11.7
524.512     3.9   -19.8    -8.7
526.514   -11.5   -24.7   -14.5
528.516   -58.3   -16.0    -9.1
530.518  -112.3   -43.4   -30.8
532.520  -122.0   -56.9   -10.2
534.521  -118.3  -106.0   -12.1
536.523  -104.6  -106.6   -20.1
538.525   -83.3   -69.1   -20.0
540.527   -54.6   -27.8    -3.9
542.529   -38.3   -32.0   -12.4
544.531   -30.4   -40.2    -2.6
546.533   -46.0   -48.4   -35.0
548.535   -18.1    -1.2    -0.7
550.537   -15.8     5.8     6.8
552.539    -3.1    -0.6   -11.1
554.541   -31.5   -35.3   -27.0
556.543   -40.9   -18.8   -17.3
558.545   -15.6     2.8    -9.2
560.547     9.3     4.2     8.6
562.549    -6.2   -28.7   -26.5
564.551   -15.7   -20.7   -25.7
566.553   -40.4   -22.9   -13.8
568.555   -11.3    -0.6   -13.1
570.557    -1.7    -1.2   -11.8
572.559     8.9    -9.7   -11.9
574.561   -19.3   -36.1   -27.0
576.562   -16.7   -14.4    -3.7
578.564   -17.8    -9.8   -15.1
580.566    -7.2     3.8    -1.4
582.568    -0.4    -0.3    -7.8
584.570    -1.5   -16.8   -14.0
586.572   -44.5   -24.2   -30.5
588.574   -18.8    -8.3    -8.2
590.576   -17.2   -10.6   -25.5
592.578    15.9   -17.3   -13.6
594.580    -7.0   -26.8   -18.0
596.582   -30.1   -15.8   -15.2
598.584   -29.4    -9.4   -16.5
600.586     1.7    -1.2     3.1
602.588    10.5   -14.4   -13.2
604.590    -0.4   -20.8   -10.7
606.592   -23.5   -13.6    -8.7
608.594   -28.7    -7.5   -20.5
610.596    -8.2     1.3    -0.7
612.598    14.5    -7.1    -7.2
614.600     1.7   -30.2   -16.4
616.602   -26.8    -6.8   -14.7
618.604   -25.6   -12.6    -9.9
620.605     6.1    -7.7    -2.4
622.607    12.2    -4.1    -2.8
624.609    -3.4   -20.1   -10.8
626.611   -24.7    -9.9   -18.5
628.613   -43.1    -5.4    -4.1
630.615     3.8    -8.9    -7.9
632.617    37.0    -6.1    -6.6
634.619    13.4    -2.0     1.1
636.621   -22.9    -2.5    -5.3
638.623   -18.2    -2.8    -6.8
640.625    -0.2     2.8     7.3
642.627     7.7    10.0    20.0
644.629     0.3    -5.4    -2.1
646.631   -42.9   -16.6   -22.7
648.633   -48.9   -27.7   -26.9
650.635    -1.1     1.0    -7.8
652.637    25.2    11.6    12.4
654.639    -3.1    -4.1    -8.9
656.641   -48.9   -11.6   -24.7
658.643   -34.1   -18.6   -26.3
660.645   -12.1    -8.3    -3.0
662.646    37.1    19.1    16.2
664.648    24.2     0.0    -1.5
666.650   -21.2   -21.4   -22.9
668.652   -49.3   -37.7   -31.5
670.654   -28.9   -29.3   -12.8
672.656     2.6     9.4    -9.8
674.658    13.0    -2.2    -4.0
676.660   -11.9   -24.6   -22.1
678.662   -35.2   -35.2   -24.9
680.664   -40.0   -11.3    -9.4
682.666     3.7     5.5   -10.7
684.668    25.9     7.2    -1.3
686.670     0.6   -13.0    -9.0
688.672   -29.7   -38.3   -19.3
690.674   -16.0   -13.6   -19.7
692.676    13.9    -1.1   -11.4
694.678    28.9    -8.7    -1.4
696.680    13.6   -14.0     1.4
698.682   -16.9   -22.7   -13.9
700.684   -21.0   -11.3   -13.0
702.686     2.4     9.9    -2.0
704.688    12.2   -13.5    -7.1
706.689     6.7   -15.5    -3.0
708.691   -20.2    -1.8    -7.3
710.693   -35.4    -4.1   -17.5
712.695   -22.3    -2.6    -8.9
714.697    12.0    -6.9    -0.3
716.699    21.0   -15.1     7.0
718.701    11.9    -3.5     3.8
720.703   -19.9    -5.2   -16.9
722.705   -39.9   -13.7   -20.8
724.707     4.0    -7.8     2.1
726.709    42.8   -11.6     4.0
728.711    -8.3    -1.9    -3.5
730.713   -47.1    10.1   -24.9
732.715   -43.3   -26.4   -30.7
734.717     9.2   -14.5     7.6
736.719    28.2    -3.8     2.3
738.721     9.8    16.4     0.3
740.723   -37.7     1.4   -15.2
742.725   -39.6   -24.7   -21.0
744.727     2.7   -24.3   -11.2
746.729    21.2     9.9    12.8
748.730     7.9    18.2     6.0
750.732   -29.0     6.5   -17.6
752.734   -21.6   -28.7   -25.5
754.736     7.9    -0.5     4.6
756.738    19.7     5.8    -0.3
758.740    10.5    16.0     6.1
760.742   -25.5    -9.9   -15.4
762.744   -24.1   -50.4   -37.4
764.746   -19.1   -32.3    -8.3
766.748     1.0    -2.7    -0.8
768.750     1.8    19.9    -5.2
770.752   -18.8    -6.1   -15.0
772.754    -9.1   -29.2   -15.7
774.756     1.4    -9.7    -2.4
776.758     4.5     9.5   -18.1
778.760   -17.1    18.2    -6.3
780.762   -17.8     2.7   -12.7
782.764    -1.6   -32.9   -12.1
784.766    -2.8   -30.7   -12.9
786.768    -8.7     3.1     1.3
788.770   -14.8     6.8   -13.1
790.771   -10.9    -7.2   -17.8
792.773     2.5    -2.4    -3.8
794.775     0.0   -26.1    -5.9
796.777   -18.9     0.7    -4.7
798.779   -12.7     9.2   -11.8
800.781   -10.4    -7.4   -20.9
802.783     1.0   -12.5   -12.5
804.785     8.5   -10.3    10.7
806.787   -15.0    -2.7    -4.0
808.789   -31.6    12.8    -3.9
810.791   -18.9    13.4     0.1
812.793     2.5   -17.4   -10.9
814.795     5.4   -13.0     4.0
816.797   -14.2    -7.7   -11.9
818.799   -25.6     0.1    -8.1
820.801   -10.5    -8.6    -4.9
822.803     9.7    -9.9   -10.6
824.805    12.6   -19.3   -11.9
826.807   -15.3    -7.3    -0.6
828.809   -22.6     0.3   -17.8
830.811    -4.7    -6.2    -3.5
832.812    -1.9    -5.6    -2.4
834.814    14.3   -14.6    -6.1
836.816   -17.8   -11.4   -14.8
838.818   -20.2    -6.3   -15.5
840.820    -0.8   -14.8   -13.9
842.822   -13.8    -6.7    -0.1
844.824    11.3   -15.3    -7.3
846.826   -11.1    -6.2    -3.2
848.828   -20.7     0.4    -5.8
850.830   -13.8    -3.1   -21.5
852.832   -10.1   -20.7   -10.8
854.834    -3.0    -7.7    -4.1
856.836    -2.3    -6.2    -2.2
858.838    -9.8    -1.8   -12.0
860.840   -22.0   -17.5   -16.4
862.842   -15.7   -17.3   -20.8
864.844    -8.6   -19.5   -11.2
866.846     1.6    -6.6    -6.7
868.848   -11.7    -4.5    -6.8
870.850   -16.7   -11.8    -9.7
872.852    -9.6   -12.7   -13.3
874.854    -1.9   -11.6   -17.0
876.855     0.9     7.3     1.5
878.857   -10.8    -8.9    -6.2
880.859   -17.7   -12.7   -24.4
882.861    -7.5   -23.1   -14.6
884.863    -8.5   -15.2   -15.9
886.865   -16.4    -0.6   -11.7
888.867   -12.9    11.6     5.2
890.869     1.1    -7.8   -21.5
892.871   -10.2   -22.8   -13.4
894.873    -9.5   -16.7   -21.4
896.875   -30.1    -9.9    -9.5
898.877    -8.4    -0.1    -0.8
900.879    14.9    -5.0    -7.0
902.881    13.9   -12.9     1.1
904.883   -16.2    -9.9    -7.6
906.885   -27.1   -10.6    -5.2
908.887    -2.6    -9.7    -7.7
910.889     8.3     0.0    -2.6
912.891     2.1   -12.6   -11.7
914.893    -2.4   -18.9   -24.3
916.895   -27.4   -22.1   -11.1
918.896   -10.8     0.7    -8.1
920.898    14.7     5.5     5.0
922.900     6.8    -4.7     5.7
924.902    -8.0   -26.1   -19.0
926.904   -32.0   -16.6   -21.3
928.906    -7.7    -3.2    -3.9
930.908    20.4     7.8    -3.6
932.910     8.7     7.8    -1.2
934.912    -5.6   -18.0   -14.6
936.914   -37.6   -20.5   -17.0
938.916   -14.4    -2.6   -13.4
940.918    12.0     9.3     1.7
942.920    10.1   -10.1    -6.8
944.922   -18.3   -27.7   -11.9
946.924    -6.5   -21.1   -13.8
948.926   -22.1    -5.8   -20.8
950.928     1.7     9.7    -5.0
952.930    11.7   -11.8    -6.0
954.932     9.6   -20.1    -3.1
956.934   -18.8   -15.4   -12.0
958.936   -32.1     0.6   -14.9
960.938   -17.5    12.7    -5.7
962.939    -0.4     9.8    12.0
964.941    11.0    -9.2     4.1
966.943    12.4   -11.4     9.4
968.945   -14.0    -5.2    -4.2
970.947   -17.3     2.0     0.1
972.949    -2.3   -11.6   -12.0
974.951    33.8   -24.5     2.5
976.953    -9.7    -4.6   -10.5
978.955   -36.4     1.5   -21.2
980.957   -38.3    -1.4   -19.4
982.959    -4.9   -22.0   -13.6
984.961    15.0    -9.8    -0.8
986.963    -7.6    15.7   -17.9
988.965   -38.0    -0.5   -15.9
990.967   -37.2   -13.3   -13.5
992.969   -18.3   -19.8   -22.6
994.971    11.4    -2.9    -1.2
996.973    19.8    13.9     9.3
998.975   -16.3     7.4    -2.2
1000.977   -42.2    -3.9   -13.7
1002.979   -32.5   -21.5   -18.1
1004.980     6.5   -13.2    -4.8
1006.982    17.5     2.3    11.9
1008.984    -4.5    -6.6   -12.1
1010.986   -21.7    -9.0   -17.9
1012.988   -13.7   -15.4   -11.4
1014.990    10.4   -19.8    -5.5
1016.992    19.2    -1.3     4.6
1018.994    -8.1    12.9     3.2
1020.996   -22.0     1.4    -8.2
1022.998   -21.0    -8.1   -14.6
1025.000   -14.1   -30.0    -4.2
1027.002     6.3     0.8    -4.8
1029.004    -9.7    11.0    -2.3
1031.006   -24.9   -13.0    -9.0
1033.008    -3.8   -19.0   -18.3
1035.010     7.7    -7.2    -7.4
1037.012     8.1    11.8     8.8
1039.014   -14.0     4.4   -11.3
1041.016   -26.6    -7.5   -14.2
1043.018   -16.0   -34.5   -22.9
1045.020    -5.7   -15.8    -6.9
1047.021     5.0     4.0    -2.7
1049.023   -14.2     4.4   -12.3
1051.025   -13.9     0.8   -20.4
1053.027   -12.8   -14.6   -13.4
1055.029     4.5   -18.6    -6.3
1057.031     7.7    -6.3    -5.8
1059.033    -0.9    11.4     2.3
1061.035   -21.3     4.0    -9.2
1063.037    -6.9   -19.9   -18.2
1065.039    -4.3   -26.7   -13.8
1067.041    -8.3    10.9   -11.5
1069.043   -11.0    13.0   -10.3
1071.045   -20.5     5.0    -9.1
1073.047    -3.5   -13.5    -7.4
1075.049     2.9   -16.5    -3.5
1077.051    -5.7    -1.1   -11.8
1079.053    -2.3     3.8    -8.4
1081.055    -6.5    -0.9    -4.3
1083.057     2.1   -14.2    -5.2
1085.059     0.2   -19.5   -12.2
1087.061    -1.4     2.0   -12.0
1089.062   -22.2     6.7   -17.1
1091.064    -4.1    -5.2    -7.7
1093.066    10.2   -16.3    -3.9
1095.068     4.0   -19.7    -3.6
1097.070   -10.5    -5.5    -6.1
1099.072   -34.4    11.7   -10.0
1101.074    -8.0    -4.2    -3.1
1103.076    18.0    -7.3    -6.5
1105.078     5.0   -11.7     4.4
1107.080    -8.9   -25.8   -22.8
1109.082   -31.4    -1.6   -10.5
1111.084    -1.9    13.1   -10.1
1113.086     9.4    -4.7     2.6
1115.088    -1.8    -7.3    -7.3
1117.090   -25.5   -20.9    -6.6
1119.092   -23.8   -14.8   -11.2
1121.094    -5.5     3.6   -10.2
1123.096     5.3     8.4     3.0
1125.098     7.9   -17.8    -5.4
1127.100   -12.5   -17.4   -16.3
1129.102   -25.2   -17.9    -4.9
1131.104   -19.6    -1.2   -13.4
1133.105     2.2    -2.7    -0.6
1135.107     0.4   -17.7   -17.0
1137.109   -10.9   -29.1   -30.4
1139.111   -15.8   -17.5   -18.0
1141.113   -20.3    12.0     5.7
1143.115    -6.5     9.6    -4.2
1145.117    -0.4    -3.8   -11.5
1147.119   -12.7   -25.9   -15.7
1149.121   -18.5   -12.6   -17.2
1151.123   -11.0    19.8     0.8
1153.125    -0.7    13.6   -16.3
1155.127    -8.0     4.9    -5.1
1157.129    -8.9   -27.2    -9.9
1159.131    -7.2   -22.2   -21.1
1161.133   -13.9     9.3    -5.8
1163.135    -9.0     7.3   -10.6
1165.137     7.1   -22.3   -16.2
1167.139    -4.0   -36.3   -22.3
1169.141    -2.4   -28.2   -11.3
1171.143    -8.3     3.0    -6.2
1173.145    -4.9     9.6   -12.5
1175.146   -11.2   -10.5   -12.1
1177.148    -3.2   -29.1   -10.6
1179.150    -7.8    -3.6     2.8
1181.152    -9.0    12.5    -8.0
1183.154   -10.5     0.7    -6.6
1185.156    -5.4   -11.0    -7.2
1187.158     4.6   -22.7    -3.7
1189.160     5.5   -18.5    -8.4
1191.162   -24.5     6.4   -13.4
1193.164    -9.6    -3.6   -11.1
1195.166     6.3   -18.5    -0.4
1197.168     6.2   -21.6    -3.6
1199.170   -10.3   -17.5   -15.7
1201.172   -14.2    -1.2   -12.2
1203.174   -24.1    16.2    -8.4
1205.176   -11.4    -6.4   -11.1
1207.178     6.3   -21.0   -12.2
1209.180    11.1   -14.9     0.2
1211.182   -14.7     2.3    -7.2
1213.184   -21.8    -4.0   -21.0
1215.186   -14.8     3.5   -17.1
1217.188     0.4   -12.6   -15.5
1219.189    11.8   -12.6    -0.1
1221.191   -26.9    -3.5    -3.7
1223.193   -27.3    -6.1   -21.4
1225.195    -5.4    -8.2   -10.2
1227.197    14.9     9.3    16.2
1229.199     5.8   -19.6   -12.3
1231.201   -21.9    -4.1   -11.9
1233.203   -26.5    -6.3   -16.8
1235.205    -5.8   -14.6    -7.7
1237.207    10.5    -1.9   -11.7
1239.209    11.4   -10.2     8.0
1241.211   -26.7   -15.9   -28.9
1243.213   -22.7   -13.6   -14.1
1245.215     9.2     6.3    -4.0
1247.217    24.8    -7.8     0.7
1249.219    -8.6    -7.1    -4.8
1251.221   -20.7   -24.3   -34.6
1253.223   -21.5   -10.1    -9.7
1255.225    -0.9     5.0     6.7
1257.227    11.3     2.3    -7.5
1259.229    10.6    -8.4    -4.8
1261.230    -9.4    -5.6   -10.7
1263.232   -18.7   -18.0   -16.1
1265.234   -20.4   -16.5   -21.9
1267.236     0.0     4.8     7.4
1269.238     0.9    -6.3   -11.7
1271.240   -13.7    -2.5    -9.6
1273.242   -10.8   -12.7   -19.3
1275.244   -10.9    -7.1    -2.1
1277.246    -2.2     5.6    -5.2
1279.248     1.8     5.1    -2.3
1281.250     3.2    -7.2   -12.1
1283.252   -10.0   -15.2    -8.3
1285.254   -16.1    -7.4   -11.8
1287.256   -13.7    -8.7   -13.9
1289.258    -6.7    -6.7    -5.1
1291.260    -2.7    -4.4   -11.7
1293.262    -8.6   -16.8    -6.0
1295.264    -4.0   -12.0    -1.5
1297.266   -10.1   -11.1   -13.1
1299.268   -13.0    -9.9   -23.6
1301.270    -3.7   -17.3    -9.9
1303.271    12.0    -7.9    -0.4
1305.273    -0.4    -5.4    -4.8
1307.275   -10.7    -0.4     2.4
1309.277   -23.4    -4.2    -3.2
1311.279   -12.7   -14.8    -6.1
1313.281     1.2     6.0     3.9
1315.283     6.8    -7.9     2.7
1317.285   -32.6    -9.4    -9.8
1319.287   -26.9   -19.5   -34.6
1321.289   -17.3   -11.9   -14.7
1323.291     6.9    -4.8    -2.9
1325.293    23.2    -9.9    -9.4
1327.295    -3.8   -12.8    -8.7
1329.297   -22.5   -21.9   -13.9
1331.299   -23.0   -16.3   -20.3
1333.301    -0.5     4.0    -5.9
1335.303    12.9    -2.0    -0.5
1337.305    -3.2   -11.5    -1.8
1339.307   -10.3   -18.3   -12.8
1341.309   -17.6    -6.5   -12.6
1343.311     7.1    -0.1    -6.9
1345.312     5.2     2.7    -1.4
1347.314     3.2    -3.6    -2.4
1349.316    -4.8   -14.8   -11.9
1351.318   -15.4   -17.2   -10.1
1353.320   -14.0    -0.3   -11.2
1355.322    -7.6     2.4   -14.3
1357.324    -6.3   -18.9    -6.3
1359.326     8.4   -12.3    -3.0
1361.328    -4.5   -19.3   -17.7
1363.330   -11.9     2.1   -17.2
1365.332   -25.7   -12.7    -9.1
1367.334   -13.0   -17.7   -22.7
1369.336     7.0   -14.4    -4.3
1371.338     6.1    -2.4    -3.5
1373.340   -25.9    -2.1   -18.0
1375.342   -35.4    -9.1   -14.7
1377.344   -19.0   -19.5   -12.9
1379.346    17.6   -15.8     0.8
1381.348    34.7    -3.5    15.4
1383.350    21.4    10.5     5.8
1385.352   -24.7    -1.5   -22.4
1387.354   -48.2    -9.3   -25.6
1389.355     0.7   -18.3    -9.0
1391.357    34.9     0.5     3.2
1393.359     3.0    28.4    17.4
1395.361   -30.5    15.6   -21.3
1397.363   -38.5   -23.2   -24.2
1399.365     2.8   -18.1    -3.3
1401.367    42.5   -19.6    -4.7
1403.369    35.4    -3.3     6.1
1405.371   -21.5     5.6   -13.1
1407.373   -53.0   -18.8   -34.0
1409.375   -27.7   -29.2   -22.0
1411.377    25.3   -16.0    13.4
1413.379    49.6     1.1    15.8
1415.381     6.9    10.7     0.6
1417.383   -32.1    -0.6   -16.5
1419.385   -50.0   -17.1   -12.8
1421.387     4.9   -25.7     1.3
1423.389    21.9     1.3     1.5
1425.391    -0.6    19.1    -3.4
1427.393   -30.7    -5.2   -36.1
1429.395   -28.9   -13.2   -14.4
1431.396     1.1   -27.4   -12.9
1433.398    14.7   -24.9   -11.7
1435.400     1.8     0.8     6.1
1437.402   -26.2     4.7   -19.3
1439.404   -19.7    -6.5   -26.9
1441.406    -1.1   -17.8    -4.6
1443.408    12.4   -40.7   -19.7
1445.410     9.7   -31.4   -22.5
1447.412   -15.9     6.9     0.9
1449.414   -19.8     6.4   -19.8
1451.416    -2.4    -6.2   -11.1
1453.418     2.1   -17.1     8.8
1455.420    -0.9   -24.0    -5.9
1457.422   -24.8    -2.3   -22.0
1459.424   -28.5    21.9    -9.0
1461.426    -1.9     1.0    -6.3
1463.428    13.4   -14.6   -10.8
1465.430    16.5   -26.3    -3.9
1467.432    -8.5   -24.2    -7.7
1469.434   -16.4     2.3    -3.0
1471.436     5.9    29.8    18.9
1473.438    12.8    -5.5     0.8
1475.439     4.5   -14.1    -5.3
1477.441   -27.9   -16.7   -16.8
1479.443   -35.6    -4.1   -36.3
1481.445   -19.6     7.9    -9.8
1483.447     3.9    -5.6    -4.5
1485.449    34.9   -23.5   -11.3
1487.451   -15.5   -34.9   -13.1
1489.453   -43.4    -0.9   -14.6
1491.455   -30.6     4.8   -16.7
1493.457     5.9   -12.7    -2.9
1495.459    30.2   -16.5    -1.5
1497.461    -1.0   -28.2   -14.9
1499.463   -20.6   -24.3   -23.4
1501.465   -22.6    -6.9   -17.7
1503.467    -5.3     2.9   -17.6
1505.469    10.1   -15.5    -7.2
1507.471    16.5   -15.8     4.1
1509.473    -1.4   -17.6    -8.8
1511.475   -20.3    -7.5   -11.1
1513.477   -27.7    -1.0   -15.0
1515.479    16.2   -15.2   -10.8
1517.480    12.4   -32.8    -3.7
1519.482    10.8   -10.3    -7.8
1521.484   -20.3    -8.9   -21.2
1523.486   -36.6     4.4   -20.9
1525.488   -14.9   -11.6    -7.9
1527.490    13.7   -21.8   -14.5
1529.492    -1.3   -10.6   -10.2
1531.494   -23.3    -1.0   -16.1
1533.496   -32.0   -14.1   -31.2
1535.498   -17.5   -16.7   -17.0
1537.500     5.8   -14.1    -2.2
1539.502    19.1   -17.0    -0.7
1541.504   -12.2     1.2   -14.0
1543.506   -18.8    -6.6   -17.8
1545.508   -16.8   -27.3   -20.1
1547.510    -5.3   -16.4    -7.5
1549.512     6.7    -0.7    -0.4
1551.514    -7.2    -6.1   -16.6
1553.516    -9.9    -2.8   -10.5
1555.518    -5.7    -9.8   -14.5
1557.520     6.4   -28.1   -17.0
1559.521     0.7     3.2     2.4
1561.523   -10.4     6.2    -3.3
1563.525   -15.6    -1.0    -7.8
1565.527     4.8   -25.2   -10.3
1567.529     6.5   -23.4   -26.4
1569.531     5.3   -25.8   -23.9
1571.533    -8.1    -4.3   -18.4
1573.535   -24.4     1.8   -25.5
1575.537   -12.1   -14.9   -19.9
1577.539    -5.0   -28.1     4.8
1579.541    15.3    -7.3    -7.9
1581.543   -10.8    -3.1   -13.6
1583.545   -26.4     1.9   -23.1
1585.547   -15.1   -13.6   -15.0
1587.549     9.4   -22.4    -7.5
1589.551    26.5   -24.8    -6.7
1591.553    -8.3    -3.9   -11.2
1593.555   -38.5    11.0   -17.7
1595.557   -20.1    -5.0   -18.3
1597.559    11.8   -17.5     1.0
1599.561    22.4   -27.5    -2.5
1601.562    -6.7    -1.4   -11.4
1603.564   -36.5    18.2   -13.2
1605.566   -37.0    -6.5   -24.7
1607.568   -10.5   -25.6   -10.2
1609.570    19.9   -10.8    10.3
1611.572     1.9    -1.2    -4.3
1613.574   -27.6    13.7   -17.7
1615.576   -42.4     0.7   -17.8
1617.578   -17.1   -20.1    -7.4
1619.580    22.1   -14.9     6.9
1621.582    28.5   -22.5     9.8
1623.584    -3.3     4.2    -8.3
1625.586   -35.3    -5.3   -18.6
1627.588   -16.2   -12.8   -12.4
1629.590    25.4   -23.4     2.3
1631.592     0.8   -21.2   -13.9
1633.594   -18.4     3.6   -13.4
1635.596   -32.0   -11.2   -26.8
1637.598   -17.9   -11.5   -15.5
1639.600    -2.2   -22.3    -8.1
1641.602    14.1   -25.2   -12.1
1643.604    -3.3    -0.4   -11.4
1645.605   -26.8    -0.3   -10.8
1647.607   -28.6   -13.5   -31.6
1649.609    -9.2   -18.8   -22.3
1651.611    -7.5   -21.3    -7.7
1653.613     2.5    -3.2   -11.6
1655.615    -9.2   -16.8   -13.8
1657.617   -20.5    -2.4   -13.4
1659.619   -21.5   -20.6   -15.7
1661.621     0.5   -10.8   -11.1
1663.623    -3.7   -16.9    -7.1
1665.625    -1.2   -11.6    -6.3
1667.627   -22.2    -6.8   -17.9
1669.629   -12.4   -12.2   -12.7
1671.631   -24.3   -22.6   -31.3
1673.633    -4.0   -16.1    -7.5
1675.635    -4.9    -8.1   -10.8
1677.637    -0.5    -2.1   -11.1
1679.639   -11.3   -14.1   -10.2
1681.641   -15.9   -15.3    -9.6
1683.643   -11.9   -25.4    -9.1
1685.645    15.1     3.3     3.5
1687.646    -4.9    -7.9   -16.3
1689.648   -19.0    -5.3   -11.4
1691.650   -25.4    -6.1   -16.0
1693.652   -17.9   -25.8   -23.6
1695.654    -2.4   -18.3   -21.5
1697.656     1.0    -6.5     4.7
1699.658    -6.2   -11.5   -28.8
1701.660   -14.2   -12.8   -13.5
1703.662   -26.7   -21.0   -27.0
1705.664    -2.0   -21.4    -9.4
1707.666     8.7    -8.8   -11.7
1709.668    -4.0     4.1   -13.3
1711.670   -27.8   -13.0   -27.7
1713.672   -30.0   -12.6   -12.8
1715.674     2.1   -24.8   -19.0
1717.676    17.4   -14.9    -2.8
1719.678    -1.2   -11.7   -20.6
1721.680   -38.6    -9.6   -18.5
1723.682   -34.1   -26.5   -33.8
1725.684   -17.9   -11.5   -23.1
1727.686     2.8   -26.3    -6.1
1729.688     8.0    -7.6    -2.5
1731.689   -22.1    -6.6   -14.7
1733.691   -26.2   -15.6   -22.5
1735.693   -17.8   -18.8   -22.0
1737.695    -6.8   -12.2    -4.3
1739.697    -3.5   -13.2   -10.2
1741.699     0.4    -6.9   -15.4
1743.701   -28.6   -17.9   -16.2
1745.703    -1.6   -20.3   -11.3
1747.705     0.2   -20.6     2.6
1749.707     1.3    -8.4    -2.8
1751.709   -19.5    -5.8   -13.2
1753.711   -30.9     1.3   -17.6
1755.713   -20.7   -24.2   -17.0
1757.715     6.4   -11.8    -6.1
1759.717    -3.8     4.6    -7.0
1761.719   -12.3    -0.7   -13.1
1763.721   -25.1    -8.0   -24.6
1765.723   -15.3   -19.5   -14.1
1767.725    -9.4   -32.1   -16.0
1769.727     0.6   -18.8    -8.1
1771.729    -3.1     5.9    -7.4
1773.730   -13.6     8.5   -12.2
1775.732   -21.4   -26.2   -23.3
1777.734     0.8   -26.2   -11.8
1779.736     2.5   -22.7   -15.3
1781.738   -12.9    -6.0    -4.0
1783.740   -11.8     5.5   -14.4
1785.742   -10.8   -22.1   -17.8
1787.744   -11.0   -31.8   -23.3
1789.746   -11.8   -15.3    -7.7
1791.748   -19.3    -1.4    -7.7
1793.750    -3.0    14.4    -9.9
1795.752    -9.2    -5.1   -20.0
1797.754    -7.1   -39.0   -15.5
1799.756   -22.9   -30.8   -23.6
1801.758   -10.4    -4.3    -6.7
1803.760   -16.5     6.2   -13.9
1805.762    -3.1    -0.9    -4.0
1807.764   -13.0   -46.5   -19.4
1809.766   -14.4   -18.0   -14.5
1811.768   -29.8   -18.7   -32.2
1813.770   -21.4    -0.4   -11.8
1815.771     1.7   -10.7    -2.3
1817.773     3.4   -22.4   -16.1
1819.775   -25.9   -32.3   -24.8
1821.777   -31.0   -12.2   -21.4
1823.779   -24.7     2.9    -5.9
1825.781    12.3     2.6     0.0
1827.783    -2.1   -20.7    -6.5
1829.785   -20.2   -18.5   -11.3
1831.787   -44.6   -19.5   -25.6
1833.789    -6.3     1.0    -7.1
1835.791    18.9   -14.4   -17.7
1837.793    27.9    -4.9     7.0
1839.795   -14.0   -18.9   -23.9
1841.797   -40.7   -21.9   -28.0
1843.799   -53.2   -26.2   -19.3
1845.801     9.5     5.9    -7.3
1847.803     5.7   -16.5   -14.1
1849.805    -6.4    -6.1   -14.3
1851.807   -35.6   -16.9   -23.0
1853.809   -26.3   -16.9   -10.1
1855.811     3.0   -19.3   -10.1
1857.812    18.3    -1.7     1.9
1859.814    -3.3     2.7   -15.2
1861.816   -27.8    -4.1   -13.6
1863.818   -46.8   -31.1   -24.8
1865.820     4.2   -11.3    -8.9
1867.822     2.1    -9.6    -3.7
1869.824    -9.3     4.7    -8.6
1871.826   -28.0   -20.3   -16.2
1873.828    -6.5   -20.9     1.8
1875.830     6.7   -20.5   -11.8
1877.832    14.7    -0.4     8.3
1879.834    -8.4   -13.4   -19.0
1881.836   -40.2   -16.9   -25.9
1883.838   -38.8   -30.5   -27.4
1885.840    -1.4   -15.8    -7.0
1887.842    -7.0    -7.1   -10.9
1889.844   -15.9   -15.6   -25.3
1891.846   -48.0   -31.6   -24.2
1893.848   -26.1   -30.1   -15.9
1895.850    -7.8   -15.5   -11.6
1897.852    20.0    -3.1    -2.3
1899.854   -13.4    -2.7   -12.4
1901.855   -18.3   -15.8   -33.0
1903.857   -34.5   -32.0   -22.7
1905.859    -3.5   -18.8   -11.8
1907.861     3.1    -2.0   -13.5
1909.863     1.9    -0.5   -15.9
1911.865   -29.9   -21.5   -20.6
1913.867   -16.2   -29.2   -25.2
1915.869   -20.5   -21.8    -4.5
1917.871    13.8     2.4    -8.5
1919.873     5.2     2.5    -6.7
1921.875    -7.2    -5.5   -25.8
1923.877   -22.2   -22.9   -13.2
1925.879    -9.8    -8.7   -10.5
1927.881    -1.1     1.6   -13.7
1929.883    -6.5    -9.1    -8.9
1931.885    -5.3   -24.0   -17.4
1933.887   -11.9   -31.4   -13.8
1935.889   -27.5   -21.9   -24.1
1937.891   -11.5     0.9   -12.9
1939.893   -10.9     2.9   -10.7
1941.895    -1.4    -5.5    -6.7
1943.896   -15.1   -27.2   -13.8
1945.898   -13.9   -10.8   -12.5
1947.900   -29.8   -12.6   -19.8
1949.902    -2.6     5.7    -9.9
1951.904    10.1   -11.3   -12.8
1953.906     6.4   -15.2    -1.8
1955.908   -17.2   -13.1    -6.8
1957.910   -26.0    -6.2   -24.4
1959.912   -38.0    -8.6   -23.1
1961.914     4.6   -16.1   -19.3
1963.916     8.4   -30.6   -16.0
1965.918   -16.7   -15.4   -10.6
1967.920   -46.2   -14.7   -23.9
1969.922   -34.1   -14.5   -15.9
1971.924     8.4   -14.5    -3.9
1973.926    20.8    -2.5     3.3
1975.928   -21.1    -9.5   -18.5
1977.930   -48.9    -8.4   -26.1
1979.932   -40.1   -16.6   -19.2
1981.934    22.0    -6.7     3.3
1983.936    30.5   -12.7    -5.9
1985.938   -11.0    -8.7   -16.8
1987.939   -52.8   -17.4   -48.0
1989.941   -31.0    -9.7   -14.1
1991.943    11.2   -10.1    -9.7
1993.945    38.5   -16.1    -5.9
1995.947    -8.6    -5.0   -12.3
1997.949   -32.2   -13.8   -31.3
1999.951   -39.1   -26.1   -18.6
2001.953     4.8    -8.6     0.1
2003.955    16.8    -9.2   -11.9
2005.957    10.1     8.3     3.7
2007.959   -22.1   -24.3   -16.5
2009.961   -32.3   -21.4   -21.3
2011.963    -9.2   -22.3   -17.9
2013.965    21.1     2.2    -3.2
2015.967    -3.6   -11.1   -14.6
2017.969   -23.2    -5.7    -8.1
2019.971   -29.0   -24.2   -26.6
2021.973    -9.6   -15.5    -5.0
2023.975    -8.1    -2.9    -2.0
2025.977    -1.4    -0.6    -6.7
2027.979   -18.9   -16.7   -25.4
2029.980   -14.1   -16.1   -17.4
2031.982   -21.7   -20.0   -20.3
2033.984   -13.0   -20.6    -9.8
2035.986   -12.0    -2.5   -12.2
2037.988     1.4     4.0    -5.9
2039.990   -17.6   -20.8   -15.0
2041.992    -8.9   -23.5   -12.5
2043.994   -23.9   -22.7   -23.5
2045.996    -1.0     1.4    -6.9
2047.998    -1.6    -6.1   -11.3

Event #432  ts=2026-09-25 11:43:59.928  [SELECTED]
  t[ns]  u1[mV]  u2[mV]  u3[mV]
  0.000     5.2     2.7    -7.4
  2.002   -36.0    -1.0   -23.1
  4.004   -14.9    23.1     1.7
  6.006    -1.4   -39.4   -18.9
  8.008     7.8   -23.7    -3.9
 10.010   -13.8    -4.9   -23.1
 12.012   -11.8    21.0   -11.6
 14.014   -29.3    -6.9   -24.0
 16.016    -5.5    -4.5    -2.4
 18.018     1.8   -31.5   -14.5
 20.020   -10.3    15.1   -12.1
 22.021   -22.6     6.4    -8.3
 24.023    -6.0   -21.9    -9.1
 26.025     3.9   -39.1   -39.1
 28.027    11.3     8.7    18.9
 30.029   -17.3     8.2   -13.8
 32.031   -18.9    15.7    -7.6
 34.033   -19.7   -24.3   -28.6
 36.035     0.0   -27.7     4.3
 38.037    26.2   -28.0     0.8
 40.039    14.7     5.9     7.2
 42.041   -50.5   -14.7   -30.2
 44.043    -5.8   -10.8   -27.3
 46.045   -12.0   -23.0    -4.5
 48.047    30.9    -2.0     8.3
 50.049    -9.3    -4.9   -10.4
 52.051   -33.3    12.1    -9.4
 54.053   -27.6   -20.3   -23.6
 56.055    30.6   -46.2     3.1
 58.057    18.2   -28.6    11.2
 60.059   -16.3    29.9    -6.6
 62.061   -25.9     4.1   -29.5
 64.062   -18.6     4.5    -3.5
 66.064    -8.9   -27.9    -6.9
 68.066    29.7   -22.2    -0.6
 70.068   -22.5     2.6    -4.5
 72.070   -26.8     7.0   -10.8
 74.072    -1.6   -18.6   -10.3
 76.074     7.8    -4.2    -4.4
 78.076    -2.1   -26.6   -23.3
 80.078   -22.7    20.5   -22.4
 82.080   -34.4    -8.9   -27.9
 84.082   -11.8   -11.5    -1.9
 86.084    10.4   -37.6   -16.2
 88.086    22.1   -12.5    10.4
 90.088   -41.4    11.2   -41.9
 92.090   -19.3    15.5     0.5
 94.092    13.7   -37.4   -16.2
 96.094    32.9   -29.9    -4.1
 98.096    -2.9    -6.4    -8.6
100.098   -19.2    -6.2    -8.2
102.100   -28.9     1.0    -5.0
104.102    24.3   -12.0   -10.7
106.104     9.6   -15.6    -7.4
108.105   -20.2     9.1    -1.4
110.107   -31.5    -6.1   -26.9
112.109     4.0   -13.2     5.3
114.111    -2.3   -14.9    -6.9
116.113    11.4   -23.2   -17.9
118.115   -35.3    -9.5    -6.5
120.117    -8.3     3.7   -22.4
122.119     6.1   -14.9    -4.3
124.121    16.6    25.6     5.3
126.123   -13.1   -38.7     0.7
128.125   -10.1   -10.1   -16.8
130.127   -27.3   -18.8    -3.5
132.129     8.8     8.8    -1.8
134.131    -3.9   -13.5   -24.7
136.133    -7.0     0.3    -7.3
138.135   -36.5   -23.3   -26.1
140.137    12.8     1.5     6.4
142.139   -12.0     4.1   -10.6
144.141    -1.7    -3.5    -8.9
146.143   -27.8   -26.4   -20.8
148.145   -15.1    -3.2    -7.9
150.146    -7.2   -31.4   -36.4
152.148    16.2    14.0    10.9
154.150    -1.8   -15.4   -11.3
156.152   -18.4    -3.7    -8.0
158.154   -27.9   -21.2   -17.7
160.156    14.6    -6.9     2.5
162.158    -6.8    -5.9   -18.5
164.160    -8.1     0.2     9.4
166.162   -13.1   -23.7   -13.7
168.164    -2.3   -20.0     5.4
170.166    -0.9   -10.8    -0.2
172.168     1.2    19.1     4.6
174.170   -23.8   -12.1   -27.1
176.172    -6.5    -5.8     1.0
178.174    -1.8   -29.2   -27.7
180.176     9.1    -0.3     0.0
182.178   -11.6    -4.2   -17.5
184.180    -8.5    -8.2    -1.3
186.182   -12.6   -23.4   -10.7
188.184    33.4    -3.5     0.0
190.186    -6.6   -19.0   -25.6
192.188   -11.3    -2.1   -10.0
194.189   -24.5   -10.6   -18.2
196.191    14.6    -6.0     8.1
198.193    11.6    -2.6    -9.4
200.195     7.4    -4.6     7.0
202.197   -32.5    -8.4   -25.2
204.199     7.2    -0.2   -11.3
206.201    15.5    -5.5     5.9
208.203    14.7    -5.9   -13.8
210.205   -23.1   -18.8   -23.3
212.207   -24.0   -13.6    -7.3
214.209    -4.4   -11.3   -21.5
216.211    29.3     2.1    12.7
218.213    17.6     4.9    -4.2
220.215   -32.2    -5.3   -14.5
222.217   -32.8   -29.9   -17.1
224.219    23.3    15.7    24.6
226.221    19.7    -4.7   -15.4
228.223    14.3     4.9   -18.3
230.225   -62.5   -22.6   -17.3
232.227   -27.5   -16.2   -28.1
234.229     5.6   -35.1   -17.2
236.230    25.1    37.9    28.3
238.232    -7.7   -23.8   -11.1
240.234   -33.6    -3.7   -10.7
242.236   -30.8   -12.3   -13.3
244.238    32.6    -3.9    21.1
246.240    14.4     5.8    -5.6
248.242   -22.1     3.9    12.2
250.244   -33.3   -29.8   -36.1
252.246   -10.6   -24.2   -15.1
254.248    -8.5   -13.1     5.0
256.250    40.2   -25.8   -11.7
258.252   -47.1    -4.3   -20.0
260.254   -29.3    16.2   -12.7
262.256   -17.6   -23.2   -10.5
264.258    19.9    10.9     9.0
266.260     4.1    -1.9     1.2
268.262   -28.6     8.5   -10.0
270.264   -36.8   -25.7   -24.7
272.266     4.3   -24.2   -15.5
274.268    13.4   -26.8    -1.7
276.270     6.9     7.1   -12.3
278.271   -45.8     1.7   -23.4
280.273   -31.5    19.5     2.5
282.275    11.3   -45.1    -8.0
284.277    41.7    -2.4    13.6
286.279   -29.5   -14.8   -17.0
288.281    -6.5     1.7   -34.4
290.283   -42.3   -14.2   -21.7
292.285    17.0   -11.4     3.5
294.287    10.6   -20.4   -10.5
296.289   -16.7     8.7   -15.4
298.291   -41.2     1.4   -27.8
300.293     6.7   -18.2     8.7
302.295     7.9    -9.2   -17.5
304.297    19.5    -6.8    12.0
306.299    -1.8   -16.9   -25.9
308.301   -46.3    24.1    -9.3
310.303   -12.3   -22.0   -19.5
312.305    27.4    -5.0    13.8
314.307    16.8   -17.4    -7.0
316.309   -16.7    13.1    -3.9
318.311   -43.7    -2.6   -16.5
320.312     5.1    -8.2   -17.0
322.314    10.5   -46.2    -5.8
324.316    27.6     3.1    12.6
326.318   -38.6    -4.7   -19.1
328.320   -37.9    19.2   -15.6
330.322   -16.3   -42.9    -4.3
332.324    33.3   -14.2    -1.3
334.326   -12.1   -10.1     1.8
336.328   -11.8    16.2     6.2
338.330    -9.3    -8.6   -25.2
340.332    -0.6   -34.5    -9.6
342.334   -14.0   -34.6    -2.2
344.336    19.6     7.3     8.6
346.338   -28.7    28.0   -12.5
348.340    -3.7   -20.0   -21.5
350.342   -20.0   -41.4   -18.0
352.344    16.1   -17.5    10.1
354.346    -5.4     6.1   -21.4
356.348    16.3    40.6     5.2
358.350   -20.8   -43.0   -38.7
360.352    -9.2   -38.9    -6.9
362.354    -3.6   -12.4     2.0
364.355    -3.4    35.0    -5.2
366.357   -11.2    -6.5    -8.1
368.359    12.5   -22.3     3.0
370.361    -3.1   -41.4   -15.2
372.363    -0.7     7.8    -2.4
374.365   -14.4    11.4     2.7
376.367    -8.2   -16.8   -21.3
378.369    -3.8   -25.1   -10.7
380.371     5.8   -12.4   -11.2
382.373   -17.1   -20.4   -24.5
384.375    -9.8    -0.8     8.2
386.377   -14.7     3.4    -8.7
388.379    23.7   -14.3     5.0
390.381    -5.3   -18.0   -38.9
392.383   -26.9    -0.7   -11.7
394.385   -48.7   -10.6   -28.3
396.387    -2.6    14.8    -0.4
398.389    18.0   -37.8   -22.1
400.391    20.4   -13.1     4.7
402.393   -20.6    -9.4    -3.8
404.395   -29.4    -2.4   -21.9
406.396    -3.6   -18.7    -9.1
408.398    34.8     1.6    -9.8
410.400    -6.4   -21.0    -7.8
412.402    -7.8    -5.0    -0.1
414.404   -35.5    -9.8   -26.9
416.406     4.0   -19.6    -6.7
418.408    22.8   -18.2    -8.3
420.410    29.3     3.5    23.0
422.412   -31.5   -16.0   -45.4
424.414   -20.3     6.8    -2.9
426.416   -23.4   -19.4   -23.2
428.418    32.6   -14.1    21.5
430.420    -1.8     8.6   -13.9
432.422    -3.5     3.7    -8.2
434.424   -52.1   -13.7   -25.4
436.426    -4.2    -5.1    -3.9
438.428    23.7   -16.9   -11.6
440.430    10.3     4.7    -1.2
442.432   -29.2     6.9   -12.1
444.434   -55.5   -24.3   -25.7
446.436   -15.2   -25.3    -9.2
448.438    18.9    -0.6   -11.5
450.439    -4.0     2.8    -2.1
452.441   -17.9    13.5     8.3
454.443   -37.9   -15.9   -46.8
456.445    13.0   -26.0     5.7
458.447     3.5   -13.3    -5.3
460.449    20.8     7.0     9.1
462.451   -49.6   -31.2   -32.5
464.453   -22.1    -1.2    -2.0
466.455   -15.3   -31.2   -15.2
468.457     3.3    15.4    -3.3
470.459    -6.6    -2.4    -3.4
472.461   -13.4     6.1   -16.6
474.463   -12.0   -23.5    -9.5
476.465    -6.6    -7.6     3.5
478.467    13.9   -15.4   -12.2
480.469   -11.8     9.4     5.0
482.471   -45.3   -12.7   -31.1
484.473    -3.5   -14.0    -8.4
486.475   -10.4   -10.1   -12.6
488.477    12.3    -7.9    -4.1
490.479     1.2    -2.2   -13.1
492.480   -21.2   -19.7   -14.7
494.482   -28.5   -14.5   -19.5
496.484     4.7     6.0     8.0
498.486   -10.0    -9.7   -11.2
500.488     1.3    -4.0   -14.9
502.490   -21.0   -25.3   -32.4
504.492   -20.2    -7.6    -2.6
506.494    11.7   -28.8   -13.7
508.496     5.9    20.9    15.0
510.498   -22.9   -21.5   -28.3
512.500   -20.3    -0.1    -3.4
514.502   -13.4    -8.5   -13.7
516.504    16.6   -15.6    -8.2
518.506    -0.9    -2.5    -2.4
520.508    -6.1   -14.6   -16.5
522.510   -25.2   -18.7   -22.1
524.512   -11.1    10.1     3.5
526.514   -57.0   -35.0   -10.1
528.516   -81.5   -64.1    -0.1
530.518   -92.1  -102.9   -32.9
532.520   -71.0   -86.8    -8.4
534.521   -66.0   -71.4    -4.3
536.523   -26.7   -25.6     9.6
538.525   -36.1   -49.4   -18.7
540.527   -20.5   -12.2    -4.2
542.529   -59.7   -22.4   -15.7
544.531   -81.1   -38.0    -7.5
546.533   -97.8   -76.5   -25.2
548.535   -44.0   -89.5     8.7
550.537   -56.9  -107.8   -13.1
552.539   -56.0   -48.4    -7.1
554.541   -65.5   -66.3   -31.7
556.543   -40.9   -34.6    -9.9
558.545    -5.9   -15.0    -9.1
560.547    12.8   -16.2    12.7
562.549   -21.2   -20.8    -7.8
564.551   -10.2    10.1     5.2
566.553     1.5   -25.5     2.5
568.555    20.0    18.9    15.1
570.557     8.5    -7.8    11.6
572.559   -13.3    -1.4    -7.1
574.561   -37.1   -16.4   -22.2
576.562    -8.6    -3.3    12.4
578.564    -3.1   -34.6   -22.3
580.566    23.0   -10.6     2.0
582.568   -34.5   -11.1   -26.1
584.570   -23.6   -15.4   -22.6
586.572   -50.8   -20.8   -25.6
588.574    21.8   -19.4     2.8
590.576   -13.6   -15.8   -31.6
592.578     6.9    22.9    11.5
594.580   -29.9   -21.7   -32.3
596.582   -11.1   -14.6    -0.9
598.584     5.5   -20.7   -16.8
600.586    16.3     7.8    13.9
602.588   -18.0     9.1    -4.2
604.590   -12.3   -10.5    -5.8
606.592   -13.9   -30.1   -12.6
608.594     2.7   -14.5   -18.7
610.596    -6.6    -3.3    -0.6
612.598     1.8     2.3    -9.5
614.600   -13.0   -28.1   -13.0
616.602   -12.5   -18.8   -17.8
618.604    -5.6   -10.9    -1.6
620.605     3.0    12.7    -4.7
622.607   -11.7   -13.6   -22.4
624.609    -9.5   -22.9    -4.0
626.611    -4.5   -26.1   -20.0
628.613   -23.2   -16.0   -15.4
630.615   -11.3     7.0    -6.4
632.617     4.2     2.2    -7.9
634.619     0.6    -6.1    -5.4
636.621   -20.0   -13.8   -11.5
638.623   -20.0   -14.8   -14.5
640.625   -20.3   -17.6   -19.9
642.627    -6.8     9.3     6.4
644.629     5.5   -15.5   -21.2
646.631   -15.0   -12.4    -2.1
648.633   -26.6   -18.0   -11.2
650.635   -11.8   -12.7   -17.7
652.637   -13.7    -8.7     7.4
654.639    -6.3    -0.7     4.9
656.641    -7.4   -18.2     2.4
658.643    -9.4   -12.0   -16.4
660.645   -17.8    -9.1    -7.7
662.646    -8.8     5.6    -5.4
664.648     7.4    -4.3     3.1
666.650     5.0   -13.7   -19.2
668.652    -9.5   -25.6   -23.3
670.654    -7.9   -20.1     1.7
672.656    -8.6    21.7   -10.4
674.658    -1.0   -10.1    -7.2
676.660     0.3    -2.9    -9.7
678.662     4.6   -29.7   -23.7
680.664   -38.7    -8.3    -3.0
682.666   -15.0    -2.9   -18.1
684.668    14.1    -3.5   -10.4
686.670    10.1     0.6     5.0
688.672   -12.1   -23.1    -9.3
690.674   -18.6    -7.8   -25.3
692.676   -21.7     4.6   -14.3
694.678     8.0    -4.5    -3.9
696.680    22.4    -8.1     2.7
698.682   -13.1   -18.2    -6.7
700.684   -12.5   -20.4   -21.7
702.686   -12.6     2.9   -14.0
704.688    -2.0    -5.2    -3.3
706.689     6.7   -14.9    -2.4
708.691     7.8   -12.3    -9.6
710.693   -27.1   -19.5   -12.2
712.695   -17.9   -12.2   -17.9
714.697     2.9    -6.7   -11.4
716.699    16.0   -12.7     9.4
718.701     9.8   -18.0   -18.7
720.703   -24.4   -12.1   -12.0
722.705   -33.8   -13.1   -19.1
724.707    -4.1    -1.5   -11.1
726.709    44.1     4.4    15.0
728.711   -12.4   -34.2   -16.6
730.713   -20.9   -20.5   -22.5
732.715   -36.8   -10.4   -15.9
734.717    13.4    20.1    17.3
736.719     9.6    -9.6   -21.5
738.721     0.0     1.4    -2.1
740.723   -28.0   -36.1   -16.7
742.725   -24.8   -15.8   -20.1
744.727    -2.3     4.9    -6.0
746.729    -3.0    -9.2   -11.8
748.730     8.2   -23.7    -1.7
750.732   -24.8    -4.5     0.8
752.734   -13.8   -12.2   -10.2
754.736     5.8    11.0    -5.2
756.738    10.3    -5.4    -5.0
758.740    12.5   -23.8     6.0
760.742   -17.6   -12.2     0.3
762.744   -12.0   -12.3   -24.7
764.746   -25.1    12.5    -1.7
766.748   -12.2     1.9    -6.2
768.750     5.6   -21.7   -11.0
770.752   -15.7   -12.6    -2.4
772.754    -6.6     2.2    -3.9
774.756   -10.0    -3.7   -13.6
776.758    -2.6    -6.1    -4.9
778.760    -5.4    -4.7    -0.9
780.762     2.1    -0.5   -12.0
782.764    -3.9    -7.6     4.7
784.766   -24.9    -3.2   -26.5
786.768   -14.4   -13.2   -20.0
788.770     7.5   -18.3   -14.6
790.771    24.5   -20.1     4.5
792.773    16.1    18.5     3.6
794.775   -27.6    -5.1    -9.7
796.777   -32.1   -16.9   -17.7
798.779    11.9   -24.8   -12.3
800.781    24.0    -4.0    17.7
802.783    -7.0     4.8   -16.3
804.785   -36.6     8.2    -7.4
806.787   -16.6   -22.1   -20.5
808.789    18.6   -25.0     2.8
810.791    10.5    17.5    15.9
812.793   -12.0    -6.5   -24.5
814.795   -38.6    -6.7   -14.1
816.797   -11.1   -19.2    -9.0
818.799    10.2    -8.3     9.7
820.801     0.6     0.2    -6.7
822.803   -12.0    15.4   -21.1
824.805   -24.1   -19.0   -22.8
826.807    -4.4   -17.6    13.3
828.809     3.8     1.6     1.4
830.811    13.0    -6.1     0.1
832.812   -31.9    12.4   -10.4
834.814   -11.6    -8.9   -12.2
836.816   -13.8   -27.1   -18.1
838.818    16.7     0.6    12.9
840.820    11.1    -2.0   -18.2
842.822   -43.7   -18.8   -20.1
844.824   -13.6   -10.9    -9.3
846.826   -13.4   -10.6    -6.0
848.828    18.3   -10.1   -12.3
850.830   -14.6    13.5   -21.4
852.832   -21.5   -20.7   -15.7
854.834   -24.6   -17.4    -5.4
856.836     7.8    -9.2     2.5
858.838    11.3     1.2   -20.3
860.840   -24.9   -15.5   -16.4
862.842   -29.0     9.9    -8.0
864.844   -22.1   -20.7    -5.6
866.846    13.9   -16.9   -11.6
868.848    -3.8     1.1    -0.9
870.850    -9.3    -2.1     1.8
872.852   -23.7    -1.6   -13.3
874.854    -3.6   -12.7   -18.3
876.855    14.6    -8.0   -13.6
878.857    -8.8   -11.6    -5.4
880.859   -10.2     3.8   -11.8
882.861    -5.3   -25.2   -11.1
884.863     1.5    -2.4     0.9
886.865    -6.7     1.3   -10.9
888.867   -15.5     8.1    13.2
890.869     5.5   -14.3   -32.1
892.871   -10.9   -22.8     0.0
894.873    -0.5    -1.8    -7.7
896.875   -27.7    -0.3   -18.1
898.877   -17.6   -11.7    -5.8
900.879     5.5     2.3    -4.5
902.881    10.8   -15.1    -4.1
904.883   -32.6     3.0    -3.9
906.885   -27.3    -6.0    -9.9
908.887     5.3   -13.0   -26.4
910.889     8.6     2.5     7.6
912.891    11.2     2.7    14.2
914.893   -12.7    -3.0   -20.2
916.895   -37.1   -26.2    -5.2
918.896    -3.8     3.5    -6.8
920.898    33.0    -5.9    -1.4
922.900    -6.4     4.9    14.2
924.902   -26.0   -30.6   -34.8
926.904   -38.8   -29.6   -28.4
928.906    -2.6   -14.5     3.7
930.908    32.3    15.1     1.2
932.910    -2.3    16.2    -7.0
934.912   -20.2   -18.8   -13.7
936.914   -24.9   -32.1   -20.3
938.916    10.7     4.9     8.7
940.918    13.0    19.2    11.9
942.920    -2.7    -8.8   -29.7
944.922   -21.5   -12.8   -12.8
946.924   -16.0   -31.1   -16.8
948.926    -5.4   -25.0   -24.0
950.928    11.9    15.6    -1.4
952.930    -3.4     2.3    -2.4
954.932   -18.2   -19.0   -17.7
956.934    -2.3   -13.6    -0.1
958.936     1.6     0.9   -21.6
960.938     1.4    16.2   -23.0
962.939     6.3    27.0    11.1
964.941   -12.3   -32.6   -30.3
966.943     1.8   -37.8    -6.0
968.945    -4.1     9.5   -11.7
970.947    -5.1    14.0    -8.2
972.949   -25.3    -3.6   -14.0
974.951    -2.3   -21.7    -2.8
976.953     2.3   -28.3   -16.9
978.955     6.4   -10.3    -7.9
980.957   -22.2    22.6    -4.6
982.959   -10.7    -9.5   -22.8
984.961    -7.7   -10.7     4.9
986.963    11.9   -10.7    -6.5
988.965    -4.0   -19.1   -15.1
990.967   -18.3     2.3   -14.2
992.969   -32.0    14.6   -17.3
994.971    -0.9   -12.6    -9.5
996.973    15.1   -21.3    -3.5
998.975     5.4    -7.6     0.8
1000.977     3.5   -15.6   -12.5
1002.979   -19.2   -15.5   -15.9
1004.980    -8.5    -9.7   -12.1
1006.982   -14.7   -15.1   -11.6
1008.984    14.3    -8.6    -0.2
1010.986     2.1     4.8     8.3
1012.988   -37.2    -7.3   -23.0
1014.990   -19.0   -11.7   -10.2
1016.992    10.4   -12.7     0.8
1018.994    24.6   -15.4     3.9
1020.996    16.9   -14.7     4.1
1022.998   -32.3     9.6   -23.7
1025.000   -41.2   -14.8   -35.3
1027.002    14.1    11.5     3.4
1029.004    14.7    -6.1     7.6
1031.006    -8.7   -24.1   -11.4
1033.008    -2.4    -1.5   -10.8
1035.010   -19.5    -2.7   -15.0
1037.012     9.6     2.2     8.2
1039.014     4.8   -14.7    -9.1
1041.016    -4.6   -14.9    -8.1
1043.018    -2.8   -28.3   -23.5
1045.020   -12.6     2.6     1.5
1047.021     1.1    -5.3    -4.1
1049.023     6.4   -16.6    -7.4
1051.025    10.1    -7.3     5.6
1053.027   -23.3   -15.1   -12.8
1055.029    -7.6     3.7   -10.7
1057.031    -2.3     6.1     2.3
1059.033     7.4   -11.8    -3.4
1061.035   -10.2   -18.8     1.6
1063.037    -7.9   -12.6   -15.5
1065.039   -13.6    -4.1   -11.4
1067.041   -11.4    20.0    -0.1
1069.043     7.3   -10.2    -6.7
1071.045   -17.9   -26.5   -12.7
1073.047    -6.0    -1.3    -6.0
1075.049    -4.6     3.5     4.0
1077.051    -3.8    -3.4   -13.0
1079.053    -2.7   -15.8    -1.9
1081.055   -14.0    -8.1   -13.4
1083.057    -5.1   -14.5    -5.9
1085.059    -1.1     3.6     5.7
1087.061     6.0    10.8     0.8
1089.062   -21.6   -24.1   -23.6
1091.064   -13.4   -25.7    -1.7
1093.066    -4.0   -23.1   -18.4
1095.068   -13.4   -13.3   -13.0
1097.070    -1.5     5.0   -15.5
1099.072   -12.7    -4.5   -19.7
1101.074   -13.4   -34.3   -13.5
1103.076    -3.1   -11.3   -18.6
1105.078   -16.9    -1.6     2.1
1107.080     0.3    -5.6   -21.1
1109.082   -19.4     0.9   -16.2
1111.084    -1.2   -13.3   -26.4
1113.086   -17.4   -26.4     1.0
1115.088     1.5     3.7    -8.7
1117.090     4.1    -0.5    -2.0
1119.092    -4.1    -3.1    -6.4
1121.094    -5.1   -15.7   -21.3
1123.096   -10.6   -11.5    -7.8
1125.098    -1.7     2.6     1.8
1127.100     1.9     3.7   -13.0
1129.102     0.7   -17.0    -0.9
1131.104   -14.7   -17.0    -4.9
1133.105    -4.3   -13.2    -2.3
1135.107     4.2     0.7   -12.1
1137.109    -6.9    12.2     8.6
1139.111   -10.4   -17.3   -16.2
1141.113    -6.4   -25.8   -12.0
1143.115    -9.2    -4.3    -0.2
1145.117     6.0    -2.0   -18.0
1147.119    -1.1    10.3     4.2
1149.121   -13.0    -5.4     3.9
1151.123    -6.2   -25.5   -15.9
1153.125     3.2   -20.2    -7.8
1155.127    -6.7     6.2     4.2
1157.129   -15.0    -2.4   -18.2
1159.131    -3.4    -7.7   -33.7
1161.133   -11.6    -5.6     1.0
1163.135    -0.7   -24.0   -15.9
1165.137     5.1    -0.8     7.3
1167.139   -19.1    10.0     9.1
1169.141    -4.7   -13.5   -17.2
1171.143    -3.3   -11.9    -0.6
1173.145    -3.2   -14.2   -17.8
1175.146   -18.0     4.9   -11.7
1177.148    -7.7     8.3    -4.0
1179.150    -7.7   -11.9    -3.4
1181.152    -5.7   -10.2   -14.0
1183.154    -5.9   -12.4     5.9
1185.156    -3.1    -0.4    -7.5
1187.158   -11.4     0.6   -19.4
1189.160   -14.6    -1.9    -8.9
1191.162   -16.3   -12.8   -21.0
1193.164     1.1    -5.8    -1.2
1195.166    -3.4     5.6     9.8
1197.168    -0.5   -15.3   -12.6
1199.170   -23.4    -3.5   -19.6
1201.172     8.4   -13.6   -12.1
1203.174    12.6   -19.7    -1.0
1205.176     1.1   -12.5    -3.6
1207.178   -20.4     2.8    -9.2
1209.180   -13.5     5.9    -6.8
1211.182    -7.0   -16.8    -7.4
1213.184     8.2   -22.5    -0.6
1215.186     5.7     6.9   -13.1
1217.188   -23.3     6.4     1.5
1219.189   -18.1    -0.2    -6.9
1221.191     2.4   -31.0     0.4
1223.193    17.3   -13.1    -0.8
1225.195    -7.0    -5.3   -18.0
1227.197   -26.8    35.2    -4.3
1229.199    -8.7   -24.7   -32.8
1231.201    13.9   -23.9     2.2
1233.203    12.0   -20.6    -9.5
1235.205   -11.4    -6.0    -6.6
1237.207   -28.1     1.3   -32.9
1239.209     0.9   -11.4     7.8
1241.211     5.9   -20.9   -16.6
1243.213    -8.1   -16.0   -10.3
1245.215   -21.1    15.1    -2.8
1247.217   -19.9   -12.6   -18.1
1249.219   -16.3    -3.9    -0.8
1251.221    20.0   -26.7    -7.4
1253.223    -0.3   -10.2    -5.7
1255.225   -22.3    -3.1   -22.3
1257.227   -34.5    22.9    -9.5
1259.229   -17.4    -0.4   -13.5
1261.230   -11.7    -0.1   -14.3
1263.232     8.5   -13.1     8.7
1265.234    -9.6   -24.8   -22.5
1267.236   -22.8     9.1    -6.1
1269.238   -16.9     7.9   -15.2
1271.240     9.4    -8.2   -10.3
1273.242    10.4   -19.9   -14.2
1275.244   -22.1    -9.8     6.7
1277.246   -31.8     3.9   -24.5
1279.248   -21.6    11.3    -9.2
1281.250    11.2    11.6     0.4
1283.252    14.9   -49.5   -10.5
1285.254    -9.8   -21.2   -10.6
1287.256   -36.6     7.3    -7.2
1289.258    -9.2    -8.9   -10.7
1291.260    19.8    -9.3   -13.6
1293.262     4.4   -30.8    -3.1
1295.264    -4.1   -14.0     0.3
1297.266   -32.5     5.8   -14.1
1299.268   -23.2    21.6    -3.6
1301.270     8.3   -36.0   -12.6
1303.271     6.0   -15.4     6.2
1305.273   -18.3   -15.2   -21.0
1307.275    -7.8   -15.0   -28.0
1309.277   -18.9    11.7    -4.9
1311.279     8.2   -23.5   -23.2
1313.281    11.0   -24.9    -6.5
1315.283    -8.5   -14.1    -1.5
1317.285   -31.4    16.5   -18.8
1319.287     2.2     1.8   -29.0
1321.289    -5.2     1.1     3.3
1323.291     7.0   -30.1   -12.8
1325.293     9.6   -23.7   -18.7
1327.295   -21.5    10.4     2.1
1329.297   -15.9    -8.2   -24.7
1331.299     0.0   -11.7   -18.3
1333.301     3.9   -11.3     8.2
1335.303     2.4   -26.2   -19.1
1337.305    -9.8    -3.3   -13.2
1339.307   -21.0     5.5   -22.6
1341.309     0.5   -16.0    -5.8
1343.311     9.6   -19.8    -4.3
1345.312     5.0    -7.1    -5.1
1347.314   -16.8     0.8    -3.9
1349.316   -13.2     5.2    -6.2
1351.318    -4.1   -14.9    -4.7
1353.320     8.2   -27.4   -13.0
1355.322    -5.9    -2.6    -1.3
1357.324   -28.4    -7.1    -7.4
1359.326    -7.6     7.3     1.5
1361.328   -12.7    -9.4    -6.6
1363.330     2.2   -17.2   -13.2
1365.332    -7.5   -24.8     3.3
1367.334   -15.0     6.4    -4.2
1369.336   -18.0     6.7   -15.3
1371.338   -12.7    -3.1    -9.4
1373.340    -1.0   -25.9    -8.7
1375.342     5.0   -22.1    -9.8
1377.344    -9.8     5.7   -10.6
1379.346   -11.8    -3.9    -8.6
1381.348    -8.2   -18.7   -22.1
1383.350    15.2   -10.7   -22.3
1385.352     2.7   -13.9     2.9
1387.354   -19.5    -4.9   -31.1
1389.355   -13.2    -7.6   -17.8
1391.357     5.6   -18.6   -14.1
1393.359     2.2   -14.9   -13.5
1395.361     0.0    -3.5   -12.9
1397.363    -3.4   -13.7    -0.2
1399.365   -12.8   -10.3   -24.9
1401.367   -16.8    -2.8   -11.2
1403.369    15.8   -18.2    10.4
1405.371    -0.6    -2.1   -13.9
1407.373   -11.3    11.2    -3.7
1409.375   -16.1    -1.0   -13.6
1411.377   -12.8   -19.6    -8.9
1413.379     4.1    -9.4   -10.4
1415.381    -1.7     6.5     2.7
1417.383     4.1    -7.4   -16.1
1419.385   -26.1    -1.9    -7.4
1421.387    -6.2   -28.0   -17.8
1423.389    -5.3    -8.5   -12.5
1425.391     2.4     5.2     5.4
1427.393    -0.7   -13.1   -24.3
1429.395    -9.8    -6.5    -6.0
1431.396   -14.5    -4.3   -16.1
1433.398    -9.3    -6.0   -10.7
1435.400   -19.7   -10.6     3.9
1437.402    -7.7     1.7    -3.8
1439.404     2.3    -3.9   -18.1
1441.406    -2.0    -5.4    -0.4
1443.408   -18.1   -21.0   -14.1
1445.410   -18.7    -8.7    -9.8
1447.412   -13.9     4.0     0.5
1449.414    -8.3   -14.5   -19.6
1451.416    -0.2   -11.5    -6.9
1453.418   -27.6   -17.8    -9.0
1455.420    -7.8   -11.4    -4.5
1457.422     1.0     3.1   -14.3
1459.424    26.5    13.9     3.9
1461.426    -1.2     0.0    -0.8
1463.428   -14.8    -0.9   -12.9
1465.430   -29.9   -25.8   -18.4
1467.432   -24.4    -8.1   -23.1
1469.434    -1.7   -10.8   -13.3
1471.436     0.0    -2.7     1.5
1473.438    -5.1   -14.5   -12.4
1475.439   -32.5   -18.3   -29.3
1477.441    -6.1   -11.5   -10.4
1479.443   -10.5     1.7    -0.7
1481.445     1.8    -7.1    -1.2
1483.447    -9.2   -10.7   -15.7
1485.449     1.4    10.3    -9.4
1487.451   -32.3   -29.1   -13.0
1489.453   -21.2   -17.0   -18.4
1491.455     5.9    -7.4     0.3
1493.457    -1.4   -18.8     3.2
1495.459   -17.6     1.2   -20.8
1497.461   -34.0    -1.8    -9.3
1499.463   -22.7   -23.6   -14.5
1501.465    16.4    -9.1    -3.2
1503.467    22.1     0.1     3.0
1505.469    -8.2    -7.6    -8.9
1507.471   -37.1    -5.7   -15.9
1509.473   -33.7   -20.3   -20.3
1511.475    21.5   -21.4     1.1
1513.477     6.1     4.6    -2.9
1515.479     5.0     8.7    -3.1
1517.480   -41.5   -18.4   -28.9
1519.482    -8.3   -19.3   -21.3
1521.484    -4.5   -24.0     4.9
1523.486    13.3    -1.5    -0.5
1525.488   -11.0     6.6    -0.5
1527.490   -15.8    -3.0   -20.3
1529.492    -2.9   -17.1   -11.1
1531.494    11.6    -3.3    12.3
1533.496     6.7   -18.3    -4.1
1535.498   -14.1   -10.6   -20.0
1537.500   -30.2    12.1   -10.5
1539.502   -25.5    -1.4    -6.9
1541.504    -5.9    -3.8   -14.4
1543.506     6.7    -3.1     6.6
1545.508   -19.9    -4.4    -0.6
1547.510   -43.9    10.1   -20.9
1549.512   -26.6    12.8    -4.7
1551.514   -17.3   -14.6   -18.9
1553.516    25.4   -12.4    -5.9
1555.518    -5.0    14.0   -10.0
1557.520   -25.1    -4.4   -14.7
1559.521   -26.8    -0.9     1.0
1561.523   -16.0   -10.2   -11.1
1563.525     4.3    -7.8     7.8
1565.527    10.3   -17.8   -11.5
1567.529   -13.1     4.1   -17.3
1569.531   -39.2    14.8   -19.3
1571.533    -4.9    -4.6   -13.1
1573.535    14.7   -23.0     9.3
1575.537     6.7   -12.2     9.8
1577.539     0.4   -18.0    -0.1
1579.541   -26.6    32.3   -20.6
1581.543   -14.9    -2.2     0.9
1583.545    11.2   -37.2   -21.2
1585.547    12.1   -15.6    -2.0
1587.549     3.8     6.7     4.4
1589.551    -7.6    -9.3   -17.9
1591.553   -19.8     5.0     7.4
1593.555   -29.3   -10.7    -2.3
1595.557    11.8   -26.6   -31.6
1597.559    -5.2    -4.8     4.5
1599.561   -27.1     1.2    -3.5
1601.562   -21.2    -1.7   -29.9
1603.564   -12.8    -4.6    -7.9
1605.566    -7.5   -16.8    -6.8
1607.568    25.7   -34.8    -7.5
1609.570    -2.8    33.5    -1.7
1611.572   -26.9     1.7   -21.0
1613.574   -41.4   -28.7   -40.8
1615.576   -27.4   -35.8   -14.7
1617.578     2.6   -25.1     0.6
1619.580    11.6     5.2   -13.7
1621.582   -34.4    -8.6   -26.7
1623.584   -35.3    17.5   -11.8
1625.586    -9.2   -44.4   -25.3
1627.588   -12.2    -4.8    -8.8
1629.590    -0.5    -3.1     3.2
1631.592   -26.2    -7.6   -27.1
1633.594   -40.0    -3.9   -12.6
1635.596     0.0   -32.3   -11.3
1637.598    34.0   -15.9     2.3
1639.600   -23.3    10.0    -7.1
1641.602   -24.3    20.2    -5.8
1643.604   -22.0    -9.8   -32.8
1645.605   -10.7   -32.6    -1.3
1647.607     8.1   -20.7    -5.2
1649.609     9.9     8.4   -11.6
1651.611   -41.3     3.9    -5.1
1653.613   -14.7     5.8   -20.0
1655.615     3.5   -40.9    -8.5
1657.617     4.8    12.9    11.9
1659.619   -10.5    -8.5   -17.9
1661.621     5.3     0.5   -14.8
1663.623   -34.9   -19.4   -14.1
1665.625    23.9   -27.1     7.9
1667.627     8.0   -11.9    -9.3
1669.629     1.2    12.3     2.7
1671.631   -42.1   -13.6   -32.2
1673.633   -17.5   -10.6    -5.0
1675.635   -15.4   -16.2    -5.0
1677.637    40.0     6.7     1.3
1679.639     8.8   -20.9   -16.2
1681.641    -8.3     8.6    -3.8
1683.643   -17.4   -38.5   -17.5
1685.645    14.1    -8.2    -8.0
1687.646    13.6    -6.6    -6.0
1689.648     5.9     1.8    -5.2
1691.650   -24.8     3.3   -19.0
1693.652   -39.2   -20.6   -22.2
1695.654    -0.1   -25.2   -21.1
1697.656    21.6     4.0    27.9
1699.658    18.3     3.2    -3.3
1701.660   -32.0   -17.9   -14.7
1703.662   -54.6   -30.1   -29.7
1705.664     0.9   -17.6     8.0
1707.666    -1.8    -8.7   -27.0
1709.668     6.0     9.2    -0.9
1711.670   -29.3   -14.2   -26.4
1713.672   -28.4   -22.7    -9.8
1715.674    -0.8   -23.0    -9.8
1717.676    21.1    13.0    24.9
1719.678    -8.5    -7.5   -18.8
1721.680   -29.5     4.3     2.6
1723.682   -24.9   -32.6   -29.5
1725.684    -7.1    -7.5   -15.1
1727.686     7.1   -11.3     0.3
1729.688     7.0    20.2     9.4
1731.689   -26.1   -17.8   -27.4
1733.691    -4.8   -18.7     4.3
1735.693    -7.0   -10.7   -10.5
1737.695     2.3    -6.4   -19.4
1739.697   -16.7    -1.3    -9.8
1741.699     0.7    -6.9    -9.0
1743.701   -29.3   -28.3   -11.4
1745.703     8.7     7.1     4.3
1747.705   -10.3   -10.4    -8.3
1749.707    -1.0    -2.8   -15.0
1751.709   -22.8   -18.8   -13.9
1753.711     0.9    -8.6   -18.0
1755.713   -11.4   -20.6   -20.9
1757.715    -2.7     9.5    -2.3
1759.717   -26.8    -4.0   -21.7
1761.719    -0.5   -10.2    -5.9
1763.721     3.0   -16.7    -2.4
1765.723    13.9    -4.1    -6.3
1767.725    -5.7   -19.3   -31.8
1769.727   -20.9    -4.5   -10.8
1771.729   -12.7   -13.0   -23.8
1773.730     5.5    -2.1     5.2
1775.732     0.7   -16.6    -0.4
1777.734    -6.0    -1.4    -9.2
1779.736   -37.6   -11.8   -28.5
1781.738   -26.3    -6.3    -5.7
1783.740    11.5   -10.0   -14.4
1785.742    12.9    -1.3     3.1
1787.744   -36.9    -8.7   -24.2
1789.746   -34.1   -13.7   -16.5
1791.748   -19.7   -21.9    -8.4
1793.750    20.0    -8.9    -6.3
1795.752    -4.6     0.6   -21.9
1797.754   -19.8    -7.7    -1.4
1799.756   -41.1   -22.5   -28.4
1801.758     5.4   -17.1     1.0
1803.760     5.6   -11.4    -8.8
1805.762     2.6     8.4     2.7
1807.764   -38.5   -35.2   -41.6
1809.766   -12.0    -0.3    -3.7
1811.768   -23.3   -28.0   -19.3
1813.770     8.3    -4.9     4.7
1815.771    -4.6    -7.5     1.2
1817.773   -10.5    -1.8   -21.2
1819.775   -32.7   -26.8   -14.9
1821.777    -0.9    -3.8    -5.9
1823.779    11.3   -12.0   -20.1
1825.781    -7.4    -5.4   -12.6
1827.783   -36.0   -14.4   -21.0
1829.785   -19.2   -15.3     5.0
1831.787   -15.8   -13.2   -21.1
1833.789    24.7    11.7     2.0
1835.791    -5.7   -14.5    -9.0
1837.793    -7.7     0.0     2.2
1839.795   -27.4   -24.7   -23.5
1841.797     5.6    -4.0    -9.7
1843.799   -14.6   -18.9    -7.2
1845.801     7.7    13.4    -8.5
1847.803   -19.6   -21.7   -13.2
1849.805    -7.1     3.1     9.0
1851.807    -4.7   -11.1   -18.1
1853.809    -3.0    -7.6     0.6
1855.811   -22.8   -10.3   -13.4
1857.812     0.8   -11.4   -10.9
1859.814    -2.2    -8.3   -16.8
1861.816     0.0     1.9    -1.5
1863.818   -21.4   -34.6   -32.2
1865.820     0.6    -4.8   -11.4
1867.822   -17.9   -18.5    -1.6
1869.824    14.7    13.3     3.0
1871.826   -26.9   -29.4   -30.7
1873.828   -13.1    -4.9    -1.4
1875.830   -28.6   -34.6   -47.7
1877.832    -6.0     5.8    16.9
1879.834   -10.8   -15.2   -13.7
1881.836    -5.7     2.5    -0.6
1883.838   -22.6   -14.7   -19.7
1885.840    -3.6    -5.4    -5.2
1887.842    -9.7   -14.6    -5.9
1889.844    -7.1   -15.5   -17.3
1891.846    -9.0    -1.0    -0.5
1893.848    -4.2   -16.1   -10.4
1895.850   -25.4   -18.6   -25.4
1897.852    -5.0   -23.3     1.0
1899.854     2.5    -8.9   -13.9
1901.855    25.3    13.2    -9.5
1903.857   -17.8    -7.2   -22.3
1905.859   -14.7   -28.0    -9.4
1907.861   -42.5   -27.4   -18.8
1909.863    36.4    13.9     4.5
1911.865    -8.4    -4.1    -3.9
1913.867    -5.8    -5.0   -25.7
1915.869   -43.9   -38.5   -20.2
1917.871     7.0    -2.6   -19.3
1919.873    11.3    -0.1    -3.7
1921.875    15.6    16.0    -7.6
1923.877   -30.1   -18.3    -3.6
1925.879   -25.8    -9.5   -16.4
1927.881     2.8    -3.4   -13.9
1929.883    -6.7    -4.6     1.8
1931.885    -5.1     0.6   -11.0
1933.887    -8.9   -11.7   -17.5
1935.889   -23.9   -23.6   -22.6
1937.891    10.7   -12.4     3.7
1939.893     1.2   -12.0   -12.6
1941.895    -5.2    13.7     8.1
1943.896   -36.0   -26.6   -25.8
1945.898     5.8   -13.9    -7.4
1947.900   -17.1   -22.3    -4.0
1949.902    11.1    12.3     7.0
1951.904   -13.2   -12.2   -21.7
1953.906    -7.7    -4.7    -0.3
1955.908   -11.8   -30.5   -22.4
1957.910    -5.0     2.2   -15.2
1959.912   -27.9    -2.3    -3.2
1961.914     3.4    -7.6    -9.6
1963.916    -3.0   -18.3    -9.4
1965.918    -1.2   -12.6    -7.8
1967.920   -22.4   -21.1   -16.2
1969.922    -4.9    -6.2    -9.3
1971.924    -9.8   -10.3   -21.6
1973.926    10.1     4.2     0.3
1975.928    -3.7    -9.7   -10.7
1977.930   -10.1     0.0     0.5
1979.932   -29.7   -12.1   -29.1
1981.934     8.0     9.5    -3.4
1983.936     4.1   -10.3   -15.6
1985.938    -2.3    -9.4   -10.2
1987.939    -4.2   -14.1   -21.9
1989.941   -23.2   -11.2   -14.8
1991.943   -18.3    -9.2   -27.2
1993.945    28.3     7.3    15.0
1995.947    -1.0    -3.8   -14.6
1997.949    -8.4   -17.9   -18.2
1999.951   -41.4   -30.6   -21.9
2001.953     3.1     7.7     7.1
2003.955    15.9    -8.6    -5.5
2005.957    36.7     7.5     3.6
2007.959   -41.7   -33.0   -28.1
2009.961   -34.5    -2.1   -19.3
2011.963   -19.8   -17.7    -6.4
2013.965    36.1    19.4     5.5
2015.967     2.2   -21.3    -8.7
2017.969   -18.2    -3.6    -4.1
2019.971   -26.1   -14.8   -33.0
2021.973    -9.3     8.6    13.6
2023.975     4.1    -3.2    -9.7
2025.977    20.2    -4.9    -1.7
2027.979   -14.6   -20.8   -24.1
2029.980   -31.2   -26.2   -21.8
2031.982    -9.2     6.8   -16.3
2033.984     8.8     4.2    10.5
2035.986     8.5    -2.6    -6.4
2037.988    -5.5   -14.2   -11.5
2039.990   -56.0   -35.6   -16.1
2041.992    -4.9    -9.9    -2.6
2043.994     3.8     3.9   -10.8
2045.996    11.8     3.8    -8.2
2047.998   -32.9   -28.6   -22.7

Event #449  ts=2026-09-25 11:44:09.740  [SELECTED]
  t[ns]  u1[mV]  u2[mV]  u3[mV]
  0.000    -8.7    -0.5    -1.6
  2.002   -11.0    -4.4    -0.4
  4.004    -5.7    17.0   -21.3
  6.006    16.2    -9.6    11.8
  8.008    13.8   -18.7    -2.4
 10.010     4.0   -15.8    10.7
 12.012   -14.9    -2.4   -11.1
 14.014    -3.4    13.0    -1.7
 16.016     4.9    -6.8     0.5
 18.018     7.8   -14.0     0.0
 20.020    -7.3    -6.6    -6.4
 22.021   -15.5    11.6    -9.2
 24.023    -5.9    -2.6    -1.3
 26.025    -6.1    -4.2    -2.4
 28.027    20.0   -28.4   -10.9
 30.029    17.1     3.7     9.0
 32.031   -15.8    12.5     2.3
 34.033   -12.2     5.1   -20.5
 36.035   -19.0    -4.1   -20.4
 38.037    13.2   -28.2    -4.8
 40.039    23.9    -8.4     3.2
 42.041    -7.2    10.2    -1.4
 44.043   -25.3    19.1   -15.1
 46.045   -22.9   -11.7     0.3
 48.047     4.7   -41.6   -17.2
 50.049    33.5    -9.4    10.6
 52.051    -1.3     6.2   -19.0
 54.053   -30.4     5.4   -12.5
 56.055   -12.3   -21.3   -10.1
 58.057    -2.3    -8.7     4.8
 60.059    10.4    -9.0     4.7
 62.061     6.4    14.4    -3.2
 64.062    -3.8     1.4    -9.4
 66.064    -3.3   -20.1    -5.3
 68.066    -5.3   -14.9    -3.6
 70.068     0.3    -5.8    -9.3
 72.070    -7.5     8.2    -5.3
 74.072     8.1     8.0    -7.1
 76.074    -5.1    -9.1    -8.0
 78.076    -5.5   -12.6    -3.4
 80.078   -11.0   -25.2   -25.0
 82.080    -9.2     0.6     4.5
 84.082     2.6     7.7     7.0
 86.084   -17.2     4.6     6.3
 88.086   -10.5    -7.1     6.6
 90.088    -6.5   -17.0   -11.4
 92.090    -3.2     5.9    12.8
 94.092    -0.8     7.1    -0.6
 96.094    -9.4    -1.7   -33.0
 98.096    13.9    -0.4    11.7
100.098    -1.9   -26.5   -18.5
102.100     2.2     0.0     7.7
104.102    -2.5     0.3   -15.5
106.104     8.8     8.2     0.0
108.105    12.1     1.2    -0.2
110.107     3.5   -24.3    -1.9
112.109    -9.9   -17.1    -2.8
114.111    24.8    25.0     4.3
116.113     2.0    -6.0     5.9
118.115    -1.5    16.8    15.8
120.117    -4.7   -14.6     4.0
122.119     2.5     1.4    10.5
124.121     2.8    12.1    -2.2
126.123     2.4     2.8     1.0
128.125   -35.0   -20.6   -24.8
130.127   -25.4   -33.6   -24.9
132.129   -10.3    -9.3   -19.0
134.131   -15.4   -13.1   -32.5
136.133   -36.7   -16.0   -30.7
138.135   -20.1   -30.6   -24.3
140.137   -11.9   -27.8   -32.9
142.139    14.1     7.9    12.3
144.141    -2.8     0.3    -8.4
146.143     2.2     2.6     5.1
148.145   -15.5   -17.6   -21.4
150.146     2.1    -9.7    -3.3
152.148    -0.5     8.9    -6.0
154.150     9.4    -4.2    -4.7
156.152     0.0    -4.0   -10.1
158.154    -9.9   -23.8   -31.4
160.156   -15.4   -21.2   -12.3
162.158    -1.2    -7.4   -21.3
164.160   -12.2   -18.0   -12.5
166.162    -7.0     5.6    -6.9
168.164     0.0   -18.3   -16.6
170.166   -12.1   -10.8   -24.6
172.168   -14.9    -2.3   -10.5
174.170   -13.7   -24.7    -7.5
176.172     5.5     1.6     2.7
178.174   -21.1   -16.3   -15.5
180.176    -9.9   -12.1   -18.3
182.178   -15.5    -6.5   -23.1
184.180    -5.5     7.5    -4.9
186.182    -3.1    -1.5    -3.2
188.184    -1.9   -11.2   -14.0
190.186   -19.1   -19.0   -17.4
192.188   -19.6    -4.5   -13.6
194.189   -25.0   -22.9   -27.9
196.191    -2.5    -1.4     9.3
198.193    -0.5   -23.7   -15.3
200.195    -2.7   -12.9   -15.1
202.197   -26.2   -16.0    -3.6
204.199    -7.3     4.0    -2.1
206.201    -0.7    -3.6    12.1
208.203    18.9    -1.8    -6.9
210.205   -12.4    -8.4   -10.0
212.207   -14.1     1.0    -3.5
214.209   -15.6   -14.3   -29.5
216.211    -3.1   -18.5   -21.9
218.213     8.5   -15.5   -15.3
220.215    16.7    -5.1    -7.9
222.217   -39.6     0.3   -40.2
224.219   -19.1   -10.5   -21.0
226.221    10.5   -21.5   -15.7
228.223    23.2    -9.4    -6.6
230.225   -19.2    -9.5   -14.9
232.227   -38.8   -15.2   -36.2
234.229   -12.5   -14.1   -27.7
236.230    -0.7    -3.6     0.7
238.232     9.0   -15.0    -1.0
240.234    -7.4    -1.7   -29.8
242.236   -44.6   -10.9   -35.2
244.238   -12.3   -15.1   -17.0
246.240     4.3   -10.9     4.6
248.242    11.1     4.4     2.8
250.244    -3.3     2.6   -14.1
252.246   -17.5     4.2   -18.4
254.248   -47.5   -24.2   -15.4
256.250    -6.8   -17.0    -3.0
258.252     5.3   -15.1    -1.6
260.254    26.8    -4.0    13.6
262.256   -21.5   -17.4   -16.5
264.258   -17.6   -33.8   -17.4
266.260   -16.2   -21.8    -0.6
268.262    17.9     3.0    -4.3
270.264     3.1    10.8    -2.8
272.266   -23.3    -3.3   -16.4
274.268   -35.3   -22.1   -25.8
276.270    11.1   -20.6    -5.7
278.271    -2.6    -7.4    -8.8
280.273   -10.0    16.0    -6.5
282.275   -21.9    -6.2    -7.1
284.277   -29.7    -5.3    -8.7
286.279   -38.7    -7.2   -15.0
288.281   -27.6    13.0   -11.1
290.283    -8.9    -9.1    -9.5
292.285    -4.6    -4.7    -3.9
294.287    11.2   -19.8   -18.2
296.289   -21.3    -6.6     1.5
298.291   -24.1     0.0   -20.4
300.293   -27.6     9.9    -5.8
302.295     7.7   -19.1    -3.3
304.297    11.3   -13.2    -1.8
306.299    -1.2   -20.8    -8.8
308.301    -6.4     7.8     3.3
310.303   -34.8   -10.9   -15.6
312.305    -7.0   -11.1   -16.3
314.307    -0.1   -19.0    -7.9
316.309    -6.7    -5.2    -7.8
318.311   -46.0    -7.5   -33.0
320.312   -41.1    -7.3   -32.7
322.314   -20.8    -9.5   -13.7
324.316    20.2   -17.6    -9.6
326.318     5.5     0.8    -4.1
328.320   -22.2    20.5    -8.9
330.322   -33.6    -6.6   -31.2
332.324   -13.0   -33.1   -13.3
334.326     7.8   -29.3   -13.9
336.328    11.4   -11.7    -2.8
338.330   -33.0   -10.9   -41.7
340.332   -22.4   -14.4   -27.7
342.334    -6.9    -6.0    -5.7
344.336     4.4   -27.6    -3.1
346.338   -11.9     3.1    -1.7
348.340   -10.3   -15.1   -31.0
350.342   -22.2    -9.0    -8.2
352.344   -18.7   -23.7   -15.1
354.346    -8.7   -15.5     3.7
356.348     6.3    -8.4     0.4
358.350   -12.1    -4.7   -12.2
360.352   -23.1   -12.4   -14.7
362.354   -19.5   -40.0   -26.5
364.355    -5.7   -12.9    -1.8
366.357    -1.3     0.5    -8.7
368.359    -9.1    -5.0    -6.0
370.361   -23.4   -18.7   -20.6
372.363    -9.0   -18.7   -35.9
374.365   -14.6   -17.6    -4.0
376.367    -7.0     1.1    -1.0
378.369   -16.5    -5.8   -13.9
380.371    -1.3    -0.3     8.5
382.373   -21.2   -23.5   -21.9
384.375   -11.8   -32.0   -21.0
386.377   -15.6   -17.3   -14.4
388.379     7.5    -8.9    -4.0
390.381     5.3     6.1    -5.0
392.383   -26.7   -22.3   -29.3
394.385   -11.7   -28.7   -19.5
396.387   -18.3    -6.7   -17.7
398.389     2.5    -0.3   -27.4
400.391    -3.3    -3.7   -26.9
402.393   -19.1   -41.7   -11.4
404.395   -25.6   -26.7    -2.3
406.396   -27.2   -18.8   -21.0
408.398   -16.3   -12.2   -38.9
410.400   -11.5    -3.4   -11.1
412.402   -11.8    -7.4   -18.1
414.404   -14.6   -25.8    -5.3
416.406   -15.0   -16.5   -11.7
418.408   -32.5   -14.2   -18.1
420.410   -20.6     7.7     8.9
422.412    16.4    -1.1   -12.5
424.414   -12.3   -20.3   -15.8
426.416   -21.4   -26.9   -28.6
428.418   -37.6   -20.9   -15.1
430.420   -17.8     1.4    -9.1
432.422    19.5   -21.9    -9.0
434.424    28.3     3.8     2.7
436.426   -35.0   -14.9   -27.0
438.428   -42.4   -20.2   -18.3
440.430    -0.5   -19.1   -33.5
442.432    16.9   -10.8     0.0
444.434    23.2    -0.4    11.0
446.436   -39.3   -14.3   -21.5
448.438   -48.2   -22.9   -22.4
450.439   -32.1   -15.5   -16.5
452.441     4.8    -6.2    -3.9
454.443     3.0    19.8     5.4
456.445    -5.4   -16.9   -23.9
458.447   -38.8   -36.3   -40.6
460.449   -39.8   -25.3   -35.3
462.451   -12.1   -15.0   -15.8
464.453    25.6    12.0    17.4
466.455     8.7   -14.9    -3.9
468.457   -15.1   -18.4   -15.0
470.459   -36.8   -28.3   -25.4
472.461   -31.7    -0.8    -6.3
474.463     8.5    -6.0    -9.9
476.465    -2.8   -14.1   -20.2
478.467    -3.8   -24.0   -10.9
480.469   -26.1   -17.9   -31.7
482.471   -38.3    -2.4   -17.8
484.473    -8.0    -4.0    -8.8
486.475    -3.7   -22.7   -15.7
488.477   -14.9   -27.3   -17.8
490.479   -33.0   -18.9   -15.2
492.480   -26.9   -24.8   -33.0
494.482   -29.0    -7.7   -15.2
496.484     8.0    -6.5    -2.4
498.486    -7.9   -22.9   -16.3
500.488   -21.0   -36.4   -18.0
502.490   -27.1   -17.0   -16.9
504.492   -32.1     7.4   -15.3
506.494     0.8   -21.6   -18.9
508.496    10.1   -14.4   -15.2
510.498     7.3   -26.3   -34.2
512.500   -23.0   -14.2    -7.7
514.502   -35.3   -14.7   -30.6
516.504    -6.9   -20.0   -10.9
518.506     4.3    -2.5     4.0
520.508     8.9   -23.9   -17.5
522.510   -18.4   -22.3   -12.6
524.512   -26.0   -28.1   -16.1
526.514   -24.8   -16.5   -18.1
528.516     0.6   -12.2   -13.6
530.518    11.7   -17.3   -14.8
532.520    11.9   -13.8   -13.7
534.521   -16.5   -18.6   -18.2
536.523   -31.8   -13.9   -34.6
538.525   -18.0   -24.9   -29.1
540.527     6.0   -17.1    -5.8
542.529    -1.6     1.5   -18.7
544.531   -24.0     4.5    -6.7
546.533   -39.0    -5.1   -23.9
548.535   -18.8   -30.7   -20.3
550.537    -6.0   -29.9   -10.0
552.539     0.0   -10.5    -6.3
554.541   -19.0   -14.1   -11.3
556.543   -36.7    -8.3   -15.1
558.545   -13.1   -24.2   -21.5
560.547     1.8   -17.0    15.6
562.549   -38.4   -42.9    -6.3
564.551   -71.8   -56.2   -20.6
566.553   -64.1   -93.7   -19.7
568.555   -43.9   -90.2   -23.1
570.557   -26.6   -62.4    -7.3
572.559   -33.8   -49.2   -18.7
574.561   -40.7   -53.0   -27.5
576.562   -30.7    -9.8   -15.3
578.564   -18.5   -40.7    -5.6
580.566    -8.5   -38.1     1.3
582.568    17.5    -5.8    -9.0
584.570   -20.1    -7.0     1.3
586.572   -20.8    -0.1    -2.4
588.574   -26.6   -31.1   -29.4
590.576    -2.0    -8.6     1.1
592.578    10.6   -14.2    -0.8
594.580   -17.6    -8.0    -6.4
596.582   -37.3   -12.1   -12.8
598.584   -18.0   -27.5   -23.1
600.586    16.1    -1.2    11.6
602.588     7.4    -7.6   -21.3
604.590   -19.6   -17.2   -23.5
606.592   -34.9   -16.1    -6.0
608.594    -6.6   -16.6   -17.3
610.596     5.1    -3.7     4.7
612.598    -1.3    -1.9   -10.1
614.600   -24.3   -19.2   -22.9
616.602   -42.1    -8.2   -29.5
618.604    -6.3   -17.9   -18.1
620.605    -5.4    -2.5    -3.1
622.607    11.9    -0.1    -1.9
624.609   -18.5   -19.4   -20.4
626.611   -20.6   -24.4   -22.5
628.613   -21.7   -24.7   -20.3
630.615    -2.7    -2.0   -10.9
632.617    10.1   -15.7   -12.4
634.619    -0.9   -23.0   -13.2
636.621   -19.2   -24.0   -14.7
638.623   -35.3   -18.0   -28.0
640.625   -25.3   -15.2    -1.0
642.627     6.5    -3.8     0.9
644.629     0.1    -3.6    -5.0
646.631    -8.7    -3.1   -18.6
648.633   -35.7   -17.3   -25.7
650.635   -16.2   -25.1   -23.0
652.637   -13.4   -16.2   -34.8
654.639     3.0    -8.2    -5.2
656.641    -9.9   -17.0   -24.5
658.643   -28.2     2.9   -13.7
660.645   -29.1   -20.1   -26.0
662.646   -16.6    -4.1    13.8
664.648    16.0    -5.1    11.8
666.650     4.2    -8.6     0.1
668.652    -6.8   -12.9   -18.1
670.654    -7.0   -19.9   -16.2
672.656   -11.7    -1.9   -11.9
674.658    17.2    -2.6    12.1
676.660    12.6    -4.4    -3.4
678.662    10.2   -17.6     0.2
680.664   -41.0   -19.2   -22.8
682.666   -27.1    -8.2   -16.7
684.668    -7.4     3.5   -18.2
686.670    16.5     7.3     9.2
688.672     3.3   -27.0    -7.7
690.674   -29.9   -20.9   -20.2
692.676   -24.6   -15.9   -21.4
694.678    -0.3    -0.2   -16.4
696.680    23.2   -10.7    -8.1
698.682     5.2   -21.5    -0.9
700.684   -26.6   -34.7   -32.4
702.686   -18.2   -17.9   -20.9
704.688   -32.9    -0.9   -10.7
706.689     8.3    -7.8   -14.8
708.691     3.2    -0.2   -25.8
710.693   -24.6   -14.2   -13.9
712.695   -28.1   -32.1   -21.9
714.697    -6.7   -25.8   -15.4
716.699    -6.6   -14.6   -10.2
718.701    20.7    -7.3     1.2
720.703    -3.2   -14.9   -15.3
722.705   -29.8   -25.5   -16.5
724.707   -37.8    -9.1   -16.3
726.709    -3.4    -2.5     3.2
728.711     0.8    -5.4     1.2
730.713    -9.0    -3.9   -10.0
732.715   -20.9   -32.5   -10.6
734.717   -22.0     6.9   -19.4
736.719    -1.9   -24.8   -27.9
738.721     9.1     0.2     3.4
740.723   -10.6   -14.7   -12.4
742.725   -17.3    -7.5    -7.4
744.727   -27.6    -8.1   -10.3
746.729     5.5   -28.9   -17.1
748.730    -4.4   -17.4   -19.1
750.732    -7.1     5.3   -12.4
752.734   -25.1   -13.0   -10.0
754.736    -5.9    -7.8   -15.2
756.738    -8.9   -17.2   -17.4
758.740    13.7    -9.9     6.0
760.742   -19.6   -17.4   -20.4
762.744    -2.1   -14.7    -9.0
764.746    -6.7    -8.3   -22.9
766.748   -13.0   -16.7    -8.7
768.750    -3.3   -18.7    -3.1
770.752   -11.0   -17.8    -8.3
772.754   -17.1    -1.6   -14.5
774.756    -8.4    -3.4   -14.6
776.758   -11.9   -10.1    -3.1
778.760     1.2   -26.6   -18.5
780.762    -4.7   -13.1   -14.0
782.764    -9.0     1.0    -4.4
784.766   -12.0   -16.5   -24.9
786.768    -3.7   -24.8   -25.7
788.770    -6.1   -17.3     1.1
790.771   -26.9   -21.1   -30.9
792.773     1.1   -12.3   -12.7
794.775    -2.8    18.2     8.0
796.777    -8.7   -41.7   -11.0
798.779   -10.3    -6.4    12.8
800.781   -15.5   -16.8   -24.4
802.783   -23.6     5.7   -10.0
804.785     2.0   -18.2   -20.8
806.787    -2.4   -20.9   -22.2
808.789   -10.6   -26.2    -9.5
810.791   -24.4     4.0    -8.4
812.793   -16.5     3.8   -10.3
814.795    -4.1     3.0    -8.8
816.797    -7.4   -17.1   -11.0
818.799   -14.5   -15.7    -6.1
820.801   -25.4   -14.5   -20.9
822.803   -11.3    10.4    -0.3
824.805    -9.4    -6.0    -3.7
826.807    -4.4   -28.9   -23.1
828.809    -3.9   -19.8    -6.5
830.811    -4.7   -22.7   -26.0
832.812   -24.6     1.3    -0.1
834.814    -9.7    10.9   -14.2
836.816   -12.2   -39.0     4.7
838.818     4.9   -29.7     5.7
840.820    -8.4    -8.2   -30.0
842.822   -22.8    -4.3    -1.1
844.824   -10.4     0.0    -9.7
846.826     1.8   -28.3    -7.8
848.828    -8.6   -23.8     4.7
850.830   -22.7    -7.4   -18.7
852.832   -28.3    -2.7   -16.9
854.834   -10.4     1.6   -12.3
856.836    -1.4   -20.7   -16.9
858.838    -4.2    -7.1    -6.6
860.840   -17.4   -23.3   -14.4
862.842   -21.1     0.4   -17.5
864.844   -26.1   -20.5   -22.5
866.846    -8.0     1.0   -11.9
868.848    -2.5    -9.0   -15.4
870.850    -0.4     3.4    12.1
872.852   -22.1    -6.8   -14.1
874.854   -11.4   -12.6   -17.6
876.855   -22.9   -13.9   -10.8
878.857     3.5   -20.4    -6.4
880.859   -10.2    -1.0   -15.2
882.861   -13.2     2.5   -11.9
884.863   -17.8   -22.5   -19.6
886.865   -12.5    -6.7    -6.5
888.867    -6.5   -20.0   -18.0
890.869     4.0     2.8   -12.4
892.871    -6.0    -0.5   -15.3
894.873   -18.0    -4.4   -15.2
896.875   -17.5   -25.4   -26.4
898.877    -7.8   -27.9   -17.7
900.879    -0.5   -26.3    -3.0
902.881    -1.3    -5.7    -7.6
904.883   -25.6    -5.7   -11.4
906.885   -28.5   -15.6     6.1
908.887    -8.6   -23.8   -12.6
910.889     1.3    -1.6     4.0
912.891    -5.2    -3.3    -8.8
914.893    -2.9    -0.2    -1.1
916.895   -24.7    -4.1   -16.7
918.896   -25.2   -14.4   -17.5
920.898   -19.2   -12.6   -21.9
922.900    -9.2    -9.1   -12.2
924.902     4.6    -9.0   -20.6
926.904    -4.4    -2.5   -14.3
928.906   -18.6   -33.0   -32.3
930.908   -12.4   -27.7   -24.7
932.910    -4.6     0.6   -12.8
934.912     5.0     9.4    -9.2
936.914    -7.7    -7.3    -4.6
938.916    -8.3   -22.9   -29.1
940.918   -19.5   -15.7   -16.3
942.920   -19.0    11.9    -1.6
944.922    -8.8     2.3   -17.4
946.924    13.1   -17.0    -2.0
948.926    -5.3   -18.8   -18.8
950.928   -17.3    -1.7   -10.3
952.930   -28.9    -6.1    -0.7
954.932   -14.3     7.4    -8.9
956.934     4.6   -12.4    -5.5
958.936    -3.4   -21.1    -3.1
960.938   -20.4   -22.9   -12.8
962.939   -28.8    -4.0   -14.1
964.941   -22.2    -0.5   -14.8
966.943    14.7   -10.6   -11.4
968.945   -14.1   -27.5    -9.2
970.947    -3.5   -22.4   -13.6
972.949   -46.9     3.5   -32.2
974.951   -12.7     3.4   -16.7
976.953     5.3   -26.4   -27.8
978.955    -3.9   -11.7    -7.4
980.957   -13.7    -4.3   -17.3
982.959   -26.8     1.6   -16.1
984.961   -29.1   -10.8     5.8
986.963     1.9   -21.9    -3.9
988.965    11.5   -21.9   -13.0
990.967     6.1    -8.9     6.5
992.969   -27.5   -18.2   -24.0
994.971   -11.2   -11.3   -12.1
996.973   -23.5   -10.9     2.3
998.975    10.0   -19.6    -8.4
1000.977    -2.0    -1.0    -7.8
1002.979   -25.6    -6.5   -15.0
1004.980   -24.9   -25.0   -32.4
1006.982     2.9   -12.1   -24.3
1008.984    -6.3    -5.1    -2.1
1010.986   -17.3    -3.5   -20.8
1012.988   -17.9     3.5    -6.1
1014.990   -15.7   -13.2   -10.0
1016.992   -11.4   -14.1    -6.3
1018.994   -13.0     1.7   -12.0
1020.996   -14.8    -6.3    -9.9
1022.998   -10.6   -17.4   -11.7
1025.000     3.8   -24.7   -11.9
1027.002    -5.6    -8.2    -2.0
1029.004   -26.7    -2.4   -13.4
1031.006   -32.1   -19.9   -13.0
1033.008   -19.9   -14.6   -17.4
1035.010     7.9    -6.8    -8.9
1037.012     4.2   -38.1    -0.9
1039.014     0.7     0.7    -3.1
1041.016   -32.7   -25.7   -25.6
1043.018   -10.9   -13.8    -7.5
1045.020     4.5    -8.9   -16.1
1047.021    12.6    -8.2     3.2
1049.023   -28.3   -15.5   -18.8
1051.025   -27.2     0.2   -21.5
1053.027   -21.3   -11.0    -8.2
1055.029     4.4    -8.3    -1.4
1057.031    -6.7   -12.1    -6.0
1059.033    -4.2     2.7    -9.9
1061.035   -28.3    -9.6   -15.0
1063.037    -5.3    -4.6   -14.9
1065.039    12.6   -14.9   -13.7
1067.041     2.4   -18.3    -0.8
1069.043   -13.3    -8.5   -29.9
1071.045   -23.9   -13.3   -17.7
1073.047   -25.3    -0.9    -6.2
1075.049    13.7   -22.4    -8.6
1077.051     0.0    -9.7   -15.9
1079.053    -3.8    -5.9    -6.8
1081.055   -30.8    -9.8   -13.8
1083.057   -30.8   -20.5   -21.9
1085.059    -8.8   -21.2   -13.2
1087.061    12.4    -0.5     1.9
1089.062    -2.1     4.3   -12.1
1091.064   -32.4     3.2   -30.0
1093.066   -25.9   -22.0   -24.5
1095.068   -10.8   -23.4    -7.2
1097.070   -13.6    -1.5    -6.7
1099.072     2.0     3.4    -4.6
1101.074    -6.9    -7.6    -4.7
1103.076   -14.6    -4.7   -26.1
1105.078   -37.5    -4.7    -9.4
1107.080    -3.3   -12.2   -12.8
1109.082     1.2   -12.7     0.2
1111.084    10.3     5.1     1.7
1113.086   -33.9   -21.2   -28.2
1115.088   -16.5   -26.2   -13.5
1117.090   -19.5   -13.1   -24.2
1119.092     6.0   -12.7    -4.9
1121.094     2.2     0.2    -4.8
1123.096   -12.3   -16.8   -16.1
1125.098   -23.7   -29.4    -7.8
1127.100   -15.0   -12.0   -13.5
1129.102    18.9     8.4   -23.7
1131.104     3.7     4.6     3.5
1133.105   -12.3   -38.0   -26.2
1135.107   -24.7   -10.7   -14.9
1137.109   -29.2   -15.3   -15.9
1139.111   -17.7   -19.2   -22.2
1141.113   -14.7    -4.8   -13.7
1143.115   -16.1    -8.2   -11.9
1145.117   -15.6   -19.4   -29.6
1147.119   -24.6   -11.5    -8.6
1149.121   -35.1   -16.5   -19.0
1151.123   -10.3     4.5    -8.8
1153.125     0.2   -18.6   -13.6
1155.127   -12.0   -18.9    -6.4
1157.129   -12.3   -25.9   -14.1
1159.131   -16.4    -4.0   -10.8
1161.133   -24.7   -11.7   -16.3
1163.135    -4.2   -29.6   -23.6
1165.137     0.6   -20.5     0.8
1167.139   -21.9   -21.5   -15.4
1169.141   -24.3   -18.6   -29.6
1171.143    -5.6   -25.2   -22.1
1173.145    -0.1    -7.8   -17.3
1175.146    10.1   -23.5    -1.7
1177.148   -33.0   -23.3   -32.2
1179.150   -30.7   -12.8    -5.8
1181.152   -17.3   -16.2   -17.9
1183.154    14.7   -20.7     3.1
1185.156    19.5    -8.5     9.2
1187.158     8.8   -14.1    -5.7
1189.160   -41.5   -13.9   -31.6
1191.162   -12.9    -2.3   -13.1
1193.164     3.7   -26.1   -18.6
1195.166    14.2   -10.2    21.8
1197.168    -6.9    -3.3   -13.5
1199.170    -2.1    10.0    -3.8
1201.172   -29.9    -9.4    -4.8
1203.174     1.7    24.1     2.1
1205.176    14.6   -30.7    -4.6
1207.178     2.8    11.3     2.3
1209.180   -26.2   -13.2   -21.0
1211.182     2.0    15.0     6.8
1213.184   -11.0   -18.4     1.1
1215.186    23.7   -14.3     3.4
1217.188   -11.3   -13.6   -23.0
1219.189   -12.1     4.7    -0.7
1221.191   -34.2    -7.1   -15.6
1223.193    10.0   -12.0     4.8
1225.195    -2.5   -12.3     0.2
1227.197    14.7     5.1     4.4
1229.199   -24.6   -12.2   -15.8
1231.201    -2.5    16.5     9.6
1233.203     6.5   -19.2   -12.2
1235.205    19.6    -0.7     3.2
1237.207   -12.7   -12.9   -20.3
1239.209    -7.4     7.9     6.5
1241.211    -5.0    -1.5   -18.3
1243.213    -0.1   -27.9   -12.2
1245.215   -17.0   -11.7    -8.6
1247.217    -5.3    -1.4     6.1
1249.219   -17.7     1.1   -10.7
1251.221    -4.1    -7.7   -11.3
1253.223   -18.6   -34.8   -22.7
1255.225     0.0   -26.0    -1.2
1257.227   -20.2     1.5   -15.4
1259.229   -13.4     8.1   -17.0
1261.230    14.0   -20.6    -9.2
1263.232    12.5    -6.8     8.4
1265.234    -1.5   -31.6   -17.9
1267.236    -3.9    11.4    27.3
1269.238   -19.0     2.3   -33.8
1271.240   -12.3    18.1     9.9
1273.242    22.8   -17.9   -20.2
1275.244     8.7    -6.1    -0.6
1277.246   -23.3   -14.1   -11.7
1279.248   -25.0     3.5    -9.0
1281.250   -16.3    -6.4    -9.9
1283.252    42.8    10.4    14.3
1285.254     7.6    -3.7   -13.5
1287.256   -39.0     2.6   -13.8
1289.258   -29.3   -14.9   -16.5
1291.260    16.0    16.3    15.7
1293.262     5.4    -8.1    -2.8
1295.264    18.8    -4.1    -4.7
1297.266   -26.1   -26.8   -16.5
1299.268   -22.7   -14.4   -25.5
1301.270   -20.8   -16.9   -17.5
1303.271    14.3    22.5   -10.0
1305.273     0.6   -13.8    -8.5
1307.275     7.0     5.1     7.6
1309.277   -31.6   -13.7   -23.9
1311.279    -7.9   -16.3    -7.1
1313.281    17.7    14.0     4.6
1315.283    38.9     0.4    14.3
1317.285     2.1    -9.3   -10.0
1319.287   -13.6   -15.4    -9.5
1321.289   -25.1    -2.3     0.9
1323.291    11.5    15.4    17.5
1325.293     7.8    -7.4    -3.1
1327.295    12.2     6.5     9.5
1329.297   -28.6   -25.1   -27.1
1331.299   -20.3     2.1     8.7
1333.301    -7.7     8.7   -17.9
1335.303     8.8     6.9     1.3
1337.305   -10.7    -4.1     6.9
1339.307    -3.0   -15.3    -7.9
1341.309   -21.3   -11.1    -3.6
1343.311     6.2     3.4   -11.9
1345.312    -8.0    -1.8   -19.5
1347.314     9.9   -13.9     8.1
1349.316     1.4   -13.6   -13.6
1351.318    11.8     7.8    10.5
1353.320   -22.2     2.8   -15.6
1355.322    -4.0     7.5    -8.2
1357.324     8.3   -30.0   -13.0
1359.326    15.6     3.6     2.4
1361.328     4.7    -6.4    -8.7
1363.330   -13.3     0.5    -0.4
1365.332    -6.6   -22.5    -5.8
1367.334     5.3   -13.2    -9.9
1369.336    11.4    -2.1     4.1
1371.338     5.8     2.5   -14.0
1373.340   -14.4     5.6    -5.3
1375.342    -7.8    -2.9    -5.2
1377.344   -16.2   -24.3   -14.6
1379.346    16.4     1.2     6.6
1381.348     4.0     5.7   -11.8
1383.350     8.1    21.4     3.2
1385.352   -10.2   -12.7   -13.5
1387.354    -5.6    -2.1    -0.3
1389.355    -2.1   -13.1   -16.9
1391.357     1.4    -1.8    -1.9
1393.359   -19.4     3.5    -3.0
1395.361     5.5    23.2     3.0
1397.363    -4.7   -15.0    -5.0
1399.365     7.9     1.0     4.6
1401.367    -2.4   -10.5     2.1
1403.369    -7.2     5.1    -4.1
1405.371   -13.6    -9.5     2.6
1407.373    18.5     4.4     2.7
1409.375     7.5   -10.6   -24.8
1411.377   -22.4   -10.6    11.3
1413.379   -47.2   -44.7   -19.7
1415.381   -26.8   -43.5     3.3
1417.383   -26.2   -78.6    13.2
1419.385     2.3   -70.5    -4.1
1421.387   -44.2   -64.0    -6.3
1423.389   -33.2   -51.3    -1.2
1425.391   -18.7   -39.1    -9.2
1427.393     3.4    -0.6    14.1
1429.395   -10.2   -34.2   -11.6
1431.396   -20.8   -26.4    -9.4
1433.398   -16.3   -18.5   -17.1
1435.400    -5.3    -5.2     3.4
1437.402     9.7    -4.8    -9.1
1439.404    24.0    -3.2    -8.6
1441.406   -13.6   -12.6    -2.6
1443.408     2.2   -17.5    -7.0
1445.410   -17.7     4.6   -14.1
1447.412     5.6    -0.3    -6.8
1449.414    11.6     0.2   -10.8
1451.416    32.1     5.6    -3.6
1453.418   -16.9   -27.0   -20.1
1455.420   -30.3    -2.3   -10.9
1457.422   -22.7     1.6   -13.0
1459.424    40.0     7.1    12.3
1461.426    14.3   -18.9     4.9
1463.428    -5.1   -14.7   -13.1
1465.430   -30.8    -8.9    -9.0
1467.432    -3.7     8.1   -26.9
1469.434    11.9    19.7     5.4
1471.436    20.4     6.6     2.4
1473.438   -11.0   -26.2     1.7
1475.439   -18.4    12.4    -3.7
1477.441    -7.1    -0.7   -22.6
1479.443    -5.9    -0.5     6.8
1481.445    16.4     9.6    10.2
1483.447    -2.5   -24.1    -8.1
1485.449   -18.5     2.4   -11.5
1487.451   -14.0    -8.5   -12.6
1489.453   -13.3    -7.6   -10.6
1491.455    -1.8    19.1    17.5
1493.457     9.3   -26.3    -1.6
1495.459    12.1    -4.7    12.4
1497.461   -22.0    -5.3   -10.0
1499.463    -2.1     1.9   -11.8
1501.465     0.0    -7.2    -4.9
1503.467     2.7    -6.1     3.2
1505.469    -9.7    -5.7    -9.0
1507.471   -16.6    -0.2   -20.1
1509.473   -20.9    -1.7     3.1
1511.475    26.3    -3.0    -1.4
1513.477    12.2    -8.5     8.8
1515.479     9.1     6.9    10.1
1517.480   -23.1   -20.7   -13.9
1519.482    -2.4    -2.1   -11.8
1521.484    -6.3    -9.3   -16.0
1523.486    17.6    10.2     2.2
1525.488     6.0     2.2    13.4
1527.490    -8.3     3.0    -7.9
1529.492   -12.1     2.7    -6.6
1531.494    11.4     1.0    -7.9
1533.496     0.2   -19.0   -23.1
1535.498    17.3    10.5    16.2
1537.500    -0.8     2.4    -9.9
1539.502    -6.5   -13.0     1.6
1541.504    -6.5    -0.2   -12.0
1543.506    19.4    -8.4     1.1
1545.508     3.0    13.2     4.9
1547.510    18.3    -5.9    -3.6
1549.512   -14.9   -22.5    -1.2
1551.514   -18.5   -29.3   -13.4
1553.516     3.0   -16.0    -5.3
1555.518    14.7    22.2    15.8
1557.520    -7.2    -2.2     1.9
1559.521    -8.4    10.6    -4.2
1561.523   -18.4   -35.6   -18.6
1563.525    14.0     9.8    14.2
1565.527     0.2    -0.4     4.2
1567.529     1.7    21.0    18.9
1569.531    11.3    13.8     8.1
1571.533     0.9   -20.0   -13.7
1573.535   -32.8   -15.6   -10.3
1575.537     2.6    15.7    -7.7
1577.539     6.4   -11.5   -14.1
1579.541    26.2    -2.4    20.6
1581.543   -22.0   -11.8   -25.6
1583.545    -6.3   -21.3     0.3
1585.547   -16.4    15.7    -2.7
1587.549    25.2     6.7     7.4
1589.551    11.8   -16.1    18.7
1591.553    12.9   -20.2    -4.8
1593.555   -27.4    -1.8   -25.9
1595.557   -17.7    16.7    -4.3
1597.559    12.7    -3.6    -5.2
1599.561    30.8     2.5    19.5
1601.562    -8.2    -7.0    -6.3
1603.564   -18.5    13.9     2.6
1605.566   -31.2     4.6   -15.5
1607.568     1.9     7.0    -1.0
1609.570    24.8   -18.9   -12.3
1611.572     1.3    -1.9   -10.9
1613.574   -17.8    -1.3    -6.5
1615.576   -17.2    16.7   -11.5
1617.578   -10.0     1.1    -6.5
1619.580    14.9    -3.9    10.4
1621.582    22.2   -29.8    -5.1
1623.584    -3.5    17.4     7.8
1625.586    -4.6    -1.4   -22.5
1627.588   -10.0    -8.8     7.8
1629.590    -9.0   -20.9    -5.8
1631.592    17.1   -22.4    -4.7
1633.594    -2.6     1.8   -14.5
1635.596   -10.4    16.4     3.6
1637.598    -1.0    -7.7     1.3
1639.600    -4.6   -14.6   -11.6
1641.602    -9.8   -22.8    -4.2
1643.604    12.0    19.2    -9.8
1645.605    -3.1     1.5    -7.7
1647.607     3.3   -11.3     1.4
1649.609   -23.0   -16.5   -19.4
1651.611   -14.5   -19.1   -12.0
1653.613     0.4    15.9     5.9
1655.615    16.2    -6.8    -6.9
1657.617   -13.8    -3.1     0.6
1659.619   -17.2    -6.8   -15.5
1661.621    -7.7   -14.3   -31.2
1663.623     2.9    12.6    15.7
1665.625     2.6     4.8    -7.0
1667.627    -4.2     4.2    -7.8
1669.629   -21.6   -18.7   -16.8
1671.631    -9.1    -8.2    -6.8
1673.633    18.9    12.2     0.5
1675.635    -1.2    17.8    -7.4
1677.637     0.2    -0.5    -9.6
1679.639   -15.3   -16.2   -28.6
1681.641   -20.3   -23.5    -8.1
1683.643     4.0    -2.7    13.3
1685.645    18.5    -1.8   -12.9
1687.646     2.8    -3.2     3.8
1689.648   -28.0   -13.0   -34.1
1691.650   -20.1   -17.6   -16.3
1693.652   -15.7    -9.4    -1.4
1695.654    26.1    -5.5   -14.0
1697.656    10.6    -2.9    13.4
1699.658    -9.8   -21.1    -4.6
1701.660   -14.9   -17.6    -7.2
1703.662    -6.3     9.8    -6.0
1705.664     9.1     4.7    -5.8
1707.666     5.8     7.0     7.7
1709.668    -6.7    -7.8   -10.0
1711.670   -27.8   -29.4   -16.6
1713.672   -31.9   -10.0   -19.6
1715.674    11.0    -6.2    -5.0
1717.676    14.6     6.6    10.6
1719.678    11.7   -14.7   -30.5
1721.680   -16.3   -22.2    -4.5
1723.682   -18.1    -1.3    -2.2
1725.684    -1.7   -24.1     2.1
1727.686    12.0     2.2    -5.4
1729.688    12.8    -4.4     9.2
1731.689     5.7   -11.6   -22.6
1733.691   -23.3   -16.8   -15.6
1735.693    -5.1     9.3    -3.2
1737.695    -7.8     4.3   -20.4
1739.697    11.1     6.2     7.9
1741.699     3.4    -9.2   -17.8
1743.701   -16.1    -5.9    -1.6
1745.703   -21.1     6.4   -13.4
1747.705    -3.4     7.3   -14.7
1749.707     6.0    -2.3    -6.3
1751.709    22.0    -9.9    14.8
1753.711    15.0   -19.5    -5.4
1755.713   -30.1    -5.7    -3.7
1757.715   -14.6     3.3   -11.2
1759.717     1.2     0.6    10.7
1761.719     0.0   -10.7     1.6
1763.721     1.7    -9.5     6.1
1765.723   -12.0    -2.7    -8.5
1767.725   -15.5     5.5    13.6
1769.727   -15.1    -5.4    -6.0
1771.729     4.7     8.2    -6.6
1773.730     5.0   -18.2   -21.6
1775.732    -5.6    -6.0   -11.1
1777.734   -23.5   -12.2   -26.2
1779.736    -9.8    -5.9   -12.4
1781.738     2.7    -2.2    -5.5
1783.740     2.7    -5.6    -2.8
1785.742    -5.2     3.3     0.3
1787.744     3.1    -4.5   -12.9
1789.746   -15.9     0.1   -13.4
1791.748    -1.6    13.7     3.6
1793.750    -5.0    -3.8    -6.7
1795.752     0.7    -4.3    -2.3
1797.754    -1.8    -5.4   -11.5
1799.756     2.2    -6.7     3.9
1801.758    -5.5    10.4    -9.4
1803.760   -13.6     0.7   -17.9
1805.762   -12.2   -15.1   -11.5
1807.764    -8.3   -29.9   -25.3
1809.766     1.1     0.6    11.7
1811.768    -6.6    -1.4    -8.2
1813.770   -18.1     0.7   -25.7
1815.771    -3.9    -3.7     7.8
1817.773     4.6   -13.6   -16.1
1819.775    -1.2    -6.0     4.4
1821.777    -5.6    -0.8    -0.6
1823.779    -5.5     7.5   -11.4
1825.781    -0.2   -12.4   -10.1
1827.783    18.5   -16.3   -11.3
1829.785   -11.8    -7.3    -6.1
1831.787   -18.9    16.7     0.2
1833.789   -10.5   -11.8   -17.0
1835.791   -14.6     4.8     8.7
1837.793     2.0   -39.2   -10.0
1839.795    15.1    -6.7    -8.0
1841.797     4.0     7.9    -4.9
1843.799   -14.8    -2.2    -3.9
1845.801    -5.0   -21.6     3.1
1847.803    -5.2   -25.3     2.7
1849.805    16.5   -19.7    -5.5
1851.807   -13.4    20.8    -2.9
1853.809   -29.7    -3.5   -26.7
1855.811   -15.8   -22.9   -18.4
1857.812    -0.2   -14.2   -17.2
1859.814     5.8    -3.8    -9.9
1861.816   -35.0    19.4   -10.4
1863.818   -23.8     0.4    -5.5
1865.820   -16.5    -6.3    -6.2
1867.822    15.9    -8.4     3.5
1869.824   -16.0    -5.9   -15.2
1871.826   -22.2    14.3   -18.8
1873.828   -31.5    -3.6    -3.6
1875.830    14.9    -1.9    -5.2
1877.832    12.1     2.7    10.2
1879.834   -30.9     0.4     1.3
1881.836   -62.4   -43.0   -11.6
1883.838   -31.4   -43.4    -5.4
1885.840   -15.8  -103.4    -3.1
1887.842    20.0   -79.1     1.8
1889.844   -32.5   -47.8    -6.6
1891.846   -72.9   -50.3   -17.5
1893.848   -54.7   -42.0   -13.7
1895.850    11.3   -28.4    -8.8
1897.852    17.5   -21.2    15.3
1899.854   -25.6   -23.6    -7.7
1901.855   -32.6   -13.6   -35.9
1903.857   -25.4   -13.4    -5.2
1905.859    18.9   -24.2    -8.8
1907.861     0.6     8.8    -0.1
1909.863     7.0    -1.8    -7.3
1911.865   -30.5    -6.0    -8.4
1913.867    -9.2   -22.7    -5.0
1915.869     8.7   -12.4    10.1
1917.871     6.3   -11.4     6.3
1919.873     4.7     4.6    -8.9
1921.875   -13.4   -22.7   -13.4
1923.877   -12.6   -16.7    -9.3
1925.879   -15.2   -24.6   -13.9
1927.881    -7.9    15.8    -2.1
1929.883   -18.9   -20.6   -16.0
1931.885    -5.2    -0.5     1.7
1933.887   -21.8   -15.3    -3.1
1935.889    -4.1   -27.1   -19.5
1937.891     6.7     0.0    -0.4
1939.893    -1.8    -7.8   -15.2
1941.895    -8.7    -6.3     9.2
1943.896     7.3    -9.9    -1.4
1945.898    -5.3   -23.5   -37.8
1947.900   -13.1     7.7    -9.6
1949.902   -15.7     0.0   -20.3
1951.904    15.3    -6.7     7.2
1953.906     8.3    -6.4   -15.3
1955.908     4.6   -19.2   -14.8
1957.910   -21.6     5.4    -9.6
1959.912   -32.5     3.7    -3.9
1961.914    21.0     8.5    19.7
1963.916    13.5    -8.6    -0.5
1965.918     0.0   -21.2    -0.8
1967.920   -16.2    -7.0    -8.5
1969.922   -17.9    -2.1    -7.3
1971.924    14.1    19.4     6.7
1973.926    26.5   -14.2     0.2
1975.928   -15.4   -14.3    -9.3
1977.930   -37.7    -2.6   -20.5
1979.932   -17.4     6.8   -23.0
1981.934     8.3    -1.5     8.1
1983.936    30.0   -27.5     9.3
1985.938   -10.5   -17.8    -9.9
1987.939   -26.4    -0.3   -13.1
1989.941   -39.2   -15.8   -54.3
1991.943    20.1   -12.8     1.8
1993.945    12.1    -8.8     8.2
1995.947     6.2   -14.7   -22.4
1997.949   -23.9   -16.4    -2.1
1999.951   -33.5    -7.9   -18.6
2001.953   -13.0     7.7    -7.9
2003.955    31.3    -3.9    -6.4
2005.957    15.1   -10.1    -2.3
2007.959   -14.9   -20.3   -19.1
2009.961   -38.7   -16.6    -3.0
2011.963    -2.1   -11.0    -5.3
2013.965    26.3     0.2    -3.8
2015.967    37.0   -10.1    10.5
2017.969   -24.4   -18.7   -23.4
2019.971   -35.6   -15.3   -23.4
2021.973     5.8    -0.7   -20.9
2023.975    21.3    14.2     3.8
2025.977    19.7    -6.5    10.6
2027.979   -18.0   -15.7    -8.8
2029.980   -36.2   -17.9   -30.7
2031.982     5.6     5.2    -0.4
2033.984     9.4    16.3     3.1
2035.986    13.5     4.9     6.6
2037.988     5.3   -22.5   -16.1
2039.990   -12.5   -15.7   -16.4
2041.992   -19.7    -5.2    -5.9
2043.994    -9.0    10.1     1.7
2045.996    20.9    -2.9     9.2
2047.998    13.3   -12.8   -14.1

Event #475  ts=2026-09-25 11:44:25.326  [SELECTED]
  t[ns]  u1[mV]  u2[mV]  u3[mV]
  0.000     0.0   -22.6     2.1
  2.002    12.5   -17.9    -1.1
  4.004   -13.5   -14.8    -4.9
  6.006   -20.2     0.3   -13.2
  8.008   -34.0    -8.2   -20.0
 10.010     3.8   -23.6     0.1
 12.012    19.4   -12.4     3.0
 14.014    15.2   -31.4   -18.6
 16.016   -24.6     8.5     5.6
 18.018   -20.5     1.3   -33.2
 20.020   -25.8   -32.0   -21.6
 22.021    -4.1   -30.8   -25.1
 24.023    -0.4    -8.0     0.3
 26.025     6.3     4.6    -4.4
 28.027   -43.4    -1.9   -15.1
 30.029   -36.4   -16.9   -14.0
 32.031   -13.7   -34.5   -16.4
 34.033    10.4   -18.1    -7.0
 36.035   -20.8     9.1    -5.6
 38.037   -20.0    -2.2    -3.7
 40.039   -18.8     5.7    -0.6
 42.041    -9.6   -40.7   -30.1
 44.043    12.4   -40.6   -23.1
 46.045   -18.7    25.2    -2.7
 48.047    -9.1     7.6   -15.6
 50.049    -5.7     2.2   -14.0
 52.051   -12.7   -40.6   -20.1
 54.053    -7.7   -34.8    -7.3
 56.055    13.6    10.0     2.0
 58.057   -26.2     6.5   -21.7
 60.059     9.2   -34.4     6.1
 62.061   -18.7   -28.9    12.7
 64.062    -6.1   -24.8   -16.8
 66.064   -13.5    -0.9    -1.4
 68.066   -33.9    19.7   -24.0
 70.068    -7.8     8.8    -4.0
 72.070    -9.3   -26.9   -20.4
 74.072   -12.5   -26.2   -14.2
 76.074   -15.1    -9.3   -12.9
 78.076   -18.2    13.5    -3.7
 80.078    12.1     9.4     7.1
 82.080    -3.6     9.5     2.9
 84.082     6.7   -26.1   -12.5
 86.084   -19.9     8.5    10.3
 88.086   -15.7    -5.8   -15.1
 90.088    -1.1     9.8   -18.4
 92.090     7.7     0.1    12.3
 94.092     1.7   -10.0    -7.6
 96.094    -3.4   -22.8   -20.9
 98.096   -25.2     8.1   -25.8
100.098   -22.8    -2.8   -26.8
102.100   -15.1    -9.4    -4.5
104.102    12.1    -9.0     3.8
106.104    -2.8   -38.9   -25.3
108.105   -38.3    -1.0   -10.5
110.107    -2.2    -9.6   -31.1
112.109    -4.5    -2.3     3.9
114.111   -13.2    -5.2   -14.2
116.113    -7.8   -28.2   -29.8
118.115   -23.3    -9.6   -17.7
120.117   -15.5    -8.5   -15.5
122.119    -7.9    -7.8    -4.9
124.121     1.5     4.0    -8.8
126.123     5.0   -12.4    -4.3
128.125    -9.1    -3.7   -21.2
130.127   -20.1   -15.4   -10.5
132.129    -9.5   -10.6    -9.5
134.131    -2.2   -34.3   -22.3
136.133    -2.6     8.7     1.6
138.135   -16.7    -2.2    -6.6
140.137     0.9    -8.2    -3.6
142.139    -2.6    -1.4    -4.7
144.141    -9.7   -12.9   -14.9
146.143   -20.4   -36.7   -16.1
148.145    -0.2     9.0     0.6
150.146   -16.6    -8.2   -11.6
152.148   -13.3    -2.4   -13.3
154.150    -7.8   -17.5    -2.6
156.152     3.4   -31.0   -13.8
158.154    -0.4    -9.1   -21.4
160.156    -6.8    -1.8   -21.0
162.158    -9.6   -11.3   -20.4
164.160    -0.3   -18.3   -11.0
166.162     3.2   -30.1   -28.4
168.164   -11.5    -5.8   -27.3
170.166    -6.8     7.5     1.5
172.168     2.3    11.0     3.3
174.170    -3.9   -19.6   -16.7
176.172   -12.4   -15.3     3.1
178.174   -17.9   -18.3   -11.2
180.176   -16.4     1.3    -7.2
182.178     9.6     3.8    -9.3
184.180    -0.5     6.8    -2.4
186.182    -8.2   -14.4   -19.1
188.184   -21.6    -1.1   -14.6
190.186   -26.5     4.0   -18.4
192.188    -2.4    -9.4    -8.5
194.189     6.3    -4.7    -0.6
196.191   -70.2   -58.3   -35.2
198.193   -97.3  -100.4   -58.3
200.195  -110.8  -131.1   -62.8
202.197   -34.4   -99.0   -25.4
204.199   -35.9   -51.3   -55.2
206.201   -40.4   -55.3   -42.9
208.203   -52.6   -68.9   -48.3
210.205    -8.9   -23.5   -32.3
212.207   -17.6   -31.0   -15.4
214.209    -3.8    10.2    -2.1
216.211    -1.1   -12.2   -26.0
218.213   -38.6   -27.8   -13.4
220.215   -18.8   -22.2   -23.0
222.217    -2.9   -27.6   -23.5
224.219   -21.0     7.7   -21.0
226.221   -25.8   -17.4   -13.5
228.223   -14.5   -26.6   -22.0
230.225     6.4   -17.4   -11.7
232.227    -5.3    -4.4     6.7
234.229     2.9     3.1   -10.5
236.230   -21.6   -16.4   -18.4
238.232   -17.0   -16.1    -2.9
240.234     1.8   -20.4   -32.5
242.236    -3.6     3.6     2.5
244.238   -13.2     2.8   -18.7
246.240   -34.1    -5.3   -25.3
248.242    -0.1    -5.1     0.4
250.244    19.4   -17.6     1.9
252.246    13.7   -16.4   -10.8
254.248    -3.3     1.8   -12.3
256.250   -18.8   -23.8    -9.6
258.252     9.9   -24.6    -8.7
260.254    13.1    -1.1    -9.1
262.256    12.7   -18.4   -15.5
264.258   -29.1     0.0   -12.5
266.260   -16.0    -6.8   -24.4
268.262    -9.9   -14.9   -19.5
270.264     9.6     3.8    12.1
272.266     3.8    -5.5    -7.7
274.268     2.4   -23.4   -19.1
276.270   -10.4   -14.9    -2.6
278.271     4.7   -15.3   -30.9
280.273    -4.4     5.1    -1.9
282.275    -5.1    -3.4   -16.1
284.277   -24.9    -5.3    -5.6
286.279   -27.9    -9.6    -7.6
288.281    -4.0   -11.7    -2.3
290.283    13.4    -6.5   -17.3
292.285    -1.9     5.0     0.7
294.287   -25.3   -20.0   -10.1
296.289    -9.6   -10.1    -8.9
298.291   -15.8    -5.7   -17.7
300.293    -4.7   -10.0   -12.4
302.295    -7.5    -7.4    -3.6
304.297   -18.5    -4.3     2.4
306.299     6.3   -12.7    -2.1
308.301   -10.6   -22.2   -17.5
310.303   -10.1   -19.9   -16.2
312.305   -19.4   -12.8   -23.3
314.307    -5.3    -1.0    -6.8
316.309     7.1    -2.2   -11.6
318.311   -17.3   -19.3   -11.7
320.312   -30.2    -6.9   -21.6
322.314   -28.4   -14.3   -27.3
324.316     1.1    -1.6     8.2
326.318    25.7   -12.6    -1.9
328.320     6.8    -4.3    -7.6
330.322   -30.9    -8.4    -0.5
332.324   -12.9    -4.7    -7.1
334.326     9.7     2.7    -3.7
336.328    10.6    -1.0    -7.1
338.330    -1.2   -15.1   -19.0
340.332   -18.7    -5.2   -36.6
342.334   -33.2   -11.3   -19.2
344.336    -3.1    -5.5    -3.9
346.338    11.6   -16.5    -9.6
348.340     3.5   -17.4    -9.8
350.342   -35.1    -7.5   -22.6
352.344   -19.9     4.5     9.5
354.346   -23.4    -0.2    11.8
356.348    23.1    -7.5    -7.6
358.350     6.8    -6.6    -4.6
360.352   -35.4    -4.2   -18.9
362.354   -12.6   -11.1   -13.9
364.355    -3.8   -19.5    -7.7
366.357     5.8   -28.5   -14.1
368.359     6.6    -3.8    -1.8
370.361   -19.3    -0.6   -12.1
372.363   -40.0   -16.5   -32.5
374.365   -23.7    -3.9    -4.3
376.367    18.2    -5.0    17.9
378.369    26.7    -2.0     4.9
380.371   -14.3    -4.6    -8.9
382.373   -35.5     3.2    -6.4
384.375   -11.5   -24.8   -20.5
386.377    15.0    -7.2    -2.9
388.379     8.9    11.8    11.5
390.381    -1.4   -13.2   -29.6
392.383    -7.9   -11.6   -17.9
394.385   -18.7   -27.7   -23.1
396.387    -1.1   -13.0   -24.2
398.389    -1.1     6.5    -7.1
400.391     0.5    -8.5   -19.2
402.393   -14.8   -13.8     2.7
404.395   -36.3   -22.3   -11.9
406.396    -3.6   -18.8   -10.1
408.398     3.0    14.7   -12.0
410.400   -34.2    -4.1   -27.9
412.402   -26.9   -35.2   -15.7
414.404   -15.1    -3.8   -10.4
416.406     0.5   -13.7    -2.6
418.408     0.2    11.8    -7.1
420.410   -14.1   -15.2   -15.5
422.412   -10.5    -8.9     1.8
424.414    -1.3   -13.3   -15.4
426.416    -4.4     6.4    -7.4
428.418   -15.1   -11.4   -11.8
430.420   -19.3   -13.6    -4.9
432.422     0.5   -13.5    -4.7
434.424    -6.7    -5.6   -16.8
436.426    10.7    -1.7     8.4
438.428    -6.8     7.9    -2.1
440.430   -19.6   -37.2   -24.1
442.432    -4.7   -16.2     4.6
444.434   -17.0     5.6     5.4
446.436     8.7     1.5    10.3
448.438    -6.6    -6.1   -29.3
450.439   -25.7   -30.9    -7.6
452.441    -9.1   -30.8     2.3
454.443    -6.0    10.0    -8.0
456.445    -4.8    11.0    -3.1
458.447   -17.3    -9.6   -41.3
460.449    -3.6   -23.1     6.7
462.451    11.5    -5.4   -13.7
464.453   -15.8    12.6     0.3
466.455   -24.3    15.7     4.2
468.457    -4.8   -16.9   -17.0
470.459    -6.8   -45.9    -6.0
472.461    -8.7    -2.6   -14.6
474.463   -10.9     3.1   -14.4
476.465   -17.7    30.2   -14.0
478.467   -11.8   -19.2   -17.4
480.469    -6.6    -5.6     6.7
482.471     3.8     0.4    12.0
484.473    -4.2     5.7    -1.3
486.475   -11.2    -8.9   -20.8
488.477    -5.7   -14.2   -13.4
490.479   -15.0   -15.8   -18.5
492.480    19.7    -9.0     3.6
494.482    -5.9     6.1   -21.5
496.484   -21.0   -12.8   -13.5
498.486    -8.3   -35.2    -1.8
500.488     4.0   -18.0     3.5
502.490    10.5     1.5    -5.4
504.492   -17.8    25.3   -16.9
506.494   -12.4   -20.8   -16.3
508.496    -4.3   -39.6   -22.3
510.498    13.8   -11.5    -5.9
512.500    11.5    -6.5    -8.0
514.502   -11.2    -1.9   -13.2
516.504   -11.5    -0.1    -4.7
518.506     7.3   -28.1   -31.4
520.508    -1.3   -10.7    -4.3
522.510   -16.4     5.9    -9.4
524.512   -17.3    18.6     1.8
526.514    -6.4   -21.9    -6.9
528.516     0.5   -28.3    -7.4
530.518    -5.6   -14.8   -16.4
532.520   -24.1    13.5   -10.9
534.521    -1.2    -0.5   -22.9
536.523   -13.7     2.3    -4.9
538.525     5.4    -4.7    -3.8
540.527    -5.3   -20.5     4.2
542.529   -27.0     3.6   -18.3
544.531    -3.5   -12.8     0.5
546.533     7.1   -16.2   -25.6
548.535   -66.8   -62.6   -39.6
550.537   -92.4   -91.5   -37.5
552.539  -101.6  -108.7   -61.3
554.541   -22.4  -107.3   -35.0
556.543   -59.4   -58.7   -51.1
558.545   -46.6   -57.0   -40.8
560.547   -52.2   -56.1   -62.0
562.549   -34.6   -29.3   -46.4
564.551    -9.9   -28.7   -31.4
566.553    15.4   -21.3   -20.0
568.555    13.8   -19.8   -17.6
570.557   -40.2   -12.1   -20.3
572.559   -26.0    -9.8   -23.8
574.561   -17.8   -18.9   -18.2
576.562   -18.7     4.4    -6.9
578.564     2.3    -4.2    12.2
580.566     2.4    -3.6     2.0
582.568    -6.9    -4.5     1.0
584.570    19.5     6.6    16.4
586.572     3.5    10.8     3.7
588.574     2.7    -6.7    -4.7
590.576   -15.7    -8.8    -0.8
592.578   -13.7    -9.9   -26.9
594.580    -8.6     3.5    -7.3
596.582     2.1   -10.0   -16.8
598.584   -13.6    -9.1   -17.7
600.586   -11.6    -2.6    -4.3
602.588     7.1     2.1    -7.4
604.590    -2.5    -9.6    -8.0
606.592    10.6    -4.7     6.3
608.594    -9.5    -9.9    -4.0
610.596    -0.4     2.7     4.9
612.598     3.5    10.4   -12.0
614.600    10.1   -13.2     2.9
616.602    -9.6    -9.5    -8.0
618.604   -12.5     3.0     2.8
620.605    -8.2    -4.8   -13.0
622.607    -3.0     2.0     1.6
624.609     6.3    -7.6    12.4
626.611     9.0   -22.0    -5.9
628.613   -11.1    -6.8    -4.9
630.615     0.5     3.3   -14.6
632.617     0.3     7.6    -5.9
634.619    -1.1    -7.5     2.7
636.621   -13.3   -16.6     4.6
638.623     0.6    17.8    15.6
640.625    -7.8    -6.5   -31.5
642.627    11.1    -3.1     7.3
644.629     2.8   -18.7    -1.8
646.631    -4.8    -7.8    -1.1
648.633   -11.1     1.7     4.6
650.635    -9.0    22.2   -17.5
652.637   -25.3   -16.9   -12.6
654.639    15.9   -17.4   -14.0
656.641     2.0   -24.4    -3.0
658.643    12.3    -2.3     4.7
660.645   -31.1     1.3    -9.6
662.646   -23.7    -4.1    10.8
664.648    19.0   -31.9    -6.3
666.650    16.1    -6.8    14.9
668.652    -9.1   -14.3    -6.5
670.654   -20.6   -18.5   -16.8
672.656   -38.6    16.6   -18.7
674.658    10.8   -15.7    -7.6
676.660     5.9   -14.0     2.8
678.662     4.9     9.0     6.6
680.664   -23.7     4.1   -23.1
682.666   -16.8     3.3    -1.3
684.668    -0.1    -8.6    -1.7
686.670    25.8    -7.7    -5.7
688.672    -6.3     0.8    11.2
690.674   -16.1    -4.4   -26.1
692.676   -13.8   -12.4   -13.8
694.678     0.6     3.7    20.4
696.680    25.7   -29.2    -4.2
698.682    12.4     5.1    10.0
700.684   -16.1   -19.2   -23.2
702.686     1.5     9.4   -18.3
704.688   -12.7    -7.4     7.4
706.689    -1.5     3.9    10.9
708.691    -0.8    -2.3    -9.2
710.693   -13.5     2.6   -23.2
712.695   -18.0    -6.2   -13.7
714.697     9.7     0.1    11.4
716.699    11.1    -3.7    -6.7
718.701     5.1   -13.2     0.2
720.703   -10.1    -2.4   -11.5
722.705   -14.4     2.9    -4.6
724.707    -3.4   -21.2   -16.8
726.709     5.3    -2.6    -5.2
728.711     6.6   -15.0    -1.3
730.713     9.7    -7.9     1.3
732.715   -23.0     1.8   -13.2
734.717     6.4    -0.4     4.7
736.719     9.7   -33.1     2.5
738.721    21.2     7.3    12.7
740.723    -2.8    -4.9     7.0
742.725    -5.3    -1.1   -21.9
744.727   -28.3   -24.0   -14.6
746.729     8.6    -6.8   -12.5
748.730    10.6   -21.8   -11.2
750.732     4.3     2.1    -9.9
752.734   -14.9   -21.5   -34.4
754.736   -19.2   -10.9    13.9
756.738   -15.3   -10.3     1.9
758.740    30.8   -10.9     1.9
760.742     9.4    14.9    -1.7
762.744   -17.0    -6.2   -18.3
764.746   -42.9   -22.8   -31.1
766.748     6.4     8.6     6.9
768.750    22.1    -4.6   -12.9
770.752    33.3    11.5    -3.7
772.754   -27.3   -13.4   -20.5
774.756   -24.4   -22.7    -5.4
776.758    16.0    -8.7    10.0
778.760    18.1    13.0     6.9
780.762     9.5   -13.6    -3.6
782.764    -3.3   -10.1    10.5
784.766   -28.3   -14.0   -17.8
786.768    -1.8    13.0    -0.3
788.770     1.5     8.2    14.7
790.771     7.3    -6.4     0.7
792.773   -13.6   -15.3   -13.7
794.775    -5.9     3.4    -5.4
796.777   -17.5   -13.2    -4.7
798.779    14.6    -1.8    20.4
800.781     0.3    -7.0   -12.0
802.783    -3.2   -17.0   -12.4
804.785   -30.5    -9.4   -31.2
806.787    -2.1    12.8     5.8
808.789    -1.1    -1.8    -3.3
810.791    11.8     4.6   -13.9
812.793    -4.4   -14.2     1.6
814.795    -9.0    -0.5    -5.6
816.797    -7.5     0.8    -9.1
818.799    -6.6    15.8    -1.4
820.801     0.3   -17.0     3.2
822.803     5.6    -3.5     4.6
824.805   -19.4    -4.9   -18.5
826.807     7.9   -13.4    -1.7
828.809   -15.7     2.6   -10.7
830.811    10.4   -18.6    -5.4
832.812    -0.4     5.1     3.0
834.814     9.3    13.2    17.5
836.816     0.9    -1.0   -18.9
838.818   -18.7    10.9    -5.1
840.820   -10.0    -7.3    -6.4
842.822     1.7   -17.6    -0.5
844.824     7.9    -2.9    -9.0
846.826    10.6     9.4     4.3
848.828   -13.5    -0.1   -11.8
850.830    -2.2     8.4    11.2
852.832     6.2     2.2    -0.5
854.834    22.4     2.7    -3.9
856.836   -20.4    14.2    15.3
858.838   -13.7   -18.1   -21.6
860.840    -8.9   -21.7   -16.6
862.842    14.8    14.5    -3.8
864.844    -2.2     9.6    -2.0
866.846    -4.9     9.0   -10.0
868.848   -11.8     2.0   -32.5
870.850     0.0   -33.4     2.4
872.852     5.3     4.5     8.7
874.854     9.1    -5.4     1.8
876.855   -13.6   -12.2   -13.5
878.857     6.2     0.3     8.1
880.859    -4.4   -16.3    -5.5
882.861     4.6    -2.2   -11.9
884.863     0.8   -10.5   -16.6
886.865    -9.3     1.4   -19.3
888.867   -15.7    -7.3     2.1
890.869    -2.1     5.9     2.7
892.871     8.5   -15.5   -13.6
894.873     3.7     2.3     6.6
896.875   -13.2    -4.9    -6.1
898.877    -5.6   -16.8   -22.3
900.879    -4.6     2.1   -15.2
902.881     6.0     1.8     9.4
904.883    -3.4   -18.4   -18.2
906.885     4.8   -12.8    12.1
908.887   -22.2     3.4   -13.7
910.889    -6.9    11.5    -0.8
912.891   -15.1   -17.4   -23.0
914.893    -3.9   -16.4   -20.1
916.895     0.3   -13.7   -23.5
918.896     2.1     1.0    -4.7
920.898    14.2    -1.4    -6.8
922.900    -9.5    -0.2    -2.4
924.902    -8.7    -9.7    -4.3
926.904   -10.8     9.0   -11.7
928.906    -5.1    17.2     9.6
930.908    30.7    15.8    18.5
932.910    20.0   -14.6     5.4
934.912     9.2     7.9    11.7
936.914    11.3    13.4     5.2
938.916     4.1    33.8    16.9
940.918    16.4     0.2    17.4
942.920    22.5   -21.3    -4.9
944.922    -6.1   -16.6    -8.7
946.924     0.8    -1.6    10.8
948.926   -21.3    -6.7    -2.1
950.928     8.2    19.9    14.8
952.930    11.3   -16.5     1.4
954.932     0.9   -18.5     9.9
956.934   -40.6     2.1    -4.6
958.936    -6.3     3.2     6.2
960.938    -8.5     6.8   -20.5
962.939    23.5    30.0    30.9
964.941    18.7    -6.9     7.3
966.943    32.7    -6.2     9.6
968.945   -26.4   -11.5   -15.6
970.947     3.7    24.4    13.9
972.949    28.2    -8.0    -4.0
974.951    34.3    -4.1    26.7
976.953   -28.0   -11.7   -20.5
978.955    -2.6     7.2   -10.2
980.957   -29.7     0.0     5.7
982.959    18.4    15.0     8.7
984.961     1.4     2.2    14.0
986.963    14.0    20.2    15.6
988.965   -28.0    -3.3   -12.8
990.967    -3.3    10.1     4.7
992.969   -27.4   -22.0   -28.6
994.971    11.6    -9.8    -0.3
996.973     9.6   -30.6   -38.4
998.975   -28.8    -5.4   -20.9
1000.977   -56.0    -5.1   -31.1
1002.979   -16.3   -20.3   -34.7
1004.980   -13.8   -14.2   -35.0
1006.982    33.5   -14.7     5.8
1008.984   -11.3   -28.9   -21.8
1010.986    -8.1    15.2    -3.2
1012.988   -11.9    -6.5   -21.9
1014.990    12.7    12.3    12.3
1016.992    22.5   -10.6     9.7
1018.994    15.5   -13.1     7.2
1020.996    -8.7   -31.9   -16.7
1022.998   -10.4    -1.8    -8.5
1025.000   -15.5     2.3    -2.1
1027.002     9.1   -26.0   -13.1
1029.004    -2.9   -18.4    -0.3
1031.006    -8.6     0.8    -2.6
1033.008   -24.4     6.0   -16.0
1035.010   -19.2     0.9   -23.0
1037.012    -1.0   -14.9    -8.6
1039.014     7.4   -32.6   -11.7
1041.016     5.1     0.8    11.0
1043.018   -13.7    -0.8    -5.1
1045.020    -7.4    -4.0   -15.1
1047.021    -2.9   -11.0    -4.2
1049.023     3.0   -23.6   -11.9
1051.025    -7.1    -0.7    -7.5
1053.027   -12.5     5.0   -17.2
1055.029    -9.6     1.4   -19.1
1057.031   -14.2    -6.5    -5.6
1059.033    -0.2   -28.6   -14.3
1061.035   -17.6   -13.7   -15.0
1063.037   -17.9     3.6    -9.3
1065.039    -5.5    -9.7   -18.2
1067.041   -21.2   -15.3    -3.9
1069.043    -3.6   -16.0    -0.7
1071.045    -7.2   -20.9   -10.7
1073.047     8.6    22.5    -0.8
1075.049   -14.1    -1.3    -1.7
1077.051    -5.3   -19.0   -17.8
1079.053     2.9   -33.4   -26.2
1081.055    -8.8     2.9   -15.3
1083.057    -1.4     8.8   -17.0
1085.059     6.2     1.5    -1.7
1087.061     2.4    -1.4   -19.0
1089.062   -17.9   -32.3   -30.8
1091.064    -9.3    10.5    -6.1
1093.066    -6.5    13.5    -0.3
1095.068    -8.7    -0.8    -9.1
1097.070     5.6   -15.2    -5.1
1099.072     8.3    -7.9    -6.5
1101.074   -11.8   -22.2   -12.7
1103.076   -20.9    11.9     8.4
1105.078   -23.1     8.9   -17.1
1107.080     6.7   -23.6    -7.9
1109.082     0.2   -25.3     7.0
1111.084   -11.0   -15.7   -21.8
1113.086   -23.5    -0.8    -4.6
1115.088    -1.2    11.6    -6.8
1117.090    10.1    -5.3   -10.9
1119.092     0.4   -30.1     1.7
1121.094   -12.9   -28.9   -14.9
1123.096   -27.1    -1.3   -11.0
1125.098   -26.3    -4.7   -20.7
1127.100     7.0   -17.8    -2.6
1129.102    14.9   -25.6     5.7
1131.104    -3.5   -23.4    -5.4
1133.105   -35.1    -6.7   -23.2
1135.107   -16.1     6.0    -2.9
1137.109   -29.3    -6.8   -16.6
1139.111    25.0     1.2     3.8
1141.113    25.6    -8.7    -0.9
1143.115   -33.1   -12.8    -1.7
1145.117   -38.5    12.2   -19.6
1147.119   -16.4    -3.9   -17.3
1149.121    15.3    13.9    18.8
1151.123     3.0     1.4     2.8
1153.125    10.6    -9.4    -4.3
1155.127   -41.8   -18.2   -17.2
1157.129   -17.3   -13.4   -14.1
1159.131    23.1    -3.0    -0.2
1161.133    11.7     9.3    13.6
1163.135   -11.4    -3.7   -19.2
1165.137   -43.4     9.9    -3.7
1167.139   -23.4   -20.7   -23.3
1169.141    23.0    -0.6    11.7
1171.143    16.7    -7.2    -4.7
1173.145   -13.5    -0.8     8.2
1175.146   -36.7    -1.0   -14.9
1177.148     6.0    -6.2   -14.0
1179.150     6.8    -8.1     8.1
1181.152    -9.1     1.3   -15.1
1183.154   -16.3    -1.6    -6.6
1185.156   -34.1    -0.6    -2.6
1187.158    -6.8    -5.0    -7.8
1189.160     7.9   -16.2    -5.3
1191.162    -2.6     5.9   -16.2
1193.164   -19.9    20.9    -8.4
1195.166   -16.2     4.2   -12.5
1197.168     6.4   -31.2    -2.6
1199.170     2.0   -28.0    -1.3
1201.172   -15.1   -15.5   -11.5
1203.174   -20.0    15.2   -19.2
1205.176    -7.9     7.2    -5.7
1207.178    12.1    -6.9   -11.2
1209.180     7.1   -21.1     8.4
1211.182   -18.6   -10.6   -19.9
1213.184   -11.5   -14.8   -18.3
1215.186    -9.8    13.8    -4.5
1217.188    -1.8    10.7   -10.4
1219.189    13.2   -15.5     3.6
1221.191   -16.7   -16.2   -12.0
1223.193   -26.1   -13.4    -8.6
1225.195   -19.6     6.2     9.6
1227.197    -2.0    -7.9    -6.8
1229.199     3.2   -27.0    -8.8
1231.201   -15.0    -6.7    -5.9
1233.203   -28.3    -6.2   -21.2
1235.205   -15.5    -7.7   -18.0
1237.207    11.8     4.1   -12.9
1239.209    15.9   -23.8    -3.8
1241.211   -20.3    -4.6    10.3
1243.213   -27.8     7.3   -19.5
1245.215    -7.7   -16.1   -13.4
1247.217     6.5   -12.8    -8.3
1249.219    13.7   -28.3   -12.3
1251.221   -10.9   -28.7   -22.3
1253.223    -9.8    11.4   -19.9
1255.225   -10.4    -6.3   -22.3
1257.227   -24.7   -27.3   -11.4
1259.229    13.2   -18.9    -0.4
1261.230   -16.4    13.1   -10.1
1263.232     3.4     8.0   -14.6
1265.234    -8.8     1.7   -25.4
1267.236   -10.0   -35.8   -11.3
1269.238    -8.0   -37.5   -16.4
1271.240   -12.3    11.0     0.6
1273.242    -7.6    22.5   -27.5
1275.244   -22.4    -9.9   -14.0
1277.246    -9.3    -9.7    -2.3
1279.248   -22.0   -23.3   -16.5
1281.250   -13.7     9.3     7.1
1283.252     2.6    22.9     8.7
1285.254     3.0    -7.1   -13.9
1287.256    -7.7   -13.6   -13.7
1289.258   -14.8   -21.1   -24.2
1291.260   -14.3     0.2    -9.7
1293.262    -6.4     2.8     2.4
1295.264    12.5   -20.0   -11.4
1297.266     9.8   -33.1   -14.5
1299.268     1.1    -9.9    -8.2
1301.270   -22.4     1.2   -22.1
1303.271     0.4     9.1    -4.2
1305.273    11.4   -22.0   -16.0
1307.275    12.9   -36.7    -2.5
1309.277   -27.2     7.3    -3.7
1311.279   -41.3     4.2    -2.7
1313.281   -26.2    10.1   -15.9
1315.283     2.2    -4.1    -1.1
1317.285     7.6   -22.0     0.2
1319.287    -2.0   -18.7    -3.2
1321.289   -32.1     2.1    -6.5
1323.291   -18.2     0.1   -19.3
1325.293     9.2   -16.9   -13.2
1327.295    18.4    -4.7     0.3
1329.297   -11.5    -1.6   -19.1
1331.299   -24.5    -4.9   -11.3
1333.301   -39.4    11.0    -9.7
1335.303     7.7   -23.3    -9.5
1337.305   -10.1    -5.9     8.1
1339.307    -3.1     7.4    -1.8
1341.309   -37.4   -11.7   -29.3
1343.311   -29.0   -24.4   -24.3
1345.312   -20.0    -8.0   -15.6
1347.314     6.5    -5.9   -13.0
1349.316    35.4     2.1    -1.9
1351.318   -11.8    13.4     6.3
1353.320   -27.9    -7.9   -28.4
1355.322   -27.7   -18.6   -21.2
1357.324    18.1   -13.3   -10.4
1359.326    25.6     0.3    10.4
1361.328     7.4     6.8    -0.3
1363.330   -28.7    -2.8   -24.2
1365.332    -8.7   -35.3   -12.4
1367.334   -12.3   -13.5    -1.0
1369.336    13.0     4.3     8.6
1371.338    10.0     2.6    -3.4
1373.340   -18.4   -11.0   -22.8
1375.342   -16.7   -12.3   -13.3
1377.344    -4.0   -16.3    -1.9
1379.346     4.8     0.1    -3.8
1381.348     4.1     8.6     5.4
1383.350    -4.7    -7.1   -12.5
1385.352    -8.3   -12.3    -8.5
1387.354   -29.6   -17.1   -21.4
1389.355     3.8   -11.2     8.3
1391.357    -6.4   -14.6    -8.4
1393.359    11.0    -2.4     6.0
1395.361     3.6    -7.0   -11.7
1397.363    -9.9   -10.7    -8.4
1399.365    -4.6    -7.1    -2.3
1401.367    -8.1    -3.3   -23.2
1403.369    -3.0   -19.8    -9.1
1405.371     1.1    -8.1   -13.3
1407.373    -8.7     0.7   -29.1
1409.375   -25.5     5.8    -5.5
1411.377   -18.3   -13.5   -12.8
1413.379     0.5   -22.4   -20.0
1415.381    13.1   -12.9     7.1
1417.383    -1.9   -26.0   -22.9
1419.385   -28.3   -11.1   -20.3
1421.387   -18.3     2.2    -1.0
1423.389   -10.2   -29.1   -20.4
1425.391    19.6    13.6    27.5
1427.393    -2.6    -4.4    -1.8
1429.395   -37.5   -21.1   -26.7
1431.396   -28.1   -15.9   -14.7
1433.398   -10.9     5.3   -11.1
1435.400    12.8    -1.6   -11.9
1437.402    -2.6     6.0    -3.3
1439.404    -4.7    -8.0   -11.9
1441.406   -12.5    -7.0   -22.1
1443.408   -14.1    -1.3    -2.8
1445.410     0.0     7.8    -4.9
1447.412    14.8    -5.3   -11.2
1449.414     9.3   -12.4     5.7
1451.416    -1.1     3.2     4.6
1453.418   -45.1   -16.1   -29.7
1455.420   -25.2     6.5     1.7
1457.422     2.4    -0.3     2.4
1459.424    23.1   -23.9     4.9
1461.426    -0.7   -11.2     6.2
1463.428   -32.5    -6.9   -37.2
1465.430   -32.3   -11.1   -23.4
1467.432    -9.6    -6.1   -10.8
1469.434    14.4   -16.9    -4.4
1471.436    14.7   -19.1     8.3
1473.438   -27.2   -14.6   -15.4
1475.439   -54.6    -0.5   -22.3
1477.441   -17.9   -11.7   -26.9
1479.443    12.7    -3.3    -6.0
1481.445    16.4    17.6    12.1
1483.447   -16.9   -22.0   -26.4
1485.449   -52.6   -12.9   -21.5
1487.451   -16.1    -9.6   -15.2
1489.453    -9.8   -12.7   -16.0
1491.455    27.9     6.4     8.0
1493.457    11.2   -10.5   -14.3
1495.459   -38.2   -19.1   -25.4
1497.461   -40.0    -9.4   -20.4
1499.463    -7.8   -17.1   -22.8
1501.465    19.9    12.3    -1.8
1503.467    -2.3     4.7     4.3
1505.469     6.2   -18.2    -3.0
1507.471   -35.3   -23.4   -17.5
1509.473   -19.6   -15.8    -8.1
1511.475    24.4     3.1    -3.6
1513.477    -5.0     8.7    -6.6
1515.479   -10.9   -14.1   -24.2
1517.480   -28.9   -16.1   -28.4
1519.482   -31.5   -24.9   -25.4
1521.484    13.8   -18.9   -24.7
1523.486     9.1    13.7     0.9
1525.488    -8.5     8.4     1.0
1527.490   -31.5   -22.7   -13.7
1529.492     1.6    -2.9   -10.5
1531.494    20.0     4.0    10.0
1533.496     7.7    -5.3   -11.0
1535.498    -2.9     2.5     1.3
1537.500    -9.8    -9.4    -7.3
1539.502     7.5   -27.3   -12.7
1541.504    11.7   -14.8    -3.9
1543.506     4.9    -8.9    -3.2
1545.508    -9.3    -1.5    -3.4
1547.510    -1.4    -0.2     0.5
1549.512     0.3    -3.1   -11.9
1551.514   -12.4   -17.3    -9.0
1553.516    -8.9   -19.1   -11.2
1555.518   -13.0    -0.6    -9.7
1557.520    -7.0    -6.7   -12.6
1559.521     0.9    -8.6   -23.5
1561.523     3.1   -20.3   -18.2
1563.525   -15.7    -8.4   -10.6
1565.527   -10.1   -10.8    -3.7
1567.529    -2.5     3.9    -9.7
1569.531    -9.7     5.0   -12.1
1571.533    -3.6   -15.3   -20.3
1573.535   -14.0   -21.1   -29.3
1575.537   -16.8    -3.2    -1.8
1577.539   -11.7   -16.0     5.6
1579.541     0.7    -3.9    -2.7
1581.543   -22.8   -16.3    -6.2
1583.545     0.5    -4.8     3.2
1585.547    -7.5    -1.3   -15.5
1587.549   -20.6     8.6     0.7
1589.551   -15.7     2.8    -7.6
1591.553     3.8   -21.2     2.2
1593.555    -8.2    -0.9     5.3
1595.557    -2.9    -4.9   -14.0
1597.559    -9.4    -5.8    -5.7
1599.561    -5.7   -10.3   -16.5
1601.562    -8.5   -17.4   -26.1
1603.564    -1.7   -11.1   -17.3
1605.566   -24.0    13.9    -5.2
1607.568    -4.4   -16.4    -8.7
1609.570   -14.7   -15.9    -5.1
1611.572   -12.8   -20.7    -6.5
1613.574   -16.7     5.6   -21.4
1615.576     0.4     3.9   -11.9
1617.578     3.5    14.2    -0.6
1619.580    -2.4   -20.0   -12.8
1621.582     2.1   -28.1   -11.1
1623.584    -0.8     9.5     4.5
1625.586   -14.3     4.7   -21.4
1627.588    -4.9     3.2    -6.6
1629.590   -16.6    -5.6   -16.2
1631.592   -35.7   -30.3   -21.7
1633.594   -19.4    -4.5     8.3
1635.596   -15.7    -5.7   -16.4
1637.598     9.9     5.2   -13.3
1639.600   -15.0    -8.1   -21.5
1641.602    -5.2   -10.5    -6.6
1643.604     0.4   -18.7   -24.1
1645.605     2.9     3.1    -7.4
1647.607   -30.5   -21.7   -17.7
1649.609   -10.0   -26.6   -33.7
1651.611   -14.5   -37.5   -46.0
1653.613    18.2   -10.1     5.9
1655.615   -15.8   -22.0   -37.6
1657.617   -27.4    -4.6     1.7
1659.619   -20.2    -1.6   -11.4
1661.621    -2.3   -11.0    -2.9
1663.623    -7.3     8.0     9.7
1665.625     4.8   -14.3   -20.0
1667.627   -19.3   -29.4   -21.4
1669.629   -18.8   -13.9   -15.4
1671.631   -12.3    -7.6   -26.8
1673.633     3.2     9.4     0.8
1675.635   -12.2     3.3    -4.1
1677.637   -19.2   -16.2   -14.5
1679.639   -32.3   -43.1   -37.8
1681.641    -0.6     3.4    12.2
1683.643     4.2    -3.7   -15.6
1685.645    -0.8    10.5    -5.4
1687.646   -12.6   -33.9   -19.5
1689.648   -32.9   -33.0    -8.4
1691.650    -9.7   -13.6   -17.9
1693.652    -9.2    12.6    -1.5
1695.654    -8.2   -14.4   -28.8
1697.656   -21.3   -27.8   -12.2
1699.658     6.5   -21.6   -15.5
1701.660   -10.2    -8.0     1.1
1703.662   -14.3   -12.9    -4.1
1705.664   -24.1   -18.2   -33.7
1707.666     3.8   -17.6    -4.2
1709.668    20.7    -7.7     4.4
1711.670    12.4   -18.2   -14.6
1713.672   -23.1    -2.9     1.8
1715.674   -38.6   -29.0   -45.6
1717.676   -29.9   -19.5   -12.3
1719.678    -9.1   -30.7   -29.7
1721.680    -4.4   -14.6   -18.8
1723.682   -17.6   -11.9   -12.4
1725.684   -51.8   -11.4   -26.4
1727.686   -57.0   -17.9   -24.5
1729.688     1.6   -17.6   -11.2
1731.689    -2.0     4.6    -9.4
1733.691   -10.4    -1.8    -9.0
1735.693   -24.6    -9.6    -6.5
1737.695   -23.7   -12.5   -19.7
1739.697   -21.3   -24.5   -33.7
1741.699     8.9    -2.3    -0.1
1743.701   -22.4   -20.5   -20.8
1745.703   -15.9   -12.6   -15.8
1747.705   -35.2   -15.3   -25.7
1749.707    -0.4   -21.2     0.8
1751.709    -4.8   -26.9    -9.8
1753.711    13.4    -4.5   -12.1
1755.713   -22.4    -6.6   -30.7
1757.715    -1.2   -35.9    -6.4
1759.717   -21.3   -21.3   -14.6
1761.719    -9.3    -1.3   -11.3
1763.721    -9.3   -14.7   -10.5
1765.723   -14.8    -1.0   -11.0
1767.725   -24.9    -5.7   -18.9
1769.727   -13.5   -16.5   -12.7
1771.729   -19.3   -32.1   -16.8
1773.730     7.8    13.4    13.2
1775.732   -31.1   -11.2   -35.6
1777.734    -7.1    -3.3     0.0
1779.736   -29.1   -15.4    -8.7
1781.738   -20.1   -20.0   -29.0
1783.740   -14.5    -0.6    -7.4
1785.742   -11.8    12.7   -19.9
1787.744   -20.3   -22.4   -34.1
1789.746    -1.5   -11.6    -0.7
1791.748    -1.3   -27.2   -22.1
1793.750     0.3   -23.8   -11.6
1795.752   -26.0     4.2   -34.5
1797.754   -12.4     8.0   -34.8
1799.756   -26.9   -12.9   -15.3
1801.758     0.8   -20.6   -16.7
1803.760     2.5   -26.4   -20.2
1805.762   -37.3     2.6   -27.4
1807.764   -42.8   -11.7   -24.7
1809.766    -8.6   -10.6   -16.2
1811.768     2.6   -36.1   -20.5
1813.770     2.2    -2.9    -0.1
1815.771   -29.9     4.0   -11.0
1817.773   -41.0    -6.4   -17.0
1819.775   -35.3   -11.9   -12.4
1821.777     0.3   -21.0    -8.8
1823.779     3.8   -13.3     3.7
1825.781   -25.0    -2.4   -13.5
1827.783   -41.0   -10.2   -29.0
1829.785   -18.7   -13.3    -8.3
1831.787     4.7   -31.9   -24.8
1833.789     7.6    17.5    17.2
1835.791   -30.1   -11.2   -15.6
1837.793   -27.8    -0.4   -30.7
1839.795   -17.7   -17.1   -15.7
1841.797    -1.4   -26.7   -28.5
1843.799    -8.9   -30.5    -6.7
1845.801    -5.9    -0.6    -7.8
1847.803   -33.6   -31.4   -35.6
1849.805   -29.9   -20.6    -6.3
1851.807   -17.0   -20.7   -19.5
1853.809    10.2    -6.6    -5.0
1855.811    -9.7    -1.4    -4.3
1857.812   -20.5   -13.4   -17.3
1859.814   -20.0   -13.5   -19.8
1861.816   -11.7   -15.6    -4.6
1863.818    -5.2   -36.5   -15.2
1865.820    -4.8    -3.4    -5.8
1867.822   -18.1   -17.7    -8.9
1869.824    -0.8    -7.6    -5.4
1871.826   -10.5   -29.5   -32.3
1873.828   -18.4   -11.1    -5.6
1875.830   -18.2   -15.7   -18.2
1877.832   -16.0     1.8   -11.7
1879.834    -0.3   -12.5    -8.4
1881.836    -2.7   -14.9   -20.1
1883.838    -3.7   -19.6   -11.8
1885.840   -15.7   -14.1    -0.4
1887.842   -16.5   -22.8   -22.7
1889.844     9.2    -4.5   -16.7
1891.846    -4.2   -21.8    -5.4
1893.848    -2.3   -15.8     2.7
1895.850   -17.4   -18.8   -15.5
1897.852   -24.1   -20.7   -16.3
1899.854    -7.3   -11.8    -0.1
1901.855    -2.6   -14.2    -8.1
1903.857   -16.0   -23.2   -23.6
1905.859    -3.1   -29.4    -2.6
1907.861   -16.2   -22.6   -15.5
1909.863    -5.1     8.1    -9.5
1911.865   -12.1     2.4    -1.7
1913.867    10.3   -22.1   -23.5
1915.869   -18.5   -19.8     8.7
1917.871   -10.4   -28.9   -19.8
1919.873   -17.4   -33.4   -26.7
1921.875   -13.3    12.5   -11.2
1923.877   -12.1   -35.9   -32.9
1925.879   -13.0   -34.6   -21.6
1927.881   -21.5   -14.5   -27.3
1929.883    -9.4    -7.8    -5.2
1931.885   -23.0    -4.4    -9.8
1933.887    -7.8    -2.7   -15.0
1935.889   -13.2   -22.3    -8.0
1937.891    -2.1    -6.5    -4.4
1939.893   -11.7   -25.7   -22.5
1941.895    -5.2     5.3   -20.2
1943.896   -23.0   -14.7   -23.9
1945.898   -12.8   -12.2    -8.1
1947.900    -4.6   -25.5   -17.1
1949.902    -3.3   -10.3    -9.5
1951.904   -26.5     3.2    -2.1
1953.906   -18.7    -6.3   -19.8
1955.908   -23.8   -13.8   -27.6
1957.910     2.5    -8.0     2.5
1959.912   -11.9   -26.9   -14.6
1961.914   -30.0     5.5   -13.2
1963.916   -29.2    -9.2   -25.3
1965.918   -17.2   -15.2   -33.0
1967.920    -7.8    -0.2   -12.6
1969.922   -12.1     3.2    -4.9
1971.924   -14.8   -23.2   -20.0
1973.926     3.5   -19.8   -12.1
1975.928    -8.8   -17.9   -11.1
1977.930    -9.4    -3.6   -11.0
1979.932    -5.3   -12.5   -14.3
1981.934   -17.8    -1.8    -9.2
1983.936   -25.7   -32.3   -30.7
1985.938   -11.8    -8.7   -10.4
1987.939   -29.5   -30.5   -32.2
1989.941    -7.7   -14.2    -5.0
1991.943   -18.1   -23.3   -15.5
1993.945    10.4    -4.6   -17.9
1995.947   -18.0   -21.6   -26.0
1997.949   -11.7   -11.2   -29.1
1999.951   -52.0   -17.1   -25.8
2001.953   -15.8   -18.5   -18.9
2003.955    -9.8   -43.5   -22.7
2005.957    -2.1    -7.4    -5.8
2007.959   -39.5   -41.0   -48.9
2009.961   -34.0   -14.1   -40.3
2011.963   -45.4   -31.1   -23.5
2013.965     3.3   -22.2   -22.4
2015.967     5.7   -10.0   -24.5
2017.969   -20.7   -15.5   -14.2
2019.971   -51.1   -42.9   -43.1
2021.973    -7.0   -20.8     3.4
2023.975     4.5   -15.3   -11.7
2025.977    10.5     5.6     0.2
2027.979   -22.0   -16.2   -16.3
2029.980   -41.8   -28.3   -20.2
2031.982   -30.6   -51.6   -29.8
2033.984     5.9    -6.6    -3.7
2035.986     0.8   -27.6   -11.6
2037.988     7.3    18.9   -16.9
2039.990   -51.2   -47.0   -35.1
2041.992   -38.3   -35.6   -15.0
2043.994   -11.1   -39.7   -14.4
2045.996     5.5     9.6     9.4
2047.998   -17.9    -5.3   -26.0

Event #478  ts=2026-09-25 11:44:26.886  [SELECTED]
  t[ns]  u1[mV]  u2[mV]  u3[mV]
  0.000   -12.1     0.5   -28.4
  2.002     6.8   -17.3     8.8
  4.004    -7.2   -14.9    -1.6
  6.006    10.7   -13.1    10.3
  8.008   -23.3   -29.9   -22.7
 10.010    27.0    13.6    11.9
 12.012     3.1   -18.4   -18.5
 14.014     3.3   -18.2   -26.3
 16.016   -10.4   -26.4   -14.9
 18.018    -8.5    -4.6   -17.1
 20.020    -9.2    17.1     5.9
 22.021   -12.1    15.3    -0.6
 24.023     8.4   -25.3   -11.7
 26.025     6.1    -5.5     5.0
 28.027   -18.7    -3.3   -18.5
 30.029     2.8    17.9    12.7
 32.031    -4.5    -7.4   -16.6
 34.033     9.3   -15.1   -10.3
 36.035    -8.3   -22.8   -10.9
 38.037   -10.1    -4.1    -4.0
 40.039   -15.7    14.4    -3.2
 42.041    -5.4   -12.8   -11.0
 44.043     0.4   -25.8   -11.9
 46.045     3.6   -12.4   -10.6
 48.047   -13.8    -3.9   -27.4
 50.049   -11.4    19.7     1.0
 52.051    11.0   -38.7   -17.9
 54.053    -2.7    -4.4     4.4
 56.055   -21.0    -2.0   -18.9
 58.057   -18.1     3.4   -13.6
 60.059   -14.9    -9.3    -0.3
 62.061    11.3   -31.1    -8.1
 64.062    12.3   -15.7    -2.0
 66.064     1.8    -0.1    -4.2
 68.066   -29.7    -1.4   -17.7
 70.068     0.6    -4.9   -16.3
 72.070    -2.0   -31.6    -7.7
 74.072    21.3    -7.7     9.5
 76.074   -18.5    -2.3   -17.6
 78.076   -23.3    24.3     5.6
 80.078   -14.7   -24.8   -10.2
 82.080    -1.8   -22.6     0.7
 84.082    10.7    -1.0     7.8
 86.084   -27.1     3.8    -4.6
 88.086   -46.7   -12.4   -13.4
 90.088    -1.8     1.4     1.4
 92.090     5.2    -6.5    -5.9
 94.092    21.7    19.1    19.1
 96.094    -9.1    -0.7   -16.4
 98.096    -7.8    -3.2   -20.0
100.098   -15.8   -30.3   -26.1
102.100     7.8     3.5    11.2
104.102     3.5    -3.2   -17.8
106.104    -5.3    -5.4     3.8
108.105   -17.0     5.2    -3.1
110.107     7.5    -9.6    -6.9
112.109    12.4   -41.5     9.2
114.111    10.7    22.7    12.8
116.113   -12.2    -3.6     1.6
118.115    -2.5    22.2    15.4
120.117     2.6   -33.8   -15.4
122.119    15.6    -3.3    31.1
124.121   -25.8    -7.1   -27.1
126.123   -33.1   -14.2   -43.6
128.125   -37.8    -8.5   -23.7
130.127   -11.8   -39.4   -28.0
132.129   -39.4   -24.5   -25.3
134.131   -14.3   -11.4   -20.2
136.133   -33.9   -21.0   -41.3
138.135     4.3    -1.7     0.9
140.137    -0.7   -27.7   -20.2
142.139    -0.2     8.0     6.6
144.141   -11.1    -2.9   -32.4
146.143    -1.4     0.7   -13.0
148.145    -8.2   -13.9    -6.8
150.146     6.2   -19.6     0.4
152.148    -9.2     0.2    -0.4
154.150   -12.1   -13.8   -33.0
156.152   -21.5   -12.8    -4.1
158.154    -3.8   -26.3   -21.9
160.156    -6.4   -49.2    -9.9
162.158   -21.0     1.4    -2.5
164.160   -10.4    -6.4   -20.6
166.162   -21.0   -10.1   -31.3
168.164   -10.7   -23.9   -23.9
170.166    -9.9   -24.5   -13.9
172.168    -5.3    -4.1   -17.9
174.170   -23.7    -3.9     2.5
176.172    -9.1   -21.5   -21.8
178.174    -8.7   -18.3   -19.3
180.176   -19.0    -3.0    -0.5
182.178     0.3    -2.1   -16.0
184.180   -33.3   -10.0   -25.5
186.182   -17.6   -13.0    -7.9
188.184   -19.2   -12.2   -10.6
190.186     0.4    -9.4   -15.5
192.188   -28.3    -8.1   -13.7
194.189   -22.0   -17.8    -9.6
196.191    11.5    -9.8    -8.8
198.193    -4.4   -23.5    -5.1
200.195   -19.9   -21.4   -12.9
202.197   -26.7   -16.3    -7.2
204.199    14.0     5.0   -10.8
206.201    10.8    -9.6     7.2
208.203    12.0   -25.2   -19.8
210.205   -14.2   -17.9   -25.4
212.207   -34.7   -15.0   -32.3
214.209   -16.1    -0.5   -19.3
216.211     2.9    -2.2    -4.0
218.213    -1.0   -14.9   -35.8
220.215   -39.7   -18.7   -22.9
222.217   -27.0    -9.5   -28.5
224.219    -5.0     0.8    -4.7
226.221     1.3     0.7     7.5
228.223    12.2   -22.5   -25.8
230.225   -20.9   -19.6   -19.0
232.227   -44.0   -10.9   -32.4
234.229   -12.7    -7.7    -7.1
236.230    -0.3    -1.4   -21.6
238.232     5.7   -35.2   -18.1
240.234   -11.0   -20.6    -4.9
242.236   -47.0   -11.7   -24.3
244.238   -30.1    -3.8   -20.7
246.240    11.2   -12.4   -24.5
248.242    -8.3   -21.3   -33.7
250.244   -35.9   -37.9   -49.8
252.246  -111.4  -139.3  -175.6
254.248  -105.8  -164.7  -215.2
256.250   -51.4  -149.0  -198.7
258.252   -45.0  -133.7  -184.3
260.254   -42.6   -85.6  -153.8
262.256   -62.3   -88.6  -137.1
264.258   -50.1   -56.3  -114.3
266.260   -18.6   -34.9   -69.6
268.262    -1.0   -27.4   -52.9
270.264    -4.0    -8.6   -34.6
272.266   -12.4   -28.5   -38.4
274.268   -35.2   -29.1   -36.9
276.270   -23.2    -9.6   -21.9
278.271    -1.1   -12.4   -27.3
280.273     3.4    -2.7   -22.8
282.275   -31.7   -16.3   -21.5
284.277   -44.2    -6.6   -21.2
286.279   -14.0   -24.0    -7.6
288.281    -9.0    -5.8   -27.8
290.283    11.8   -10.5   -14.1
292.285   -18.1    -9.6   -14.6
294.287   -17.5   -16.4   -22.6
296.289   -46.6     4.1   -17.0
298.291    -3.1   -18.8   -21.4
300.293    23.0   -10.8     1.1
302.295    -0.8   -13.9   -22.1
304.297   -33.3    -5.0    -4.2
306.299   -29.2   -28.1   -22.9
308.301     0.2   -26.8   -20.8
310.303     1.9    -5.7     4.6
312.305    -8.2    -4.2   -26.1
314.307   -30.0    -8.9   -17.8
316.309   -33.1   -20.0   -25.1
318.311   -22.5   -21.0   -27.2
320.312    -7.1    -1.5   -20.2
322.314     0.0    -0.6   -10.5
324.316    -8.8    12.5   -18.2
326.318   -19.4   -17.6   -19.8
328.320   -12.6   -36.3   -10.0
330.322   -10.5   -15.3   -10.7
332.324    -4.5    -1.6    -7.8
334.326   -11.8   -18.4   -38.5
336.328    -1.4   -20.5   -10.2
338.330    -1.1   -13.1   -19.4
340.332   -12.4   -26.8   -29.9
342.334   -27.2    -2.1    -9.6
344.336     0.5   -30.0   -43.1
346.338     2.1   -10.5    -0.4
348.340    -0.9   -13.3   -12.7
350.342   -22.2    -9.9     3.6
352.344   -42.6   -16.1   -22.5
354.346   -19.4   -26.6   -14.4
356.348    -9.6   -25.4    -7.4
358.350    -0.5   -29.1   -15.6
360.352   -41.7   -10.0   -16.6
362.354   -45.4   -22.7   -39.0
364.355   -11.5   -17.7    -9.7
366.357    19.7    -3.7   -14.9
368.359     6.0     2.2    -9.1
370.361   -30.7   -13.5   -27.5
372.363   -51.0   -35.2   -27.4
374.365   -26.7   -16.0   -17.9
376.367    24.7   -22.1    -4.7
378.369    -0.7    -1.5    -4.2
380.371   -17.2    -6.8   -15.5
382.373   -50.7   -17.9   -29.7
384.375    -5.7   -17.2   -13.0
386.377    19.2   -18.4    -8.3
388.379     8.6    11.4    17.1
390.381     2.6    -0.3    -9.2
392.383   -32.5   -15.2   -20.6
394.385   -19.7   -24.0   -25.7
396.387   -11.2    10.0    -4.5
398.389    16.2    -6.4    -9.8
400.391   -12.6   -11.8   -18.8
402.393   -30.8   -28.8   -13.9
404.395   -28.1   -22.5   -25.0
406.396   -16.5    -2.6    -8.3
408.398    -4.2    19.5   -19.7
410.400   -20.2    -9.5   -10.3
412.402    -8.4   -19.8   -10.2
414.404   -31.3   -25.9   -17.2
416.406    -4.6     2.2     5.0
418.408    -3.2     4.3   -22.9
420.410    -1.5    -2.7     3.1
422.412    -3.3   -29.8   -17.5
424.414   -28.2   -26.1   -10.9
426.416   -11.6    -3.2   -19.1
428.418     7.0    -9.9    -1.9
430.420     0.3     4.1    -7.2
432.422     5.6   -14.5   -15.8
434.424    -6.4   -14.0    -9.3
436.426   -29.1   -17.5   -38.2
438.428   -27.8   -22.6    -8.4
440.430     8.8   -14.8   -21.4
442.432   -10.2   -11.3    -7.2
444.434   -18.3     3.9    -0.4
446.436   -26.5   -19.6   -25.1
448.438   -22.6   -13.1    -7.8
450.439    -3.9    -6.0    -7.3
452.441    21.7     0.4     4.9
454.443    -1.2    -5.5   -22.3
456.445   -33.3   -12.2   -27.9
458.447   -37.4   -12.4   -28.0
460.449    18.0     0.0     1.9
462.451     5.7   -10.5    11.5
464.453     5.2     3.5    -6.9
466.455   -33.5   -32.1   -25.7
468.457   -25.9   -14.2    -6.3
470.459    -6.7   -11.6    -6.2
472.461     1.5    -5.4     1.6
474.463     4.0   -27.5   -21.6
476.465   -15.4   -26.0   -19.5
478.467   -41.5   -10.7   -17.3
480.469    14.2   -11.7    -8.1
482.471     5.1    -5.9    -5.5
484.473     5.4   -14.4    -7.7
486.475   -23.5   -19.2   -16.6
488.477   -25.2    -3.6   -17.6
490.479   -23.9    -2.7   -15.2
492.480    13.6    -2.6    -9.5
494.482   -12.5   -17.0    -7.9
496.484   -16.1   -20.0   -18.7
498.486   -18.8    -8.1    -0.8
500.488   -13.4    10.4    -1.0
502.490     3.8   -15.1   -17.9
504.492     2.4   -11.3   -10.6
506.494   -12.7   -18.3   -33.2
508.496   -13.0     0.4    -9.3
510.498   -14.9   -24.4   -36.2
512.500    -2.1   -11.2   -10.5
514.502   -15.0   -11.2   -20.6
516.504   -13.5    -2.6    -3.5
518.506   -24.0     1.6   -18.1
520.508     2.0   -26.0   -11.4
522.510   -27.2   -52.7   -44.9
524.512   -31.4   -27.7   -39.9
526.514   -89.8  -112.2  -158.6
528.516   -72.1  -171.7  -226.6
530.518   -70.6  -141.9  -206.3
532.520   -53.1  -123.0  -202.7
534.521   -54.5   -98.5  -158.5
536.523   -35.6   -59.9  -126.5
538.525   -39.0   -50.4  -123.5
540.527    -2.9   -26.1   -60.1
542.529    -4.9   -39.5   -64.6
544.531   -12.4   -15.1   -29.8
546.533   -29.7   -17.3   -44.5
548.535   -16.1   -42.8   -47.6
550.537    -8.0   -30.2   -25.5
552.539    25.5   -18.0   -12.6
554.541   -17.3   -27.6   -23.8
556.543   -33.2    -3.0    -2.6
558.545   -33.1   -25.4   -36.0
560.547     3.1   -11.5    -5.7
562.549   -17.6   -19.0   -19.8
564.551    -9.8    -1.4   -21.2
566.553   -32.4   -21.5   -40.2
568.555   -10.9    -8.3   -31.9
570.557   -18.3   -24.0   -16.9
572.559    10.3    -4.5   -14.4
574.561     6.8   -13.8   -10.4
576.562   -12.9    -1.9   -13.3
578.564   -24.7   -24.2   -32.6
580.566     0.1   -29.1    -5.0
582.568    13.8    -6.1     1.9
584.570     2.2    -2.3    -6.6
586.572   -16.3     6.2   -13.9
588.574    -8.4   -21.7   -11.5
590.576   -27.0    -8.6    -0.3
592.578    -7.9    -6.5    -8.7
594.580     1.5   -12.6   -16.6
596.582     0.0     0.4     4.5
598.584    -9.8   -27.5   -25.2
600.586   -11.1   -10.2    -6.2
602.588   -22.5   -17.5   -15.9
604.590     0.4     9.6     3.8
606.592    -8.1    -7.1   -11.6
608.594    -6.1   -19.3   -26.3
610.596   -21.1    -3.6   -11.3
612.598   -28.6    -1.2   -32.5
614.600   -10.4   -12.0    -9.3
616.602    -1.1   -16.3   -10.8
618.604     8.0   -11.6    -5.4
620.605    -9.2     2.5    -1.4
622.607   -21.2   -14.5   -24.3
624.609    -7.1   -11.1    -5.4
626.611     0.0   -16.4   -11.6
628.613     5.1   -18.4    -1.6
630.615   -11.0    -7.0   -14.7
632.617   -17.3   -15.4   -19.3
634.619   -41.8   -10.8   -17.5
636.621    -1.3   -16.5     1.9
638.623    -1.4   -16.3    -7.6
640.625    -2.0    -7.1    -7.8
642.627   -15.7     0.0   -18.0
644.629   -16.2   -10.6   -17.4
646.631     0.5   -24.3   -25.1
648.633    -2.1    -8.4   -14.9
650.635    -8.0   -19.1   -17.6
652.637   -11.7   -20.1   -26.8
654.639   -15.2     1.6    -2.2
656.641   -17.5     5.8    -7.0
658.643   -10.9    -9.0    -4.4
660.645    -8.0    -7.2   -21.9
662.646    -5.8    -7.6     3.5
664.648    -0.9    -0.9    -1.1
666.650     0.7    -6.2   -13.9
668.652    -7.2    -0.5   -12.5
670.654     1.6   -17.2    -3.9
672.656     1.5   -12.3   -11.4
674.658     0.2   -12.3    11.5
676.660    -5.3    -3.7   -10.3
678.662    -5.4    -5.4    -7.8
680.664   -11.7    -6.3   -12.0
682.666    -5.8   -14.2   -13.6
684.668     1.6   -10.9    -7.9
686.670    -1.6     2.7     3.6
688.672    -6.4   -22.7    -4.6
690.674    -0.5   -19.6   -27.4
692.676     2.3    -7.3    -2.2
694.678    -8.1     0.4     6.5
696.680     7.7     5.4    -8.6
698.682   -11.4   -14.0    -9.8
700.684   -20.6   -19.5   -22.5
702.686    -5.8   -15.7   -19.9
704.688     1.3     7.1   -18.4
706.689    -2.8    -1.8   -11.4
708.691     1.4   -18.2   -13.7
710.693   -17.5   -32.4   -23.4
712.695   -22.4   -16.9   -13.9
714.697     0.5     9.2    -3.9
716.699   -24.7   -12.3   -31.8
718.701   -37.9   -26.7   -46.1
720.703  -103.8  -131.7  -171.4
722.705   -90.9  -179.6  -219.9
724.707   -71.5  -115.6  -191.0
726.709   -57.0  -105.9  -194.2
728.711   -44.5   -93.4  -150.3
730.713   -43.2   -85.5  -147.0
732.715   -29.3   -50.3  -108.0
734.717   -10.9    -9.4   -62.3
736.719    -6.8   -14.6   -54.0
738.721    -5.6   -14.2   -34.9
740.723   -21.7   -32.7   -34.8
742.725   -20.9   -33.7   -33.3
744.727   -14.4    -7.6   -28.0
746.729    21.2    -1.4   -18.7
748.730    16.5   -22.7   -29.1
750.732    -1.2   -39.6   -17.7
752.734   -24.4   -30.4   -25.8
754.736     0.3    -0.9   -12.4
756.738   -16.1     8.0   -11.9
758.740    13.1    -9.0    -9.2
760.742   -14.3   -22.1   -30.0
762.744   -15.6   -18.3   -16.6
764.746   -29.2    -9.8    -9.9
766.748   -11.7    -2.7    -7.5
768.750    12.8    15.7    -2.2
770.752     1.7   -25.7   -24.4
772.754   -13.4   -20.7   -11.1
774.756   -20.1   -25.8   -34.9
776.758    -3.0     7.1    -0.5
778.760     8.8    -5.6   -12.5
780.762     6.3   -22.0   -17.2
782.764   -12.2   -14.1   -24.8
784.766   -25.6   -23.2   -26.5
786.768   -33.1    -7.0   -26.9
788.770    -7.9    10.7     3.2
790.771    13.5    -5.6     5.2
792.773     1.4   -16.2    -9.4
794.775   -29.8    -8.8   -14.7
796.777   -16.1   -22.0   -27.4
798.779   -18.0    10.2     5.8
800.781    14.3   -11.5   -10.3
802.783     3.2    -8.8   -23.7
804.785   -20.3   -10.0   -29.7
806.787   -29.1    -7.4   -25.4
808.789   -28.5    -6.2    -9.3
810.791     1.7   -12.6   -16.4
812.793    10.7     2.7     2.1
814.795    -1.8    -9.0   -23.6
816.797   -17.8    -9.6   -22.1
818.799   -17.3    -4.8    -8.1
820.801   -15.3   -21.2    -7.6
822.803    16.7     1.5    -0.2
824.805    16.2     0.0     3.1
826.807    -1.3   -30.2   -17.2
828.809   -35.9   -15.2   -15.9
830.811   -34.6   -14.8   -25.5
832.812     1.5   -15.1     9.5
834.814    18.8    -5.7     8.7
836.816   -12.4   -25.5   -23.2
838.818   -34.0   -15.5   -13.7
840.820   -15.2    -3.4   -19.6
842.822    -0.5     4.0     6.7
844.824    12.5    -8.7     0.2
846.826    -3.0   -32.9    -3.7
848.828   -19.6   -12.2   -13.0
850.830   -27.0     2.7   -24.6
852.832   -17.5     1.0   -12.5
854.834    -4.2   -15.5   -14.9
856.836    13.9   -25.0    -2.1
858.838   -16.3     2.7   -14.1
860.840   -24.1    -8.0   -27.7
862.842   -33.2    17.4   -16.8
864.844    -7.0     2.0   -12.8
866.846    12.1   -20.4    -3.6
868.848     5.7   -11.2   -11.0
870.850   -11.7     0.6   -16.4
872.852   -35.9     3.3   -11.0
874.854    -7.4   -23.9   -13.7
876.855     5.7   -26.5   -18.8
878.857     1.3     1.1     1.7
880.859    -5.6    11.2    -6.9
882.861   -28.6    -6.9   -15.6
884.863    -8.6   -17.6   -15.4
886.865     5.6   -16.5   -13.8
888.867     5.6    -0.7     7.0
890.869   -12.7    16.1   -12.7
892.871   -11.4    -4.2   -10.4
894.873    -0.9   -16.7   -14.3
896.875    -1.7   -35.2   -10.3
898.877     1.3    -9.2    -5.6
900.879    -0.6    12.9    -6.0
902.881   -12.2    -8.1     0.6
904.883   -17.6    -2.5    -2.6
906.885   -20.7   -26.1   -13.0
908.887    -2.9     3.8    -9.4
910.889   -20.2     5.2     8.1
912.891   -20.0   -10.0   -22.2
914.893   -16.5   -19.0   -13.9
916.895   -15.9   -20.1   -18.0
918.896   -17.1    -9.9   -23.4
920.898     2.7     8.8    -7.6
922.900     0.8   -17.3   -17.4
924.902    -5.7   -32.5   -14.3
926.904    -6.4    -8.1   -18.1
928.906    -3.8     6.0   -13.3
930.908    -8.3     9.2    -3.4
932.910   -13.3    -3.7   -29.2
934.912     5.7   -31.7   -12.5
936.914     1.5   -15.6    -3.3
938.916   -18.1     7.6   -14.9
940.918   -18.8    13.8    -2.7
942.920    -5.1   -32.5   -20.3
944.922    -4.7   -32.5   -25.0
946.924     5.3    -7.2    15.4
948.926    -8.0    -3.7   -13.2
950.928   -20.2    21.2    -6.7
952.930   -13.2     0.5    -5.5
954.932    -1.9   -27.3    -7.9
956.934     5.8     8.9    31.4
958.936     5.0     7.3    -5.9
960.938   -35.1     0.0   -11.0
962.939   -18.6     3.6    -2.7
964.941    -1.7   -22.0   -20.6
966.943    13.7   -18.9     4.7
968.945   -18.0     6.9   -20.9
970.947    -9.8    11.4   -10.6
972.949   -26.2   -14.8   -28.0
974.951    -1.3   -25.5    -9.0
976.953     6.4   -12.9    -4.3
978.955    -8.0    -0.1   -11.7
980.957   -33.5    -2.3    -5.9
982.959   -25.6    -1.9   -13.2
984.961    -1.1   -17.1    -4.3
986.963     0.0     5.3    15.4
988.965   -11.1    -0.9   -14.2
990.967   -11.3    -0.1    -9.8
992.969   -29.7    -1.4     7.5
994.971     9.5   -30.4   -14.6
996.973    11.5   -17.3    -2.6
998.975   -22.0    -2.6    -9.6
1000.977     0.1   -14.2   -20.8
1002.979   -11.9   -15.9   -11.8
1004.980   -10.4   -16.4   -13.6
1006.982    -8.7    -7.4   -14.1
1008.984     1.6     1.3   -12.0
1010.986     2.3   -12.7   -11.7
1012.988   -13.3    -0.6    -9.6
1014.990   -15.4   -17.7   -19.6
1016.992     7.3     0.5    11.7
1018.994     7.9    -8.8    -3.7
1020.996    16.2     0.0   -12.0
1022.998   -15.6   -10.1    -8.3
1025.000   -20.7   -20.9   -11.7
1027.002    -3.8   -16.3    -2.9
1029.004    -8.8     1.8    -1.6
1031.006   -10.2    -0.2    -9.3
1033.008   -18.5   -22.0    -5.2
1035.010   -12.3   -22.6   -17.8
1037.012    10.7    -8.1     5.8
1039.014     8.5    -2.2     4.7
1041.016     0.0    15.2     3.8
1043.018    -8.2   -17.8   -16.8
1045.020     1.3   -18.3     4.2
1047.021     2.1    -2.6    12.5
1049.023     1.3    -4.2    -3.6
1051.025   -12.6     2.4    -4.0
1053.027   -19.6   -13.0   -31.6
1055.029   -14.9   -20.0   -10.8
1057.031    -1.0    -4.6     3.5
1059.033   -14.3    -8.6   -26.1
1061.035    -6.0   -20.0   -13.1
1063.037    -3.8   -19.2    -1.3
1065.039     9.2   -23.0   -11.8
1067.041   -10.2   -11.7   -11.1
1069.043   -13.3     3.4    -5.0
1071.045   -11.4   -19.2   -12.2
1073.047     3.0   -11.6   -12.2
1075.049     5.1    -4.2    -1.1
1077.051    -0.6    -7.3     0.0
1079.053   -22.5    -5.2   -22.9
1081.055   -22.9    -1.4    -6.4
1083.057   -16.1     4.2     6.0
1085.059    -1.2    -6.1    -7.1
1087.061    -5.2    20.1    -5.0
1089.062   -10.1     3.6    -9.6
1091.064   -26.0   -12.4   -20.8
1093.066   -22.9    -5.6    -8.4
1095.068    -3.2    -4.8    -2.7
1097.070    -0.4    -0.2    -7.3
1099.072    -7.1    14.9    -5.8
1101.074   -32.8     2.1   -16.7
1103.076   -16.1   -16.1    -1.8
1105.078    -2.8     0.2     7.1
1107.080    17.9   -25.2    -7.5
1109.082    -6.5    -3.7     8.5
1111.084   -19.0   -23.9   -33.0
1113.086   -15.0   -15.5   -19.2
1115.088     4.4   -11.2   -10.2
1117.090     4.6   -18.4    -8.0
1119.092    -6.3    -3.5     6.7
1121.094    -9.3   -20.6   -14.7
1123.096   -18.8   -19.2    -4.8
1125.098     3.7    17.7    -4.7
1127.100    12.1   -13.8   -13.7
1129.102    -4.9   -21.4   -23.7
1131.104   -22.1    -6.5    -6.9
1133.105   -15.0   -12.1    -6.5
1135.107     0.3   -10.4    -2.8
1137.109    -9.3     2.9     5.3
1139.111   -10.0   -16.0   -19.3
1141.113   -12.1   -15.9   -22.6
1143.115   -13.9   -10.0     2.8
1145.117    -9.9    -5.5    -6.6
1147.119    -1.1    -8.9   -21.3
1149.121    -7.1   -17.2    -7.3
1151.123   -20.1   -16.6   -12.8
1153.125    -3.4   -23.1   -13.4
1155.127     2.1    18.0     6.0
1157.129     1.1    -8.0    -1.6
1159.131   -14.4   -14.6   -17.6
1161.133   -24.8    -9.8    -2.6
1163.135   -11.8   -16.2   -15.3
1165.137     2.1     6.8    -4.5
1167.139    -6.2    -8.9    -6.5
1169.141    -1.9   -11.9   -22.4
1171.143   -21.5   -29.3    -3.1
1173.145   -23.0    -9.0    -7.8
1175.146     8.5     2.8     5.7
1177.148     7.8    -0.8     0.4
1179.150     5.9    -0.4     8.1
1181.152    -3.7   -20.9   -11.4
1183.154   -11.7    -6.7     0.7
1185.156   -14.4     4.4     0.0
1187.158     7.8   -10.3    -4.1
1189.160    -8.6   -18.9    -7.7
1191.162   -10.7   -22.1     5.6
1193.164   -17.8    -4.9   -19.4
1195.166    -3.8    17.1     6.9
1197.168    11.1   -18.6     3.4
1199.170    11.8    -5.1   -13.0
1201.172     4.5    -9.7     6.6
1203.174    -9.8     6.7     0.7
1205.176    -4.5   -18.7   -17.8
1207.178     1.3    11.0     5.9
1209.180    -5.7   -10.8    -2.1
1211.182    14.3   -17.5    -3.5
1213.184    -9.9    -5.8    -9.0
1215.186     3.7    -2.1     2.1
1217.188   -15.9    -9.8   -18.9
1219.189     9.8   -10.8    -2.4
1221.191     3.3    -4.6     8.3
1223.193    15.2     1.3     4.8
1225.195    -7.7    -7.0   -10.5
1227.197    -5.4    18.7     1.5
1229.199   -13.5   -17.7   -20.2
1231.201    26.3    16.2     5.4
1233.203     9.1     6.0    -4.4
1235.205     1.1    -1.8     2.2
1237.207   -21.1    12.4    -2.3
1239.209    -4.1   -18.7   -14.2
1241.211     9.4   -11.8    -2.7
1243.213    19.0     5.8    28.0
1245.215    -1.8     3.4   -10.9
1247.217   -25.8    -1.6   -14.7
1249.219   -34.5    -8.8   -14.9
1251.221    15.1    -7.7     6.3
1253.223     8.2     2.8    -6.1
1255.225     4.4     2.0     7.8
1257.227   -16.4    -0.9    -9.5
1259.229   -16.2    -6.0    -4.3
1261.230    -9.6     1.2    -4.8
1263.232    23.3    19.2    23.2
1265.234     9.4    -1.9    -6.2
1267.236   -13.4     6.8    18.5
1269.238   -13.7    -9.8   -21.8
1271.240    -4.8     9.3    -7.2
1273.242     6.4    -7.3    -4.0
1275.244     1.9    -0.8     3.0
1277.246   -19.4    -1.9   -11.4
1279.248    -4.3     1.3     0.8
1281.250     1.8    18.5    -0.3
1283.252    17.9     2.3     0.9
1285.254     5.5    -3.4     3.3
1287.256     2.9    -3.8     4.2
1289.258   -26.4   -13.4   -10.6
1291.260    10.7    21.4    -8.4
1293.262     5.7    -5.6    -0.8
1295.264    -3.1    -7.1    -4.4
1297.266   -20.6   -18.4   -21.7
1299.268   -14.1    -0.9   -20.5
1301.270   -14.3    -8.9   -14.8
1303.271     7.4    22.3    14.7
1305.273    -7.7    -1.3    -9.5
1307.275    14.9   -23.1    -4.6
1309.277     4.9     2.4     0.6
1311.279    14.8    11.6    -2.2
1313.281     0.3    -5.8   -13.2
1315.283     5.6   -11.0     0.6
1317.285    -2.6   -25.0   -13.2
1319.287     4.5     6.6     6.2
1321.289     0.2    13.1     2.2
1323.291     0.6     6.5     4.2
1325.293    -2.6   -10.0    -6.2
1327.295    -8.8    -9.3    -8.6
1329.297     0.0     2.0    -8.5
1331.299   -11.9    20.3    13.8
1333.301   -18.0     7.8   -12.2
1335.303     0.6   -20.0     0.0
1337.305    -0.6   -32.5    -7.3
1339.307     8.9   -14.0    -9.1
1341.309   -18.5    15.4   -11.6
1343.311   -16.2     4.0   -13.9
1345.312     1.6   -15.0    -8.5
1347.314    31.0   -15.9     8.8
1349.316    -4.2     4.5   -11.9
1351.318    -1.0    19.7    15.3
1353.320   -16.6    -7.7   -17.3
1355.322    12.2     8.1     6.8
1357.324     9.9   -13.6    -5.4
1359.326    10.1    -9.4     6.4
1361.328    -9.7     8.3     5.2
1363.330   -13.3     9.6   -19.6
1365.332    -0.6    -9.5    -6.2
1367.334    11.2    -5.9    -4.5
1369.336    10.0     3.7     2.5
1371.338    -7.9    21.7     4.8
1373.340   -33.1    -1.5   -13.1
1375.342   -18.0    -2.1    -6.3
1377.344    10.3    -4.8    -8.4
1379.346    19.9    16.3     9.2
1381.348    -4.0    -8.0    -5.8
1383.350    -2.5   -11.6     0.9
1385.352   -13.8   -10.8   -15.0
1387.354     0.2     3.0     9.6
1389.355     5.1     0.0    10.2
1391.357    31.3    10.1    -0.7
1393.359   -11.5   -11.6    -3.3
1395.361    -6.3     4.2    -3.0
1397.363    -5.0    -8.5    -3.3
1399.365    -7.3    12.8     8.0
1401.367    -6.6    -0.8   -14.4
1403.369    15.3    -5.7    10.1
1405.371    -7.7   -10.6    -8.3
1407.373     1.6    -8.2    -6.0
1409.375    -7.0   -10.0   -13.5
1411.377    10.7     7.0     5.4
1413.379    -4.5   -29.8   -12.0
1415.381    17.7     3.0     8.2
1417.383    -2.3    -7.9    -8.2
1419.385   -12.6    23.0     4.4
1421.387     4.2   -13.1   -24.0
1423.389    -2.1     7.3    16.3
1425.391     2.3    -3.4     5.9
1427.393     0.0    11.9     8.4
1429.395   -13.4    -0.1     3.7
1431.396    -6.8     8.6     3.8
1433.398   -21.8     5.9   -17.7
1435.400    21.7     4.2     8.0
1437.402    12.2    -7.2     5.0
1439.404    21.4    -1.4     0.7
1441.406   -24.0     1.3   -23.8
1443.408    -6.8   -17.8   -12.9
1445.410    -8.3   -14.2   -11.5
1447.412    22.6    13.3     2.9
1449.414    -1.9     0.9   -10.7
1451.416    -3.7     5.6    -0.2
1453.418   -28.5    -2.3   -16.9
1455.420    15.2    -7.8     5.9
1457.422    -5.2   -11.2     5.5
1459.424    22.3    14.9   -11.7
1461.426   -19.5   -17.2   -10.5
1463.428   -10.5     0.9   -17.5
1465.430   -19.5   -23.1   -14.7
1467.432    -3.1     6.6    -2.3
1469.434   -15.0    -9.7    -7.7
1471.436    18.8     5.7     1.5
1473.438    -9.5   -10.3   -20.0
1475.439   -17.3    -5.2     3.8
1477.441    -8.3    -3.8   -10.9
1479.443     4.8     2.5    -7.8
1481.445     1.1    -4.4    -0.6
1483.447     2.2    -0.8     0.4
1485.449    -7.6   -18.9   -11.3
1487.451    -8.2    10.3    17.3
1489.453   -19.1   -15.3   -13.0
1491.455    14.0     1.5     6.0
1493.457    -5.1   -14.1    -8.1
1495.459     5.5    -9.5   -15.9
1497.461   -25.9    -0.5    -6.1
1499.463   -12.3     7.5     2.4
1501.465    -6.8   -11.9   -14.3
1503.467     3.8     4.5     0.8
1505.469    -0.2    -8.7    -8.0
1507.471    20.3    -3.1     0.4
1509.473   -18.6   -13.6   -10.0
1511.475   -14.7    -2.4     5.0
1513.477     3.8   -11.7     2.0
1515.479    21.4     7.9     4.8
1517.480    -1.4   -10.4    -7.0
1519.482    -4.8     1.9    -6.1
1521.484   -32.9   -13.9   -32.3
1523.486    -6.8     6.4    -1.4
1525.488    13.1    -4.7    -3.5
1527.490    21.9     8.8     3.4
1529.492   -13.4   -33.6   -22.3
1531.494   -11.7    -6.8    -0.4
1533.496   -26.0    -9.9   -13.7
1535.498    17.4    12.6    18.9
1537.500    15.5    -6.9   -11.5
1539.502     1.6   -16.7     6.2
1541.504   -28.7   -26.2   -24.5
1543.506    -2.7     4.4   -11.9
1545.508    -1.6   -10.1    -6.6
1547.510    32.0     1.3     9.5
1549.512     0.0   -23.4    -9.9
1551.514   -32.1     4.9    -3.4
1553.516   -37.1   -14.5   -14.4
1555.518     2.0    29.1    20.4
1557.520    22.5    -4.2    22.9
1559.521    41.7     8.9    22.8
1561.523   -35.5   -28.7   -17.2
1563.525   -31.4    11.8    -3.1
1565.527   -27.0     6.5   -22.1
1567.529    31.1    14.9    23.6
1569.531     8.0    -0.3   -11.9
1571.533    -2.3   -11.9   -13.8
1573.535   -28.3   -16.2   -25.2
1575.537    -6.9     1.6    -6.9
1577.539     3.3    -4.7     7.5
1579.541    11.8     1.4    10.0
1581.543   -20.3    -7.7   -14.5
1583.545   -12.3    -4.7     4.6
1585.547   -27.4   -16.5    -6.3
1587.549    14.7     4.5    11.3
1589.551    12.8    -4.4   -12.6
1591.553    23.3    -2.2    -0.9
1593.555   -31.9    -5.7   -17.3
1595.557    -7.1    -6.5   -18.2
1597.559    -5.5    -5.8     1.0
1599.561     9.5    15.2    17.7
1601.562   -12.8    -8.1   -19.4
1603.564    -9.1    10.0    -2.1
1605.566   -28.9    -8.0   -15.3
1607.568    -4.2    -5.8   -12.8
1609.570    -0.3    -7.4   -10.8
1611.572    11.2    23.7    15.3
1613.574   -10.3    -3.0   -11.5
1615.576   -18.9    -0.8   -15.4
1617.578   -25.3   -15.7   -14.7
1619.580    14.6     7.0     6.7
1621.582    12.6   -10.5    -4.5
1623.584   -11.2     5.1     9.9
1625.586   -26.0    -8.8   -10.6
1627.588   -18.8    -6.3    -7.5
1629.590    -3.2   -11.0    -9.3
1631.592    18.6    12.9    16.6
1633.594    -0.4   -12.6    -9.7
1635.596   -14.5     5.1    -7.2
1637.598   -38.2   -33.2   -32.1
1639.600    -1.0    -9.6   -12.6
1641.602    -8.8   -13.0     1.7
1643.604    20.5     8.9     3.7
1645.605   -10.9    -3.6    -8.2
1647.607   -11.1   -12.1    -9.9
1649.609   -26.3   -31.3   -30.2
1651.611    -5.5   -15.7    -3.0
1653.613    -9.6     3.5    -0.5
1655.615     8.1     7.9    -0.2
1657.617   -20.0   -10.2   -29.4
1659.619    -5.8   -10.3     9.8
1661.621   -20.5   -11.0   -13.9
1663.623     4.2     7.8   -11.6
1665.625     4.7     5.4     2.1
1667.627     3.3   -14.1   -13.0
1669.629   -14.2   -30.7   -17.2
1671.631   -16.5    17.3   -10.4
1673.633   -10.4    -4.8   -17.5
1675.635    -3.4     6.4    -5.0
1677.637    -7.5   -24.3   -10.6
1679.639     2.5   -27.1   -13.1
1681.641   -14.9   -18.3   -15.3
1683.643    -7.3    -7.4    -7.7
1685.645     0.9     7.5   -21.5
1687.646    11.1    -3.2    -6.0
1689.648    -4.9   -24.0   -18.3
1691.650    -4.6    -9.2   -11.2
1693.652    -6.3    -6.6     7.3
1695.654    17.8   -11.0    -1.8
1697.656   -10.4    -3.1   -12.7
1699.658     7.4     0.0    -2.2
1701.660   -12.9   -26.8   -11.9
1703.662    -9.4   -13.0     1.3
1705.664   -21.6     8.4     1.0
1707.666     0.0    -4.7    -9.8
1709.668   -25.2    -8.5   -23.9
1711.670     0.3   -16.2    -1.3
1713.672    -9.6   -28.2   -14.8
1715.674    -6.0     5.8   -14.3
1717.676   -19.7     2.9   -11.3
1719.678     7.7     6.6    -1.4
1721.680     5.1   -36.1    14.8
1723.682     8.3   -15.1    -6.4
1725.684   -11.7   -15.5   -10.4
1727.686    -9.8    12.3   -23.5
1729.688    -7.2    -5.6    -1.6
1731.689     8.2    -0.5     5.9
1733.691    -1.8   -21.8    -9.9
1735.693    -1.0    -1.9     3.2
1737.695   -36.5    -2.2   -28.4
1739.697   -17.6     0.6    -8.0
1741.699    20.8   -16.8     5.2
1743.701     5.4    -4.1    -7.3
1745.703   -21.9    -9.8   -31.8
1747.705   -25.1    10.9   -14.5
1749.707    -8.2   -12.6    -9.5
1751.709    15.7    -8.2    15.3
1753.711     9.2   -13.3    -7.4
1755.713   -13.7    -5.6     5.9
1757.715   -38.6    -3.4   -23.1
1759.717   -11.3    -6.6     9.4
1761.719     6.6   -11.1    15.7
1763.721    23.7    -8.2    16.5
1765.723   -39.0    -8.3   -16.8
1767.725   -35.9     9.9   -16.5
1769.727   -31.0   -18.9   -28.5
1771.729     5.6    -5.6     8.0
1773.730    15.5   -13.7   -13.0
1775.732    -4.9    -5.0    -2.7
1777.734   -14.1    -8.8   -24.1
1779.736   -14.8   -13.4   -14.6
1781.738   -23.7   -19.7    -3.3
1783.740    13.5   -13.2    -5.2
1785.742     4.9    -9.5   -10.1
1787.744     9.4     8.2     7.0
1789.746   -12.6    -8.9   -27.5
1791.748   -20.2   -13.8    -5.5
1793.750    -2.5   -18.4    -8.8
1795.752    12.1     5.3     9.3
1797.754    -5.9    12.5    -5.3
1799.756    -8.6     3.7   -14.8
1801.758   -26.0   -21.0   -21.2
1803.760   -13.1   -18.2   -16.0
1805.762   -13.1     0.0     6.7
1807.764    -5.4    -2.6    -4.5
1809.766    -4.7    -4.1   -20.4
1811.768   -10.6     5.5    -8.1
1813.770   -22.4   -19.7   -20.4
1815.771    -8.2    -7.7    -4.3
1817.773   -12.7   -10.0   -12.9
1819.775     9.5    12.8    11.2
1821.777    -2.4   -17.4   -15.3
1823.779    -5.3   -17.5    -9.3
1825.781   -24.6    -3.6   -12.5
1827.783    -6.1     8.9    -5.9
1829.785   -12.3     2.2     7.9
1831.787    -7.2     0.7    -8.9
1833.789    -1.4   -27.4   -10.7
1835.791   -11.6    -5.2    -9.7
1837.793    -7.0   -12.7   -12.8
1839.795    -4.7     5.7     8.3
1841.797    -0.5   -13.2    -3.4
1843.799    -7.9   -27.4    -1.8
1845.801     1.7   -28.6   -11.0
1847.803   -19.3    -6.7    -3.0
1849.805   -21.6     7.9    -2.7
1851.807     8.1   -10.7   -15.9
1853.809   -11.9   -11.9   -15.6
1855.811   -21.5    -5.4   -15.2
1857.812   -18.7   -16.6    -5.2
1859.814    -5.3    26.2     2.1
1861.816    -8.6    -4.3   -19.6
1863.818     9.6   -17.1    -9.1
1865.820    -3.9   -20.4    -4.4
1867.822   -25.7     6.9    -1.9
1869.824   -28.2    17.9   -20.7
1871.826    11.2     5.0    -8.8
1873.828     7.7   -21.2     5.3
1875.830    -7.1   -16.9     2.1
1877.832   -26.0   -15.4   -16.1
1879.834    -6.4    20.7    -3.3
1881.836     0.0   -17.2   -27.3
1883.838    39.0    -5.2    -8.3
1885.840    -4.6   -26.3    -8.6
1887.842   -36.9    -4.5   -11.1
1889.844   -35.5    -3.4   -24.1
1891.846   -12.5    -1.1   -21.6
1893.848    17.0   -16.3     2.9
1895.850    20.0   -12.2    24.9
1897.852   -20.2   -13.6   -16.8
1899.854   -45.7     5.1   -19.9
1901.855   -24.7    -4.6   -35.6
1903.857    17.3    -1.5     7.5
1905.859    31.3   -24.7     8.1
1907.861    -7.0    -2.7    -4.7
1909.863   -34.8    -1.9   -20.9
1911.865   -22.4    -2.0    -0.7
1913.867    -2.1   -22.4   -11.5
1915.869    32.4    -2.8    22.1
1917.871   -18.5   -29.4    -3.0
1919.873   -14.5    -5.7   -20.4
1921.875   -36.6   -18.3   -36.6
1923.877     3.0   -15.3    -3.5
1925.879    -5.2   -24.6     1.6
1927.881     3.3     7.8    -4.0
1929.883   -27.9   -26.8   -11.2
1931.885   -14.9   -15.5   -13.3
1933.887    -8.5   -21.8   -11.6
1935.889     3.8    -5.0    12.6
1937.891    -7.3   -12.8    -3.2
1939.893    10.6   -12.0    -5.7
1941.895   -23.4   -10.1   -19.6
1943.896    -8.4   -32.0   -21.8
1945.898   -18.3     5.6    -8.1
1947.900    21.0    11.4    -1.3
1949.902    -3.5   -13.3   -17.6
1951.904    -2.8   -11.8   -22.0
1953.906   -33.8   -21.7   -32.2
1955.908   -14.8    -0.8     7.6
1957.910     9.9   -10.0    -4.3
1959.912     4.5    -7.3    -6.8
1961.914    -8.1   -12.9    -8.8
1963.916   -14.2   -10.8   -13.8
1965.918   -15.1     3.3    -7.9
1967.920    22.5     4.4     9.3
1969.922     8.2   -16.2     8.1
1971.924     1.4    -7.9    -9.6
1973.926   -17.3   -14.2   -10.1
1975.928   -17.3    -7.2   -12.3
1977.930    -8.3   -33.5   -11.0
1979.932    12.7    -3.3    -2.0
1981.934    -5.1     0.8    -6.1
1983.936   -17.7     2.0    -3.7
1985.938   -38.4    -8.2   -25.9
1987.939    -6.8   -19.1    -6.3
1989.941   -17.5   -14.8   -13.3
1991.943     1.0     3.6   -12.8
1993.945   -21.9   -15.0   -10.4
1995.947   -13.6    -3.5    -4.8
1997.949    -6.7   -14.8   -17.7
1999.951     3.5     4.3    -7.9
2001.953    -0.8    -6.1    -4.1
2003.955     0.0     5.3     3.4
2005.957   -17.1    -7.2    -9.9
2007.959     3.1   -25.6    -8.7
2009.961     6.1   -16.9   -15.1
2011.963     0.8    -5.5    -0.2
2013.965    -4.0    -7.0   -23.3
2015.967    13.5   -10.5     6.4
2017.969    -6.2   -20.3   -22.3
2019.971   -11.5     4.8    -3.6
2021.973   -14.9    -8.6   -21.6
2023.975    -4.8    -1.8     3.7
2025.977    -6.7    -8.4   -13.1
2027.979     6.1    -5.1    -4.1
2029.980   -14.8     3.2    -6.6
2031.982    -5.5    -7.7   -10.8
2033.984   -11.2   -13.9   -10.5
2035.986     0.4    10.1     6.1
2037.988    -3.7    -6.9   -12.3
2039.990   -28.8    -5.4   -19.1
2041.992   -20.9   -16.2   -19.7
2043.994    -6.1    -6.9   -16.9
2045.996     2.8    -4.0    11.4
2047.998     2.3    -0.4    -4.4

Event #540  ts=2026-09-25 11:45:20.578  [SELECTED]
  t[ns]  u1[mV]  u2[mV]  u3[mV]
  0.000    10.2   -19.6     6.4
  2.002   -74.8  -100.9   -84.9
  4.004     5.8     7.1    -8.4
  6.006   -23.2   -10.2   -18.4
  8.008   -14.4   -12.3   -18.3
 10.010    26.4   -23.8   -13.8
 12.012    12.8   -12.7    10.7
 14.014    -8.3    -1.9   -17.4
 16.016   -41.6    -0.5   -24.6
 18.018   -24.3   -12.8   -27.3
 20.020    11.5    -4.0     5.5
 22.021    13.4   -13.1   -11.6
 24.023    -8.7    -1.8    -9.4
 26.025   -11.9    -3.6   -34.0
 28.027    20.4     3.0     7.3
 30.029    -5.9   -15.6    -6.6
 32.031   -25.6   -19.0    -1.9
 34.033   -25.1     4.0   -23.4
 36.035   -30.2    -3.5   -20.3
 38.037   -25.9   -19.0    -6.3
 40.039    42.5     1.5    15.6
 42.041     6.9    -2.1     5.9
 44.043   -19.2    -8.5   -23.1
 46.045   -27.6   -22.9    -9.9
 48.047   -16.3   -14.2   -11.5
 50.049     1.8    -8.2    -6.8
 52.051     5.6   -13.5     3.9
 54.053     4.4    -9.2   -11.1
 56.055   -29.2   -17.0    -8.1
 58.057   -14.2    -4.4    -4.2
 60.059     1.7   -10.6     5.2
 62.061     5.7    -5.4    -4.3
 64.062    -6.6    -1.4   -15.6
 66.064   -28.1   -14.0   -21.8
 68.066   -23.8   -15.0   -15.2
 70.068    22.2    -3.8    -0.9
 72.070     0.4    -9.7    -8.5
 74.072   -11.0   -16.1    -6.3
 76.074   -15.5   -11.7    -8.0
 78.076    -4.5    -6.9    -1.5
 80.078    14.0    11.6    -2.4
 82.080    -0.1     0.1    -7.7
 84.082   -13.4    -6.1   -11.9
 86.084   -20.9   -11.7    -9.9
 88.086   -10.1   -24.9   -13.3
 90.088    -2.5     2.0   -22.1
 92.090    -4.7     2.2   -15.1
 94.092    -1.5    -5.1    -9.2
 96.094   -10.4    -7.7   -16.5
 98.096   -20.2    -7.9   -15.8
100.098   -11.2    -8.4   -18.1
102.100    -7.5    -2.4     4.5
104.102     3.5     2.2     3.9
106.104     0.3   -30.4   -21.7
108.105   -27.9   -11.5   -17.0
110.107   -25.9   -11.9   -20.0
112.109    19.7    -8.1     1.6
114.111    14.8    -8.2     6.7
116.113   -11.0   -17.9    -7.4
118.115   -38.4     1.5    -7.9
120.117   -22.7    -4.7   -10.4
122.119     9.7    -5.3     5.1
124.121    17.5    -0.7     1.8
126.123     8.5   -16.1    -0.4
128.125   -31.9    -1.7   -34.3
130.127   -45.6    -1.2   -10.8
132.129   -16.9    -5.2   -18.9
134.131    17.2   -14.6   -15.2
136.133    25.7     0.6     4.1
138.135    -5.1    -7.8   -11.7
140.137   -14.0    -3.6    -5.1
142.139   -26.4     7.7     1.0
144.141    33.9    -2.3    16.0
146.143    28.7    -1.1    26.4
148.145     0.7    -3.1    20.3
150.146   -32.5    -9.4   -23.5
152.148   -17.1    11.3    -5.2
154.150    10.5    -3.5    -9.4
156.152    17.5    -7.3    -0.9
158.154     4.5    -5.9    -4.0
160.156    -4.8   -12.4    -7.8
162.158   -28.0    13.4   -20.7
164.160    -1.0    -4.6    -2.1
166.162     5.2    -4.1    -2.2
168.164    11.6    -8.4   -11.8
170.166    -8.9     6.0    -4.0
172.168   -33.6     8.6   -16.0
174.170    -9.6     4.9    -1.8
176.172    21.8   -12.4     5.3
178.174     9.3   -15.0    -4.1
180.176    -2.3    -8.8    -1.5
182.178   -14.0    12.7    -3.8
184.180    -9.8   -10.8   -13.2
186.182     6.3   -14.4    12.2
188.184     3.7   -14.6     5.2
190.186    -3.0     2.5    -3.9
192.188    -5.5     0.7   -19.7
194.189   -15.7    -8.3    -4.7
196.191    17.6   -18.2    11.8
198.193    19.7     3.3    -2.7
200.195     4.4    -9.8    -2.2
202.197   -10.3    12.1    -8.9
204.199   -18.1   -22.4    -6.4
206.201    26.3   -12.2    -0.2
208.203     4.4   -15.9    -3.8
210.205     5.9    19.8    -2.0
212.207   -10.1     4.3   -20.6
214.209    -8.2   -17.4    -8.2
216.211   -20.0   -20.3   -10.0
218.213    24.0     1.9    -1.4
220.215    -3.0    25.8   -15.8
222.217   -22.2   -13.3   -15.8
224.219   -26.2    -7.3     8.4
226.221    18.7    -6.3     1.9
228.223    11.6   -10.1    -2.6
230.225    28.8     0.3    13.6
232.227    -8.4     5.3   -21.1
234.229   -19.1     3.1   -12.3
236.230     4.1   -19.6   -11.3
238.232    21.4    -9.2     1.7
240.234    -0.8    -6.5    -2.1
242.236   -21.9    -6.1   -14.7
244.238   -13.0    -5.8   -20.0
246.240    27.3    -5.0    -2.2
248.242     6.9    12.8   -12.0
250.244    -7.8    -0.2    -6.7
252.246   -15.0    -7.8   -14.0
254.248     1.2    -2.4    -3.3
256.250    25.6   -13.5    15.7
258.252    19.1    -6.0     4.9
260.254   -10.5    -1.6    -6.2
262.256     2.6    -2.4   -21.5
264.258    -2.5   -13.4    -4.6
266.260     0.9    11.2    12.7
268.262     9.5    -0.8    -8.9
270.264   -25.1     5.1    -2.8
272.266   -23.6    -6.3   -22.8
274.268    -1.3    -9.2   -12.7
276.270     7.6    -1.6    -0.5
278.271     5.7    11.5   -18.0
280.273   -24.2     4.0   -16.3
282.275     4.6     1.5     3.3
284.277   -10.7   -21.9     5.6
286.279    -4.3    -4.0    -4.4
288.281   -15.2    -4.6    -7.4
290.283     2.7     7.3   -17.4
292.285    10.9   -18.5   -15.7
294.287    16.5    14.6    18.2
296.289   -21.0   -10.2   -23.9
298.291   -14.1     8.5   -15.4
300.293   -23.0    -5.1    -5.9
302.295    29.9    -7.1     7.8
304.297     7.5    -3.0    -3.1
306.299    -0.3     3.1    -9.2
308.301   -24.2   -13.8   -40.0
310.303    -3.1    -3.7     3.6
312.305    11.5   -12.2   -10.0
314.307   -10.0     6.9     3.9
316.309   -36.2    -9.6   -24.5
318.311   -28.2   -10.7   -11.3
320.312   -10.4     3.7    -8.8
322.314    32.5    -3.5    19.7
324.316    23.4    -5.2     4.2
326.318   -33.6     2.3     1.3
328.320   -26.3     5.0   -10.6
330.322    16.6     7.4     5.0
332.324    17.8    -2.0     3.8
334.326   -13.4   -11.4   -12.7
336.328   -33.2   -13.8   -31.7
338.330    -5.5     8.8     4.9
340.332    21.5    -0.8   -17.8
342.334    17.2    -4.3     2.9
344.336   -21.2    -7.1   -10.4
346.338   -25.1     7.0   -12.4
348.340    -7.9     2.2    -3.7
350.342     6.2    -7.3    -0.4
352.344    16.2    -8.0     6.4
354.346   -11.6    -5.8     4.1
356.348   -25.1     0.7   -10.2
358.350     8.1    12.2     4.8
360.352     9.6    -3.5    -7.6
362.354    22.5    -9.2    -4.8
364.355    -8.4   -14.2   -15.1
366.357   -33.8     6.9   -14.3
368.359    -4.5    -2.5     1.9
370.361    19.8    -9.9     0.1
372.363     9.2    -9.8    -5.3
374.365    -9.0    -2.7    -4.1
376.367   -23.2     5.5   -11.7
378.369    -6.2    13.9     8.2
380.371    15.4   -24.5     1.7
382.373    10.1     4.0    11.7
384.375    -8.5    -2.6   -12.1
386.377   -14.9     9.1    -3.2
388.379    -8.8     9.0    12.8
390.381    15.1    -5.6    -5.0
392.383     9.6   -20.0     2.3
394.385   -13.2    12.3     2.5
396.387   -31.8    -1.1   -10.0
398.389    -3.8     2.6   -21.1
400.391    11.2   -20.5    -4.4
402.393    17.5   -13.5    20.2
404.395   -16.6     1.0     0.3
406.396   -25.1     1.2    10.4
408.398    -5.4    -7.3   -11.9
410.400     8.5    -1.3    -0.6
412.402    -8.5    -8.8    -1.8
414.404     7.0    12.3   -10.5
416.406   -32.4    -1.8   -14.9
418.408   -10.7     7.7    -8.0
420.410   -18.3   -38.1    -5.1
422.412     1.2     7.2     1.0
424.414   -18.6    18.1    -1.8
426.416    10.4    14.8   -13.8
428.418   -18.3   -34.1    -7.6
430.420    -5.5   -31.9    -3.9
432.422    -6.5    -5.0     0.8
434.424    16.1    31.1    -0.2
436.426   -13.2     4.7    -2.0
438.428   -17.8   -23.5    -1.9
440.430     5.4   -37.2   -12.0
442.432   -80.0   -75.3   -86.1
444.434     8.5    -4.8    -9.6
446.436     3.8     2.0    -8.2
448.438   -20.6   -19.9    -9.7
450.439    -4.8    -8.6    -3.0
452.441    -3.0    -1.2     0.3
454.443    19.3     5.6   -10.6
456.445   -11.7    -8.6   -10.7
458.447   -23.3   -19.0   -12.1
460.449     8.4    -4.9    -5.9
462.451     4.4    -4.0     3.3
464.453    -1.1    -2.2   -16.6
466.455   -12.4     6.6     8.5
468.457    34.6   -17.7    11.6
470.459   -17.7     7.9    -4.1
472.461   -33.5   -11.5   -22.7
474.463   -21.3     2.5   -14.5
476.465   -24.3   -16.7   -15.1
478.467    -2.2    -4.6    -2.1
480.469    25.9    -6.0    24.3
482.471    21.2    18.7    17.4
484.473   -15.3    -7.2   -11.3
486.475   -11.8   -14.0   -13.9
488.477   -34.3   -19.4    -7.8
490.479     8.5    -2.5    -7.6
492.480     2.0   -11.0     1.5
494.482    15.3    -0.1    -2.8
496.484   -12.7   -13.0   -11.8
498.486   -15.8    -8.4     2.6
500.488   -15.3    -2.0    18.6
502.490    36.0     5.2     5.4
504.492    -1.8    -2.1   -17.8
506.494    -4.1   -18.0   -14.1
508.496   -26.2   -16.9   -33.8
510.498    26.0     5.8     5.7
512.500    10.7    10.5   -12.2
514.502     9.5     9.5    -4.9
516.504   -30.2    -4.7   -10.4
518.506   -13.7   -17.2    -2.0
520.508    11.1   -11.3     3.8
522.510    13.9    -0.2     8.0
524.512    -1.4    -1.6    -1.2
526.514     3.0    -0.1     9.3
528.516   -10.8   -10.3   -11.6
530.518     5.5    10.9     6.7
532.520    -1.9     4.9    -5.9
534.521    -8.0    -7.0   -12.3
536.523   -82.7   -28.6   -17.8
538.525   -81.5   -41.2   -29.4
540.527   -73.0   -48.3   -12.2
542.529   -31.2   -21.0    13.0
544.531   -43.3    -9.0     0.2
546.533   -46.4    -8.8   -11.2
548.535   -41.0   -28.5   -42.1
550.537   -17.4   -38.2    -3.5
552.539   -14.1   -14.6    -7.0
554.541    11.1     6.4    -3.0
556.543    -8.5    -7.5   -10.5
558.545   -21.8    -8.8    -2.9
560.547   -14.9   -10.0   -12.4
562.549    -1.1    -2.6   -12.5
564.551     5.0    11.5    -0.4
566.553    10.2    10.0    -6.3
568.555   -20.8   -31.1   -18.0
570.557    -6.6   -15.5     5.3
572.559    14.5    -8.2   -15.2
574.561    10.6     6.2     7.2
576.562     9.7    21.2     9.8
578.564    12.3    -3.0     5.0
580.566    13.3   -17.3   -13.8
582.568     9.0    17.2    16.0
584.570     8.2     0.4    11.0
586.572     1.6    20.0    17.7
588.574    -0.9     9.1    -4.6
590.576     6.8    -6.6    -1.9
592.578    -9.3    11.8    -4.5
594.580    -9.4     2.8    -5.8
596.582     0.6     2.5    -5.3
598.584    17.5     4.8    10.6
600.586    -5.0    -5.1     1.1
602.588    -9.9    -8.0   -12.2
604.590   -20.5    -0.2   -15.6
606.592     1.9     6.8    -6.0
608.594    18.1     2.7    12.4
610.596    18.4    28.0     9.0
612.598    -7.1     3.9   -24.7
614.600    -4.2   -13.7     4.8
616.602    -2.5   -17.6   -10.5
618.604    31.0     6.2    32.7
620.605     6.7     4.0    -2.0
622.607    14.5    17.4     7.6
624.609   -23.5   -20.4   -13.1
626.611     5.4     7.1    -1.8
628.613     6.6    -5.0     1.5
630.615     5.2    28.5     1.1
632.617     5.1    -5.0    -1.2
634.619   -14.4    -3.6     0.2
636.621     4.4   -13.9    -3.2
638.623    32.6    23.8    22.9
640.625     7.0     5.0    -2.1
642.627    -0.3    10.2    11.9
644.629    -6.0   -12.9   -12.5
646.631    28.5     2.2     4.2
648.633    14.1     4.3     1.3
650.635    12.4    12.6     6.0
652.637    -9.2     2.5   -15.7
654.639     4.2     0.3     8.3
656.641   -11.1   -11.8   -10.9
658.643    27.7    10.4     6.7
660.645   -14.0    -2.5   -17.5
662.646    -8.7     2.2    -0.9
664.648     1.0    -5.7    14.5
666.650    21.2    10.4    14.5
668.652    -7.3    -0.5    -2.5
670.654    10.9     0.9     7.9
672.656   -16.5   -18.6   -16.7
674.658    18.0    -0.1    12.1
676.660    13.8     0.0     3.1
678.662    18.6    10.0     5.8
680.664   -26.9   -11.4   -12.4
682.666   -13.0     4.2    -1.9
684.668    -8.6    -7.4    -7.8
686.670    28.1    16.4     3.6
688.672    11.1    -0.7     2.1
690.674    -9.3    -1.7     3.1
692.676   -15.8   -25.0    -0.6
694.678     6.9    10.3    10.4
696.680    12.9     1.4    -0.2
698.682    19.2    19.2    16.7
700.684   -21.9   -11.0   -12.3
702.686    -3.7    -9.4    -2.9
704.688    -8.3    -8.1   -22.0
706.689    31.2    27.1    20.2
708.691    10.2     2.3    -1.5
710.693     7.3    15.1     1.6
712.695     3.2   -20.6   -11.9
714.697    14.5    14.2     8.1
716.699     8.7     2.7     0.3
718.701    12.2     5.9    14.4
720.703     2.3   -10.0   -10.2
722.705    24.5     1.6    11.6
724.707   -21.1    -1.4    -4.6
726.709    -5.1    16.8    -3.3
728.711   -16.2     2.6     6.6
730.713    35.7     0.1     4.6
732.715    21.1   -23.2    -1.9
734.717    12.0    12.6    14.1
736.719   -40.6   -21.5   -42.2
738.721   -24.5     1.8   -16.5
740.723    -1.0   -25.3   -25.4
742.725    23.2   -18.8    -1.6
744.727   -34.8   -14.8   -22.8
746.729   -13.2   -15.6   -26.7
748.730   -42.5   -31.4   -56.8
750.732    23.5    -4.8    12.1
752.734    17.4   -15.3   -13.5
754.736   -14.3    22.4     7.4
756.738   -45.5    -9.8   -33.7
758.740   -15.5     6.9   -15.6
760.742    12.5    -3.4     8.2
762.744    31.4    -2.5    17.1
764.746    24.4   -17.1    -9.0
766.748   -36.5     6.4   -23.3
768.750   -29.3    -5.2   -23.2
770.752    10.1   -18.2    -5.7
772.754     7.5   -25.4     4.0
774.756   -16.6   -15.3   -17.5
776.758   -32.0    -1.9   -26.6
778.760   -12.2     0.4   -13.9
780.762     3.3   -10.8   -11.5
782.764    25.0   -21.9     5.7
784.766    -8.6    -0.1    -3.0
786.768   -40.2     7.9   -11.1
788.770   -22.5     1.3   -20.8
790.771    -9.6    -5.6    -9.3
792.773    29.7    -5.0     2.3
794.775    -3.7    -0.3     3.0
796.777   -46.4     0.0   -23.8
798.779   -24.2    -1.5     0.2
800.781     6.3     1.9     2.8
802.783    26.4   -27.1   -17.5
804.785   -12.3    -2.1    -1.6
806.787   -37.0   -14.7   -26.7
808.789   -18.0    -1.0   -16.3
810.791     7.7     4.8     2.2
812.793    15.1    -9.0     6.8
814.795    -5.8   -17.4    -7.8
816.797   -24.5    -7.9   -15.1
818.799   -16.9     1.7     6.8
820.801    17.5    -5.6    -1.4
822.803    14.7    -0.9     0.7
824.805    -6.6   -10.1   -26.6
826.807   -24.7   -22.9   -20.3
828.809     3.9     7.8     6.0
830.811     3.8    15.0   -23.4
832.812   -12.4    -9.8   -19.9
834.814   -13.3     2.0    -4.7
836.816   -27.8   -21.7   -20.7
838.818   -30.0    -8.4    -4.3
840.820    18.5    11.9    -3.3
842.822     5.7    -1.8    -9.3
844.824   -16.8    -7.7   -10.2
846.826   -25.2   -12.4    -4.2
848.828   -10.7   -11.0   -12.8
850.830    -1.5    10.9   -12.0
852.832    -2.9    -0.2    -4.9
854.834    -7.4    -8.8     1.6
856.836   -18.4   -20.6    -8.4
858.838    -5.4   -12.2   -12.4
860.840     4.7    -7.3    -8.6
862.842    -9.6    -5.4    -9.3
864.844   -18.6   -15.0     1.8
866.846    -4.1   -16.1    -7.0
868.848     1.5    -5.1     0.7
870.850    -0.3   -12.6     1.6
872.852   -13.6     6.3    -5.9
874.854   -10.0   -21.5     1.8
876.855     0.1   -17.2    -2.8
878.857    -6.1   -17.8    -7.4
880.859   -17.2     0.6    -1.5
882.861   -17.8    -9.1   -13.7
884.863    10.4   -21.5    -9.7
886.865    -5.1   -20.5     6.4
888.867    -7.3    -0.2    -4.1
890.869   -21.1     5.3   -11.3
892.871   -16.9    18.9    -6.0
894.873     9.6   -16.9   -10.3
896.875    14.7   -10.4    14.2
898.877   -15.7   -27.9   -10.9
900.879   -16.6    -0.6   -14.6
902.881   -11.5   -11.7   -10.8
904.883   -14.6    -8.1    -7.5
906.885     8.7   -12.4    13.6
908.887   -14.4     4.2    -3.8
910.889   -36.2     5.5   -16.6
912.891   -20.7     8.1   -12.8
914.893     5.8    -8.4   -19.3
916.895    18.4   -14.8     5.8
918.896   -19.8    -1.7   -10.4
920.898   -25.1     0.1   -17.1
922.900   -29.3    10.8    -9.4
924.902    11.9   -13.6     0.2
926.904    31.4   -21.1    -1.8
928.906   -11.2   -11.9     2.5
930.908   -22.5     3.3    -8.4
932.910   -32.5    -1.5   -16.2
934.912    19.1    -2.6    -3.7
936.914    28.1     3.3     8.7
938.916    -8.6    -4.9   -21.9
940.918   -41.9   -10.6    -3.2
942.920   -38.0   -14.8   -27.8
944.922   -19.3   -15.6   -19.0
946.924    26.1   -10.5     1.0
948.926     6.5    -7.8   -14.9
950.928   -14.5    -1.0   -11.8
952.930   -41.8   -12.2   -11.6
954.932   -23.7    -4.0   -16.3
956.934    24.9   -20.6     1.1
958.936     6.0   -18.5    -9.8
960.938   -11.0    -2.4   -18.3
962.939   -30.3     1.9     0.9
964.941     0.2   -13.6    -0.7
966.943    24.0    -9.5     9.4
968.945     1.4    -8.7    -5.2
970.947   -21.5   -11.7   -11.3
972.949   -30.5     2.5   -21.9
974.951   -42.3   -13.1   -11.3
976.953   -59.0   -44.2   -15.1
978.955   -64.1   -52.1   -25.4
980.957   -78.2   -10.9    -4.6
982.959   -57.1   -24.4   -16.0
984.961   -66.0   -21.1     7.7
986.963   -40.5   -25.0   -13.7
988.965    -8.6   -42.3   -10.7
990.967   -11.9   -24.8   -11.6
992.969   -12.8    -7.4   -16.8
994.971   -16.2   -19.9   -24.6
996.973    11.2   -14.7   -11.9
998.975    11.6   -22.0    -6.2
1000.977   -39.7    -2.2   -10.3
1002.979   -16.7    -3.1   -19.5
1004.980   -22.2    13.5   -17.3
1006.982    -8.4     6.4   -18.7
1008.984    -2.5   -24.1   -28.0
1010.986     0.0   -22.0     4.6
1012.988    -5.8     0.5    -3.9
1014.990   -19.8     1.4    -3.0
1016.992     1.1     4.8   -15.1
1018.994     1.3   -18.8    -9.4
1020.996     1.0   -13.8    -3.5
1022.998   -11.4    -0.7    -4.7
1025.000   -15.2    -5.0    -9.7
1027.002   -30.2     3.3    -8.7
1029.004     2.6   -11.6    -3.4
1031.006     5.4   -12.6    -5.5
1033.008   -11.5   -10.9   -17.9
1035.010   -24.1     0.9   -13.6
1037.012    -4.6   -11.4    -8.2
1039.014     0.4    -1.7   -14.6
1041.016    18.9   -15.8     8.0
1043.018    -6.6    -5.4   -14.5
1045.020   -26.0    13.8   -19.9
1047.021   -24.9     4.8    -5.4
1049.023    -7.2    -0.3   -28.7
1051.025     3.6   -19.6    -8.4
1053.027    -4.2    -8.6    -9.5
1055.029   -31.8    -1.9   -19.6
1057.031   -39.9     1.4   -15.8
1059.033   -14.2     9.9    -4.2
1061.035     7.1    -6.0    -1.8
1063.037     1.4    -4.6    -0.4
1065.039     1.5   -15.3    -2.8
1067.041   -12.4     0.7   -23.9
1069.043   -24.1    18.8    -9.9
1071.045    -7.7   -10.9   -13.3
1073.047    12.5   -11.5     5.1
1075.049     3.5   -10.3     7.8
1077.051   -18.3     1.4   -12.5
1079.053   -14.2     1.3   -13.4
1081.055   -18.3   -26.7   -24.3
1083.057    -3.4   -23.9    -8.7
1085.059     3.1   -11.0     4.3
1087.061     4.3     2.5    -6.0
1089.062   -20.9     0.6   -28.6
1091.064   -17.1    -6.3   -12.9
1093.066     2.1   -25.6    -7.4
1095.068    14.1   -18.0     6.2
1097.070     1.8     2.2    -8.7
1099.072    -6.3    13.7    -0.4
1101.074   -17.3   -23.7   -23.9
1103.076    -0.3   -13.3    -4.5
1105.078    17.9    -6.4    14.0
1107.080     1.1    -5.6   -15.5
1109.082   -12.3     3.3    -7.0
1111.084   -29.5   -22.1   -23.9
1113.086   -17.3   -30.3   -14.3
1115.088     6.9     2.2    -3.7
1117.090     4.2    11.3   -11.8
1119.092    -0.3    10.6   -17.1
1121.094   -15.0   -18.6   -13.5
1123.096   -23.7   -29.0   -18.2
1125.098    -2.1    -4.0    -8.4
1127.100    -4.2    21.7   -11.6
1129.102     8.1    20.4     4.6
1131.104   -16.2   -15.7   -23.2
1133.105    -5.4   -38.7    -9.7
1135.107    -9.8   -17.4   -10.9
1137.109   -14.8   -13.4    -5.4
1139.111    -5.8    17.4    -3.3
1141.113     6.3    -2.3    -6.6
1143.115     6.3   -27.9    -0.9
1145.117    -0.5    -9.1    -2.9
1147.119   -10.2    -9.8   -17.9
1149.121   -13.9    -2.0   -18.7
1151.123    -9.9    14.9    -4.8
1153.125     0.7    -1.9    -0.5
1155.127     2.5    -9.5     6.5
1157.129   -11.7   -10.2    -4.5
1159.131   -21.5   -10.6   -11.2
1161.133   -14.8   -10.9   -18.4
1163.135     9.7    -5.0    -8.1
1165.137     3.4     9.2     3.3
1167.139    -0.8   -12.3    -3.6
1169.141   -18.8    -6.2    -1.3
1171.143   -21.4    -9.1   -14.0
1173.145   -12.2   -18.6    -6.3
1175.146     0.9    -3.8   -12.7
1177.148   -11.6     6.9    -8.5
1179.150   -16.0    -6.1   -16.2
1181.152    -4.8   -28.1   -28.5
1183.154   -22.6    -3.8    -0.8
1185.156    12.3    16.8     6.3
1187.158     8.2    -5.1     3.4
1189.160   -12.5   -10.7   -10.9
1191.162   -10.6   -34.6   -33.5
1193.164   -14.1   -14.6   -14.5
1195.166   -21.3    11.7     0.4
1197.168    -8.6    -9.5   -28.6
1199.170   -21.2    -5.2   -17.0
1201.172    -3.3   -26.7    -6.9
1203.174   -37.7   -13.5    -9.9
1205.176    -9.7   -12.0   -12.2
1207.178   -28.5     7.5   -18.0
1209.180     4.0    -6.0   -20.0
1211.182   -15.9   -33.7   -14.7
1213.184    -1.1   -21.6    -5.4
1215.186    -3.5   -28.3   -16.2
1217.188    -3.2    14.2    -3.5
1219.189   -22.9   -12.2   -22.5
1221.191    -3.5   -27.6   -18.2
1223.193   -11.5   -27.2   -14.9
1225.195   -22.6    10.7   -14.7
1227.197   -31.3    -3.0   -27.4
1229.199   -23.1   -16.3   -14.0
1231.201     9.1   -20.5    -0.5
1233.203    13.1   -16.5    -4.4
1235.205   -19.6    -7.8    -6.3
1237.207   -31.4     8.9   -19.0
1239.209   -33.1   -20.3   -23.7
1241.211    13.0   -17.0     3.3
1243.213     0.1   -29.3   -18.8
1245.215    -9.9     5.9   -12.5
1247.217   -56.5   -14.4   -35.0
1249.219   -25.7   -25.9    -9.2
1251.221     5.8   -25.0    -9.0
1253.223     6.7   -12.3    -6.0
1255.225   -13.2   -10.1   -32.5
1257.227   -32.3    -5.0   -15.2
1259.229   -18.7   -31.6   -29.1
1261.230    12.0   -14.2   -18.0
1263.232     0.6   -15.0    -6.5
1265.234   -11.3    -9.9   -23.1
1267.236   -27.7   -10.4   -14.9
1269.238   -15.2    -2.4   -12.0
1271.240    -1.5   -17.3    -3.5
1273.242     9.2    -3.7   -15.2
1275.244   -28.1   -10.3   -13.5
1277.246   -31.2   -13.8   -21.8
1279.248     5.1   -17.9   -11.2
1281.250    17.0     8.3    11.3
1283.252    15.2   -21.1   -12.5
1285.254   -12.2   -10.2   -14.7
1287.256   -32.8   -27.7   -12.0
1289.258   -18.5   -15.9   -13.6
1291.260    13.9    -0.7    -5.1
1293.262     5.3    -2.1   -15.9
1295.264   -23.8   -23.5   -11.5
1297.266   -32.6   -20.3   -20.1
1299.268   -21.8   -16.7   -18.6
1301.270    25.7    -7.4     2.0
1303.271     3.1   -11.5   -19.1
1305.273   -36.7   -20.1    -6.3
1307.275   -42.3   -26.0   -13.5
1309.277    -0.4     3.0     5.9
1311.279    24.3     2.0    13.3
1313.281    10.1    16.2     6.5
1315.283   -32.3   -32.8   -21.6
1317.285   -24.6   -27.1   -27.7
1319.287   -27.9    -9.8   -11.4
1321.289    13.9     1.1    10.8
1323.291     8.7   -29.1    -9.4
1325.293   -17.8   -23.0    -9.2
1327.295   -24.6   -19.3    -8.8
1329.297   -28.1    -1.6   -11.9
1331.299   -15.7     2.4   -11.9
1333.301    -2.3     1.2    -9.5
1335.303    -2.1   -24.2    -5.7
1337.305   -17.8   -14.8    -1.1
1339.307   -22.8   -10.1   -18.4
1341.309   -24.7    -5.0    -9.1
1343.311     8.3   -25.1   -22.9
1345.312    13.3   -21.1   -16.5
1347.314    -8.0   -17.5   -13.3
1349.316   -38.8    10.8   -17.8
1351.318   -34.5    -3.5   -10.8
1353.320    -6.8    -5.7     0.9
1355.322    18.2   -26.1   -16.4
1357.324    -7.3   -17.0   -15.6
1359.326   -36.8    -4.8   -26.4
1361.328   -24.3    -9.9   -17.3
1363.330    -8.8   -22.0   -19.5
1365.332    26.4   -20.9    -2.9
1367.334    12.8   -25.3    -2.3
1369.336   -11.6    -3.9     0.0
1371.338   -33.7   -10.1   -30.0
1373.340   -27.7    -3.8   -18.7
1375.342     4.2   -24.1     7.7
1377.344    19.4   -13.4     9.1
1379.346   -29.9   -11.0   -12.4
1381.348   -27.0    -5.3   -10.9
1383.350   -38.7   -20.4   -30.9
1385.352    -6.3     3.4    -4.9
1387.354    17.0   -22.4    -8.7
1389.355    -1.4    -3.4    -5.3
1391.357   -44.4   -32.7   -28.0
1393.359   -37.9   -19.9   -26.4
1395.361   -21.3   -24.8   -44.1
1397.363    24.9   -10.7    21.3
1399.365   -10.1   -14.6   -34.4
1401.367   -12.6    -8.3   -14.4
1403.369   -53.1   -19.1   -25.4
1405.371    -1.7   -29.0    -7.0
1407.373     8.8   -18.0    -3.3
1409.375    16.1    -5.5   -19.1
1411.377   -20.0    -9.6   -17.5
1413.379   -33.4    -5.2   -26.7
1415.381   -45.6   -14.5   -28.0
1417.383    11.0   -14.8    -2.9
1419.385     9.2    -3.7   -16.6
1421.387    -7.9     8.7    10.0
1423.389   -38.9   -22.1   -33.7
1425.391   -22.6    -4.7    -8.6
1427.393   -16.3   -22.9   -22.4
1429.395    15.0    -8.3   -11.7
1431.396     8.1   -15.0    -9.6
1433.398   -35.5    -1.5   -12.6
1435.400   -14.7   -30.5   -37.8
1437.402    -5.3   -10.1    -3.5
1439.404    22.5   -19.9   -10.8
1441.406    -5.3   -13.1   -20.3
1443.408   -26.8   -11.4   -19.6
1445.410   -42.8   -18.0   -30.1
1447.412   -36.8   -21.4   -12.5
1449.414    35.0   -13.0   -15.3
1451.416     5.8   -14.8    -0.9
1453.418    -0.9    -2.5     6.1
1455.420   -44.1    -4.2   -18.7
1457.422   -22.0   -16.7   -17.2
1459.424   -19.2   -34.8    -8.3
1461.426     6.7     1.8     4.3
1463.428   -15.6    -1.2   -23.3
1465.430   -21.4    -3.9   -27.7
1467.432   -44.9   -10.1   -27.9
1469.434    -3.7   -28.1   -23.7
1471.436     0.9    -8.4    -2.0
1473.438     6.6    -4.7    -3.8
1475.439   -43.0     9.8   -18.9
1477.441   -16.4   -19.5   -30.7
1479.443   -21.5   -22.9   -13.4
1481.445    21.5    -7.7   -10.1
1483.447   -14.7    -7.4   -19.1
1485.449   -30.0    12.6   -11.1
1487.451   -36.8   -27.4   -32.3
1489.453   -19.8    -3.8   -12.4
1491.455     4.5   -14.3   -12.6
1493.457     1.3    -3.7    -7.5
1495.459   -24.3    -4.0   -20.9
1497.461   -36.8   -13.8   -34.8
1499.463   -32.3   -24.2   -36.7
1501.465    14.3    -3.5    -1.7
1503.467    -6.1    -2.9    -9.7
1505.469    -1.3    -0.3    -9.5
1507.471   -29.3   -16.8   -20.7
1509.473   -23.9   -23.2   -11.7
1511.475   -13.6   -29.1   -25.5
1513.477     0.0     1.4     5.9
1515.479    -2.9    -9.1     2.2
1517.480    -6.8     1.6    -2.1
1519.482   -35.4   -23.1   -30.6
1521.484   -22.2   -19.4   -34.7
1523.486   -27.6   -22.8   -12.2
1525.488    -6.4    17.4    -3.1
1527.490   -14.2    -2.4   -15.9
1529.492   -33.2   -23.6   -20.9
1531.494   -20.2   -32.3   -19.8
1533.496    -4.0   -24.2   -14.2
1535.498     9.3    -6.6    -9.4
1537.500    10.1     0.5    -4.8
1539.502    -8.6   -14.0   -15.3
1541.504   -15.5   -20.6   -25.8
1543.506   -17.6   -19.7   -22.2
1545.508    11.2   -10.3    -8.9
1547.510    10.6    -6.7   -16.1
1549.512     3.6     2.1    -1.7
1551.514   -40.6   -24.9   -31.1
1553.516   -18.8   -32.8   -22.1
1555.518   -11.9   -15.1   -14.5
1557.520     6.4    21.6    -5.4
1559.521    -8.3    11.7    -1.7
1561.523   -18.5   -21.9   -16.7
1563.525   -35.0   -18.3   -10.9
1565.527   -11.8    -3.6    -9.9
1567.529    -2.9    -1.2    -4.6
1569.531     2.9    18.3     7.2
1571.533   -22.1   -25.3   -35.0
1573.535   -25.6   -16.8   -17.5
1575.537    -6.0   -20.6   -22.6
1577.539   -18.9   -10.5    -3.1
1579.541   -20.7   -19.5   -24.3
1581.543   -10.6   -14.2   -17.7
1583.545    -6.6   -19.8    -4.3
1585.547    -1.4   -21.6   -15.7
1587.549   -20.6   -15.7   -19.7
1589.551    -4.4    -9.7   -16.4
1591.553   -13.6   -14.8   -16.2
1593.555   -18.8   -16.2     5.3
1595.557    -2.9   -15.0   -11.5
1597.559     2.4    -5.2   -20.9
1599.561   -38.9   -19.2    -7.5
1601.562   -21.4   -19.3   -17.9
1603.564    -5.1   -10.9   -11.8
1605.566     3.5    15.8    21.8
1607.568    -0.4   -29.5   -15.7
1609.570   -10.9   -23.0    -8.5
1611.572   -36.4   -26.7   -10.6
1613.574    -5.7     0.0   -11.5
1615.576     0.0    -1.5   -20.1
1617.578     9.1    -5.8     6.3
1619.580   -19.1   -35.4   -23.5
1621.582   -12.2   -24.0   -21.2
1623.584   -22.2   -12.6   -17.7
1625.586    -7.1    -0.9    -9.8
1627.588    -9.7   -16.3   -10.0
1629.590    -8.2    -7.7    -2.7
1631.592   -35.3   -47.3   -43.3
1633.594   -26.4    -2.7   -24.2
1635.596   -26.9   -13.6   -21.7
1637.598    16.7    -8.5    -3.0
1639.600    -8.0   -31.7   -12.4
1641.602   -15.3   -27.8   -13.3
1643.604   -33.6    -6.3   -35.6
1645.605   -43.4   -24.0   -23.1
1647.607   -18.5   -19.6   -17.5
1649.609    22.8   -23.8    -2.3
1651.611   -22.0   -43.7   -20.8
1653.613   -26.0     8.9   -21.6
1655.615   -30.5   -24.9   -23.4
1657.617    23.5   -12.6     3.1
1659.619     3.6   -29.4    -6.8
1661.621     0.4   -18.9   -15.1
1663.623   -34.2   -27.3   -31.7
1665.625   -27.9    -5.9   -16.4
1667.627   -28.8   -28.7   -31.8
1669.629     6.2   -24.6    -1.2
1671.631   -24.6   -34.6   -35.5
1673.633    -9.9   -11.0   -20.4
1675.635   -41.5   -21.0   -18.0
1677.637   -11.1     2.7   -13.2
1679.639   -32.0   -23.7   -20.2
1681.641   -14.9   -10.5     8.5
1683.643   -25.1   -39.3   -19.5
1685.645    -4.6    -6.2   -19.3
1687.646   -26.8    -4.2    -5.6
1689.648    -9.7    -1.4    -9.5
1691.650   -23.2   -27.2   -31.8
1693.652   -16.0    -8.5    -5.9
1695.654   -39.3   -12.0   -29.2
1697.656   -18.7   -12.4    -0.6
1699.658   -39.1     4.8   -30.6
1701.660     1.3   -10.0    -0.4
1703.662   -30.2   -34.5   -18.4
1705.664   -35.5   -10.3   -19.3
1707.666   -31.4   -19.0   -32.3
1709.668   -22.0    -9.8   -25.6
1711.670    -8.4   -10.6   -19.8
1713.672    -0.6    -3.4    -6.7
1715.674   -36.9   -43.5   -31.2
1717.676   -43.3     4.0   -16.7
1719.678    -8.6   -19.4   -23.8
1721.680    27.5   -10.6    11.7
1723.682    15.6   -42.7   -11.3
1725.684   -14.1   -25.6   -24.6
1727.686   -59.9   -34.0   -32.8
1729.688   -36.7   -12.0   -18.3
1731.689     4.5   -29.8    -3.3
1733.691    34.2   -16.7    -1.8
1735.693    -4.9   -38.4    -7.5
1737.695   -47.3    11.0   -36.6
1739.697   -62.4   -27.6   -42.6
1741.699     3.5    -8.5    -8.3
1743.701     0.4   -28.7    -9.0
1745.703    -9.3   -13.8    -5.6
1747.705   -67.9   -27.8   -29.3
1749.707   -46.2   -10.7   -13.8
1751.709   -23.0    -8.8   -14.9
1753.711    47.9   -13.6     0.1
1755.713   -11.9   -38.9   -13.1
1757.715   -32.3   -29.9   -16.1
1759.717   -64.7   -29.9   -57.5
1761.719     0.3     2.0     2.1
1763.721    23.5   -25.3    -5.5
1765.723    21.7   -16.7     2.9
1767.725   -34.6   -13.2   -25.5
1769.727   -39.4   -24.4   -28.6
1771.729   -24.7   -26.4   -33.9
1773.730    21.2   -18.6     0.5
1775.732    -2.6   -26.9   -19.5
1777.734   -21.1   -21.0   -25.3
1779.736   -43.9   -37.5   -35.9
1781.738   -38.5    -1.6   -15.7
1783.740    -1.4   -33.9   -18.6
1785.742    15.3   -17.1     2.6
1787.744   -19.4   -31.1   -22.6
1789.746   -32.6   -14.9   -20.4
1791.748   -27.9    -2.4    -6.3
1793.750    11.9   -12.5    12.5
1795.752    15.6   -11.8     0.9
1797.754    -4.7    -7.5    -9.4
1799.756   -33.1    -9.5   -22.7
1801.758   -15.2    -9.9   -15.1
1803.760   -18.5   -37.1   -21.1
1805.762    -0.3   -10.2    -3.2
1807.764     1.1   -16.1   -14.6
1809.766   -13.6    -5.7     2.9
1811.768    -9.2    11.1   -15.0
1813.770   -16.0   -28.3   -11.5
1815.771    -4.0    -7.9     5.5
1817.773     1.3   -23.9   -21.5
1819.775     1.1     6.1    -5.8
1821.777   -21.2    -7.6    -1.2
1823.779   -22.5   -29.6   -15.1
1825.781   -14.4   -17.1   -13.0
1827.783     7.7   -16.3    -3.3
1829.785    -1.2     7.7    -5.4
1831.787   -29.8   -28.6   -17.9
1833.789   -27.6    -6.8    -7.9
1835.791    -0.3   -22.2   -10.7
1837.793    15.8   -16.3    -4.6
1839.795    10.3     6.9    -3.0
1841.797   -11.4    -4.2   -23.6
1843.799   -21.9   -24.7   -35.7
1845.801   -16.4   -18.0   -21.2
1847.803     5.5   -17.0    -2.8
1849.805    12.4     6.8    -7.8
1851.807   -15.3    -8.4   -23.0
1853.809   -11.4   -12.7   -25.4
1855.811    -8.1   -14.5     8.4
1857.812    -6.6     1.2   -14.2
1859.814   -16.6     2.0   -14.3
1861.816   -11.9     6.4    -8.5
1863.818   -10.8    -9.8   -10.2
1865.820    -6.1   -12.3   -20.2
1867.822   -19.4    -7.5   -12.5
1869.824     3.4    -5.9   -10.4
1871.826     0.0    -7.0     1.5
1873.828     0.6   -12.5    -5.2
1875.830    -8.9    -7.9     0.8
1877.832    -8.7     5.5   -14.2
1879.834   -28.1     3.3    -4.5
1881.836     6.3    -8.6   -25.1
1883.838     5.9    -4.5    -9.1
1885.840     0.0   -19.8   -17.0
1887.842   -31.7    -4.8   -17.3
1889.844   -17.0     5.4   -19.9
1891.846     7.9    -6.2    -6.3
1893.848    20.0     0.4     4.3
1895.850   -32.3    -6.7   -15.0
1897.852   -47.1   -11.9   -24.2
1899.854   -36.9   -18.6   -13.0
1901.855     1.3    -6.1    -5.3
1903.857    32.7    -4.0     2.6
1905.859   -15.4   -17.0   -19.0
1907.861   -40.0   -13.4   -39.9
1909.863   -36.9   -16.6   -32.1
1911.865    11.8    -3.5   -13.9
1913.867    32.4    -1.2    12.0
1915.869    10.0    -2.0     2.6
1917.871   -42.6    -8.4   -34.2
1919.873   -34.9   -21.1   -16.3
1921.875    14.2    -4.9   -18.9
1923.877    25.9    -8.8    -1.8
1925.879    -2.1    -9.7   -16.7
1927.881   -42.8   -32.5   -40.3
1929.883   -29.2     1.0   -19.2
1931.885     9.7    -5.3    -7.3
1933.887    27.8    -4.2     8.9
1935.889    -5.6     2.5    -2.2
1937.891   -28.6    -5.9   -27.1
1939.893   -27.8   -28.2   -24.4
1941.895    18.5    11.3    -1.7
1943.896    -0.6     4.5    -7.5
1945.898   -11.7    -1.6   -15.1
1947.900   -30.6   -11.3   -13.0
1949.902   -13.2   -25.7   -23.0
1951.904     3.9   -20.1   -26.8
1953.906    -7.3     6.1    -6.7
1955.908   -19.6    -4.4    -0.3
1957.910     1.5   -13.6   -10.0
1959.912     1.5   -21.9    -8.5
1961.914   -18.2   -12.6   -14.2
1963.916   -20.3     0.7    -4.3
1965.918   -11.4    -7.1   -11.0
1967.920    11.7     2.3   -11.4
1969.922    -5.2   -22.2   -13.9
1971.924   -10.6   -22.3     0.0
1973.926   -20.9   -12.2   -15.3
1975.928   -13.9    14.7   -15.1
1977.930    12.3   -11.4    -2.5
1979.932    -1.4   -20.8   -13.3
1981.934   -19.1   -16.4   -18.9
1983.936   -30.1   -12.2   -23.2
1985.938    -9.4    -0.3    -7.3
1987.939     7.3    -2.9    -8.6
1989.941    11.2     3.9    -4.2
1991.943   -11.0    -9.9   -22.0
1993.945   -28.7   -19.2   -16.1
1995.947   -21.9     9.3    -2.0
1997.949     5.4     4.5    -8.3
1999.951     3.2    -5.4    -2.3
2001.953   -15.8   -24.0   -12.5
2003.955   -13.5     1.7    -9.1
2005.957   -25.3    -0.9    -8.2
2007.959     5.2     0.6   -13.5
2009.961     2.9    -8.9    -1.6
2011.963   -20.2   -33.9   -13.7
2013.965   -34.3    -0.3   -19.9
2015.967    -8.1     0.1   -15.3
2017.969    -8.1     8.5   -16.7
2019.971    -4.3   -14.1   -11.5
2021.973    -1.5   -34.2    -7.9
2023.975   -15.0    12.2     1.3
2025.977   -31.5    -9.1    -5.3
2027.979   -15.3    -3.2   -20.6
2029.980    -4.8   -29.0     1.5
2031.982     3.2   -19.4    -9.3
2033.984   -11.9    -2.3   -20.8
2035.986   -21.7    10.8    -4.9
2037.988    -9.4   -20.4   -16.3
2039.990   -11.9   -24.7     0.4
2041.992     7.3   -24.5     5.8
2043.994     8.0    -1.2    -1.7
2045.996   -27.7     4.7   -14.4
2047.998   -11.2   -24.3   -26.8

