# DRS4 export. File index 0, run_id=./medidas/run_20260925_132914
# Columns: t[ns] u1[mV] u2[mV] u3[mV]
Event #0  ts=2026-09-25 13:29:14.658  [SELECTED]
  t[ns]  u1[mV]  u2[mV]  u3[mV]
114.551   -32.9    -0.9   -16.8
122.852   -35.8   -15.2   -27.8
124.512   -36.0   -10.8   -25.8
132.812   -34.2   -17.3   -19.2
144.434   -30.6    -7.6   -14.7
154.395   -35.5    -1.0   -10.5
194.238   -33.8   -21.3   -27.4
195.898   -50.9   -17.0   -27.5
197.559   -60.6    -5.7   -11.0
199.219   -75.9   -32.4     2.6
200.879   -93.1  -124.1     3.0
202.539   -98.6  -141.0     2.3
204.199  -126.9  -162.5   -18.3
205.859  -111.8  -137.8   -30.6
207.520   -65.3   -86.1    -6.1
209.180   -42.1   -84.2    -4.1
215.820   -52.6   -37.4   -18.4
217.480   -52.1   -45.4   -25.8
225.781   -42.3   -21.2   -10.0
227.441   -49.5   -16.3    -8.5
237.402   -50.2   -18.1   -10.9
247.363   -34.2   -22.9   -26.4
292.188   -31.0    -6.4   -11.9
302.148   -39.3   -16.6   -29.9
303.809   -31.9    -6.5    -3.3
312.109   -35.3   -16.4   -31.7
313.770   -32.5   -13.7   -18.2
322.070   -39.4     0.0   -31.0
332.031   -31.2     7.3   -14.7
591.016   -45.8    28.4    -6.7
592.676   -38.3    -2.8   -18.3
600.977   -48.7     9.0   -21.4
602.637   -38.3   -14.6   -13.5
612.598   -51.2   -25.3   -31.9
620.898   -60.8     6.5   -22.4
622.559   -53.1   -29.0   -30.3
629.199   -34.8    11.6   -21.0
630.859   -50.6    -8.5   -10.0
632.520   -38.5   -36.9   -29.5
640.820   -38.2     1.2   -11.1
650.781   -36.2    -3.2   -15.7
687.305   -43.2   -21.3   -14.3
695.605   -34.4   -40.9   -29.9
697.266   -50.9   -20.4   -22.1
705.566   -43.4   -32.0   -31.0
707.227   -48.1   -36.2   -39.1
717.188   -34.3   -30.1   -33.6
718.848   -35.1   -31.4   -36.7
820.117   -33.5   -13.3   -29.1
821.777   -33.4   -13.9   -11.7
830.078   -31.7   -11.5   -27.6
831.738   -37.3   -17.1   -22.5
833.398   -41.1    -3.6   -10.6
841.699   -48.2    -9.2   -12.8
843.359   -40.8    -6.8    -9.0
851.660   -42.1   -19.9   -30.8
853.320   -33.6    -9.4   -13.2
1014.355   -40.0    15.6    -1.8
1035.938   -43.3   -11.7   -29.4
1037.598   -37.2   -16.1   -20.7
1045.898   -39.8    -7.3   -17.7
1047.559   -30.3   -20.1   -30.3
1055.859   -40.7   -13.2   -16.2
1057.520   -44.5   -14.7   -21.0
1067.480   -53.8   -18.9   -25.3
1077.441   -49.6   -22.8   -28.0
1079.102   -35.3   -24.3   -24.1
1089.062   -43.1   -15.1   -25.0
1099.023   -47.4    -2.8   -10.7
1108.984   -30.4    -6.5   -12.8
1150.488   -32.5    -3.8     2.1
1216.895   -32.6   -28.4   -23.1
1218.555   -36.8   -30.4   -27.4
1228.516   -40.1   -25.9   -18.1
1230.176   -37.5   -22.7   -26.3
1238.477   -40.7   -28.3   -20.0
1240.137   -36.8   -30.2   -27.5
1308.203   -31.1   -15.2   -30.4
1316.504   -30.6     3.4    -1.3
1318.164   -30.1    -1.8   -17.4
1432.715   -37.7    -5.9    -3.3
1442.676   -31.9   -13.9    -8.5
1444.336   -31.2   -14.4    -8.3
1497.461   -31.9   -10.7   -32.4
1507.422   -38.0   -14.1   -33.8
1517.383   -37.9   -23.6   -32.0
1519.043   -40.8   -21.0   -16.5
1527.344   -33.2   -30.7   -38.3
1529.004   -31.4   -21.1   -19.1
1535.645   -33.4   -14.7   -18.7
1537.305   -34.2   -18.1   -21.2
1547.266   -36.5   -27.3   -24.3
1565.527   -33.4   -10.1   -14.0
1592.090   -37.9    12.8   -16.9
1593.750   -33.7     0.0   -11.9
1602.051   -41.6     0.7   -15.9
1603.711   -41.0     9.0    -8.4
1612.012   -51.9    -3.7   -33.6
1613.672   -45.8     1.4   -15.9
1620.312   -38.7    -6.1   -23.1
1621.973   -52.0    -7.7   -32.8
1631.934   -43.9    -4.6   -26.7
1633.594   -38.3    -0.9   -29.1
1640.234   -37.5   -15.4   -18.6
1641.895   -38.7   -16.7   -20.0
1698.340   -40.1   -22.0   -19.4

Event #1  ts=2026-09-25 13:29:14.892  [SELECTED]
  t[ns]  u1[mV]  u2[mV]  u3[mV]
 38.184   -30.6     5.9   -17.7
 76.367   -35.8    -5.5    -7.8
 86.328   -45.4    -3.7    -9.3
 96.289   -51.6     0.3    -5.5
104.590   -52.0   -18.9    -7.6
106.250   -51.6   -19.6    -7.5
116.211   -46.4   -13.4    -9.7
126.172   -31.8    -4.5    -3.5
169.336   -30.5   -12.7    -3.8
199.219   -30.3   -23.0   -10.3
200.879   -35.8   -28.0    -3.4
202.539   -72.8   -87.4   -16.2
204.199  -132.1   -95.8     8.8
205.859  -182.1  -107.6     0.2
207.520  -167.9  -134.7   -29.3
209.180  -162.5  -138.2   -25.6
210.840   -84.3  -121.9     5.6
212.500   -55.1  -105.2   -13.5
214.160   -49.9   -40.9    12.4
215.820   -66.4   -23.6    -2.7
217.480   -72.4   -45.7   -41.6
219.141   -37.9   -39.1    11.0
225.781   -44.0    11.7   -13.5
227.441   -49.0    -5.5   -40.8
229.102   -42.6   -30.9   -17.9
235.742   -36.4    18.2    -6.2
237.402   -45.6   -12.7   -40.5
239.062   -34.3   -27.4   -16.9
245.703   -48.1     1.1   -29.6
247.363   -43.2   -18.9   -24.7
255.664   -34.9    -7.2   -35.1
257.324   -46.2   -13.6   -19.9
267.285   -34.5   -18.4   -33.4
268.945   -37.5   -12.7    -9.7
335.352   -32.1     5.8   -11.9
345.312   -32.6    -1.5    -5.2
346.973   -33.6    -2.5   -22.1
411.719   -35.7   -11.2    -5.6
421.680   -35.4     0.1    -1.6
431.641   -30.8    -5.9   -11.5
451.562   -31.3    -9.6   -17.2
459.863   -32.5   -13.2   -12.2
461.523   -40.0   -10.8    -5.2
463.184   -30.1    -8.1    -9.1
471.484   -44.4    -8.5   -11.5
473.145   -43.8    -5.5   -10.7
481.445   -40.4   -18.6   -25.7
483.105   -52.9   -11.1    -4.8
491.406   -37.3   -18.2   -25.1
493.066   -46.1   -15.9   -11.1
501.367   -50.9   -15.0   -20.5
503.027   -54.1   -13.3   -13.6
511.328   -47.8    -2.4   -15.6
512.988   -32.4   -18.8   -22.9
521.289   -42.6    -5.9   -20.7
522.949   -41.6    -5.8    -1.5
532.910   -34.1    -8.6   -15.2
597.656   -37.1   -18.3    -8.0
599.316   -38.9   -13.5   -13.0
607.617   -32.6   -47.0   -23.7
609.277   -42.0   -13.8   -11.2
619.238   -46.2    -8.1   -11.6
620.898   -31.3     1.9   -21.0
630.859   -35.6     1.2   -23.7
639.160   -34.7   -12.5    -4.4
640.820   -40.3     0.8    -6.5
652.441   -35.2    -3.3   -32.5
662.402   -31.0     5.4   -28.1
664.062   -31.3   -12.3   -15.5
674.023   -36.3   -17.9   -14.5
675.684   -32.1   -11.0    -5.2
685.645   -34.9   -19.3   -13.2
743.750   -30.2     2.4    -7.2
753.711   -31.6    -4.4    -2.4
763.672   -30.1   -15.8    -2.5
813.477   -41.3    -4.6   -17.9
833.398   -32.2     0.0    -3.5
835.059   -38.7   -26.9   -45.5
845.020   -37.1   -13.6   -32.7
901.465   -35.3   -22.3   -39.8
913.086   -35.8   -13.2   -37.4
923.047   -34.8   -14.8   -32.1
1007.715   -36.4     5.8   -11.5
1017.676   -35.6    -4.5   -21.9
1027.637   -31.8   -18.4   -31.7
1037.598   -37.9    -7.2   -11.4
1045.898   -32.7    -8.1    -9.1
1047.559   -33.7    -7.9   -10.6
1049.219   -34.7   -11.5   -12.6
1238.477   -31.1     4.4   -30.0
1248.438   -33.9     0.4   -21.7
1250.098   -33.4    -2.4   -37.4
1260.059   -34.2    -1.0   -27.5
1261.719   -31.0     9.4    -5.0
1268.359   -36.9     0.5   -36.3
1270.020   -31.5     6.2    -8.2
1279.980   -46.7     8.8   -10.3
1281.641   -34.3    13.2    -4.5
1301.562   -38.5     0.1   -20.4
1346.387   -33.4   -30.4   -26.5
1354.688   -37.7   -32.1   -12.9
1356.348   -30.5   -31.4   -23.7
1364.648   -30.2   -28.8    -8.4
1399.512   -31.9     3.9    -1.2
1401.172   -30.4   -36.7   -42.5
1409.473   -45.6     0.1    -2.4
1411.133   -38.6   -33.2   -40.5
1419.434   -58.1    -1.1   -14.1
1427.734   -38.0    -7.6    -4.0
1429.395   -52.8   -29.7   -40.3
1439.355   -45.1   -24.0   -24.8
1447.656   -32.3     0.2   -17.0
1484.180   -30.2   -20.2   -41.1
1557.227   -30.6   -14.5   -39.8
1660.156   -34.5    -8.5   -19.5

Event #3  ts=2026-09-25 13:29:16.747  [SELECTED]
  t[ns]  u1[mV]  u2[mV]  u3[mV]
  4.980   -36.9   -17.1   -29.1
  6.641   -37.0   -16.6   -29.3
 14.941   -31.5   -15.2   -27.7
 56.445   -33.7     5.7    -4.2
 68.066   -34.3    -4.5    -4.2
 96.289   -30.8   -14.3    -5.5
141.113   -41.3    -5.9   -14.8
142.773   -36.1    -4.8   -12.4
151.074   -43.5   -15.5   -12.7
152.734   -45.3    -7.0    -7.1
161.035   -36.6   -27.8   -22.6
162.695   -34.0   -17.7   -21.1
197.559   -55.3    -2.8   -10.8
199.219  -193.6   -49.9   -28.3
200.879  -238.4   -94.4   -26.9
202.539  -241.4  -235.5   -37.1
204.199  -195.9  -258.6   -55.5
205.859  -173.9  -218.3   -54.1
207.520  -135.2  -164.6   -75.7
209.180  -129.3  -169.9   -77.7
210.840   -73.3  -155.7   -41.7
212.500   -41.5  -112.1   -23.3
217.480   -75.8   -38.2   -26.3
219.141   -71.5   -43.7   -37.5
227.441   -39.5   -13.6   -17.8
229.102   -57.8    -6.0   -16.5
230.762   -39.9   -28.9   -33.7
237.402   -34.6   -15.6   -30.4
239.062   -50.4   -15.5   -12.3
247.363   -42.0   -13.4   -20.1
249.023   -42.0   -16.1   -24.8
257.324   -41.5     1.8    -8.7
258.984   -36.7   -14.5   -25.0
275.586   -31.6   -25.8   -28.1
277.246   -41.8   -16.3   -15.2
278.906   -43.6     0.0   -13.1
287.207   -40.8   -20.5   -14.3
288.867   -30.2   -11.0   -18.3
297.168   -41.5   -30.2   -21.8
298.828   -41.3    -4.7   -11.4
308.789   -37.5    -6.8     1.8
353.613   -31.5   -17.4   -12.6
361.914   -31.0   -32.4   -32.0
363.574   -43.9   -32.7   -30.0
371.875   -39.3   -28.6   -23.7
373.535   -51.9   -31.5   -32.7
375.195   -34.7   -29.1   -26.2
381.836   -34.5   -26.3   -25.5
383.496   -41.4   -21.5   -20.0
393.457   -36.3   -31.7   -22.1
395.117   -37.2    -7.7    -3.8
405.078   -31.4   -13.3   -10.3
695.605   -32.1     5.8    -9.9
707.227   -36.1    -5.6   -24.9
717.188   -30.8   -15.2   -37.5
796.875   -31.9     2.6   -28.9
806.836   -31.4     3.6   -19.6
874.902   -31.4     5.7   -15.4
884.863   -33.5    -3.6   -22.7
894.824   -39.0   -11.1   -24.7
896.484   -38.4   -14.4   -29.3
903.125   -33.5   -10.4    -6.9
904.785   -43.3   -17.0   -30.9
906.445   -43.0   -17.1   -30.9
914.746   -33.8    -1.7    -7.5
916.406   -33.6   -21.8   -31.9
926.367   -33.6    -8.3   -14.0
1009.375   -40.1   -10.9   -22.1
1019.336   -57.3   -12.5   -27.5
1020.996   -44.0   -24.7   -28.0
1029.297   -55.8    -0.4   -25.3
1030.957   -32.9   -37.7   -26.7
1039.258   -54.9    -2.2   -29.7
1040.918   -57.5   -17.0   -23.0
1049.219   -51.8   -12.6   -26.0
1059.180   -39.6    -0.8   -24.9
1067.480   -31.7     9.1   -12.9
1069.141   -32.1     8.8   -13.0
1133.887   -30.9   -45.0   -20.7
1178.711   -33.0    -2.3   -16.1
1187.012   -34.3    17.5    -5.6
1188.672   -36.0   -12.0   -32.9
1196.973   -46.5     3.9   -15.6
1198.633   -38.9    -1.1   -20.0
1200.293   -32.7   -11.5   -20.5
1206.934   -58.7   -14.3   -29.7
1208.594   -65.3    -1.0   -26.8
1215.234   -30.3   -12.0    -6.2
1216.895   -61.7   -14.9   -26.9
1218.555   -41.4   -16.3   -36.2
1225.195   -56.0   -13.1   -19.2
1226.855   -60.0    -8.3   -26.8
1235.156   -54.8   -22.6   -21.7
1236.816   -59.2     0.0    -8.5
1245.117   -30.4   -39.9   -42.7
1246.777   -54.2   -26.2   -21.7
1256.738   -44.5    -4.3   -17.8
1266.699   -30.6   -10.7    -8.6
1356.348   -34.9   -27.6   -21.9
1366.309   -30.2   -24.3   -26.3
1367.969   -32.6   -13.7   -18.5
1377.930   -43.4   -26.4   -19.8
1386.230   -33.0   -24.8   -14.8
1387.891   -41.7   -15.4    -9.3
1389.551   -44.9   -20.3   -19.5
1396.191   -38.8   -25.8   -25.2
1397.852   -39.0   -25.4   -24.4
1399.512   -37.1   -11.6    -4.7
1407.812   -32.6   -33.1   -25.7
1409.473   -43.6   -15.4    -9.1
1419.434   -37.0   -21.7   -21.5
1429.395   -33.8   -25.0   -32.1
1431.055   -30.4   -22.0   -26.3
1452.637   -33.1    -9.4   -27.5
1474.219   -30.5    -7.8   -22.2
1482.520   -35.6     1.8   -13.5
1492.480   -30.1    -6.1    -8.7

Event #4  ts=2026-09-25 13:29:16.955  [SELECTED]
  t[ns]  u1[mV]  u2[mV]  u3[mV]
  6.641   -45.9   -25.4   -20.2
  8.301   -36.9     9.6   -10.8
 14.941   -30.8   -37.7   -22.6
 16.602   -53.0   -16.9   -15.9
 18.262   -44.8    -1.1   -13.5
 24.902   -38.2   -43.5   -22.8
 26.562   -48.0   -24.3   -21.5
 36.523   -41.2   -36.1   -30.3
 38.184   -34.4    17.2    -0.3
 39.844   -34.7    17.2    -0.2
 48.145   -40.5    -4.4   -15.2
101.270   -30.1   -16.5   -15.1
111.230   -30.8   -31.4   -21.7
141.113   -31.3   -28.1   -28.4
195.898   -33.8    -7.3   -21.0
205.859   -36.4   -21.3   -20.4
210.840   -43.3   -23.2    14.2
212.500   -50.0   -26.9    11.7
214.160  -124.1  -101.5   -11.9
215.820  -144.7  -199.6   -25.2
217.480  -140.2  -231.4   -21.0
219.141   -99.0  -195.3   -15.1
220.801   -51.1  -131.2    10.7
222.461   -38.1   -72.6     2.1
224.121   -48.3   -81.5   -12.5
225.781   -66.5   -94.8   -25.0
227.441   -62.9   -95.8   -23.8
235.742   -34.2   -34.4   -32.1
245.703   -31.8    -6.9    -4.3
290.527   -34.6    10.1   -15.0
298.828   -35.6    -8.2   -12.3
300.488   -41.8    -3.3   -15.3
310.449   -46.8    -3.1   -30.6
312.109   -44.1    -1.7   -36.0
318.750   -46.2   -11.4   -16.1
320.410   -53.1    -9.6   -22.7
322.070   -38.3     4.1   -19.6
328.711   -40.1   -17.6   -10.0
330.371   -53.9    -7.4   -36.3
340.332   -51.4   -13.2   -22.3
341.992   -43.6    -2.0   -33.4
350.293   -31.2    -2.3   -15.6
351.953   -38.9     4.0   -20.1
361.914   -34.9     7.0   -13.8
449.902   -30.1   -24.8   -23.1
459.863   -30.8   -18.8   -23.9
469.824   -33.2   -23.9   -23.5
589.355   -30.8    10.7    -5.7
597.656   -33.0    -4.9   -13.5
599.316   -36.2    -0.8   -19.7
607.617   -33.9     4.3   -15.6
619.238   -38.8   -10.8   -23.0
630.859   -34.4   -13.6   -16.6
639.160   -38.5   -14.8   -28.3
735.449   -33.1    -4.7     1.0
755.371   -30.3   -12.5   -20.3
763.672   -33.6    -6.2    -9.0
773.633   -34.6   -17.7   -20.9
820.117   -38.6   -24.2   -14.5
830.078   -51.2   -32.6   -16.7
831.738   -35.3   -14.9   -17.1
838.379   -58.6   -37.9   -31.7
840.039   -55.1   -38.9   -26.9
850.000   -45.8   -38.3   -25.9
858.301   -44.1   -39.2   -31.5
859.961   -51.3   -44.7   -37.6
869.922   -30.9   -43.0   -29.6
989.453   -32.8   -29.2   -20.0
1034.277   -41.0   -10.1   -27.3
1035.938   -37.1   -13.3   -15.3
1044.238   -49.6   -19.1   -33.7
1054.199   -39.8    -8.8   -30.5
1055.859   -41.1   -28.2   -36.3
1065.820   -32.5   -28.5   -44.8
1168.750   -39.2    -5.0   -27.8
1170.410   -37.9   -23.5   -25.0
1178.711   -34.6    -0.1    -5.2
1180.371   -38.3    -3.9   -20.5
1188.672   -33.8     0.5    -7.0
1200.293   -30.5     4.1    -8.0
1245.117   -30.1   -12.9    -3.5
1246.777   -32.2     2.8    -8.6
1255.078   -36.9   -29.0   -31.2
1256.738   -37.8    -0.4   -10.2
1258.398   -38.0     0.0   -10.4
1266.699   -44.0   -22.6   -29.3
1268.359   -38.2    -3.0   -15.6
1276.660   -41.9   -12.0   -25.9
1278.320   -40.4    -5.1   -20.1
1286.621   -51.8    -7.6   -22.7
1288.281   -51.9    -2.9   -22.8
1296.582   -47.6    -7.5   -22.9
1298.242   -42.0    -2.0   -24.0
1306.543   -39.2    -3.8   -24.3
1308.203   -51.4    -9.8   -45.2
1316.504   -32.0    11.9    -0.4
1318.164   -43.6    -4.7   -48.6
1328.125   -33.3    -0.4   -27.2
1339.746   -30.7    -6.2   -14.4
1349.707   -31.2    -4.7   -15.0
1351.367   -32.2    -1.5    -3.4
1371.289   -33.4   -28.9   -19.7
1372.949   -31.8   -28.3   -20.7
1392.871   -32.6   -19.1   -18.4
1402.832   -31.6     5.7    -4.9
1414.453   -30.7   -10.2   -10.6
1495.801   -36.7    10.6     0.0
1505.762   -38.1     2.0   -15.2
1507.422   -39.4     2.6   -11.1
1517.383   -32.6     3.8   -21.2
1553.906   -32.0   -21.0   -21.9
1555.566   -31.5     0.6   -17.0
1567.188   -31.9    15.2    -2.6
1575.488   -41.0   -23.3   -39.8
1577.148   -37.4   -14.9   -31.3
1578.809   -31.4    13.7     0.1
1587.109   -35.4   -28.7   -31.8
1588.770   -39.0     6.5   -13.6
1598.730   -40.9    -1.1   -11.7
1610.352   -52.7     9.3   -12.6
1621.973   -43.6    14.3   -14.4
1631.934   -52.8    -8.3   -26.1
1633.594   -45.3   -12.1   -21.0
1641.895   -33.9    -1.7   -15.4
1643.555   -49.0   -19.7   -34.4
1653.516   -46.9   -11.3   -34.7
1655.176   -33.6   -35.5   -33.2
1663.477   -46.8   -13.5   -32.9
1665.137   -46.3   -40.7   -44.7

Event #5  ts=2026-09-25 13:29:16.995  [SELECTED]
  t[ns]  u1[mV]  u2[mV]  u3[mV]
 16.602   -33.5   -21.4   -15.8
 26.562   -37.5   -34.5   -29.2
 36.523   -41.5   -41.2   -33.6
 46.484   -31.2   -26.1   -19.4
 48.145   -31.2   -45.6   -32.6
 58.105   -33.9   -51.2   -32.6
205.859   -62.3   -19.5    -9.3
207.520   -85.8   -50.9   -24.2
209.180  -128.0  -125.3   -45.2
210.840  -136.4  -141.9   -46.6
212.500   -93.6  -131.8   -59.6
214.160   -75.2  -121.0   -54.2
215.820   -78.4  -104.8   -36.5
217.480   -54.0   -88.9   -41.3
219.141   -34.0   -78.8   -48.7
222.461   -30.8   -36.6   -23.7
486.426   -31.0     2.0   -14.9
488.086   -36.4    -7.6   -17.3
496.387   -34.0   -10.3   -17.8
498.047   -36.1    -8.8   -15.8
506.348   -45.9   -14.8   -25.9
508.008   -55.0   -26.5   -37.7
517.969   -62.3   -23.1   -37.6
519.629   -30.6   -16.3   -10.1
527.930   -47.0   -21.5   -30.7
529.590   -38.6   -18.9   -24.4
539.551   -36.5   -25.9   -35.6
551.172   -31.7     5.3    -6.6
562.793   -31.5     6.0   -14.9
574.414   -31.5    -5.6   -19.8
576.074   -32.1   -34.2   -24.0
584.375   -40.9   -23.3   -27.8
586.035   -45.3   -30.8   -39.7
587.695   -32.4   -43.4   -20.2
595.996   -47.9   -18.6   -36.8
597.656   -47.2   -55.4   -45.2
617.578   -32.3   -42.1   -19.2
675.684   -36.2    -5.8    -4.3
677.344   -37.8     9.1    -9.9
698.926   -37.1    15.8   -23.1
708.887   -35.9    13.5   -12.4
718.848   -30.1    23.1    -4.2
728.809   -30.1    30.1     1.5
738.770   -30.9    26.6   -10.3
758.691   -32.1    -1.1   -12.6
760.352   -31.5    22.2    -3.3
770.312   -49.9    19.0   -10.0
780.273   -36.5    -6.3   -28.9
781.934   -38.7    10.3   -15.2
790.234   -54.2     7.7   -12.5
800.195   -55.6     8.6   -15.8
801.855   -43.2     5.8   -23.5
811.816   -44.3     0.0   -19.9
821.777   -42.4    -5.9   -20.5
874.902   -31.3   -25.2   -24.2
886.523   -42.8   -17.9   -13.6
896.484   -36.1   -17.6   -15.0
904.785   -35.6   -43.0   -30.7
916.406   -35.3   -35.8   -27.5
918.066   -34.3   -24.2   -24.3
928.027   -39.3   -19.3   -19.1
982.812   -35.1     1.3   -13.3
984.473   -35.7     9.0   -17.4
1016.016   -30.2     5.3   -21.3
1037.598   -30.6   -26.5   -12.3
1102.344   -42.3     0.3   -12.3
1104.004   -36.4   -26.9   -37.2
1112.305   -34.6     1.2     3.3
1113.965   -37.0   -18.3   -29.6
1123.926   -38.9   -19.0   -24.8
1168.750   -31.1     7.1   -10.5
1178.711   -34.0   -16.8   -35.6
1198.633   -31.8   -22.2   -30.1
1200.293   -36.6   -15.9   -27.5
1208.594   -32.9   -16.8   -22.4
1308.203   -31.3   -26.0   -11.8
1318.164   -36.0   -36.2   -29.5
1421.094   -31.1    -5.8    -4.9
1441.016   -37.9   -10.5   -12.3
1450.977   -34.6   -16.1   -16.2
1459.277   -33.2   -26.1   -13.3
1460.938   -34.1   -18.5   -16.8
1548.926   -32.5    21.3     1.4
1558.887   -34.4    -2.7    -9.9
1567.188   -32.8    -6.1   -29.6
1568.848   -37.3    -2.4   -22.5
1570.508   -38.8     3.3   -14.6
1578.809   -30.9     3.4   -22.1
1580.469   -44.3   -14.1   -35.7
1588.770   -32.5    12.5   -12.4
1590.430   -39.6   -28.3   -34.2
1598.730   -32.1    22.8     0.0
1600.391   -42.9   -20.5   -37.0
1602.051   -37.9   -31.3   -42.5
1610.352   -41.0    -1.1   -25.3
1620.312   -41.7   -22.1   -24.8
1621.973   -43.0   -37.7   -18.7
1631.934   -32.8   -20.8   -18.5
1686.719   -36.5   -23.8   -16.7
1688.379   -36.8     8.6    -0.2
1698.340   -43.7    -8.8   -21.0

Event #8  ts=2026-09-25 13:29:18.644  [SELECTED]
  t[ns]  u1[mV]  u2[mV]  u3[mV]
  0.000   -34.1   -15.2   -19.3
  4.980   -46.1   -26.2   -34.4
 13.281   -43.4   -17.7   -14.4
 71.387   -32.4    -9.8   -16.8
117.871   -31.5   -40.5   -30.9
190.918   -31.9   -10.4   -28.0
192.578   -34.9   -36.3   -26.7
202.539   -31.0   -40.8   -24.6
209.180   -42.1   -15.5   -26.6
210.840  -135.3  -141.0  -131.3
212.500  -129.2  -197.1  -152.7
214.160  -135.9  -196.4  -150.2
215.820   -37.3  -138.1  -125.6
217.480   -32.3  -124.2  -118.4
219.141   -64.5   -86.9  -106.0
220.801   -63.1   -95.7  -135.8
222.461   -51.8   -68.6   -92.2
258.984   -32.0     5.9   -17.0
267.285   -31.8    23.3    -1.1
268.945   -41.2    15.8   -10.0
288.867   -44.4     8.3   -21.0
298.828   -41.0     0.5   -22.1
300.488   -34.4   -18.6   -40.4
308.789   -31.8    15.7   -20.3
318.750   -33.3    15.3    -6.9
328.711   -44.7     7.0   -21.9
358.594   -36.6     9.8   -10.5
444.922   -33.3    -6.3   -14.2
454.883   -30.2    -1.5   -19.6
456.543   -40.2   -15.6   -24.5
476.465   -45.1   -20.2   -38.1
486.426   -37.9   -18.1   -32.8
496.387   -50.1   -32.1   -29.7
498.047   -35.5   -26.8   -14.3
506.348   -42.0   -37.9   -26.2
508.008   -42.5   -37.3   -24.4
517.969   -30.1   -23.8   -14.0
574.414   -30.4    -7.2   -25.2
595.996   -38.6    -7.0   -16.4
615.918   -34.2    -9.4   -23.1
624.219   -32.7     4.5    -9.7
635.840   -32.7   -17.0   -17.4
645.801   -31.1   -32.4   -19.8
647.461   -36.3   -34.5   -30.1
670.703   -30.2     7.2    -3.6
680.664   -43.9    -0.2   -20.0
688.965   -40.6     7.9    -8.5
690.625   -38.9    11.5   -16.3
692.285   -30.3     1.7   -16.6
700.586   -47.4    -0.8   -14.4
702.246   -48.7     1.6   -29.3
710.547   -45.0     1.4   -15.7
712.207   -31.5   -25.8   -30.3
720.508   -36.0     6.2   -10.5
730.469   -30.4    -0.7   -12.2
732.129   -34.9    -4.3   -25.6
785.254   -31.2   -17.8   -43.8
795.215   -34.4     6.2   -18.4
803.516   -45.9    -4.7   -16.8
805.176   -36.0   -20.6   -17.0
813.477   -40.7   -11.8   -22.9
823.438   -31.8    -6.9   -11.6
825.098   -41.6   -16.4   -15.9
843.359   -38.6   -14.0    -9.0
869.922   -38.6    11.0   -20.2
879.883   -52.7    -3.9   -21.8
888.184   -43.4   -16.8   -19.8
889.844   -54.2    -5.6   -27.1
891.504   -56.7    -5.6   -28.3
898.145   -37.4   -17.6   -17.2
899.805   -63.0   -14.2   -34.9
908.105   -42.1   -14.0   -20.4
909.766   -59.7   -12.1   -23.9
911.426   -38.3    -5.3   -24.8
918.066   -41.8   -13.4   -15.6
919.727   -51.7    -9.6   -30.9
928.027   -40.7   -10.5   -21.5
937.988   -35.4    -7.9   -19.5
947.949   -35.5    -1.5   -22.3
956.250   -32.6   -24.0    -6.8
957.910   -33.4    -4.1    -1.2
959.570   -32.8     7.5   -17.2
967.871   -30.7    -3.1    -3.4
979.492   -30.5    -5.4   -29.5
991.113   -35.6    -9.8   -35.9
1001.074   -32.9    -6.3   -40.2
1002.734   -33.7     0.2   -13.1
1012.695   -45.5   -24.2   -25.3
1014.355   -46.1   -21.1   -23.4
1022.656   -39.1   -12.6   -16.2
1024.316   -47.3   -16.6   -22.9
1034.277   -49.1    -7.4   -30.5
1035.938   -32.5    -6.4   -23.1
1044.238   -49.2    -3.6   -18.5
1054.199   -42.7   -12.3   -14.0
1055.859   -37.2    -4.8   -21.4
1064.160   -38.8   -15.5   -18.8
1065.820   -35.8    -5.0   -21.8
1075.781   -33.5   -18.3   -33.2
1123.926   -35.3    -4.6   -14.1
1135.547   -35.3     2.3    -4.5
1145.508   -37.0    -9.7   -21.6
1147.168   -31.8     0.0    -7.0
1153.809   -41.4   -10.0   -20.8
1155.469   -40.2    -8.2   -19.8
1165.430   -32.4    -1.1   -16.3
1175.391   -37.2     4.3    -7.0
1177.051   -35.6   -17.5   -27.5
1187.012   -33.4    -9.8   -17.1
1243.457   -30.7    -5.5   -17.9
1245.117   -32.1    -0.4   -19.6
1266.699   -39.5    -7.1   -16.2
1319.824   -30.5    -6.4   -17.4
1396.191   -39.2    -6.8   -21.2
1406.152   -41.0   -27.8   -21.1
1407.812   -35.7   -17.6   -18.8
1416.113   -32.6   -17.5   -26.9
1417.773   -38.1   -28.6   -26.4
1427.734   -33.2   -20.9   -12.6
1436.035   -31.9   -20.9   -23.0
1437.695   -36.5   -31.2   -18.5
1467.578   -32.4   -21.3   -16.6
1477.539   -33.7   -28.7   -27.5
1479.199   -30.1   -30.6   -20.5
1487.500   -32.9   -10.7   -18.8
1497.461   -30.1   -21.7   -31.4
1621.973   -38.2    -1.5   -22.5
1631.934   -35.7    -9.1   -30.6
1633.594   -38.3    -6.9   -13.6
1643.555   -30.1   -21.4   -18.1
1680.078   -34.8   -12.3   -14.9
1690.039   -41.9   -22.5   -23.0
1691.699   -34.0   -14.2   -18.9

Event #9  ts=2026-09-25 13:29:20.337  [SELECTED]
  t[ns]  u1[mV]  u2[mV]  u3[mV]
 41.504   -31.7     7.8   -11.0
 51.465   -41.6     9.5   -11.9
 53.125   -48.0    20.2   -12.2
 61.426   -41.4     2.8   -18.4
 63.086   -49.9    22.0   -14.5
 71.387   -46.3    15.6   -14.3
 73.047   -45.7    19.0   -14.8
 81.348   -40.6    13.1   -18.8
 92.969   -36.1    14.8   -15.6
101.270   -31.4    16.4    -9.3
102.930   -40.0    16.2   -11.4
144.434   -30.4   -14.3   -10.6
199.219   -41.2   -50.7    -0.9
200.879   -86.0   -86.8    -7.2
202.539  -175.6  -181.0    -4.2
204.199  -184.2  -179.0     3.3
205.859  -148.4  -201.6   -12.4
207.520   -92.5  -206.9     0.6
209.180   -99.9  -157.4    -7.2
210.840  -103.7  -128.2   -21.9
212.500   -70.1  -103.0    -8.7
214.160   -40.4   -62.3     3.9
219.141   -35.0   -39.0    -4.7
300.488   -34.0    -5.5    -3.5
312.109   -30.7   -25.5   -17.4
332.031   -32.8   -24.0   -10.9
341.992   -32.1   -34.0   -19.3
443.262   -30.3    -5.6   -34.0
453.223   -30.8   -15.7   -28.2
463.184   -39.0   -34.4   -18.4
464.844   -38.6   -34.3   -18.8
473.145   -32.1   -38.7   -29.1
474.805   -34.7   -36.5   -26.0
484.766   -32.2   -36.8   -20.4
517.969   -32.2    -5.1   -26.6
526.270   -32.0    -8.1   -20.1
527.930   -42.8    -9.2   -15.5
537.891   -57.2   -14.0   -22.6
539.551   -43.5    -2.1    -9.8
547.852   -46.6   -27.7   -27.1
549.512   -35.5     3.7   -11.0
557.812   -42.9   -27.1   -27.3
559.473   -46.1   -20.5   -19.8
569.434   -36.3    -9.3   -23.9
649.121   -33.6    -9.5   -25.3
660.742   -39.2   -23.7   -31.2
670.703   -38.5   -33.7   -30.1
672.363   -37.2   -38.9   -36.1
680.664   -44.3   -15.5   -18.8
682.324   -32.1   -36.7   -40.5
690.625   -33.5    -3.3   -12.3
710.547   -31.5     1.1   -20.2
738.770   -36.9   -16.9   -15.8
823.438   -31.8     0.0   -28.4
833.398   -34.2   -10.3   -29.6
843.359   -39.9    -8.5   -12.0
845.020   -34.5    -7.2   -37.4
853.320   -43.5    -3.1   -19.8
854.980   -33.7   -24.2   -37.2
863.281   -34.5     5.1   -12.1
864.941   -32.5   -24.7   -32.1
873.242   -30.2   -13.5   -22.4
874.902   -32.0   -25.3   -20.6
883.203   -30.9   -27.2   -32.2
884.863   -30.2   -28.2   -30.7
886.523   -32.4   -23.5   -26.5
896.484   -34.2   -23.5   -26.4
962.891   -32.9    11.9   -17.0
984.473   -30.3     3.4   -17.5
1122.266   -34.4   -15.3   -24.7
1123.926   -34.9   -15.7   -13.9
1133.887   -34.0    -8.5   -16.0
1143.848   -31.1   -18.1   -20.7
1145.508   -38.9    -5.5   -15.4
1155.469   -30.1   -18.2   -27.4
1268.359   -31.5    -1.4   -26.3
1294.922   -31.5    22.5    -9.4
1296.582   -33.7    22.6   -17.8
1306.543   -35.7    18.0   -24.2
1308.203   -38.4    -1.2   -22.3
1316.504   -39.2    26.0   -23.6
1318.164   -37.5    -1.8   -24.8
1326.465   -42.7    13.2   -25.2
1328.125   -33.9     2.4   -21.7
1334.766   -33.5    17.7   -20.7
1336.426   -42.9    12.9   -28.0
1338.086   -35.7    -7.5   -24.7
1346.387   -39.7    16.7    -9.2
1348.047   -32.4    -8.1   -32.4
1356.348   -44.9    14.1   -11.0
1366.309   -40.3     2.3    -7.9
1367.969   -33.5     3.0   -23.5
1386.230   -37.4     2.5   -13.6
1396.191   -40.9    -3.9   -14.0
1404.492   -31.2   -22.1   -18.0
1406.152   -31.8   -22.1   -20.2
1519.043   -34.9   -12.7   -23.6
1529.004   -33.5    -9.7   -16.2
1537.305   -42.4    -6.6   -18.5
1538.965   -37.8   -15.8   -12.3
1548.926   -31.8    -7.9   -23.8
1582.129   -37.0   -17.8   -24.1
1602.051   -34.8   -18.9   -15.3

Event #10  ts=2026-09-25 13:29:21.053  [SELECTED]
  t[ns]  u1[mV]  u2[mV]  u3[mV]
  4.980   -34.0    34.6   -11.3
 14.941   -39.4    17.5   -17.9
 24.902   -36.4    -1.8   -26.4
 34.863   -42.0    -4.2   -25.0
 44.824   -31.6     9.6    -7.5
 46.484   -31.1   -23.1   -37.5
167.676   -31.1   -26.8   -27.9
205.859   -39.8    -2.3    -7.6
207.520   -78.8   -44.6   -33.2
209.180  -103.3   -79.9   -36.9
210.840  -130.4  -126.2   -41.2
212.500  -117.9  -193.8  -107.8
214.160  -110.3  -181.6  -112.2
215.820  -101.2  -127.1   -91.2
217.480  -104.7  -118.4   -98.9
219.141   -33.7   -79.4   -72.8
224.121   -37.3   -54.6   -53.5
225.781   -45.6   -23.3   -32.0
235.742   -54.2    -7.3   -17.0
237.402   -43.0     1.2   -23.1
245.703   -48.0    -5.9   -29.6
255.664   -33.5   -10.6   -18.7
257.324   -50.1    -6.0   -20.1
267.285   -40.1     1.9   -10.3
280.566   -31.5    -4.9   -26.4
360.254   -31.7   -33.9   -23.5
416.699   -34.6     8.0    -6.1
426.660   -38.1    -2.3    -4.2
428.320   -36.2    -7.0   -16.0
436.621   -35.0   -12.8   -15.3
438.281   -36.3   -10.0   -14.6
448.242   -41.3   -15.3   -24.8
449.902   -31.3   -10.9   -16.4
458.203   -37.6   -13.1   -17.7
459.863   -34.3   -17.4    -8.8
479.785   -38.6   -23.7   -22.4
605.957   -33.2   -26.7   -31.4
615.918   -40.5   -17.7   -26.7
625.879   -39.8   -22.5   -28.9
634.180   -33.3   -13.1   -18.0
635.840   -41.1   -12.7   -23.2
645.801   -33.8   -10.3   -19.1
655.762   -34.6    -7.2   -16.8
703.906   -34.9   -25.0   -19.5
713.867   -31.3   -22.5   -21.6
715.527   -34.1    -4.4    -8.4
725.488   -33.2    -3.4    -1.9
735.449   -36.7     8.1    -7.1
745.410   -35.1     4.1    -5.0
747.070   -31.2     9.9   -22.2
757.031   -34.2     3.4   -29.0
758.691   -30.4    -2.3   -35.2
766.992   -35.2    18.9   -12.6
768.652   -31.7    -4.2   -33.7
776.953   -33.4    10.4   -15.0
778.613   -37.5   -12.6   -27.0
788.574   -36.3   -12.9   -26.7
790.234   -30.5   -44.1   -24.5
899.805   -37.9    -8.2   -15.7
909.766   -33.7   -14.9   -17.0
911.426   -34.9   -23.1   -33.4
921.387   -31.1   -29.7   -32.9
929.688   -31.0    -7.4   -17.6
1045.898   -31.5     0.2   -24.9
1055.859   -37.5    -6.7   -19.6
1065.820   -37.3   -10.6   -23.8
1075.781   -40.8   -10.2   -15.4
1084.082   -30.9   -13.3   -20.2
1085.742   -32.2   -11.8    -7.4
1095.703   -30.1   -17.7    -8.0
1140.527   -33.6     8.6   -12.9
1150.488   -32.6    -9.9   -24.8
1160.449   -38.6     7.6   -24.1
1170.410   -40.0     5.9   -20.4
1172.070   -31.0    -8.4   -29.1
1201.953   -30.5    10.7   -24.3
1238.477   -47.9    23.7   -23.6
1240.137   -41.7    13.3   -32.2
1248.438   -53.6     2.2   -13.5
1250.098   -46.7     7.0   -36.7
1258.398   -53.5    11.9   -11.3
1260.059   -44.8    -4.2   -40.2
1268.359   -60.6    -3.6   -25.7
1270.020   -49.6   -17.8   -40.5
1278.320   -44.1   -12.0   -19.6
1279.980   -43.7   -13.3   -31.3
1288.281   -49.2   -17.2   -33.9
1289.941   -40.4   -13.3   -27.7
1298.242   -36.0   -18.9   -29.8
1299.902   -38.2   -13.2   -28.5
1321.484   -37.1    -6.0   -17.4
1331.445   -34.9    -2.2   -17.9
1343.066   -35.4   -27.7   -35.2
1401.172   -35.5    -1.2    -1.1
1409.473   -36.3   -14.4    -7.2
1411.133   -40.9    -3.9   -19.2
1419.434   -60.6   -20.0   -26.6
1421.094   -45.4    -4.7    -8.8
1429.395   -38.0   -21.2   -28.9
1431.055   -40.5   -10.8    -8.6
1437.695   -36.3    -3.8   -29.8
1439.355   -51.7   -15.8   -38.9
1449.316   -45.9   -16.0   -29.8
1459.277   -34.7    -2.2   -16.5
1460.938   -37.4    -3.8   -16.0
1673.438   -30.5    -2.2   -11.4

Event #12  ts=2026-09-25 13:29:22.116  [SELECTED]
  t[ns]  u1[mV]  u2[mV]  u3[mV]
  0.000   -34.1    -8.4   -18.4
  6.641   -31.0    -7.0   -16.5
 16.602   -31.7    -0.5   -22.2
 63.086   -36.3    13.5   -29.2
 73.047   -37.7     0.7   -32.0
 74.707   -36.9     3.2   -26.4
 83.008   -47.1     4.4   -27.5
 84.668   -43.6    -0.9   -29.1
 92.969   -48.8    -0.9   -32.3
 94.629   -46.1     2.0   -26.1
102.930   -40.3    -5.0   -30.8
197.559   -30.8   -23.8    -2.6
199.219  -173.5   -88.3   -20.9
200.879  -177.9   -94.7   -22.7
202.539  -169.5  -104.4   -13.5
204.199  -130.6   -91.0    -6.0
205.859  -128.0   -90.6    -3.7
207.520   -86.7   -60.4    10.9
209.180   -62.1   -48.2   -21.9
210.840   -87.8   -51.6   -22.3
212.500   -78.4   -40.4   -11.8
220.801   -61.6   -37.8   -26.3
222.461   -60.6   -28.5   -10.8
230.762   -43.4   -37.5   -24.8
232.422   -43.3   -12.7    -6.1
240.723   -43.0   -37.7   -42.2
242.383   -41.4    -7.5    -6.4
250.684   -43.8   -21.4   -17.5
262.305   -31.1    -5.9    -9.7
330.371   -33.5    12.5   -14.8
332.031   -37.5   -26.6   -23.1
341.992   -32.2   -29.0   -36.3
351.953   -33.5   -26.7   -27.5
360.254   -36.9    20.1    -8.6
370.215   -31.7    -3.2   -17.7
380.176   -36.5     6.6   -16.7
388.477   -37.1    13.1    -8.6
390.137   -37.3    10.4    -7.9
398.438   -33.8    -8.3   -25.2
400.098   -38.4    -3.6   -15.5
408.398   -34.6   -14.7   -24.8
418.359   -32.9    -5.5   -14.9
508.008   -33.9     8.1    -7.9
519.629   -32.2     9.0    -8.1
529.590   -42.5    -6.0   -13.2
539.551   -38.3   -11.6   -30.6
549.512   -31.4   -26.1   -29.5
632.520   -35.9   -14.4   -11.1
728.809   -34.3    -0.2    -8.8
730.469   -37.7     2.3    -8.8
738.770   -35.0   -14.6   -14.5
740.430   -41.2    -5.0   -13.7
748.730   -49.9   -13.8   -20.4
750.391   -31.7    -9.8   -22.3
758.691   -59.6   -10.9   -14.8
760.352   -45.4    -8.7   -22.9
768.652   -59.8   -13.4   -17.9
770.312   -57.5   -13.0   -24.2
778.613   -41.8   -10.9   -16.8
780.273   -48.1    -8.0   -24.5
781.934   -38.5   -11.2   -26.0
788.574   -38.5    -9.8   -20.0
790.234   -49.5    -7.8   -22.5
798.535   -38.4    -3.1   -15.8
800.195   -33.4    -4.6   -23.7
801.855   -32.6    -4.0   -20.5
886.523   -35.7    -8.3   -26.4
896.484   -45.8    -7.4   -22.6
904.785   -38.1    -9.2   -20.5
906.445   -37.7    -9.1   -19.1
908.105   -46.3    -6.1   -26.5
916.406   -31.2   -11.3   -17.9
918.066   -41.8   -13.7   -32.7
919.727   -36.3   -14.6   -22.2
926.367   -32.6   -17.8   -17.3
928.027   -35.6   -21.3   -32.5
984.473   -32.3   -13.3   -23.2
1006.055   -34.1    -5.3   -17.4
1102.344   -31.8     1.7   -13.5
1112.305   -45.5    -7.5   -16.8
1122.266   -48.4   -19.5   -31.6
1123.926   -30.4   -23.0   -22.8
1132.227   -57.5   -33.9   -38.7
1133.887   -36.4   -34.6   -36.3
1142.188   -49.8   -18.6   -15.3
1143.848   -44.6   -44.5   -43.9
1152.148   -37.5   -23.1   -18.1
1153.809   -48.3   -27.8   -27.7
1165.430   -35.3   -28.4   -20.2
1211.914   -46.6   -14.9   -20.4
1221.875   -33.8   -20.7   -30.7
1348.047   -30.7    11.3   -11.9
1530.664   -34.3    13.6   -11.2
1538.965   -32.9    -5.1   -25.6
1540.625   -34.9     0.0   -20.1
1550.586   -42.0    -2.7   -17.9
1558.887   -47.1     9.1    -5.5
1560.547   -43.5     4.7    -7.0
1570.508   -44.4    10.8    -4.7
1580.469   -36.9    11.1    -7.8
1658.496   -39.6     6.8    -7.9
1670.117   -46.1    -1.5   -20.6
1680.078   -37.8    -8.8   -19.1
1681.738   -34.8   -17.9   -28.4
1690.039   -42.6    -7.7   -20.8

Event #13  ts=2026-09-25 13:29:22.642  [SELECTED]
  t[ns]  u1[mV]  u2[mV]  u3[mV]
 71.387   -33.0     4.3    -7.8
 73.047   -36.2     5.3   -23.7
 81.348   -40.4     3.3   -18.7
 83.008   -44.5     0.0   -18.7
 91.309   -46.9   -11.1   -29.4
 92.969   -41.7   -15.2   -34.4
101.270   -44.3     1.5   -13.2
102.930   -33.2   -27.8   -53.2
166.016   -30.4   -28.2   -21.8
175.977   -33.1   -31.2   -26.8
185.938   -37.7   -44.0   -33.7
195.898   -31.9   -37.3   -29.5
199.219   -61.2   -25.2     8.7
200.879  -144.5   -86.6     0.0
202.539  -163.3  -169.9    -8.4
204.199  -136.6  -219.1   -14.4
205.859  -113.7  -192.5   -32.2
207.520   -90.7  -122.3    10.0
209.180   -73.6   -79.5     6.4
210.840   -44.2   -78.8   -23.8
212.500   -47.1   -64.7    -4.2
214.160   -53.3   -45.9    -5.8
219.141   -33.8     5.9   -11.7
220.801   -33.6   -12.5   -29.8
222.461   -38.8   -25.5    -6.2
230.762   -36.3   -15.6   -36.2
232.422   -32.5   -19.5    -1.1
239.062   -30.7    17.5     0.1
240.723   -40.4   -30.5   -33.9
250.684   -47.1   -10.3   -21.0
252.344   -43.7   -25.7   -21.9
260.645   -47.4   -15.5   -31.1
262.305   -34.1    -9.2   -11.8
268.945   -40.9     1.3   -16.0
270.605   -41.4   -19.4   -35.0
278.906   -41.2    -2.2   -17.1
280.566   -34.2    -8.3   -24.4
288.867   -39.1    -0.1   -29.2
290.527   -31.8     4.2   -11.5
298.828   -42.9   -24.3   -39.0
307.129   -35.6   -14.5     0.9
308.789   -41.0   -19.6   -45.4
318.750   -43.2    -4.7   -19.1
330.371   -38.4     1.7   -22.0
340.332   -44.6    -4.6   -27.8
350.293   -38.0    -3.1   -31.2
351.953   -35.0    13.9    -2.7
360.254   -32.9    -4.2   -27.1
361.914   -32.2    -0.8    -2.6
371.875   -35.0    -7.9   -13.9
381.836   -33.5     6.7     1.6
443.262   -30.4    -4.2   -16.2
453.223   -30.9   -18.9   -28.8
539.551   -30.3     8.5    -2.6
549.512   -45.1    13.0     1.5
559.473   -40.6    12.6    -3.4
561.133   -35.1    14.2   -19.3
571.094   -43.4     7.7   -13.8
579.395   -35.4    22.2    -8.8
581.055   -43.6     0.6   -33.6
591.016   -33.8     1.1   -19.6
600.977   -35.7    14.2   -15.3
602.637   -32.2    -0.9   -28.6
604.297   -31.6   -31.9   -28.7
625.879   -33.7   -24.6     1.4
637.500   -41.0    -9.9    -7.5
645.801   -32.5   -21.3   -22.1
647.461   -35.1   -13.2    -5.1
758.691   -30.3    -5.3   -12.6
815.137   -30.6    -0.3   -30.7
825.098   -32.9     4.8   -27.6
826.758   -40.0   -22.3   -28.5
836.719   -31.1   -20.7   -22.0
845.020   -33.8    19.9   -15.0
846.680   -34.4   -24.8   -30.0
894.824   -31.6    16.4     8.7
923.047   -34.8   -32.3   -30.3
931.348   -32.5   -30.5   -21.1
933.008   -31.1   -31.9   -35.0
941.309   -30.2    -8.7   -10.6
942.969   -39.1   -30.2   -40.7
952.930   -32.8   -29.9   -28.4
1011.035   -37.8   -18.3   -25.1
1022.656   -41.6   -28.0   -36.7
1024.316   -32.9    -2.7   -10.7
1032.617   -35.5   -30.9   -36.2
1034.277   -32.3   -15.2   -17.8
1040.918   -31.1   -21.7   -26.4
1128.906   -38.4    -4.1   -10.4
1138.867   -41.7     7.6     5.1
1147.168   -42.0    -7.4   -16.2
1148.828   -54.7     1.0    -6.4
1150.488   -30.6   -17.9   -18.2
1158.789   -50.3   -15.9   -32.5
1160.449   -53.0   -21.9   -18.4
1168.750   -49.3   -27.0   -31.9
1170.410   -50.3   -32.1   -26.7
1180.371   -40.5   -38.4   -29.6
1182.031   -38.0   -44.1   -34.1
1191.992   -33.8   -24.5   -21.4
1236.816   -36.1    -0.6    -7.7
1238.477   -37.6     4.3   -22.9
1246.777   -35.7     1.9    -9.5
1248.438   -34.5     1.8    -8.6
1250.098   -37.0    -6.6   -26.1
1260.059   -43.8    -8.7   -31.3
1270.020   -53.7    -2.7   -22.1
1271.680   -40.6    -0.3    -8.2
1279.980   -47.6   -18.7   -41.4
1281.641   -40.5   -12.8   -25.9
1289.941   -37.7     0.0   -29.7
1291.602   -47.4    -8.3   -18.0
1299.902   -33.2   -10.5   -41.6
1301.562   -42.0    -1.3    -7.7
1311.523   -36.1   -14.1   -20.6
1404.492   -30.9    14.2     1.6
1414.453   -31.2    -0.3    -3.7
1434.375   -32.6    -9.5   -19.1
1436.035   -31.7   -13.2   -22.8
1444.336   -31.9    -5.4    -5.0
1445.996   -30.6   -29.1   -31.2
1484.180   -31.1    -4.1   -17.3
1540.625   -30.6   -19.9   -28.4
1550.586   -36.6   -28.8   -33.2
1552.246   -33.9    -3.2    -0.6
1560.547   -41.6   -29.5   -27.7
1562.207   -33.6    32.8    12.3
1570.508   -31.9   -34.9   -33.2
1572.168   -33.5    33.3     4.0
1580.469   -31.9   -39.1   -35.7
1582.129   -46.8     8.6   -18.5
1592.090   -48.2     4.4   -20.5
1593.750   -31.7     7.2   -11.0
1602.051   -49.4     3.3   -17.0
1603.711   -39.0    -2.9   -21.7
1612.012   -45.1     3.4    -9.1
1623.633   -38.7   -18.3   -28.0
1631.934   -34.2     0.1   -23.6
1633.594   -34.7   -12.7   -35.2

Event #15  ts=2026-09-25 13:29:22.950  [SELECTED]
  t[ns]  u1[mV]  u2[mV]  u3[mV]
  1.660   -41.6   -22.4   -29.3
  3.320   -51.1   -16.3   -39.8
 13.281   -52.6   -26.1   -44.0
 14.941   -39.1    -5.6    -7.9
 23.242   -39.7   -31.9   -39.4
 24.902   -40.4   -21.9   -23.1
 34.863   -33.4   -15.3   -20.5
 79.688   -30.7   -13.1   -20.2
 81.348   -32.6    11.3    -5.8
 89.648   -38.5    -9.1   -12.1
 91.309   -33.8     2.3    -9.4
101.270   -41.8    11.1    -4.0
112.891   -33.1    15.1    -7.4
212.500   -60.8   -52.3    -8.6
214.160  -103.7  -125.5   -11.0
215.820  -142.2  -165.6   -18.4
217.480  -125.3  -147.6   -20.7
219.141   -85.3  -112.7    -7.1
220.801   -73.5  -105.0    -9.4
222.461   -54.6   -87.2    -9.3
224.121   -45.4   -79.4    -9.8
225.781   -50.9   -73.5   -11.1
227.441   -43.2   -37.3   -18.5
237.402   -38.0   -28.1   -18.7
247.363   -30.9   -23.8   -13.1
249.023   -31.6   -21.2   -13.1
250.684   -32.8   -26.9   -28.7
355.273   -36.3   -15.0   -17.1
363.574   -32.5     7.6   -29.4
365.234   -35.9   -22.8   -17.5
366.895   -34.0   -23.2   -11.4
375.195   -42.0   -25.0   -21.6
385.156   -47.2    -6.2   -29.4
386.816   -34.9   -22.9   -12.0
395.117   -41.0   -19.1   -30.8
396.777   -31.7   -26.1   -10.9
405.078   -32.4    -7.1   -31.9
415.039   -31.7    10.2   -17.4
416.699   -32.4   -15.3   -19.8
426.660   -30.6   -13.0   -26.5
479.785   -31.6   -25.0   -31.9
539.551   -32.1     7.4    -8.0
547.852   -40.2   -15.9   -32.0
557.812   -32.9   -17.2   -24.6
559.473   -44.3   -10.4   -25.6
569.434   -43.9    -3.2   -25.3
571.094   -38.0    -0.9   -15.3
577.734   -30.5   -19.3   -18.0
579.395   -35.1    -7.3   -19.9
589.355   -33.2    -5.6   -10.5
687.305   -34.5    -2.5   -22.9
688.965   -43.8    -6.9   -15.1
698.926   -35.4   -15.0    -4.7
708.887   -37.2   -16.7   -18.4
710.547   -31.4   -21.8   -15.8
720.508   -32.7   -16.8   -19.9
775.293   -34.1   -11.5   -32.8
785.254   -31.9   -15.2   -32.7
816.797   -35.5    -3.9   -23.5
825.098   -30.1   -11.8   -33.8
835.059   -32.1    -2.1   -17.0
864.941   -31.1   -21.1   -24.9
873.242   -39.2   -23.0   -18.2
874.902   -31.8   -22.1   -19.0
926.367   -34.5     0.1   -25.5
928.027   -33.1   -18.3   -33.5
936.328   -42.7    -6.8   -30.3
946.289   -35.3   -18.0   -31.5
954.590   -35.7     4.4   -11.3
956.250   -36.3   -15.1   -28.7
964.551   -36.3    -3.8   -20.5
966.211   -30.2   -17.7   -17.7
976.172   -40.1   -15.2   -28.7
984.473   -44.7    -8.2   -25.3
986.133   -43.6   -14.1   -31.8
994.434   -30.7    -9.9   -17.2
1004.395   -40.6   -17.1   -24.3
1050.879   -40.3   -20.3   -22.4
1052.539   -30.5     0.6    -7.3
1060.840   -34.1   -19.8   -15.6
1070.801   -34.6   -21.2   -32.1
1080.762   -33.7    -5.1   -20.1
1243.457   -41.2    -6.9   -25.8
1245.117   -40.6     3.5   -15.1
1253.418   -50.8    -4.1   -26.7
1255.078   -63.8    -0.7   -25.5
1263.379   -42.4    -8.0   -27.0
1265.039   -75.4    -7.4   -18.1
1273.340   -67.2   -17.2   -33.8
1275.000   -41.2   -17.7   -22.6
1276.660   -44.6   -17.9   -22.4
1283.301   -31.6    -6.7   -23.2
1284.961   -65.5   -25.3   -33.3
1293.262   -44.5   -11.4   -20.6
1294.922   -42.0   -39.9   -30.7
1303.223   -37.4    -9.9   -13.3
1304.883   -38.3    -8.7   -13.7
1331.445   -34.8    10.2   -20.7
1339.746   -41.0    12.2   -19.3
1341.406   -45.0     1.1   -32.5
1349.707   -48.9     4.0   -12.7
1351.367   -39.7     2.0   -35.4
1359.668   -37.4    -3.0    -5.1
1361.328   -31.5     6.5   -26.0
1369.629   -35.5     0.8   -14.6
1371.289   -39.3    14.4   -14.9
1424.414   -30.8   -29.0   -35.5
1432.715   -32.7     4.3    -7.0
1434.375   -44.2    -3.2   -16.8
1442.676   -44.0    -6.2   -17.5
1452.637   -38.1   -11.5   -22.0
1454.297   -43.7    -7.9   -21.1
1464.258   -40.3    -7.0   -19.3
1563.867   -31.9     9.7   -10.1
1573.828   -31.2     2.6   -14.4
1585.449   -30.1    -1.8   -13.1
1607.031   -35.1   -12.3   -13.5

Event #17  ts=2026-09-25 13:29:23.187  [SELECTED]
  t[ns]  u1[mV]  u2[mV]  u3[mV]
  1.660   -40.0    14.7   -18.6
 11.621   -37.9    14.7   -11.9
102.930   -43.4     6.7   -14.6
104.590   -40.3    11.2   -16.6
114.551   -57.9     0.0   -39.8
116.211   -35.4    -6.1   -12.6
124.512   -63.0    -4.9   -37.1
132.812   -45.0    -1.4   -13.6
134.473   -70.7   -13.6   -36.1
136.133   -58.1   -19.7   -42.2
144.434   -67.6    -8.1   -24.4
146.094   -56.4   -17.8   -31.6
154.395   -55.8   -10.4   -36.2
156.055   -61.2   -16.6   -41.3
164.355   -36.0   -13.2   -33.3
200.879   -32.4   -29.8   -15.0
202.539   -97.5   -21.4    -7.5
204.199  -172.5   -25.9     1.4
205.859  -256.9   -63.3    -7.5
207.520  -277.3   -93.8     0.0
209.180  -235.7  -156.4   -17.0
210.840  -180.4  -147.9   -22.7
212.500  -175.9  -131.8   -14.8
214.160  -136.1   -52.8     2.9
215.820  -100.3   -58.5    -9.6
217.480   -79.2   -54.4    -8.3
219.141   -63.7   -49.3    -3.8
220.801   -48.8   -52.5   -33.8
222.461   -32.9   -28.3    -0.2
227.441   -32.1   -22.7    -9.6
229.102   -39.5   -25.7   -10.4
255.664   -37.6    -8.2   -12.9
257.324   -45.7   -23.2    -5.5
265.625   -44.2   -25.2   -13.6
267.285   -48.5   -24.2   -13.9
273.926   -32.3    -2.8   -18.3
275.586   -37.5   -18.7   -24.9
277.246   -34.8   -34.7   -24.0
285.547   -39.0   -26.5   -13.7
287.207   -37.4   -24.2   -12.1
295.508   -42.4   -23.1   -22.6
297.168   -30.7   -18.0    -1.5
333.691   -33.2   -16.2   -31.3
353.613   -31.4   -14.1   -22.2
415.039   -31.2     7.7   -18.0
454.883   -31.3    -2.2   -13.9
456.543   -39.2    -8.0   -31.5
458.203   -30.1    -8.0   -30.8
464.844   -30.7     4.6    -2.7
466.504   -34.2     2.4    -9.4
474.805   -35.1     5.3    -5.6
484.766   -39.9   -16.7   -27.0
486.426   -35.7    -3.3   -16.7
494.727   -34.7   -19.9   -32.5
506.348   -33.1   -11.2   -21.1
581.055   -39.5    10.3    -4.1
600.977   -31.0     3.3   -16.3
602.637   -32.5   -21.7   -22.5
677.344   -31.4   -13.4   -19.8
742.090   -38.1    -6.6    -6.2
828.418   -50.9     9.2   -10.1
838.379   -44.5    13.7   -12.8
840.039   -31.2    -7.1   -23.2
848.340   -44.9     7.8   -24.1
850.000   -49.0    -9.3   -23.3
856.641   -32.2    15.4    -9.9
858.301   -32.2    15.3    -9.7
859.961   -54.4    -8.1   -34.2
868.262   -33.4    24.5    -4.6
869.922   -53.0   -19.4   -46.8
878.223   -54.8    26.1    -7.3
879.883   -49.4   -11.4   -35.8
888.184   -32.9    19.9   -19.6
889.844   -56.0     0.5   -21.2
899.805   -40.9   -13.4   -17.1
908.105   -42.9     0.3   -34.9
909.766   -33.4   -22.2   -23.4
918.066   -33.1    -6.8   -28.8
928.027   -34.2    10.5   -20.8
1027.637   -32.6    -4.5   -21.6
1029.297   -33.7   -14.0   -25.3
1037.598   -39.3   -19.8   -38.0
1047.559   -36.2   -26.0   -25.2
1057.520   -32.6    -8.1   -21.6
1097.363   -31.8   -15.3   -18.8
1152.148   -38.2     1.3   -21.0
1153.809   -33.1   -10.7   -22.4
1162.109   -41.2     5.5    -6.1
1163.770   -42.0   -25.2   -27.0
1172.070   -44.9   -11.9   -23.2
1173.730   -55.2   -14.6   -28.0
1183.691   -45.5   -41.0   -30.9
1185.352   -30.5   -45.9   -29.8
1193.652   -37.8   -35.6   -26.5
1203.613   -34.2   -17.3    -9.4
1213.574   -31.3   -26.2   -10.8
1362.988   -39.8    -7.1   -26.1
1364.648   -33.2     3.7    -8.8
1583.789   -33.8     9.3   -12.6
1593.750   -40.8    -4.5    -7.6
1595.410   -39.4     6.5   -10.2
1603.711   -36.8   -10.4   -19.2
1615.332   -32.2    -7.5   -17.7
1625.293   -33.4    -1.6    -5.3

Event #22  ts=2026-09-25 13:29:26.427  [SELECTED]
  t[ns]  u1[mV]  u2[mV]  u3[mV]
 39.844   -31.7   -14.7   -17.8
 56.445   -32.1    17.2   -19.0
129.492   -39.8    -3.9   -30.4
139.453   -42.3   -14.9   -34.9
149.414   -37.6    12.9   -18.1
151.074   -35.7   -33.6   -36.3
177.637   -34.4    12.7    -5.2
187.598   -44.0    -2.8   -25.8
192.578   -48.0   -58.8     7.9
194.238  -161.1  -105.0   -16.3
195.898  -209.8  -139.8   -22.4
197.559  -245.9  -220.6   -18.7
199.219  -158.7  -211.7    -8.1
200.879  -105.2  -146.5    17.6
202.539  -107.3  -128.0     7.1
204.199  -123.0  -111.2   -21.5
205.859  -124.5   -73.3   -18.7
207.520  -107.5   -54.2   -19.9
209.180   -49.7   -52.2   -13.0
215.820   -77.9   -30.8   -21.3
217.480   -62.8   -14.5   -13.7
225.781   -69.4   -23.9   -31.5
227.441   -54.4   -16.2   -27.8
235.742   -62.3   -17.8   -26.6
237.402   -42.8   -18.8   -26.6
244.043   -37.0   -21.2   -15.3
245.703   -41.4   -10.1   -14.1
254.004   -39.6   -24.8   -26.0
272.266   -35.6   -11.1   -18.4
290.527   -30.5   -18.9   -11.4
292.188   -31.1    -9.0   -25.2
343.652   -36.2   -12.6   -10.7
345.312   -37.2   -10.3   -11.0
353.613   -36.1   -27.2   -30.2
355.273   -35.4   -31.1   -30.3
365.234   -39.9   -29.7   -26.2
375.195   -33.2   -25.9   -32.2
406.738   -37.2    -4.0   -10.7
408.398   -32.6    -5.6   -17.2
416.699   -32.0    -8.7   -20.7
426.660   -32.6   -15.7   -22.4
428.320   -39.7   -18.8   -15.6
438.281   -45.5   -20.9   -28.2
448.242   -30.9   -19.1   -20.5
512.988   -33.7     2.0   -15.9
522.949   -33.4    -3.0    -9.9
542.871   -30.8     0.0   -15.6
552.832   -31.4   -15.4   -29.1
728.809   -32.5    -7.0    -9.5
738.770   -37.8   -10.5   -21.9
740.430   -37.0     7.9   -11.5
748.730   -34.1    -1.3   -18.1
770.312   -40.2     3.5   -16.2
780.273   -39.7     4.0   -17.8
781.934   -43.6     1.8   -23.7
791.895   -42.1    -7.3   -38.3
793.555   -43.0   -10.6   -20.0
803.516   -42.6   -17.1   -23.4
805.176   -41.3    -9.8   -12.2
811.816   -34.7    -7.4   -28.8
813.477   -34.0   -11.0   -19.6
815.137   -31.9   -11.6   -11.4
825.098   -36.0   -11.0   -15.1
826.758   -32.6   -12.8    -5.9
906.445   -33.1     1.7    -4.0
916.406   -36.4     0.0    -7.9
926.367   -39.7    -9.2   -19.3
928.027   -46.6   -12.4   -13.9
936.328   -48.7   -18.5   -24.4
937.988   -35.8   -26.1   -17.6
949.609   -30.9   -35.7   -33.9
1006.055   -30.1    -6.0   -22.7
1079.102   -32.9    15.6   -12.5
1090.723   -34.9   -15.4   -23.0
1099.023   -35.5     6.3   -19.0
1100.684   -42.8   -12.7   -29.5
1108.984   -44.5    -2.1   -27.2
1110.645   -51.9   -13.8   -35.0
1112.305   -31.1   -41.7   -34.1
1120.605   -43.9   -18.9   -34.8
1130.566   -43.2     0.0   -19.2
1132.227   -33.9   -14.1   -25.6
1140.527   -42.7   -17.3   -35.1
1142.188   -42.5   -21.8   -30.9
1150.488   -38.5   -10.2   -25.1
1152.148   -33.8   -28.2   -31.8
1336.426   -32.6     3.3   -19.4
1358.008   -35.3    -2.8   -20.4
1359.668   -44.5     3.5   -13.6
1369.629   -37.6     7.9   -14.4
1391.211   -31.2    -2.4   -23.9
1460.938   -32.7    -6.9    -2.6
1470.898   -41.8    -0.8    -9.4
1472.559   -42.5     6.5   -17.7
1480.859   -41.3    -5.0   -12.4
1482.520   -47.0     1.6   -25.8
1490.820   -54.8    -2.9   -16.3
1492.480   -42.4    -4.0   -26.0
1502.441   -55.4    -0.1   -21.8
1512.402   -57.0     2.8   -21.9
1520.703   -40.3    -1.1   -21.1
1522.363   -46.8    -3.8   -16.6
1524.023   -46.7    -4.6   -18.3
1532.324   -36.7    -1.0   -13.8
1533.984   -52.1     0.2   -19.6
1542.285   -33.2     7.5   -13.0
1543.945   -53.9     0.4   -27.0
1553.906   -45.2     4.4   -24.7
1562.207   -38.0    19.7    -7.7
1563.867   -40.5    18.3   -14.5
1573.828   -41.7    13.8   -22.1
1582.129   -33.6    15.7   -13.0
1583.789   -36.6     3.8   -27.3
1592.090   -33.7    18.0    -5.3
1593.750   -32.6     6.7   -12.1
1668.457   -31.0   -22.2   -28.6

Event #24  ts=2026-09-25 13:29:27.285  [SELECTED]
  t[ns]  u1[mV]  u2[mV]  u3[mV]
  9.961   -42.4    22.4    -5.3
 29.883   -36.8     8.4   -25.8
 38.184   -33.8    10.1   -14.0
 39.844   -38.2    15.6   -13.7
 49.805   -31.3    16.1    -7.8
 59.766   -33.4    21.6   -10.0
122.852   -40.5   -12.8   -16.0
132.812   -31.7   -17.8   -18.8
151.074   -35.6   -19.2   -22.9
195.898  -120.0   -34.8   -28.5
197.559  -174.3   -80.6   -59.1
199.219  -212.3  -182.3  -121.4
200.879  -205.8  -202.6  -134.4
202.539  -147.2  -186.2  -140.0
204.199  -121.9  -169.4  -139.7
205.859  -123.8  -125.4  -127.4
207.520  -118.3  -102.9  -133.7
209.180   -76.1   -97.0  -123.9
210.840   -47.9   -53.0   -68.4
212.500   -31.9   -20.8   -35.5
217.480   -56.8   -32.8   -47.8
219.141   -43.4   -27.3   -35.6
227.441   -39.4   -22.1   -21.7
229.102   -36.3   -34.9   -28.9
237.402   -44.6   -21.7   -24.9
239.062   -41.8   -21.6   -22.9
247.363   -31.8   -25.0   -10.8
258.984   -30.1   -16.1   -14.4
282.227   -41.6   -26.7   -30.8
290.527   -30.5   -11.0    -9.5
292.188   -40.3   -25.8   -29.4
293.848   -35.4   -46.6   -39.8
302.148   -33.7   -48.9   -33.0
350.293   -34.0   -13.5   -26.2
360.254   -36.6    -2.9   -13.9
361.914   -41.8   -10.2   -11.4
371.875   -48.1   -10.9   -12.1
373.535   -40.0   -16.5   -15.0
381.836   -31.5   -17.7   -20.4
391.797   -34.5   -22.8   -35.1
448.242   -30.8   -12.9   -19.1
459.863   -32.1    -1.2    -2.2
491.406   -33.1     5.3   -25.1
493.066   -38.6     0.2   -28.0
501.367   -38.7   -12.9   -39.3
503.027   -39.5    -9.2   -38.9
512.988   -43.1   -13.2   -43.0
521.289   -32.4    26.5   -17.0
522.949   -33.8    -8.6   -23.7
532.910   -35.2    -1.7   -26.4
541.211   -32.8    -3.3   -30.7
542.871   -30.7   -15.1   -16.1
551.172   -36.1    14.9   -16.7
552.832   -34.7   -11.1   -26.7
571.094   -32.3    -4.4   -13.9
581.055   -34.8     8.6   -19.5
591.016   -34.7    11.5   -15.3
708.887   -32.7    -3.0    -8.0
768.652   -31.5    -5.3   -27.0
770.312   -44.7    -0.9   -23.2
778.613   -35.1    -9.1   -18.1
780.273   -46.6    -5.0   -20.0
788.574   -33.0   -21.8   -32.6
790.234   -39.3   -12.0   -21.2
791.895   -55.1     6.0   -22.4
800.195   -44.2   -13.5   -25.3
801.855   -67.4    -6.3   -24.3
803.516   -37.6    -8.4   -15.1
811.816   -60.5    -9.0   -26.7
813.477   -58.9   -19.5   -26.3
821.777   -41.9    -8.9   -22.4
823.438   -44.9   -19.8   -26.1
833.398   -38.8    -9.2   -23.4
835.059   -36.6   -14.3   -22.1
879.883   -34.2   -19.9    -8.0
891.504   -36.4   -19.0   -20.8
1273.340   -31.4    -0.5   -18.8
1283.301   -44.3     2.3   -21.2
1293.262   -44.1    -0.8   -10.7
1294.922   -32.7   -21.3   -21.4
1301.562   -39.5    -1.1   -15.1
1303.223   -44.1    -1.5    -9.9
1313.184   -37.1    -9.8   -23.8
1321.484   -32.4    13.3   -21.8
1339.746   -30.8    10.0    -7.6
1349.707   -41.5     4.3   -11.0
1351.367   -42.7    -3.2   -21.8
1359.668   -46.2    -1.7   -16.1
1369.629   -34.2   -13.3   -20.6
1379.590   -31.4   -17.2   -30.6
1487.500   -36.3   -17.8   -14.1
1497.461   -45.5   -21.0   -36.5
1499.121   -32.2    -7.0     0.0
1507.422   -39.5   -35.8   -43.8
1509.082   -39.6   -10.3    -4.1
1517.383   -35.5   -16.0   -27.3
1519.043   -42.7   -12.2   -24.2
1527.344   -36.9    -5.7   -18.3
1529.004   -33.5    -8.8   -22.7
1538.965   -35.3    -7.9   -40.6
1636.914   -32.6    13.3   -11.0
1676.758   -30.9     0.9   -20.8
1686.719   -34.6    -2.2   -25.5
1688.379   -35.0   -42.4   -41.4
1695.020   -42.7    -7.5   -18.4
1696.680   -42.3   -28.3   -44.1

Event #25  ts=2026-09-25 13:29:27.769  [SELECTED]
  t[ns]  u1[mV]  u2[mV]  u3[mV]
 38.184   -48.4    27.9   -19.0
 48.145   -50.1    20.0   -34.3
 58.105   -42.2    24.1   -10.1
 59.766   -43.2     2.2   -25.7
 68.066   -50.2    15.0    -7.9
 69.727   -58.3    11.7   -26.9
 79.688   -57.5     3.9   -25.3
 81.348   -64.1    -4.1   -38.5
 87.988   -47.1     6.4   -20.2
 89.648   -50.8    -0.7   -26.7
 91.309   -45.3   -19.0   -29.4
 99.609   -37.8     5.9    -9.1
101.270   -33.4   -16.8   -30.8
157.715   -32.0   -18.0   -17.8
159.375   -34.0    -8.5   -13.1
167.676   -36.1   -26.0   -30.9
169.336   -34.1    -6.9    -7.7
179.297   -30.6   -19.7   -19.1
197.559  -107.2   -35.4   -79.1
199.219  -121.1   -41.2   -85.6
200.879   -99.9   -60.4   -68.6
205.859   -67.8   -28.1   -94.4
207.520  -156.8   -74.7   -73.0
214.160  -213.5   -91.5  -190.5
215.820  -274.3  -104.2  -160.8
222.461  -120.8   -26.1   -57.1
230.762  -110.3   -48.5   -74.6
237.402   -67.6    18.1   -82.8
239.062   -70.4    -8.2   -46.1
245.703  -138.6     3.8   -66.9
258.984   -83.0     4.9   -36.1
260.645   -43.2     7.4   -20.7
265.625   -61.9   -19.3   -24.6
267.285   -35.9    17.8   -21.0
272.266   -34.0    -5.7    -9.0
273.926  -122.4   -54.2   -79.4
275.586   -85.7   -34.0   -48.8
282.227   -65.8    -4.9   -21.8
288.867   -81.2   -77.5     0.7
290.527   -96.5   -70.5    22.2
292.188   -54.0   -36.8    33.4
297.168   -48.5   -25.2     4.7
303.809   -35.1    31.1   -30.4
322.070   -52.7   -25.7   -36.3
323.730   -64.5   -18.6   -51.6
325.391   -42.5    -5.1    -8.9
355.273   -38.6     6.0   -50.1
415.039   -32.8    13.2   -62.2
434.961   -34.7   -22.9     4.3
436.621   -47.5   -32.5    -6.3
438.281   -41.3   -32.3   -19.5
456.543   -33.4   -14.4     8.7
458.203   -34.0   -21.2    16.6
459.863   -33.6   -31.9    35.0
468.164   -36.9   -16.2   -32.6
488.086   -32.5    -4.9    22.2
489.746   -37.3   -27.0    11.9
491.406   -35.8   -33.5    20.9
498.047   -35.6    -3.5   -37.3
591.016   -30.3    -4.7   -16.8
612.598   -36.8   -23.8   -12.6
669.043   -50.7   -20.9    -4.4
670.703   -42.6   -38.8   -19.4
688.965   -31.3   -30.7   -10.0
700.586   -36.7   -29.8   -15.4
727.148   -31.1   -20.9   -22.8
745.410   -32.4   -26.2   -27.0
747.070   -46.3   -46.9   -23.4
748.730   -51.8   -37.7   -11.9
757.031   -37.3   -40.1   -34.6
758.691   -45.6   -34.6   -34.0
766.992   -40.4   -44.4   -37.6
768.652   -38.4   -28.2   -15.2
778.613   -32.8   -35.6   -22.1
801.855   -42.9    13.5   -11.0
811.816   -30.4    11.3    -7.3
813.477   -34.7     9.4    -8.8
823.438   -50.0   -12.2   -34.3
825.098   -42.7   -30.9   -21.6
833.398   -42.2   -24.3   -29.1
843.359   -40.4   -25.4   -31.2
845.020   -31.0   -36.8   -21.4
851.660   -33.3     5.2   -16.0
853.320   -44.0   -14.9   -32.1
854.980   -36.8   -34.0   -26.9
863.281   -30.3   -21.0   -22.8
926.367   -30.6    -4.4   -11.5
934.668   -40.5   -14.9   -24.5
944.629   -31.3   -28.2   -29.4
954.590   -39.5   -27.3   -20.3
956.250   -37.3   -36.5   -20.8
1001.074   -31.6    11.5    -7.7
1002.734   -34.4    -5.3   -26.8
1020.996   -53.3     1.3   -27.7
1030.957   -36.1    -7.5   -29.2
1040.918   -44.0     5.6   -17.3
1042.578   -37.2   -16.5   -26.0
1050.879   -48.0     1.5   -20.2
1059.180   -34.5    -1.0   -25.6
1060.840   -45.3     1.0   -20.7
1069.141   -42.9     5.0   -19.4
1070.801   -40.5    -4.1   -26.6
1079.102   -43.9    -4.4   -15.8
1080.762   -43.9    -2.7   -15.0
1133.887   -37.6   -16.1   -14.2
1143.848   -43.3   -17.3   -19.4
1153.809   -48.2   -17.9   -25.0
1162.109   -33.2   -21.0   -15.2
1163.770   -41.6   -23.8   -27.3
1284.961   -31.4    -6.1   -13.4
1294.922   -38.3    -8.3   -14.7
1304.883   -48.4     0.4   -13.9
1306.543   -31.9    19.7    -9.1
1314.844   -42.4    -0.7   -15.3
1316.504   -48.1    14.8   -20.5
1318.164   -34.4    26.6   -21.9
1324.805   -44.4     0.5   -24.5
1326.465   -52.1    10.5   -23.1
1334.766   -38.2    -4.2   -11.9
1336.426   -39.8     4.8   -25.6
1338.086   -40.1     8.0   -20.0
1344.727   -39.5     4.6   -19.0
1346.387   -51.0     5.6   -26.4
1348.047   -37.7    -1.0   -29.9
1356.348   -42.1    -0.1   -25.8
1358.008   -34.3   -19.4   -24.3
1366.309   -33.9    -4.6   -16.7
1422.754   -32.4    -2.3    -6.6
1431.055   -31.4   -10.8   -15.9
1633.594   -42.9     7.8   -18.9
1635.254   -43.9    -8.5   -24.5
1643.555   -49.1    -1.8   -16.6
1645.215   -42.4   -11.7   -26.8
1655.176   -51.6   -14.5   -18.7
1663.477   -41.4   -17.7   -23.6
1665.137   -44.0   -21.6   -17.6
1673.438   -32.2   -27.0   -16.9
1683.398   -30.7   -24.3   -20.3

Event #31  ts=2026-09-25 13:29:30.406  [SELECTED]
  t[ns]  u1[mV]  u2[mV]  u3[mV]
170.996   -32.1    -3.9   -17.3
172.656   -33.6   -31.9   -37.1
202.539   -86.0   -42.3    -6.1
204.199  -165.8   -62.1     5.7
205.859  -176.7   -84.5    -6.1
207.520  -104.8  -131.4    -5.9
209.180   -74.8  -100.1    29.2
210.840   -54.8   -82.8    -3.2
212.500   -73.0   -93.3   -23.8
214.160   -84.4   -54.6    -3.1
215.820   -69.3   -43.3   -12.0
217.480   -33.9   -57.8   -32.4
225.781   -46.7   -20.0   -10.6
235.742   -34.4   -18.2   -25.1
237.402   -51.5   -27.9   -20.3
245.703   -51.2   -39.8   -34.0
247.363   -34.1   -27.1   -16.6
255.664   -33.6   -19.8   -25.7
322.070   -33.2   -23.0   -19.8
388.477   -30.9   -18.4   -14.4
444.922   -30.5   -16.9   -35.9
464.844   -39.3    -5.3    -9.5
466.504   -36.9   -24.3   -30.1
476.465   -39.9   -16.5   -22.3
478.125   -33.8   -15.0   -20.4
486.426   -46.3   -18.6   -22.9
488.086   -31.9    -8.5   -13.8
498.047   -41.6    -8.8   -14.8
508.008   -32.5   -16.0   -26.1
509.668   -33.8    -5.3    -5.5
682.324   -33.3   -16.0   -15.2
692.285   -34.6    -2.2   -22.5
700.586   -42.5     2.8    -8.4
702.246   -43.1    -7.8   -21.9
710.547   -44.7     9.7    -5.6
712.207   -43.5     9.3    -6.7
720.508   -31.5    -6.4   -25.8
722.168   -32.5     4.9    -6.5
730.469   -34.8    -4.5   -26.1
732.129   -30.7    -6.7   -22.7
740.430   -35.4     7.1   -21.5
752.051   -42.9    -3.0   -16.6
762.012   -39.7    17.0     2.5
771.973   -38.7   -12.6   -22.5
773.633   -39.6    21.4    -7.6
781.934   -31.6     1.7   -10.3
783.594   -47.1    11.1   -20.9
793.555   -51.1    20.5    -8.9
795.215   -34.1    12.0   -18.5
805.176   -43.5    23.7    -6.4
815.137   -41.4     2.9   -25.1
816.797   -40.8    10.5    -6.2
818.457   -30.6    -4.3   -12.5
826.758   -36.6   -21.5   -34.1
836.719   -30.7   -14.0   -25.1
883.203   -34.7     0.2   -22.9
884.863   -34.5    -3.5   -34.0
893.164   -36.4    11.2    -3.5
894.824   -37.9     7.1   -16.4
906.445   -37.4    -2.9   -13.3
908.105   -33.5   -12.2   -19.1
916.406   -35.1   -23.6   -28.5
918.066   -35.3    -8.3   -10.8
976.172   -39.6   -27.3    -5.9
984.473   -33.6   -24.5   -29.5
986.133   -39.6   -47.3   -40.4
1034.277   -30.6     8.6   -12.8
1044.238   -30.3     6.4    -2.5
1054.199   -36.4    18.3    -9.6
1064.160   -35.1    17.9     3.9
1065.820   -30.1    20.7    -1.6
1074.121   -33.1   -14.1   -30.3
1075.781   -31.6    13.4    -6.6
1216.895   -38.2    12.1   -18.0
1226.855   -47.8     6.6   -14.2
1228.516   -44.2    -7.3   -21.5
1236.816   -47.2    -7.0   -28.2
1238.477   -43.7   -10.2   -16.0
1246.777   -39.5    -7.7   -24.3
1248.438   -50.2   -15.1   -24.1
1258.398   -35.9   -13.8   -31.6
1366.309   -36.1     8.8   -16.2
1377.930   -31.0    -9.1   -20.0
1396.191   -30.2   -14.3   -24.5
1407.812   -30.9   -10.8    -8.2
1475.879   -31.8    -4.3   -13.1
1485.840   -40.5   -14.3   -20.9
1495.801   -44.0   -12.0   -21.0
1497.461   -48.9   -23.9   -20.5
1505.762   -31.4   -16.3   -28.8
1507.422   -37.0    -8.4    -9.8
1517.383   -36.7    -7.9    -0.5
1519.043   -37.6    -5.0    -1.4
1527.344   -33.5    -6.6    -8.7
1529.004   -31.3     2.3    -7.3
1558.887   -31.4     3.3   -13.9
1578.809   -31.3   -20.5   -20.5
1597.070   -34.3    12.4    -1.4
1607.031   -32.9    -1.6   -14.4
1615.332   -35.3   -16.1   -27.7
1616.992   -34.0   -14.9   -22.7
1625.293   -32.7     5.9    -9.5
1635.254   -33.1    13.5    -1.2
1645.215   -33.5    -8.5   -19.2

Event #32  ts=2026-09-25 13:29:30.701  [SELECTED]
  t[ns]  u1[mV]  u2[mV]  u3[mV]
 23.242   -32.1     2.5    -6.9
 73.047   -31.3   -15.9   -24.5
 83.008   -38.3    -6.2   -12.0
 84.668   -37.4    -3.3   -12.9
 91.309   -34.4    -0.6   -20.4
101.270   -31.4    -3.5   -15.8
102.930   -40.9     6.5    -7.7
111.230   -33.5    -2.3   -29.3
112.891   -44.2     5.4   -17.6
122.852   -31.4     1.0   -12.5
197.559   -31.2   -35.7   -12.3
199.219   -55.5   -33.1   -33.9
200.879   -41.7   -28.0   -44.4
210.840  -207.3  -125.9  -170.5
212.500  -128.9   -69.2   -79.9
219.141   -35.4   -43.4  -168.0
220.801  -158.2   -18.3    90.6
222.461  -128.9   -73.5    62.6
227.441   -88.6    -7.4    20.5
229.102  -118.7   -96.1     8.9
237.402   -50.2   -39.5   -48.2
239.062   -57.6    29.4    89.2
244.043   -55.4    -4.5   -16.5
250.684   -55.3    73.5    28.4
255.664   -65.1     5.8   -24.9
257.324   -52.7    54.9    13.1
262.305   -39.9    -6.5    38.0
268.945   -79.4    26.8    52.9
270.605   -66.6   -10.3    22.3
273.926   -49.9    -0.9    17.7
278.906   -59.1    17.6    21.6
280.566   -36.2    25.1    22.2
285.547  -111.2   -60.9   -28.0
287.207   -85.0   -49.2   -10.4
292.188   -41.6     6.9   -22.5
302.148   -59.5   -36.9    -7.3
303.809   -99.0   -67.5    19.2
313.770   -42.5   -28.5   -86.7
315.430   -33.4    35.9     0.0
320.410  -109.0   -31.8   -75.1
322.070  -107.1   -29.0   -64.8
330.371   -45.3   -79.4    -6.6
332.031   -69.6   -89.2   -52.5
333.691   -38.1     2.7     9.0
355.273   -40.5   -26.1    -3.3
363.574   -44.2   -15.9    -9.4
365.234   -85.3   -19.4   -35.9
366.895   -73.5   -28.5   -63.8
386.816   -48.9     2.5    24.7
395.117   -45.6    11.6   -65.5
396.777   -61.1    -7.6   -72.1
398.438   -37.1    -7.7   -50.7
406.738   -47.8    -1.3     1.5
408.398   -45.4   -48.5   -31.8
416.699   -37.9    -7.5    13.6
418.359   -52.9   -37.0   -20.6
420.020   -37.0   -60.4   -36.8
444.922   -50.6     1.4    -4.2
446.582   -39.9    -8.6   -16.5
464.844   -49.0   -17.6     7.6
473.145   -38.8   -14.7   -20.8
474.805   -45.4   -10.1   -34.1
484.766   -30.8    -1.8   -62.9
494.727   -30.1   -33.1     4.5
496.387   -34.6   -13.5    22.4
524.609   -33.0   -31.7    -1.3
526.270   -32.7   -38.3     0.4
581.055   -31.3    17.5     7.0
602.637   -64.4   -22.5   -50.0
604.297   -35.0   -10.2   -32.6
612.598   -41.3    -4.9    -7.6
622.559   -51.3   -20.3   -22.8
632.520   -33.5     7.1   -21.4
655.762   -35.1    -4.9   -36.8
679.004   -34.8   -20.0   -12.9
680.664   -36.5   -21.7    -4.7
700.586   -35.4    -8.3     8.2
708.887   -40.7   -18.5   -21.5
710.547   -47.6   -24.3   -31.4
728.809   -37.9   -32.2    -7.0
730.469   -47.2   -35.4    -6.8
732.129   -36.8   -35.5    -4.5
740.430   -31.3   -36.3   -37.2
762.012   -35.7   -35.4   -12.8
763.672   -34.3   -30.1    -7.8
810.156   -47.2    -8.6   -11.3
831.738   -46.3   -15.2   -33.5
967.871   -34.6    -3.8   -22.0
977.832   -35.2    -4.5   -22.5
979.492   -35.2   -10.4   -23.3
987.793   -39.6   -17.5   -29.9
989.453   -37.3   -15.2   -33.6
997.754   -40.0   -11.9   -27.1
1007.715   -39.5   -15.2   -18.4
1009.375   -31.8   -13.2   -30.1
1017.676   -30.9    -3.1    -5.2
1230.176   -33.4   -11.1   -11.4
1331.445   -31.6    12.9    -6.7
1341.406   -43.8    15.6    -9.1
1351.367   -49.1    -5.4   -25.7
1359.668   -68.5     7.1   -33.9
1361.328   -55.2    -9.2   -34.5
1369.629   -63.6     2.1   -27.3
1379.590   -60.1    -3.0   -31.9
1381.250   -49.6    -9.7   -22.7
1389.551   -68.4    -9.2   -32.3
1391.211   -48.8   -11.1   -24.6
1399.512   -60.2    -7.4   -22.6
1401.172   -58.1    -8.4   -23.0
1409.473   -47.4     8.4    -6.2
1442.676   -30.4   -33.5   -12.8
1454.297   -35.9   -32.9    -7.0
1464.258   -32.4   -47.2   -23.9
1517.383   -41.7    -9.7   -28.2
1529.004   -32.8   -24.2   -28.6
1587.109   -38.1    10.5   -20.0
1597.070   -31.6     6.3   -22.1
1607.031   -48.9     1.4   -18.2
1608.691   -48.0     0.8   -24.9
1616.992   -40.2    -1.0   -18.3
1618.652   -43.2     6.7   -18.2
1626.953   -53.0    -1.9   -23.6
1628.613   -41.6    -9.5   -19.4
1636.914   -38.5    13.6   -19.0
1638.574   -48.7     4.2   -29.1
1648.535   -40.3   -12.4   -31.8
1650.195   -39.5   -15.4   -28.1

Event #34  ts=2026-09-25 13:29:31.043  [SELECTED]
  t[ns]  u1[mV]  u2[mV]  u3[mV]
 44.824   -35.8   -21.0   -13.8
 87.988   -41.3     7.5   -13.1
 89.648   -35.3     7.9   -12.5
 99.609   -35.7    -9.5   -13.5
107.910   -38.4     7.4    -4.6
109.570   -40.4   -12.1   -24.3
119.531   -34.8   -15.1   -21.1
129.492   -34.2    -4.1    -3.3
205.859   -36.0   -32.1   -22.3
207.520  -149.6   -76.6   -43.9
209.180  -165.1  -105.2   -59.6
210.840  -138.0  -149.9   -85.3
212.500   -90.1  -148.4   -60.9
214.160   -67.6  -116.7   -70.0
215.820   -46.9  -109.3   -73.0
217.480   -49.4   -73.3   -49.6
219.141   -50.6   -48.4   -38.3
385.156   -30.2    15.3   -10.1
386.816   -32.9    -4.3   -24.2
396.777   -38.7    -6.7   -18.2
406.738   -32.1    -4.5    -1.3
416.699   -33.4   -29.1   -42.2
448.242   -38.9    -1.0    -6.4
458.203   -34.4    -9.5    -3.5
522.949   -33.7     0.0   -30.2
644.141   -35.5   -10.1   -18.5
645.801   -47.4    12.4    -7.0
654.102   -52.5    -7.4   -19.3
655.762   -59.3     8.3   -13.7
664.062   -57.6   -16.0   -28.0
665.723   -63.1    -8.9   -20.5
674.023   -65.1   -10.7   -18.1
675.684   -69.3   -14.0   -30.2
683.984   -33.4   -23.4   -24.8
685.645   -62.8    -2.5   -21.0
693.945   -40.8   -22.2   -19.5
695.605   -61.4    -3.2   -18.5
703.906   -36.3   -22.4   -20.5
705.566   -45.1    -7.1   -24.6
713.867   -37.2    -9.4   -22.1
715.527   -38.7    -9.6   -21.6
750.391   -30.2   -21.5   -27.5
752.051   -31.0   -13.5   -22.3
762.012   -30.1   -21.2   -26.3
770.312   -30.3   -12.2   -30.7
771.973   -31.7   -18.2   -33.5
780.273   -33.8   -11.1   -28.0
790.234   -30.1    -7.8   -18.6
871.582   -32.3    -8.0   -15.6
901.465   -32.7   -11.3   -15.0
911.426   -32.0   -20.3   -34.5
921.387   -31.1   -23.4   -20.8
923.047   -32.9   -23.3   -17.9
974.512   -35.1    -7.8   -21.8
986.133   -39.8    -8.4   -29.8
996.094   -37.5    -4.0   -23.4
1006.055   -36.0    -8.6   -26.3
1007.715   -33.7   -22.8   -27.6
1064.160   -34.9    16.5     3.6
1084.082   -31.2   -19.4   -32.8
1085.742   -38.7   -13.0   -27.3
1105.664   -31.7     7.1    -5.6
1263.379   -37.3   -13.9   -17.4
1273.340   -38.2    -1.4    -8.0
1275.000   -35.1    -9.3   -16.6
1283.301   -36.6   -12.2   -13.2
1284.961   -35.0    -8.8    -6.4
1450.977   -35.9   -14.1    -6.1
1452.637   -37.7    -4.4    -4.2
1460.938   -31.9   -17.2   -13.8
1568.848   -33.9   -30.1   -22.4
1645.215   -34.2     5.0   -18.1
1653.516   -41.2    -2.1   -18.0
1665.137   -46.5    -0.3   -19.3
1666.797   -46.1   -12.1   -28.9
1675.098   -52.2   -10.9   -22.5
1676.758   -47.1   -11.8   -16.9
1683.398   -42.8   -17.7   -36.8
1685.059   -57.7   -22.9   -44.3
1686.719   -51.0   -19.3   -15.4
1695.020   -51.2   -22.4   -25.8
1696.680   -65.1   -28.7   -28.3

Event #36  ts=2026-09-25 13:29:31.810  [SELECTED]
  t[ns]  u1[mV]  u2[mV]  u3[mV]
 49.805   -32.3   -15.7   -24.2
 59.766   -36.3   -25.1   -29.3
 69.727   -33.0   -26.9   -23.3
 71.387   -32.0   -32.9   -22.2
 81.348   -34.9   -22.4   -13.9
 83.008   -36.6   -22.2   -13.7
 91.309   -35.9   -30.1   -16.9
136.133   -37.9    -3.4   -16.6
146.094   -38.6   -25.7   -39.4
147.754   -33.3    -6.8    -8.8
166.016   -37.3   -25.1   -29.4
167.676   -46.3   -27.5   -28.4
177.637   -41.2   -22.5   -17.6
187.598   -34.0   -16.7   -15.1
204.199   -94.6   -37.7   -13.1
205.859  -169.3   -77.4    -9.0
207.520  -204.1  -148.4   -35.4
209.180  -158.6  -137.3   -21.5
210.840  -118.2   -82.4   -14.5
212.500   -95.0   -93.2   -48.6
214.160   -88.3  -101.4   -39.4
215.820   -85.0   -80.5   -14.7
217.480   -52.2   -50.9   -26.2
219.141   -30.8    -6.4   -10.3
220.801   -42.5     1.2     4.5
222.461   -43.3   -19.3   -16.5
224.121   -30.3   -53.8   -32.9
232.422   -34.8   -10.5   -18.2
242.383   -36.9   -15.0   -20.8
250.684   -33.7     3.5   -11.2
260.645   -41.6     4.7    -6.9
262.305   -33.0     6.8    -6.5
270.605   -34.8    -1.5    -7.5
278.906   -36.1    -8.3   -21.5
288.867   -32.8    -6.1   -13.8
297.168   -43.4   -27.3   -24.2
298.828   -37.1   -25.4   -17.3
300.488   -33.5     3.5    -5.8
307.129   -39.2   -31.7   -25.5
308.789   -46.6   -15.6   -21.0
318.750   -36.1   -23.3   -18.9
328.711   -33.7   -12.0   -13.0
360.254   -33.0     9.1   -23.1
416.699   -33.8     0.2    -4.3
426.660   -36.4    -5.4   -12.2
454.883   -34.9    14.9    -2.8
527.930   -36.9     0.5   -23.3
529.590   -31.1   -33.8   -18.4
537.891   -48.7   -12.9   -31.9
546.191   -39.9     5.8   -25.0
547.852   -47.4   -26.5   -32.5
556.152   -45.4    -1.2   -24.1
557.812   -35.0   -25.1   -24.2
566.113   -53.0     0.4   -24.0
567.773   -34.4   -13.4   -15.1
574.414   -41.6     0.1   -27.6
576.074   -45.7    -8.2   -32.7
584.375   -51.2     3.3   -25.5
586.035   -39.4    -4.2   -34.6
594.336   -53.3     9.6   -24.3
595.996   -44.6    -1.4   -26.0
604.297   -54.1     2.0   -31.5
605.957   -47.2    -1.0   -21.7
614.258   -49.2    -6.5   -26.5
615.918   -32.0    -8.0   -19.2
624.219   -47.5     7.5   -18.1
625.879   -34.4   -10.7   -32.1
632.520   -34.6    -8.4    -6.5
634.180   -47.1    -2.5   -18.3
642.480   -34.1    -1.7   -10.5
644.141   -44.6    -4.2   -27.4
645.801   -37.4    -2.5   -18.6
712.207   -33.5    13.4    -6.0
722.168   -30.2     0.4   -19.8
732.129   -32.6     0.5   -17.3
733.789   -30.7    -3.7   -23.2
786.914   -40.4   -21.7   -15.6
796.875   -36.4   -28.0   -17.9
806.836   -37.1   -31.1   -19.7
816.797   -36.6   -29.2   -24.7
818.457   -31.6   -22.1   -18.3
871.582   -31.9     1.2    -6.8
881.543   -31.3     0.0   -12.5
889.844   -31.6   -16.3   -20.2
891.504   -34.6   -10.5   -19.7
899.805   -38.3    -7.7   -14.1
909.766   -32.0    -8.2    -4.2
911.426   -40.7     2.0   -13.2
919.727   -33.1   -10.7   -11.9
921.387   -38.7    -6.3    -9.1
929.688   -33.3   -13.7   -18.1
931.348   -35.3     0.5   -11.8
941.309   -35.1    -1.8   -19.9
1055.859   -33.7   -13.1   -27.9
1175.391   -42.3    11.7   -23.5
1177.051   -43.2    11.2   -25.3
1178.711   -31.6     6.7   -11.0
1187.012   -57.7     4.7   -30.1
1188.672   -40.3     0.8   -16.8
1196.973   -47.0    -2.2   -30.5
1198.633   -46.2   -18.1   -14.9
1206.934   -43.9   -14.4   -35.6
1208.594   -69.0   -13.4   -26.2
1216.895   -62.4   -23.8   -38.5
1218.555   -64.4   -24.0   -38.7
1220.215   -32.2   -21.9   -14.1
1226.855   -47.4    -7.8   -22.6
1228.516   -45.9    -7.9   -23.0
1238.477   -37.8   -11.1   -14.9
1334.766   -30.7   -13.9   -14.8
1356.348   -34.5   -18.4   -16.8
1573.828   -32.3    -3.7   -21.0

Event #38  ts=2026-09-25 13:29:33.447  [SELECTED]
  t[ns]  u1[mV]  u2[mV]  u3[mV]
  0.000   -43.5   -20.0   -42.0
 46.484   -33.2    13.2    -7.2
 56.445   -30.8   -17.3   -11.8
114.551   -38.0   -13.8   -14.6
124.512   -39.6   -17.0    -9.8
142.773   -31.5   -15.2   -17.3
152.734   -32.8   -10.7   -14.4
195.898  -107.5  -135.5   -14.1
197.559  -221.4  -250.2   -12.4
199.219  -209.5  -255.7   -10.1
200.879  -132.5  -163.1    -3.5
202.539  -122.9  -114.7    -4.3
204.199  -104.9  -117.2   -10.6
205.859   -88.6  -130.8   -12.5
207.520   -57.7  -108.7    -2.8
209.180   -31.2   -55.2    -2.5
212.500   -35.5   -26.8    -5.3
214.160   -34.6   -32.6     0.2
225.781   -39.2   -25.9   -11.1
234.082   -30.8   -31.6   -33.4
235.742   -41.6   -36.5     2.2
244.043   -45.2   -37.6   -41.3
245.703   -38.0   -37.3    -7.6
254.004   -39.5   -41.1   -22.2
255.664   -35.6   -37.1   -11.6
263.965   -34.5   -26.0   -32.9
273.926   -30.5   -23.8   -17.0
353.613   -31.6     1.1   -26.3
355.273   -33.6     0.2    -3.5
363.574   -47.1    -0.9   -17.9
365.234   -48.7    -1.3   -17.6
373.535   -42.5   -14.6   -22.1
375.195   -45.0   -12.7   -23.3
383.496   -46.6   -13.9   -27.8
385.156   -39.3   -25.1   -30.1
395.117   -49.4    -9.4   -20.5
429.980   -40.3    -7.8   -26.0
439.941   -54.2    -4.0   -18.7
441.602   -47.6   -15.0   -33.0
449.902   -62.1    -5.0   -25.0
451.562   -58.4   -13.3   -32.8
453.223   -32.9   -13.8   -30.3
461.523   -64.0    -8.4   -25.8
469.824   -33.4   -15.4   -27.7
471.484   -50.9   -10.5   -28.0
479.785   -39.6    -7.0   -38.2
481.445   -32.8   -24.1   -42.8
546.191   -34.5   -23.7   -19.9
713.867   -32.5    19.0    -6.0
725.488   -30.5    24.9     9.5
808.496   -30.8   -11.2   -19.6
828.418   -34.2   -18.0   -15.7
840.039   -32.1   -30.3   -24.4
888.184   -36.0     4.5    -5.2
898.145   -40.3    -4.1    -7.0
899.805   -31.2     0.8    -0.5
908.105   -37.6   -20.3   -33.5
909.766   -52.0   -11.0   -10.6
918.066   -36.3   -21.4   -29.8
919.727   -44.8   -15.6   -18.5
921.387   -35.7    -7.4    -7.7
929.688   -35.3    -8.8   -12.5
941.309   -38.9     4.6    -5.9
1014.355   -31.7    19.0    -5.0
1024.316   -41.6    11.6    -6.5
1025.977   -31.5   -26.6   -34.8
1034.277   -57.0    -9.6   -25.0
1045.898   -55.6    -7.9   -28.6
1047.559   -56.9   -41.0   -38.2
1057.520   -43.7   -44.3   -27.9
1059.180   -37.3   -43.9   -25.2
1065.820   -32.5   -18.1   -20.7
1067.480   -40.6   -41.8   -36.0
1069.141   -34.1   -46.4   -28.0
1079.102   -33.4   -47.3   -33.8
1112.305   -36.3     0.9   -13.0
1113.965   -38.1    -4.0   -24.6
1123.926   -43.5     4.7   -16.9
1125.586   -34.9   -21.8   -33.5
1133.887   -47.4    -9.9   -22.3
1135.547   -57.1   -14.5   -27.7
1145.508   -31.1   -29.1   -33.9
1155.469   -31.3   -15.9   -29.3
1157.129   -31.8   -34.3   -32.3
1251.758   -30.1     8.8   -16.0
1450.977   -37.2    -3.5    -1.2
1460.938   -42.6    -3.3    -9.8
1462.598   -39.4     3.0   -12.1
1470.898   -31.0   -19.8   -22.2
1480.859   -30.1   -15.5   -22.4
1482.520   -30.9    -6.3   -20.4
1517.383   -32.3    -8.2   -10.3
1525.684   -33.0    -8.7   -14.2
1527.344   -31.6   -23.2   -28.3
1535.645   -45.7    -3.1   -17.0
1547.266   -49.8   -17.6   -27.4
1557.227   -40.8   -30.0   -25.5
1558.887   -34.0   -25.4   -18.5
1567.188   -41.0   -34.9   -43.5
1623.633   -36.3     9.3    -1.9
1633.594   -38.2   -17.2   -34.3
1641.895   -35.9    -3.4   -14.8
1643.555   -43.4   -16.3   -27.4
1651.855   -34.3    -3.5   -14.5
1653.516   -45.7    -1.4    -6.4
1661.816   -42.9   -14.7   -27.8
1663.477   -46.7    -7.0   -16.4
1665.137   -38.1    -1.9    -9.4
1671.777   -35.4   -10.2   -25.9
1673.438   -39.1   -12.2   -17.3
1680.078   -39.2    -9.4   -28.6
1681.738   -34.4    -8.0   -12.8
1690.039   -43.4   -13.5   -37.8
1691.699   -40.5    -9.4   -21.0
1698.340   -31.7     0.5    -7.1

Event #42  ts=2026-09-25 13:29:37.266  [SELECTED]
  t[ns]  u1[mV]  u2[mV]  u3[mV]
  8.301   -33.4    -4.3     1.9
 33.203   -33.6     0.1   -22.6
 43.164   -47.0     2.7   -27.5
 44.824   -38.3    -1.4   -26.6
 53.125   -46.6     2.3    -5.2
 63.086   -34.0   -17.3   -22.7
 64.746   -38.2     6.6    -4.2
 73.047   -40.0    -9.4   -24.1
 74.707   -44.2    11.7    -8.9
 84.668   -40.2     0.3   -31.1
142.773   -30.5    29.4    -3.0
152.734   -38.2    24.4    -8.4
162.695   -47.2     3.8   -32.7
164.355   -39.0    -1.3   -26.8
170.996   -43.8    24.1    -7.7
172.656   -51.7   -10.3   -52.6
174.316   -36.0   -16.5   -14.8
182.617   -48.7    -0.3   -36.4
184.277   -41.8   -18.4   -39.1
190.918   -30.8    10.0    -8.6
192.578   -44.2    -7.0   -23.3
194.238   -47.4   -21.9   -29.6
195.898   -33.3   -26.7   -20.2
199.219  -140.4   -52.3    19.0
200.879  -230.2  -150.4   -18.6
202.539  -254.0  -220.2   -33.0
204.199  -231.0  -216.6   -23.3
205.859  -132.1  -163.4    -3.0
207.520   -50.8  -119.7     7.7
209.180   -47.2   -93.2    13.2
210.840   -64.8   -68.2    -2.9
212.500   -76.2   -83.6   -26.8
214.160   -59.3   -60.9   -25.2
222.461   -39.3   -24.3   -17.8
224.121   -45.2   -36.6   -28.5
232.422   -35.2   -19.5   -12.9
234.082   -35.4   -21.0   -13.2
255.664   -31.9    -9.7   -14.5
383.496   -31.4     5.8   -18.5
403.418   -32.6     2.4    -7.8
413.379   -45.1     2.7    -3.8
423.340   -48.4    -6.8    -7.8
425.000   -41.3   -15.4   -18.5
433.301   -30.5    -2.0    -6.2
453.223   -37.0    -8.4   -10.6
489.746   -33.9   -24.4   -29.2
491.406   -32.1   -19.6    -8.7
591.016   -37.1    14.4   -23.4
600.977   -32.5    11.7   -24.8
612.598   -44.7    -4.6   -23.5
614.258   -38.7    -5.2   -15.8
620.898   -40.3     4.9   -19.0
622.559   -43.0     6.2   -18.1
632.520   -42.0    -4.1   -21.7
642.480   -35.6   -14.0   -25.6
690.625   -40.8   -18.9   -17.4
700.586   -45.0   -31.4   -25.1
702.246   -30.2   -28.7   -17.5
710.547   -36.4   -28.5   -16.4
720.508   -33.3   -26.2   -28.2
766.992   -46.3    -6.0   -20.0
775.293   -30.3   -12.5   -17.3
776.953   -43.3   -18.3   -23.1
785.254   -34.5    -0.8   -11.7
786.914   -43.1    -9.8   -28.5
796.875   -31.5   -10.2   -18.0
805.176   -31.6    -8.2   -20.6
806.836   -37.0    -4.2   -15.5
815.137   -37.4   -11.8   -22.4
825.098   -30.5   -13.3   -14.1
826.758   -34.8     0.0    -8.3
836.719   -38.4     1.9     2.0
846.680   -49.6     5.0    -1.0
848.340   -36.1    11.3    -4.3
856.641   -38.4     2.0   -12.8
858.301   -36.4     5.0    -8.0
868.262   -33.6    -0.6   -22.5
1055.859   -36.3   -10.9   -17.9
1069.141   -34.4    -2.4   -17.9
1077.441   -50.7   -10.9   -37.7
1079.102   -47.2    -9.1   -32.1
1087.402   -38.8    -3.3   -22.4
1089.062   -55.6   -15.3   -51.3
1099.023   -40.6   -18.3   -47.6
1100.684   -43.0   -24.3   -35.6
1108.984   -36.8    -6.7   -28.7
1110.645   -32.1   -11.4   -19.7
1112.305   -30.6   -11.3   -11.0
1118.945   -30.3   -11.1   -30.6
1120.605   -36.7   -17.2   -36.2
1122.266   -41.4   -17.6   -14.8
1132.227   -36.0   -25.7   -20.9
1133.887   -38.3   -14.0    -7.7
1223.535   -39.0   -22.0   -22.4
1233.496   -36.8   -26.1   -26.7
1255.078   -32.1   -14.0    -7.3
1364.648   -47.7    15.7   -10.8
1366.309   -47.1    14.4    -7.1
1374.609   -45.9    11.8   -18.3
1376.270   -40.9    -0.5   -17.0
1384.570   -34.1    10.2   -17.9
1386.230   -45.8     2.2   -21.8
1394.531   -48.2    -0.8   -31.1
1396.191   -49.0     5.3   -24.4
1402.832   -57.5    -7.5   -34.3
1404.492   -52.5    -7.0   -27.5
1412.793   -40.5    -2.4   -23.2
1414.453   -52.2   -11.5   -37.3
1422.754   -49.6    -8.2   -26.1
1424.414   -44.9    -6.3   -12.9
1432.715   -36.5   -20.1   -41.5
1434.375   -31.1    -4.5     6.1
1545.605   -36.8   -23.2   -27.9
1553.906   -32.4   -12.5   -12.2
1631.934   -32.1    27.0     2.9
1640.234   -34.4    -2.1   -21.3
1641.895   -33.6    24.1   -10.0
1651.855   -36.8    11.2   -11.7
1661.816   -32.6     8.5   -11.4
1663.477   -38.4   -11.8   -27.3
1671.777   -35.6    18.6    -1.0
1673.438   -38.2   -35.0   -45.7
1681.738   -44.6    15.9    -1.9
1683.398   -30.9   -45.2   -39.8
1691.699   -41.0    -3.9   -18.9

Event #45  ts=2026-09-25 13:29:38.613  [SELECTED]
  t[ns]  u1[mV]  u2[mV]  u3[mV]
 59.766   -36.1    12.0    -4.9
 61.426   -33.1    12.3    -4.6
 69.727   -44.7     2.3    -9.6
 79.688   -46.6   -25.6   -28.1
 81.348   -37.8     7.8    -5.4
 89.648   -48.3   -22.5   -31.6
 91.309   -59.5   -19.2   -31.3
 99.609   -33.2   -23.1   -17.8
101.270   -51.6   -15.5   -22.6
109.570   -33.9   -16.0   -11.0
111.230   -47.0   -11.2   -17.3
121.191   -40.8    -1.9   -13.8
156.055   -31.6   -19.5    -4.1
166.016   -34.2   -26.1    -8.9
177.637   -35.5   -23.1   -13.6
205.859   -68.7   -41.7    -9.2
207.520   -82.8   -85.9   -13.9
209.180   -97.3   -98.6   -22.3
210.840  -152.7  -146.2   -22.6
212.500  -163.7  -147.2   -30.6
214.160  -150.3  -160.1   -43.9
215.820   -97.2  -145.4   -42.4
217.480   -54.1  -107.0   -16.3
222.461   -43.1   -26.0   -11.8
224.121   -74.5   -52.7   -38.6
225.781   -53.2   -60.1   -31.6
227.441   -35.1   -47.8   -16.7
234.082   -59.8   -43.5   -44.8
235.742   -53.6   -55.5   -43.8
245.703   -47.0   -50.2   -38.5
254.004   -35.4   -19.5   -32.8
255.664   -42.2   -35.1   -31.3
257.324   -32.7   -32.4   -17.2
325.391   -30.6   -23.7    -7.5
337.012   -32.6    -4.6     0.2
378.516   -31.1    11.4   -17.5
411.719   -31.6   -11.9   -17.1
421.680   -34.3   -21.8   -33.8
429.980   -31.8    13.7     5.8
431.641   -35.9     3.1    -9.7
614.258   -35.0     5.1   -19.7
615.918   -36.8    12.0   -18.3
624.219   -31.7    -1.5   -10.9
625.879   -39.3    -2.4   -33.9
634.180   -51.0     1.7   -10.1
635.840   -53.8     7.3   -13.4
645.801   -51.0     2.8   -19.3
655.762   -47.0   -21.5   -36.5
657.422   -39.9     7.4   -16.3
665.723   -37.3   -14.6   -21.0
667.383   -55.8   -14.3   -31.1
677.344   -43.5    -5.8   -34.1
679.004   -33.3   -15.8   -39.4
771.973   -36.0     0.4   -10.9
800.195   -39.8    -0.6   -10.4
801.855   -37.0     7.7   -15.2
810.156   -39.7     2.1   -11.9
811.816   -34.7    -3.8   -13.9
821.777   -37.4    -8.4   -20.0
831.738   -36.6   -25.4   -34.0
898.145   -36.2    -4.0   -29.1
908.105   -37.0     2.4   -32.8
918.066   -30.7    -0.5   -24.4
1137.207   -43.8   -24.1   -42.4
1145.508   -39.4     6.0   -24.7
1147.168   -48.6   -35.1   -46.9
1155.469   -37.4    16.7    -6.3
1157.129   -32.3   -21.7   -29.4
1175.391   -34.1     4.7   -27.3
1193.652   -31.0    12.2   -11.9
1195.312   -31.1     4.9   -19.4
1203.613   -38.3    17.7    -7.2
1205.273   -36.6    -9.0   -34.8
1213.574   -45.2    17.0    -8.1
1215.234   -45.0    -4.1   -27.7
1223.535   -45.0     6.6    -8.1
1233.496   -37.4    -8.3   -21.5
1243.457   -37.1   -11.0   -25.8
1331.445   -32.9     2.1    -4.2
1341.406   -53.0     5.0   -11.0
1343.066   -46.2     1.4   -25.7
1351.367   -36.5   -15.8   -22.0
1353.027   -51.0    -9.7   -28.6
1361.328   -32.0    -4.1   -13.7
1362.988   -54.0   -24.9   -43.3
1364.648   -35.4   -18.6   -21.0
1371.289   -33.5    -0.9    -9.4
1372.949   -48.0   -25.2   -35.8
1382.910   -40.2   -12.0   -32.9
1392.871   -34.2    -5.1   -23.2
1492.480   -30.8    -8.4   -30.7
1494.141   -35.6   -24.8    -7.0
1504.102   -40.6   -23.3   -13.0
1514.062   -34.1   -28.3   -15.4
1515.723   -36.2   -28.8   -19.7
1665.137   -31.7    -8.8   -17.7
1695.020   -38.4     4.1    -7.4

Event #49  ts=2026-09-25 13:29:40.933  [SELECTED]
  t[ns]  u1[mV]  u2[mV]  u3[mV]
 91.309   -42.0     0.0   -32.4
101.270   -48.9     0.8   -21.1
102.930   -53.3    -3.9   -28.7
112.891   -49.9   -12.5   -37.8
114.551   -38.9   -31.9   -31.0
122.852   -32.8    -5.5   -15.2
124.512   -37.3   -37.2   -33.2
132.812   -43.8    -8.7   -18.6
142.773   -37.6    -8.7    -5.7
152.734   -30.1   -16.7   -18.1
172.656   -37.4     3.4   -12.2
182.617   -35.5    -2.2   -10.6
200.879   -42.4     8.2   -19.6
202.539   -43.1     7.3   -16.3
209.180  -107.8   -33.0   -22.5
210.840  -200.2   -96.9   -28.7
212.500  -186.4  -130.8     6.4
214.160   -95.4  -156.8     2.4
215.820   -60.1  -167.8    -8.2
217.480   -93.3  -147.7     1.8
219.141  -109.3  -133.5    -3.6
220.801  -113.0   -81.4   -34.8
222.461   -53.4   -43.0     9.6
227.441   -38.5   -35.2   -12.7
229.102   -32.7   -37.2    -8.7
230.762   -57.8   -15.5   -32.1
232.422   -52.8    -2.2   -21.1
239.062   -34.2   -19.3   -22.2
240.723   -54.5   -11.9   -39.6
242.383   -46.3    -3.4   -22.3
250.684   -38.9    -5.3   -21.8
252.344   -30.3    10.8    -9.9
272.266   -32.6    12.4    -8.7
293.848   -31.7    15.2    -2.6
303.809   -37.6    10.0    -1.5
313.770   -39.8    -4.6    -7.4
315.430   -33.1    -4.2   -21.7
333.691   -32.7     1.6    -1.2
335.352   -46.1    -8.4   -31.0
353.613   -42.9     4.2   -20.2
355.273   -41.0     3.3   -22.6
365.234   -32.1     3.3   -14.9
373.535   -34.2    -9.4   -12.8
395.117   -32.9    -6.2     0.0
396.777   -33.7     9.2    -5.6
416.699   -31.4    -0.8    -9.1
499.707   -43.7    22.1   -10.4
509.668   -50.0    19.6    -7.6
511.328   -38.8    13.7   -16.4
519.629   -35.1    11.3    -6.1
521.289   -47.2    19.0   -15.6
531.250   -35.2     0.9   -18.2
542.871   -35.3    -5.2   -29.6
544.531   -30.1   -19.0   -29.0
554.492   -36.8   -25.7   -38.3
556.152   -35.7   -28.7   -32.1
564.453   -36.6    -4.2   -29.2
566.113   -37.1   -40.1   -41.5
576.074   -34.4   -25.7   -40.0
577.734   -34.4   -32.8   -14.3
579.395   -33.8   -35.3   -15.5
587.695   -32.0   -18.6   -12.3
589.355   -33.2   -20.6   -15.0
758.691   -32.2     5.5   -30.7
766.992   -30.7    37.8    -3.5
768.652   -34.3    28.5   -18.0
778.613   -36.4    14.0   -27.2
780.273   -37.5   -15.8   -28.5
786.914   -32.8    21.1   -24.2
788.574   -40.2   -14.5   -32.1
790.234   -39.8   -16.5   -30.2
791.895   -30.9   -36.5   -10.0
798.535   -36.1     3.0   -26.9
800.195   -30.4   -34.7   -23.3
838.379   -30.2   -12.7   -11.8
957.910   -31.6   -17.8   -28.1
959.570   -32.4   -22.7   -28.7
979.492   -32.4   -11.6   -17.0
1072.461   -33.4    -4.5    -6.0
1082.422   -34.0    -3.4   -17.5
1090.723   -41.2    -5.6   -13.5
1092.383   -56.9    -4.5   -16.4
1100.684   -38.4    -2.7   -11.7
1102.344   -58.4   -16.9   -31.7
1108.984   -35.4    -4.5   -19.7
1110.645   -65.7    -4.3   -23.8
1112.305   -32.9   -31.6   -23.3
1118.945   -46.4    -5.8   -25.6
1120.605   -58.1   -16.7   -27.0
1130.566   -60.9   -16.9   -23.0
1132.227   -40.7   -26.8   -29.7
1140.527   -51.7   -17.7   -14.8
1183.691   -34.4   -17.9    -9.1
1185.352   -42.1   -25.0   -34.3
1195.312   -43.1   -24.8   -24.5
1205.273   -38.7   -20.6   -32.5
1206.934   -38.6   -24.3   -26.9
1215.234   -33.7   -31.4   -30.3
1216.895   -31.2   -24.3   -28.3
1258.398   -36.0   -12.0   -29.3
1268.359   -36.7   -13.0   -29.7
1289.941   -32.4   -23.9   -21.9
1298.242   -31.0   -11.1   -15.2
1308.203   -31.4   -15.0   -21.2
1318.164   -33.2    -4.4   -27.3
1326.465   -36.1    -2.9   -28.9
1328.125   -32.2   -14.3   -30.4
1338.086   -33.2    -7.4   -27.7
1358.008   -32.9    -7.2   -23.1
1367.969   -36.6   -15.0   -20.1
1377.930   -32.9   -24.2   -35.8
1386.230   -33.9    21.3    -9.1
1387.891   -32.3   -36.6   -47.4
1394.531   -38.3    13.6    -7.1
1396.191   -42.6    14.4   -15.9
1406.152   -42.8    -5.3   -24.4
1416.113   -37.3     0.1   -27.0
1426.074   -33.1     1.4   -28.3
1504.102   -34.7    46.7     0.3
1514.062   -46.4    35.2   -12.9
1524.023   -35.5    14.7   -14.1
1533.984   -41.8    20.6   -18.1
1543.945   -46.9    17.2    -8.9
1545.605   -37.5   -10.6   -29.1
1553.906   -46.6     8.0    -7.1
1555.566   -45.4    -1.8   -33.6
1563.867   -36.4   -14.8   -18.8

Event #52  ts=2026-09-25 13:29:42.267  [SELECTED]
  t[ns]  u1[mV]  u2[mV]  u3[mV]
  6.641   -31.4     3.3   -20.7
 28.223   -31.2   -31.4   -26.8
 29.883   -38.5   -26.9   -16.6
 76.367   -32.3     6.7    -9.8
 78.027   -35.8     2.0   -16.6
 87.988   -34.0    -2.9   -10.1
 97.949   -30.1     1.7   -15.5
 99.609   -31.8    -0.9   -15.8
182.617   -35.5     8.2   -29.0
192.578   -34.8    -6.0   -36.7
200.879   -38.4     3.9    -7.9
202.539   -44.8    -0.1   -23.1
212.500   -58.1    -7.9   -34.5
214.160   -88.7   -35.0   -31.4
215.820  -115.1   -69.1   -65.6
217.480  -135.6  -106.1  -104.7
219.141  -139.5  -135.9  -134.4
220.801  -130.0  -171.8  -187.7
222.461  -117.5  -153.5  -205.9
224.121   -97.8   -99.6  -159.7
225.781   -37.3   -66.1  -117.8
230.762   -38.0   -45.9   -84.0
232.422   -45.2   -39.9   -83.3
234.082   -46.7   -44.4   -70.7
242.383   -30.5   -24.2   -19.1
244.043   -31.4   -26.0   -33.7
278.906   -30.9   -17.4   -31.8
280.566   -30.6   -21.3   -31.8
300.488   -35.3   -24.2   -26.3
356.934   -43.9   -29.9   -38.7
366.895   -45.5   -24.5   -35.1
368.555   -41.9   -36.1   -17.7
376.855   -45.1   -28.7   -36.8
378.516   -30.9   -40.0   -11.7
386.816   -41.3     0.5   -26.0
388.477   -45.7   -44.3   -27.4
396.777   -31.5    -6.2   -28.0
398.438   -33.4   -35.0   -15.8
406.738   -32.8    -1.5   -26.0
408.398   -32.3   -18.7   -29.9
425.000   -38.9    10.5   -16.7
426.660   -38.1     7.3   -19.1
434.961   -32.8    -8.6   -17.2
436.621   -32.3     0.0   -22.2
444.922   -39.8   -10.1   -24.4
627.539   -32.1   -14.8   -10.2
655.762   -31.4    -1.0     3.7
657.422   -33.1     2.1    -3.6
667.383   -35.3    -4.3   -11.8
677.344   -42.4    -3.7   -20.7
687.305   -35.3    -9.6   -32.1
740.430   -32.5   -14.3   -16.2
758.691   -30.5   -23.9   -19.8
760.352   -32.1   -19.0   -22.0
826.758   -35.7   -22.3   -30.8
856.641   -32.5     5.7   -10.9
858.301   -46.0    -4.8   -26.8
866.602   -36.2    -8.5   -21.1
868.262   -36.9    -5.2   -17.9
911.426   -38.6     2.0    -6.7
913.086   -31.0     3.3   -24.8
921.387   -50.0     1.9   -21.4
923.047   -48.5    -2.8   -23.7
931.348   -49.8    -1.9   -36.1
933.008   -37.2   -16.8   -14.7
934.668   -34.5   -15.1   -15.5
941.309   -43.0   -20.7   -29.0
942.969   -39.6   -28.6   -22.1
951.270   -39.8    -2.9   -19.0
971.191   -32.6   -11.8   -24.2
989.453   -31.8    -1.8    -4.2
999.414   -33.6    -9.1   -13.6
1007.715   -36.1    -4.2    -7.3
1009.375   -36.0    -6.6    -3.9
1017.676   -38.3    -9.6   -15.9
1019.336   -33.3    -5.9   -14.6
1027.637   -38.0   -24.9   -36.5
1037.598   -33.3   -15.8   -16.8
1047.559   -31.7   -21.1   -20.8
1055.859   -36.4   -30.4   -30.4
1057.520   -30.3   -14.8   -17.6
1064.160   -34.1   -22.7   -13.8
1065.820   -35.6   -33.0   -29.0
1075.781   -38.2   -34.3   -22.4
1138.867   -31.7   -13.1   -31.7
1150.488   -43.6   -28.5   -38.4
1158.789   -47.6   -12.4   -21.6
1168.750   -37.9   -10.8   -26.2
1230.176   -30.8     8.7   -21.1
1231.836   -33.6    -1.5   -21.0
1240.137   -33.0     8.6   -19.6
1241.797   -41.5    -1.1   -18.9
1250.098   -38.1     6.1   -22.0
1251.758   -48.7   -12.1   -22.1
1260.059   -57.1    -6.5   -15.3
1261.719   -52.7   -16.2   -19.4
1263.379   -30.3   -34.1   -29.9
1271.680   -48.4   -33.5   -27.7
1281.641   -34.9   -39.0   -29.9
1289.941   -30.5    -4.7   -17.6
1291.602   -35.9   -32.4   -29.1
1301.562   -31.9    -6.2   -14.9
1329.785   -48.2     6.1   -25.0
1339.746   -50.5   -10.8   -28.2
1341.406   -40.1    -9.9   -17.1
1351.367   -55.3   -14.8   -30.9
1353.027   -40.0    -6.8    -7.5
1361.328   -37.8   -21.4   -22.6
1362.988   -31.2    -7.6   -20.5
1371.289   -38.4    -5.1   -24.3
1372.949   -34.8   -14.8   -22.0
1464.258   -34.0    13.4   -18.4
1474.219   -40.0    15.6    -7.4
1475.879   -31.1    18.2    -2.2
1484.180   -32.9    -2.5   -12.3
1485.840   -40.2    12.3   -10.8
1494.141   -31.4   -11.0   -17.8
1495.801   -35.6    -7.4   -13.6
1505.762   -34.0   -11.5   -21.7
1548.926   -31.9   -18.3   -17.9
1605.371   -49.4   -16.0   -21.3
1607.031   -42.2    -5.9    -7.7
1615.332   -41.9    -6.8   -18.6
1626.953   -30.7    -5.1   -18.4
1646.875   -36.8     7.0    -7.6
1648.535   -39.4    -9.4   -23.5

Event #64  ts=2026-09-25 13:29:49.840  [SELECTED]
  t[ns]  u1[mV]  u2[mV]  u3[mV]
 23.242   -32.6   -32.1   -40.5
 33.203   -36.3   -27.6   -32.1
 44.824   -35.4   -10.6   -10.7
 64.746   -37.4    -3.4   -15.8
 74.707   -31.8   -11.6   -17.1
192.578   -37.6    -7.4   -18.6
194.238   -39.4   -12.6   -21.1
195.898  -138.9   -50.0    -0.4
197.559  -188.5   -64.0     5.7
199.219  -173.7  -106.5    -9.1
200.879  -167.3  -120.8    -5.3
202.539  -156.9  -111.5    -2.9
204.199  -152.6  -112.9   -16.3
205.859  -106.8  -109.2    -3.7
207.520  -102.9  -102.0    -3.2
209.180   -31.1   -55.7    -2.2
212.500   -52.8   -30.2    -5.2
214.160   -54.9   -50.5   -27.8
215.820   -42.0   -38.0    -5.0
217.480   -30.9   -33.2     0.1
272.266   -31.5    18.9     7.2
280.566   -33.4   -11.2   -19.3
288.867   -32.5    -6.7   -14.0
290.527   -34.0    -7.3   -14.8
300.488   -42.4    -2.6   -13.2
310.449   -43.3     8.9   -14.5
332.031   -31.3     6.2    -6.3
351.953   -36.1     5.4   -20.5
361.914   -40.5    -6.1   -24.2
371.875   -34.8     0.2   -20.0
373.535   -32.9   -35.3   -30.7
383.496   -32.1   -47.9   -28.1
429.980   -34.3    14.7     4.5
439.941   -40.3    -0.6   -13.2
449.902   -35.7    -6.0   -16.5
458.203   -46.5    -9.7   -16.5
459.863   -49.4   -12.5   -15.7
461.523   -40.7   -10.5   -20.2
469.824   -44.6    -6.6   -20.6
561.133   -36.3     7.3   -12.6
572.754   -38.6    13.4    -9.6
574.414   -31.9     2.2   -17.0
582.715   -50.5     3.3   -26.4
592.676   -48.1     7.6   -19.7
594.336   -33.7   -14.7   -30.3
602.637   -50.9    -1.5   -31.0
604.297   -31.7   -15.5   -31.3
612.598   -35.2     3.9    -0.3
614.258   -35.8    -2.8   -21.5
745.410   -35.0   -14.1   -20.0
747.070   -30.1   -19.2   -18.1
803.516   -34.0     3.0   -10.3
805.176   -38.0    14.0   -10.5
923.047   -30.8   -14.2   -11.8
934.668   -32.9    -9.3    -8.5
956.250   -40.0   -13.4   -19.6
1004.395   -31.9    12.3    -6.5
1006.055   -31.3    -5.2   -19.1
1016.016   -46.9    -5.8   -24.4
1025.977   -53.1    -6.8   -45.3
1027.637   -48.2   -10.8   -28.7
1035.938   -45.2   -13.8   -44.1
1037.598   -39.2   -11.5    -4.9
1045.898   -45.9     4.6   -31.7
1047.559   -53.2   -17.4   -32.3
1049.219   -36.9   -12.9   -11.7
1057.520   -53.6   -10.2   -28.9
1067.480   -33.0    -5.9   -35.9
1069.141   -41.1   -10.1   -13.4
1079.102   -30.2   -12.0   -22.3
1135.547   -38.4   -33.0   -14.2
1145.508   -33.6   -33.7   -13.4
1147.168   -33.3   -11.5   -15.5
1157.129   -33.7   -23.8   -10.9
1193.652   -37.8   -11.4   -30.8
1203.613   -41.2    -8.6   -27.7
1205.273   -41.8   -15.8   -41.3
1213.574   -42.9    -7.9   -17.3
1223.535   -34.4   -10.1   -25.6
1336.426   -31.4   -36.6   -29.8
1346.387   -34.9   -41.8   -32.5
1354.688   -30.8     7.5   -13.4
1356.348   -30.5   -34.3   -38.0
1362.988   -31.9    16.0    -8.2
1372.949   -34.3    10.9    -8.9
1374.609   -42.8    -8.0   -19.0
1382.910   -33.6    -9.3   -22.2
1439.355   -36.5   -25.2   -29.0
1449.316   -40.3   -21.1   -23.6
1457.617   -35.6   -13.8    -6.4
1459.277   -36.0   -35.4   -33.1
1540.625   -39.2    -4.0    -8.8
1542.285   -41.0    -1.8   -10.8
1550.586   -35.3    -1.1   -17.9
1552.246   -37.1    -6.4   -25.5
1560.547   -36.3     5.4    -4.1
1562.207   -33.6     0.9   -17.8
1570.508   -44.3     7.6   -10.9
1572.168   -42.3     8.9   -17.5
1580.469   -35.6     9.8   -19.7
1610.352   -38.7    19.8    -6.7
1620.312   -35.9    19.5    -8.4
1630.273   -30.4    11.2   -13.3
1696.680   -33.9    -3.3    -1.4

Event #66  ts=2026-09-25 13:29:51.735  [SELECTED]
  t[ns]  u1[mV]  u2[mV]  u3[mV]
  8.301   -30.1    12.6   -14.0
 16.602   -33.2    11.1   -31.0
 26.562   -31.5     3.9   -34.7
 28.223   -36.8    -0.1   -34.7
 36.523   -42.3    20.0   -23.8
 46.484   -41.3    12.2   -24.8
 56.445   -46.3    -5.6   -33.3
 66.406   -43.2    -0.1   -27.1
 74.707   -39.4     1.0   -12.7
 76.367   -32.7     1.9   -10.5
 84.668   -35.2    -2.8   -10.7
 86.328   -42.4    -0.4   -20.1
142.773   -32.4   -33.8   -16.3
202.539   -57.5   -30.1    -6.3
204.199   -90.4   -53.5   -29.9
205.859  -140.6  -121.7   -44.7
207.520  -136.2  -132.4   -37.7
214.160   -61.6   -66.3   -46.1
215.820   -71.4   -55.0   -30.8
217.480   -67.7   -52.0   -23.0
225.781   -60.3   -33.8   -25.6
227.441   -71.8   -31.1   -24.4
235.742   -46.4   -31.8   -53.0
237.402   -63.9   -24.7    -4.6
245.703   -43.7   -24.8   -41.4
247.363   -49.8   -30.9    -4.7
255.664   -34.1   -24.4   -36.6
257.324   -38.3   -24.7   -17.5
265.625   -30.1   -16.6   -25.3
275.586   -31.5   -18.9   -11.4
277.246   -30.4    -2.9     0.8
295.508   -35.2    -1.1   -11.1
305.469   -39.6     3.6   -11.6
307.129   -31.1    10.1    -8.4
315.430   -37.0    -1.2   -23.9
325.391   -32.7     3.9   -16.1
327.051   -34.8    -7.6   -10.5
337.012   -39.0     2.7   -15.0
345.312   -31.3     9.7   -14.7
346.973   -49.8     2.3   -12.1
355.273   -31.2    10.1   -13.2
356.934   -55.3     6.1   -14.1
358.594   -30.9   -33.2   -31.6
365.234   -33.4     1.3   -20.3
366.895   -43.8   -15.1   -18.6
375.195   -39.0     3.9   -20.1
385.156   -43.3     1.6   -17.4
395.117   -30.1    -5.3   -25.2
421.680   -30.3    12.3   -10.7
431.641   -37.5     4.6   -27.4
439.941   -38.3    11.1     0.9
441.602   -36.4    -8.9   -44.9
451.562   -53.0     4.5   -26.0
459.863   -32.3   -16.4   -19.0
461.523   -38.3   -11.6   -27.5
469.824   -35.6   -15.1   -17.5
471.484   -42.2   -16.2   -29.7
479.785   -30.9    -9.4    -7.1
516.309   -35.2    13.7     1.9
526.270   -52.8    -2.8   -22.6
537.891   -38.9   -20.9   -23.7
546.191   -50.0   -10.8   -29.8
547.852   -50.9   -31.9   -38.7
556.152   -32.9   -12.0   -14.9
557.812   -46.2   -11.5   -19.5
567.773   -30.4   -16.8   -16.9
614.258   -31.5   -20.3   -32.5
683.984   -31.4   -17.0    -0.7
693.945   -30.6   -30.9    -8.4
703.906   -44.0    -6.5   -13.4
713.867   -35.7   -21.7   -29.3
715.527   -35.1   -26.8   -27.3
725.488   -44.2    -8.1   -26.8
727.148   -35.4    -6.9   -18.8
737.109   -34.6   -12.0   -32.2
758.691   -32.2     2.7     3.7
768.652   -36.4    10.5     2.4
770.312   -40.9    -0.9   -14.0
778.613   -30.9    12.3    -8.7
780.273   -31.0    -4.6   -22.3
790.234   -33.8    -0.1   -18.8
811.816   -30.2   -21.6   -38.0
881.543   -33.4    -5.3   -14.1
1049.219   -31.9    -2.2   -14.4
1059.180   -33.2   -10.9   -10.5
1069.141   -35.5   -22.0   -13.1
1127.246   -50.8    12.7    -7.5
1137.207   -43.5   -20.2   -36.7
1143.848   -33.9     5.7    -5.8
1145.508   -39.3    11.1    -5.2
1157.129   -44.4    -8.8   -17.4
1193.652   -39.7    -4.1   -36.8
1203.613   -49.8     8.6   -22.6
1205.273   -31.9   -19.7   -24.3
1213.574   -49.0    -4.2   -26.7
1215.234   -43.7   -23.2   -32.0
1223.535   -38.1   -14.3   -31.2
1225.195   -43.8   -22.6   -24.0
1235.156   -36.7   -22.1   -31.9
1236.816   -34.9   -16.6   -23.2
1246.777   -31.2   -11.7   -21.4
1279.980   -35.8    -8.2   -20.2
1289.941   -30.3   -13.9   -26.3
1299.902   -36.5   -17.2   -25.5
1509.082   -32.7    -7.0   -12.2
1517.383   -37.4   -11.2   -19.8
1527.344   -45.8    -3.7   -12.8
1529.004   -44.5    -2.6   -22.3
1537.305   -55.4     6.3   -11.7
1545.605   -41.4   -12.4   -14.4
1547.266   -55.9    -5.4   -19.5
1555.566   -54.7    -9.2   -30.1
1557.227   -51.6   -13.6   -34.9
1567.188   -44.3    -9.8   -24.9
1575.488   -39.9     5.9    -8.2
1577.148   -39.0   -12.8   -18.2
1597.070   -31.3   -10.7   -11.5
1623.633   -33.7     5.8    -1.2
1631.934   -31.1    -2.8   -16.6
1633.594   -42.0    -1.4   -19.7
1643.555   -37.1     6.7   -14.6
1653.516   -34.4     5.6   -11.6
1688.379   -33.0    -7.3   -15.0

Event #73  ts=2026-09-25 13:29:57.919  [SELECTED]
  t[ns]  u1[mV]  u2[mV]  u3[mV]
 87.988   -31.6    -5.3   -14.3
 96.289   -30.7   -12.4   -19.8
 97.949   -35.4   -17.7   -26.1
106.250   -32.9     1.2   -13.6
114.551   -39.0    -5.0   -24.9
116.211   -38.1    -5.5   -24.2
117.871   -49.0    -6.6   -32.3
126.172   -36.2    -5.4   -31.1
127.832   -42.3   -19.4   -38.3
129.492   -33.2   -10.8    -6.5
136.133   -33.7    -3.8   -23.2
137.793   -43.2   -24.2   -37.4
139.453   -40.2   -14.5   -19.7
147.754   -44.5   -22.5   -23.0
149.414   -41.2   -21.3   -27.8
157.715   -34.4   -11.0   -19.0
159.375   -32.2   -20.3   -26.4
169.336   -50.1   -11.4   -20.4
179.297   -36.4   -27.0   -31.6
204.199   -42.1   -22.6   -16.7
205.859  -108.7   -44.2   -46.3
207.520  -139.8   -86.8   -75.2
209.180  -125.4  -135.5   -89.3
210.840  -115.6  -148.2   -90.6
212.500  -115.1  -162.3  -116.1
214.160  -119.0  -145.3  -108.1
215.820  -108.5  -105.4   -88.2
217.480   -87.5   -74.5   -74.7
219.141   -35.4   -50.1   -60.2
222.461   -33.7   -59.0   -44.7
224.121   -39.0   -58.7   -47.8
225.781   -50.9   -41.7   -51.2
227.441   -32.6     5.0   -20.0
235.742   -32.2   -31.5   -29.5
237.402   -43.9     1.8   -25.7
247.363   -34.9    -7.4   -33.8
258.984   -34.1    -5.9   -19.4
270.605   -31.2    -1.2   -21.1
410.059   -34.4     5.3    -9.3
441.602   -38.6   -10.4   -22.2
451.562   -31.3    -2.3    -8.4
511.328   -35.1     5.7   -17.6
519.629   -34.5    10.9   -15.9
529.590   -36.0     4.5   -30.6
531.250   -39.1    -7.5   -30.0
541.211   -40.3    -1.2   -30.4
569.434   -41.1     1.3   -17.2
571.094   -33.8    -2.4   -25.9
579.395   -40.0    -5.4   -11.0
581.055   -31.1     0.7   -13.7
589.355   -36.2   -22.8   -15.4
591.016   -31.7    -7.9    -5.6
599.316   -32.1   -33.7   -22.1
813.477   -31.1    13.5    -3.7
823.438   -47.3     3.7   -15.5
825.098   -45.8     3.8   -17.8
833.398   -47.0     0.2   -34.9
835.059   -40.6   -12.3   -23.9
843.359   -47.8     1.2   -25.7
845.020   -45.4   -18.7   -27.7
853.320   -40.8     0.4   -22.8
854.980   -55.5    -3.8   -22.9
863.281   -47.6    -8.3   -25.1
864.941   -59.9   -11.9   -17.2
874.902   -46.2   -17.0   -22.9
884.863   -40.0   -18.6   -31.9
886.523   -39.1   -24.4   -28.6
941.309   -30.7   -27.1   -28.1
951.270   -36.0   -24.7   -21.9
961.230   -39.7   -22.2   -20.2
962.891   -39.2    -8.5    -3.9
971.191   -35.1   -27.5   -16.6
1059.180   -31.2    15.0     1.8
1080.762   -32.4   -22.2   -12.5
1090.723   -35.9   -14.4   -28.4
1100.684   -33.4   -12.3   -28.6
1108.984   -39.4     4.3   -14.0
1110.645   -45.3    -2.3   -18.8
1118.945   -31.1     8.8    -7.3
1130.566   -33.6    -7.4   -22.3
1223.535   -32.9   -39.2   -37.6
1289.941   -33.7   -12.4   -15.2
1298.242   -35.9   -18.5   -16.8
1299.902   -38.4   -15.1   -13.8
1309.863   -33.3   -29.9   -24.1
1319.824   -38.3   -18.8   -26.0
1399.512   -39.3     5.5   -11.7
1401.172   -41.5     4.2   -10.5
1409.473   -42.1   -10.4   -30.3
1419.434   -50.2   -17.1   -32.3
1421.094   -39.5   -36.8   -29.6
1429.395   -42.9   -12.1   -15.3
1431.055   -36.0   -36.9   -30.2
1441.016   -40.3   -27.8   -20.0
1450.977   -33.1   -33.1   -31.0
1474.219   -37.5    20.0    -0.2
1475.879   -31.3    13.5   -12.2
1484.180   -37.4   -10.8   -26.1
1485.840   -49.2     3.3   -16.8
1494.141   -50.5   -16.3   -32.0
1495.801   -50.9   -14.3   -26.1
1504.102   -51.3   -15.8   -27.5
1505.762   -53.4   -23.8   -38.2
1514.062   -52.5   -10.5   -17.1
1515.723   -43.6   -27.1   -40.6
1524.023   -47.9    -6.8   -22.3
1525.684   -39.3    -9.3   -20.9
1533.984   -34.3   -15.2   -22.3
1610.352   -30.5    -8.5   -23.0
1650.195   -32.7    -9.6   -15.6
1678.418   -30.3    -2.6   -13.6
1680.078   -30.1     1.7    -8.5
1690.039   -34.4     7.2    -8.7
1691.699   -30.8     2.8   -12.4

