# DRS4 export. File index 0, run_id=./medidas/run_20260911_121022
# Columns: t[ns] u1[mV] u2[mV] u3[mV]
Event #0  ts=2026-09-11 12:10:22.449  [SELECTED]
  t[ns]  u1[mV]  u2[mV]  u3[mV]
  0.000     0.2     7.3   -10.6
  1.660     7.8    14.8     3.9
  3.320     4.3    19.8   -14.9
  4.980    -9.6     6.5   -21.6
  6.641   -26.1   -15.1   -10.9
  8.301     1.0   -33.8    -1.7
  9.961     4.8    -1.9     4.2
 11.621     3.2    16.7    -1.5
 13.281     1.7    21.8   -10.6
 14.941   -20.2    -6.3   -16.7
 16.602   -15.0   -24.8    -0.4
 18.262    -3.8   -26.5     0.2
 19.922     4.8   -10.8     6.0
 21.582     3.0    12.7    -8.5
 23.242    -4.1    18.8   -23.3
 24.902   -30.1    -9.9   -10.9
 26.562   -14.7   -22.9    -2.5
 28.223    10.8   -20.1    -1.3
 29.883     8.4   -11.1     7.6
 31.543     1.7    -4.0     1.5
 33.203    -8.7    14.8   -27.1
 34.863   -23.9    -9.9    -9.9
 36.523   -19.0   -19.7    -2.9
 38.184     4.0   -15.9    -1.8
 39.844     5.7   -12.9     2.3
 41.504     7.6    -5.0     4.4
 43.164   -11.2    10.9   -23.7
 44.824   -28.7    -8.2   -19.4
 46.484   -11.1   -18.3    -3.2
 48.145     0.0   -14.1    -2.2
 49.805     7.9    -9.2     5.1
 51.465     1.4     1.7    -0.8
 53.125    -5.0    11.9   -13.8
 54.785   -23.9   -13.5   -13.0
 56.445   -15.7   -17.6    -3.7
 58.105     4.5   -11.9    -6.8
 59.766     7.0   -11.6     3.4
 61.426     1.3    -4.5     3.8
 63.086    -5.6    13.5   -20.4
 64.746   -22.3   -23.0    -3.4
 66.406   -15.2   -10.8     7.6
 68.066   -10.3    -6.1     7.9
 69.727    12.0   -13.8   -17.6
 71.387    -8.7   -12.1    -7.3
 73.047   -13.0    15.6    -1.2
 74.707    -5.9    -3.5   -20.1
 76.367   -12.6   -22.8    -4.0
 78.027     6.1    -5.6    -9.1
 79.688     7.5   -12.7   -21.5
 81.348     0.4   -11.7   -26.3
 83.008   -20.2     7.9     1.0
 84.668    -4.5     8.3   -14.0
 86.328   -12.4   -12.1    -3.6
 87.988     9.7   -14.3    12.6
 89.648     9.9   -13.7   -12.5
 91.309   -26.8    -2.7   -16.6
 92.969   -27.2    -2.8   -14.5
 94.629   -12.0    10.6    -9.7
 96.289    -1.9    -5.2    -6.2
 97.949     9.0   -17.5    11.4
 99.609     7.7   -13.5    -0.7
101.270   -22.9   -11.4   -24.3
102.930   -28.6     7.5   -18.3
104.590    -9.5     8.6    -1.9
106.250     8.4   -11.3     5.5
107.910    14.4   -12.6     5.0
109.570    19.4    -8.6     3.7
111.230    -9.8   -19.7    -9.6
112.891   -29.6     3.6   -24.3
114.551   -13.5     4.8    -5.5
116.211     4.5    -7.2     5.4
117.871    16.2    -8.2     1.4
119.531    18.0    -7.0     1.7
121.191   -10.3   -23.1    -5.2
122.852   -12.4   -22.3    -8.0
124.512   -29.1     8.8   -25.0
126.172   -16.5    -1.1   -12.5
127.832     4.9    -8.5     5.8
129.492    19.1    -9.8     6.3
131.152     2.1   -20.9     3.2
132.812    -7.0   -17.2    -1.3
134.473   -26.5     5.1   -29.9
136.133   -22.1    -1.6    -7.1
137.793     3.3     0.0     7.9
139.453    22.0   -12.9     0.0
141.113    -4.3   -23.4     0.1
142.773   -11.6    -9.9    -1.6
144.434   -20.5     3.7   -31.2
146.094   -24.5    -7.6    -6.8
147.754     3.3    -3.6     4.6
149.414    15.8    -4.7     0.5
151.074     6.1   -20.7    -0.1
152.734    -7.3    -2.8    -1.4
154.395   -17.5     3.4   -23.4
156.055   -22.0    -6.8    -6.6
157.715     9.6     1.0     1.5
159.375    11.9    -9.8   -10.6
161.035    -8.4   -16.5     5.6
162.695   -11.0    -4.7    11.9
164.355    -7.5    -6.9   -26.2
166.016   -14.4   -11.3   -23.9
167.676   -13.3     0.2     4.1
169.336     3.0     0.0     1.2
170.996   -11.4    -9.2     2.4
172.656    -9.5   -10.5     2.3
174.316   -13.6    -1.5     1.4
175.977   -11.8    -6.1   -19.2
177.637    -6.0     2.0    -0.4
179.297     3.1     5.1    -1.2
180.957   -12.4   -15.4   -11.6
182.617   -21.7   -12.7    -2.5
184.277   -15.1   -10.0    -2.0
185.938    -2.8   -10.3   -12.0
187.598    -3.6    -4.0    -9.4
189.258     0.5     7.7     0.3
190.918    -0.3    -2.6   -11.6
192.578   -18.9   -18.8    -5.6
194.238   -16.9   -14.0    -3.2
195.898    -5.5   -11.5    -9.0
197.559     1.1    -3.6    -0.7
199.219     7.6    12.8    -2.3
200.879    -0.1     8.4   -11.4
202.539   -16.4    -7.3   -15.2
204.199   -13.6   -26.2    -6.8
205.859    -6.3   -19.4    -4.5
207.520     8.1     1.4     2.8
209.180    11.7     4.8    -1.4
210.840   -11.8     3.2   -12.7
212.500   -19.2    -8.1   -13.7
214.160   -23.8   -28.1   -11.9
215.820    -4.4   -16.9    -2.0
217.480     6.1     4.7     2.1
219.141     3.4    15.6   -15.3
220.801   -20.9     2.6   -25.4
222.461  -122.8  -101.9   -56.0
224.121  -141.4  -125.9   -67.7
225.781  -148.3  -163.3   -92.3
227.441   -66.1   -95.6   -82.6
229.102   -48.2   -65.2   -84.9
230.762   -63.3   -73.2   -76.4
232.422   -83.0   -96.6   -54.0
234.082   -83.6   -98.0   -54.8
235.742   -26.1   -52.8   -50.7
237.402   -11.8   -20.7   -21.8
239.062   -14.5     0.5   -27.9
240.723   -18.3    -5.6   -45.0
242.383   -37.9   -30.5   -40.0
244.043   -28.6   -32.7    -9.2
245.703   -16.4   -31.0    -8.5
247.363     2.4    -9.0   -17.3
249.023    -8.2    16.4    -4.0
250.684   -13.8    -6.2   -25.8
252.344   -31.4   -33.6   -18.3
254.004   -32.3   -38.4   -12.6
255.664    -3.3   -29.9    -4.8
257.324    -3.1     2.0    -6.5
258.984    -5.2    13.4    -3.2
260.645    -7.2     6.7   -16.3
262.305   -26.7   -29.3   -17.2
263.965   -21.2   -30.5    -1.1
265.625    11.5   -14.7     0.5
267.285     9.9    -2.1    -5.8
268.945    -7.6    12.7   -12.0
270.605    -9.2     9.6   -16.8
272.266   -18.9   -11.6   -16.7
273.926   -27.0   -26.5    -6.7
275.586   -11.3   -27.7    -5.3
277.246     4.7     3.7    -5.4
278.906    -5.5     7.7    -9.2
280.566    -4.7     6.9   -16.8
282.227   -13.0    -5.5   -23.7
283.887   -19.2   -32.9     2.6
285.547     6.3   -11.3    -5.0
287.207     4.2     0.9    -4.1
288.867     0.8     5.3    -7.2
290.527   -12.2    -2.1   -15.1
292.188   -20.0    -7.3   -16.5
293.848   -17.2   -30.2    -3.4
295.508     3.1   -16.9    -4.4
297.168     8.9     0.0    -9.3
298.828    -8.0     6.0    -5.6
300.488   -10.9    -1.0    -7.3
302.148   -10.6    -8.7   -16.8
303.809   -16.8   -32.2    -9.8
305.469    -0.7    -9.7    -1.4
307.129    11.3    10.5    -9.5
308.789     4.4     4.3   -11.4
310.449   -22.0    -1.4    -8.5
312.109   -18.0    -5.1   -13.0
313.770   -10.2   -27.0    -8.0
315.430    -6.0   -15.3     5.1
317.090    11.3    11.4   -12.7
318.750     2.8     4.5   -21.5
320.410   -25.0    -6.4     5.6
322.070   -13.5    -6.1    -5.1
323.730    -9.6   -10.9   -11.4
325.391    -6.3   -32.4   -13.2
327.051     1.6     6.6    11.0
328.711    12.5    17.1   -18.0
330.371     0.0     3.7   -30.0
332.031   -24.7   -15.6    11.1
333.691    -3.8   -16.4    -4.4
335.352     0.0   -26.2   -17.6
337.012    -3.2     0.0     1.5
338.672     4.8    19.4    -5.9
340.332     1.0    19.0   -15.1
341.992   -22.9    -8.8   -22.7
343.652    -2.5   -18.5     0.4
345.312     1.6   -17.8    -4.4
346.973     1.7   -14.7   -10.1
348.633     1.6    16.2    -9.5
350.293   -24.8    -4.7   -24.2
351.953   -25.0   -11.5   -22.8
353.613   -17.7   -20.5     7.2
355.273    11.4   -19.2     3.0
356.934     6.1   -10.5    -3.4
358.594    -3.9     8.9   -13.7
360.254    -6.8    13.8   -14.4
361.914   -26.1   -14.8   -18.0
363.574    -6.5   -10.2     2.0
365.234     5.4   -12.9     5.8
366.895    10.4   -13.1     5.1
368.555    10.4    -9.7    -3.2
370.215   -22.7     1.3   -23.3
371.875   -25.2    -3.4   -21.0
373.535   -23.0   -19.9    -8.0
375.195    -3.3    -5.8     3.3
376.855    11.0    -4.3     1.6
378.516    10.2   -11.4     0.2
380.176   -15.0    -3.0   -22.2
381.836   -28.1    -8.2   -24.6
383.496   -30.6   -15.2    -7.0
385.156    -1.0    -2.9    -2.2
386.816     9.4    -2.5    -4.0
388.477    11.1    -6.0     3.3
390.137    -0.5    -5.1   -15.8
391.797   -25.7   -16.0   -24.1
393.457   -16.2    -2.1    -1.5
395.117     6.9     4.1    -7.4
396.777     6.1     1.4    -5.2
398.438     7.2   -10.1     5.4
400.098     2.0    -1.1   -10.4
401.758    -9.5    -7.0   -18.9
403.418   -22.1    -6.2    -2.7
405.078     0.2     3.1    -8.3
406.738     3.6     1.7    -8.4
408.398     1.4   -11.2     1.7
410.059    -0.1    -5.7    -1.7
411.719    -3.9    -4.1   -12.3
413.379   -21.9   -17.2    -8.2
415.039    -5.6     5.6    -7.6
416.699    -0.3     0.9   -14.5
418.359     0.2    -8.3    -5.7
420.020    -1.4   -10.5     4.9
421.680    -7.4    -9.5   -16.1
423.340   -20.7    -3.9    -8.7
425.000   -22.7    -3.1    -5.9
426.660   -13.5     7.3    -2.1
428.320     0.5   -14.4   -11.0
429.980    -0.7   -15.9    -6.9
431.641    -5.2   -12.8     1.4
433.301    -2.1   -10.8   -11.3
434.961    -5.9    -8.0   -16.4
436.621    -6.1     2.1    -5.5
438.281    -0.6    -8.4   -12.2
439.941    -2.4   -21.4   -13.6
441.602    -9.2   -15.2     4.2
443.262    -4.2    -6.8     1.7
444.922    -5.4    -3.1   -11.1
446.582    -9.0     0.6    -9.3
448.242    -3.9     2.3   -10.4
449.902    -6.3   -18.2   -11.5
451.562   -12.9   -25.0     0.0
453.223    -0.9    -9.4    -5.8
454.883     0.5     2.2   -14.2
456.543    -4.5    -0.5   -10.2
458.203    -6.2     2.9    -5.7
459.863    -5.4     0.3   -12.8
461.523   -13.0   -25.3    -1.6
463.184    -8.9   -25.4     0.4
464.844    -2.0    -8.3    -7.7
466.504   -11.1    -0.1   -10.8
468.164    -3.3     3.1   -11.7
469.824    -1.9     4.8   -10.1
471.484   -11.1    -8.8    -7.0
473.145    -8.8   -19.4     3.5
474.805    -5.3   -10.5   -12.2
476.465    -4.8    -6.9   -13.0
478.125    -6.5     0.4   -10.8
479.785    -5.7    10.3    -7.7
481.445    -9.1    -6.9    -8.6
483.105   -10.9   -13.4     2.9
484.766     0.5    -5.3    -8.0
486.426     1.8   -10.0   -11.7
488.086    -9.4    -7.6    -7.4
489.746   -14.0     2.3    -7.0
491.406    -8.6    -1.5   -19.3
493.066   -13.2   -15.7     2.3
494.727    -5.4    -4.3     9.2
496.387     6.9   -11.1   -13.8
498.047   -17.4   -15.3    -2.1
499.707    -4.5     5.8   -13.7
501.367    -1.9    -1.0   -21.2
503.027    -8.5    -8.1    -8.7
504.688    -5.2    -2.2    10.5
506.348     4.7   -13.2   -16.0
508.008   -10.8   -22.1   -13.6
509.668   -16.1    -8.5     2.6
511.328    -1.7     2.4    -8.6
512.988    -9.8     2.8   -20.0
514.648   -12.2    -3.0    -2.6
516.309     2.6    -6.2    -0.1
517.969     4.2   -11.2    -2.5
519.629   -14.2   -12.8    -1.2
521.289    -2.0    -0.7   -10.3
522.949    -4.8     2.7   -18.3
524.609   -13.6     2.5   -10.7
526.270    -6.3    -4.4    -4.9
527.930    -2.4   -20.2    -1.9
529.590    -5.5   -20.4     0.4
531.250    -6.7     3.8   -11.9
532.910   -12.9    -0.1   -10.4
534.570   -15.2     0.1    -8.6
536.230    -4.8    -6.4    -8.8
537.891    -7.7   -12.0    -4.6
539.551    -8.0   -23.4     3.5
541.211    -1.9     4.9    -7.4
542.871    -2.2     7.4   -12.5
544.531    -9.4    -4.9    -8.8
546.191    -9.6     0.6   -16.9
547.852   -13.8   -11.7   -10.7
549.512   -12.3   -26.0     1.4
551.172     4.0     6.7    -3.4
552.832    -1.8     3.7   -10.3
554.492    -3.5     0.0    -9.7
556.152    -7.7    -3.3   -10.9
557.812   -12.8    -3.1   -17.5
559.473   -20.1   -19.4    -5.1
561.133     1.3    -5.4     2.2
562.793     7.8     0.0     0.0
564.453     1.7    -4.5    -2.8
566.113    -5.9    -3.6    -4.8
567.773   -11.7    -9.2   -24.4
569.434   -23.9   -22.3   -11.5
571.094     3.5     4.4    -5.7
572.754     8.8    -4.0    -6.3
574.414     5.0    -6.8    -3.0
576.074    -2.8     3.3    -7.8
577.734   -14.0   -12.8   -28.2
579.395   -17.9   -16.6   -28.6
581.055    -3.0     4.4     3.4
582.715     1.3    -6.9    -5.7
584.375    -5.0   -11.9     0.1
586.035     3.1     0.6    -5.4
587.695     1.8     0.9   -19.8
589.355   -27.4   -21.4   -16.2
591.016   -26.3   -13.4    -3.5
592.676    -1.7     0.6     0.5
594.336     4.4    -9.5   -14.3
595.996    -4.7    -7.4     4.7
597.656     1.5     2.7     1.5
599.316   -18.2   -21.3   -25.0
600.977   -16.7   -19.7   -26.8
602.637    -8.7    -2.0     4.0
604.297     4.0    -9.3   -12.4
605.957    -2.9   -11.1    -5.3
607.617     0.0    -1.3     1.2
609.277    -4.6    -4.0   -16.5
610.938   -18.0   -13.7   -19.4
612.598   -19.0    -7.1    -1.7
614.258     0.1   -14.5    -6.5
615.918    -1.1   -12.0    -5.6
617.578    -6.3     2.6    -2.8
619.238    -1.5     0.2    -8.4
620.898    -7.7    -9.4   -11.8
622.559    -2.9    -6.0    -6.0
624.219    -3.6   -11.1   -11.6
625.879    -7.0   -14.3    -4.0
627.539    -8.3    -8.2    -2.7
629.199    -5.7     3.7   -10.0
630.859   -10.0    -9.5    -6.0
632.520    -3.9    -2.6    -3.3
634.180    -2.7    -8.4    -8.1
635.840   -10.4   -13.9    -3.4
637.500    -5.2    -7.7    -7.7
639.160    -9.4     0.5   -12.2
640.820    -9.1    -6.0    -2.3
642.480    -7.3    -4.9     0.9
644.141    -4.4    -8.9    -6.7
645.801   -10.5   -13.1    -4.8
647.461    -6.2    -6.6    -9.6
649.121    -7.6    -0.4   -16.8
650.781   -11.8    -4.2    -3.3
652.441    -5.0    -1.5    -2.1
654.102    -1.8    -6.6    -7.5
655.762    -6.7   -18.2    -1.3
657.422    -7.2     2.3   -14.2
659.082    -6.5     0.1   -20.2
660.742   -10.6    -8.0    -5.7
662.402    -1.7     1.1    -2.0
664.062     0.5    -0.7    -6.6
665.723    -4.6   -22.7    -1.2
667.383    -3.9   -19.2    -1.5
669.043    -6.2     1.0   -21.3
670.703    -8.3    -2.8   -21.0
672.363   -10.8    -2.3     2.1
674.023     3.4    -8.9    -6.7
675.684    -0.4   -20.2    -7.5
677.344    -8.6    -2.2    -8.2
679.004    -1.8    -2.7   -20.9
680.664    -3.0    -3.2   -20.5
682.324   -15.1    -0.7    -6.7
683.984     2.2   -10.8    -4.6
685.645     0.4   -20.1    -6.4
687.305    -6.5   -17.1    -1.6
688.965    -0.1    -8.5   -12.4
690.625   -10.0     4.4   -13.2
692.285    -7.4     0.9    -5.0
693.945    -8.5     1.3    -4.1
695.605     3.8   -11.9   -11.1
697.266    -9.3   -17.5    -0.9
698.926    -6.1    -8.8     0.2
700.586     1.9    -0.7   -12.7
702.246   -13.9     0.4    -9.9
703.906   -15.5     0.2    -8.0
705.566    -1.9    -5.7   -12.2
707.227    -3.2    -8.1   -10.3
708.887    -5.3   -16.5    -3.4
710.547     1.3    -4.4   -15.6
712.207   -10.3    -2.8    -5.4
713.867    -7.7    -3.7    -6.2
715.527    -3.9    -0.7   -14.2
717.188    -6.8    -7.4    -8.3
718.848    -4.7   -20.0     0.4
720.508    -7.5    -4.3    -9.5
722.168    -9.9    -4.1   -10.1
723.828    -4.5     1.1    -8.7
725.488    -6.5     0.9    -8.0
727.148    -8.6   -15.0    -0.8
728.809    -3.4   -13.6    -0.2
730.469    -3.1   -10.3    -6.4
732.129   -12.3   -15.4    -4.3
733.789   -10.8    -5.3    -6.0
735.449     1.8    10.0   -16.0
737.109   -10.1    -8.8    -5.3
738.770    -8.7    -9.0     1.1
740.430     0.0   -10.2   -12.2
742.090    -7.4   -23.9    -3.2
743.750   -13.4    -7.0    -1.7
745.410     4.3    11.3   -19.7
747.070    -2.0    -2.1   -18.6
748.730   -10.2    -1.1     5.3
750.391    -5.6    -1.1    -0.3
752.051   -18.5   -26.1    -2.9
753.711   -17.4   -11.3     8.6
755.371    -3.5     7.5    -1.3
757.031     0.0     3.1   -22.1
758.691   -16.8    -0.4     2.1
760.352    -9.1    -2.7     1.7
762.012   -18.9   -31.9   -14.4
763.672   -16.6   -15.4     6.5
765.332     8.7     8.7     1.4
766.992     6.6     9.8   -20.4
768.652    -6.5    -1.0     0.6
770.312    -8.8    -3.2     0.2
771.973   -19.8   -29.9    -9.2
773.633   -20.1   -30.0    -8.2
775.293     9.2     5.8     2.8
776.953     7.9    13.4    -9.5
778.613     0.6    11.5   -11.8
780.273   -12.3    -6.9   -11.2
781.934   -19.8   -26.5    -9.2
783.594   -12.4   -19.5     0.6
785.254     7.3     8.7    -1.5
786.914     4.5     4.2    -6.8
788.574     5.1     3.9    -7.7
790.234   -20.0   -20.5   -13.0
791.895   -21.0   -26.5   -12.1
793.555   -10.0   -16.7    -0.1
795.215     4.1     6.6    -1.9
796.875    11.3    11.3    -1.7
798.535     3.1    -1.1    -9.2
800.195   -21.7   -10.9   -21.3
801.855   -30.8   -28.7   -13.3
803.516   -14.1   -20.8     2.6
805.176    13.0    10.7    -1.5
806.836    15.4    10.2    -1.0
808.496    -0.1     2.9   -10.0
810.156   -13.7   -12.4   -22.7
811.816   -30.2   -28.5   -23.0
813.477   -22.9   -18.2     1.9
815.137     8.5     8.0    -2.0
816.797    11.7     9.7     4.3
818.457     9.0     8.6     2.8
820.117     0.6    -4.5   -20.6
821.777   -40.0   -37.2   -15.3
823.438    -4.1     3.3    -3.8
825.098    11.7     7.6     6.3
826.758    14.1    10.9     2.3
828.418     8.1     5.1   -14.9
830.078   -24.7   -27.3   -27.8
831.738   -40.3   -32.6    -5.7
833.398   -35.9   -25.8    -0.7
835.059    12.5     8.3    -9.0
836.719    11.4     6.4     5.3
838.379     9.2    -0.7    -8.6
840.039   -13.6   -22.1   -30.1
841.699   -30.3   -21.3     0.3
843.359   -20.6    -4.5     3.8
845.020    14.2     7.0   -10.1
846.680     8.4     8.8     3.1
848.340     3.8     2.5    -3.4
850.000    -4.6   -17.4   -20.9
851.660   -34.9   -35.7   -19.7
853.320   -19.8    -4.5     1.8
854.980    11.9     4.5    -3.1
856.641    10.7    10.8     3.0
858.301     4.2     9.7     3.3
859.961   -22.2   -29.8   -26.3
861.621   -24.9   -31.3   -25.4
863.281    -6.1    -0.6    -0.1
864.941    20.0     4.4    -8.0
866.602    14.4     5.0    -3.7
868.262    -2.4    -4.6    -7.9
869.922   -11.5   -12.0   -16.7
871.582   -30.5   -28.6   -13.0
873.242   -28.4   -18.2    -4.2
874.902    11.3     7.6    -3.2
876.562     2.0     1.9    -3.9
878.223     2.1     6.1     2.0
879.883   -27.2   -25.8   -20.2
881.543   -30.0   -23.9   -17.6
883.203    -6.4   -10.5     2.2
884.863    14.2    14.1    -2.5
886.523     5.4     5.9    -4.4
888.184   -12.5   -11.0   -14.8
889.844   -30.4   -19.8   -17.3
891.504   -27.6   -25.6   -10.9
893.164     1.3    -3.1    -2.1
894.824    13.6    12.5     0.9
896.484    14.6    12.8     0.6
898.145    -3.0    -2.9    -7.9
899.805   -31.0   -25.5   -21.8
901.465   -30.1   -30.1    -7.1
903.125    -0.2     1.6     0.8
904.785    17.8    18.8     1.4
906.445     8.7     2.4     0.3
908.105    -5.2    -2.2    -5.2
909.766   -28.9   -28.0   -23.7
911.426   -29.2   -37.5   -12.8
913.086     2.7    13.0    -0.6
914.746    22.9    15.7    -0.4
916.406    -3.8     0.3     3.9
918.066   -26.1   -23.9   -27.2
919.727   -26.1   -35.2   -30.5
921.387   -26.2   -25.5    -2.3
923.047     8.8    15.5    10.2
924.707    20.3    14.3   -10.2
926.367    -8.5    -1.8     1.4
928.027   -22.9   -16.9    -6.2
929.688   -23.3   -32.2   -21.9
931.348   -14.7    -7.3     3.5
933.008     7.6    10.9     7.6
934.668    24.8    20.1    -5.0
936.328    -1.3     7.3    -8.2
937.988   -14.6   -19.5    -7.7
939.648   -19.9   -28.1   -11.4
941.309   -17.6   -15.0    -4.8
942.969    -9.3    -1.3     0.3
944.629    12.7    14.1    -5.1
946.289     1.2     5.9    -3.0
947.949   -14.1   -16.2    -8.4
949.609   -16.9   -26.5   -14.5
951.270   -12.0   -10.4     1.8
952.930    14.7    17.6    -7.4
954.590     5.8    14.6    -9.4
956.250    -9.5   -13.0    -1.0
957.910   -17.4   -19.3   -16.3
959.570   -17.9   -19.0   -10.5
961.230    -2.5    -9.5     6.6
962.891    13.2    18.9    -9.5
964.551     3.7    14.0   -10.4
966.211   -10.1   -20.7    -3.2
967.871   -12.4   -22.8    -6.8
969.531   -19.0   -15.4   -14.1
971.191    -1.3    -5.8     1.8
972.852     8.5    15.6    -6.3
974.512     7.8    12.6    -8.2
976.172   -14.8   -19.7    -6.0
977.832   -12.9   -18.1   -13.4
979.492   -12.2   -19.7   -13.2
981.152    -3.0     1.4     2.0
982.812     6.4    15.2     0.0
984.473    -6.2   -12.9    -3.6
986.133   -18.0   -15.5     2.6
987.793    -5.5   -14.8   -21.4
989.453   -19.2   -15.1    -6.9
991.113   -14.4    -3.0     5.0
992.773    13.8    14.4   -10.2
994.434   -12.5    -9.5     4.5
996.094   -10.2    -6.3     1.5
997.754    -7.7    -3.9    -6.0
999.414   -26.9   -16.8    -2.0
1001.074    -4.4     8.6     3.3
1002.734    14.5     2.9   -17.7
1004.395     5.0    -3.6   -16.5
1006.055   -12.2    -4.4     9.0
1007.715    -3.0   -16.8   -20.8
1009.375   -26.6   -21.3    -1.3
1011.035    -2.0     9.7     4.5
1012.695    13.0    11.5   -14.4
1014.355     0.6    -2.3   -11.5
1016.016    -5.9    -4.3     6.0
1017.676    -4.5   -18.0   -18.0
1019.336   -17.1   -30.1   -20.4
1020.996   -18.5    -9.0     0.3
1022.656     4.9     8.3    -4.1
1024.316     2.9     4.4   -11.3
1025.977    -1.7    -0.7    -3.3
1027.637    -9.4   -11.0    -7.0
1029.297   -18.5   -28.4    -7.5
1030.957    -1.7    10.4    -2.2
1032.617     1.4    10.9    -8.1
1034.277     4.8     5.8    -9.0
1035.938    -2.3     4.3    -3.8
1037.598   -11.3   -20.4    -6.2
1039.258   -20.9   -32.3    -5.0
1040.918   -20.5   -29.2    -4.2
1042.578     8.8    21.6    -5.3
1044.238     0.6     7.9    -6.1
1045.898    -2.0     5.8    -7.4
1047.559   -23.0   -33.3   -11.3
1049.219   -15.9   -30.6    -2.6
1050.879    -3.5   -14.9    -4.2
1052.539     8.2     9.9    -6.0
1054.199    -1.0    16.1    -6.5
1055.859    -7.9    -7.8   -17.1
1057.520   -23.6   -37.2   -16.3
1059.180   -10.6   -20.8     6.8
1060.840    -4.4   -14.3     6.2
1062.500     2.3    19.3    -3.8
1064.160    -6.0     9.1   -10.7
1065.820   -13.0    -2.8   -16.5
1067.480   -29.5   -45.9    -4.4
1069.141    -2.9   -16.1     6.5
1070.801    15.1    20.8    -9.5
1072.461     4.2    13.6    -4.9
1074.121    -5.6    -0.9   -14.3
1075.781   -23.1   -33.3   -24.8
1077.441   -32.1   -48.0   -12.6
1079.102   -14.7   -21.9    12.8
1080.762    14.8    17.7     1.2
1082.422     4.9    12.4    -8.6
1084.082    -6.5     5.8     0.1
1085.742   -20.8   -24.5   -20.5
1087.402   -26.7   -38.4    -6.4
1089.062    13.1    17.2     4.3
1090.723    16.8    21.9    -1.3
1092.383     1.1    11.9   -10.7
1094.043   -12.3     0.8    -0.9
1095.703   -14.1   -37.4   -18.0
1097.363   -15.6   -34.6   -18.1
1099.023    -2.2    11.2     3.0
1100.684    13.7    16.1    -8.7
1102.344    -5.1     0.9    -2.6
1104.004   -13.5    -6.5     0.9
1105.664   -10.1   -31.6   -16.9
1107.324   -15.1   -22.5   -12.0
1108.984    -9.5    11.8     1.6
1110.645     4.6     7.6   -13.8
1112.305   -13.5   -11.5     2.6
1113.965    -8.1   -13.6    -4.0
1115.625    -6.8   -21.0   -12.4
1117.285    -8.7    -2.1    -3.0
1118.945    -1.9    13.6    -9.3
1120.605     4.5    18.1   -13.1
1122.266   -11.0   -20.1     3.9
1123.926    -2.4   -16.4    -0.5
1125.586    -3.9   -13.3   -10.7
1127.246    -6.6     1.8    -4.2
1128.906    -3.0    11.5   -16.3
1130.566   -19.5    -8.9    -5.8
1132.227   -10.9   -24.0     4.5
1133.887     5.3   -17.0    -0.2
1135.547     0.8    -6.4    -8.3
1137.207    -3.9     5.9   -12.4
1138.867    -5.8    10.8   -13.7
1140.527   -15.4    -6.8   -10.7
1142.188    -7.0   -13.4     0.3
1143.848     3.1   -12.0    -2.1
1145.508    -1.3   -13.5    -0.9
1147.168    -3.4    -4.2    -3.1
1148.828    -2.8     7.6   -21.9
1150.488   -10.9    -4.8   -16.1
1152.148   -17.2    -9.5     2.4
1153.809     0.4    -3.3    -5.6
1155.469    -1.8   -16.5    -5.1
1157.129    -7.8    -2.4     3.3
1158.789    -2.9     7.8   -18.8
1160.449   -16.2   -14.8    -9.9
1162.109   -13.1    -1.1     6.4
1163.770    -8.2     3.3     4.9
1165.430   -10.4   -14.9     7.1
1167.090   -12.4   -15.3     8.0
1168.750     4.9     2.9   -19.6
1170.410   -19.8    -2.9    -2.1
1172.070   -18.8    -2.8    -2.1
1173.730    -6.1    -1.7    -2.9
1175.391   -14.4   -20.7   -10.9
1177.051     5.3   -10.7     5.4
1178.711     9.0     1.3    -6.0
1180.371   -10.6     5.8   -15.6
1182.031   -14.2     5.3    -9.9
1183.691    -8.8    -4.5   -10.3
1185.352   -12.4   -21.1    -8.9
1187.012     2.2   -17.1     5.0
1188.672    13.1    -1.3     2.7
1190.332    -3.2    12.7   -13.5
1191.992   -11.0    10.0   -16.6
1193.652   -17.8    -5.9   -22.9
1195.312   -23.5   -35.2     4.9
1196.973    11.2   -11.6     5.1
1198.633    19.0    14.5     2.6
1200.293     6.1    12.2    -4.8
1201.953   -14.4    12.2   -22.5
1203.613   -33.3   -18.3   -25.2
1205.273   -37.1   -40.9    -9.7
1206.934    13.4   -13.8    10.8
1208.594    25.3    21.1    -0.1
1210.254    12.6    14.9    -3.1
1211.914    -4.1     7.4   -13.0
1213.574   -32.2   -47.5    -1.7
1215.234   -36.2   -48.1   -10.4
1216.895    33.0    22.2     4.5
1218.555    27.1    26.2    -1.0
1220.215    14.7    20.4     0.0
1221.875   -25.0    -1.2   -21.6
1223.535   -42.4   -51.1   -14.6
1225.195   -37.0   -51.1    -7.4
1226.855    22.1     4.4     9.9
1228.516    37.1    28.6     3.9
1230.176    -3.3    18.9    -6.0
1231.836   -14.9     8.5   -14.5
1233.496   -37.5   -34.6   -34.5
1235.156   -39.3   -51.7    -1.4
1236.816    23.1    15.0     7.2
1238.477    27.1    25.0    -6.0
1240.137    -3.0    17.3     2.3
1241.797   -19.8     3.9   -10.3
1243.457   -34.2   -46.2   -32.1
1245.117   -25.9   -43.4     9.8
1246.777    21.7    17.2    14.7
1248.438    19.7    29.2   -14.2
1250.098   -14.5    11.9    -2.0
1251.758   -29.5   -22.4   -12.8
1253.418   -27.8   -54.4   -18.6
1255.078   -12.6   -30.2    11.2
1256.738    31.9    34.7    -8.2
1258.398     8.5    25.1   -21.2
1260.059   -27.9    -1.6    -0.4
1261.719   -24.4   -36.2   -12.4
1263.379   -10.8   -46.7    -8.0
1265.039     4.2    -6.3    15.2
1266.699    22.8    32.7     6.0
1268.359    -5.8    18.2   -27.0
1270.020   -26.6    -0.5   -17.7
1271.680   -19.8   -37.3    -4.7
1273.340     1.1   -42.2    -2.0
1275.000    15.9     0.0     8.7
1276.660    13.6    28.6   -12.7
1278.320   -24.0     3.7   -23.8
1279.980   -29.0   -20.6    -5.7
1281.641   -19.8   -26.8    -4.8
1283.301     4.6   -33.9     6.0
1284.961    17.8    24.3    -8.5
1286.621    12.0    26.1   -15.8
1288.281   -39.1   -16.0   -15.3
1289.941   -26.6   -24.0    -8.1
1291.602    -8.2   -27.2     1.2
1293.262    21.0   -14.0    10.5
1294.922    23.6    19.9    -4.2
1296.582    -5.9    17.9   -20.3
1298.242   -34.6    -5.7   -15.1
1299.902   -19.7   -24.7   -14.8
1301.562    -7.4   -25.5    -6.4
1303.223     8.1   -20.4    10.0
1304.883    25.2    13.2     2.1
1306.543    16.6    17.5    -9.5
1308.203   -27.9    -6.5   -18.5
1309.863   -17.7   -21.6   -11.7
1311.523    -5.8   -26.2    -4.5
1313.184    19.4    -8.3    12.6
1314.844    15.2    17.0    -3.9
1316.504     0.9    10.7   -19.9
1318.164   -28.5    -5.2   -13.3
1319.824   -21.2   -12.6    -9.0
1321.484    -2.9   -24.6   -10.4
1323.145     8.7   -14.4     9.9
1324.805     9.7    16.7    -1.7
1326.465     2.1    12.4   -15.6
1328.125   -22.3    -2.9   -10.1
1329.785   -15.4    -5.8     1.3
1331.445    -2.6   -23.8    -9.6
1333.105     0.5   -17.6     1.1
1334.766     1.7     3.3    -1.3
1336.426   -10.5     6.3   -15.9
1338.086   -16.8     4.2    -2.7
1339.746     3.0   -10.1     1.1
1341.406     0.4   -25.4    -6.7
1343.066   -16.2   -17.9    -1.5
1344.727    -8.9    -1.5   -11.0
1346.387    -5.4     1.5   -21.1
1348.047    -9.5     9.3     4.9
1349.707     2.5    -0.5     1.1
1351.367     7.7   -23.5    -6.1
1353.027   -16.2    -9.8    -5.2
1354.688   -10.0     2.2   -23.6
1356.348   -10.2     3.0   -26.4
1358.008    -1.6     9.7     6.0
1359.668    14.2     0.2    -2.0
1361.328    -2.5   -25.9     0.2
1362.988   -12.1   -34.5     5.0
1364.648   -11.7    -5.6   -14.7
1366.309   -15.3     2.1   -20.2
1367.969     2.9     5.0     2.7
1369.629     6.3     5.1     3.1
1371.289    11.9   -10.3    -6.5
1372.949   -14.2   -29.3     0.0
1374.609   -14.3   -18.5    -8.8
1376.270   -16.5     8.5   -18.3
1377.930    -7.9     2.9    -3.6
1379.590    -2.5     4.4    -2.0
1381.250    11.2     1.3    -1.0
1382.910     0.0   -25.9    -0.1
1384.570    -8.3    -7.4   -13.3
1386.230   -23.3    -3.3   -13.4
1387.891   -24.9    -0.9    -8.1
1389.551     2.5    11.1    -8.3
1391.211    13.2    -7.6    -4.5
1392.871     1.2   -23.9     7.6
1394.531   -11.7    -6.1   -12.5
1396.191   -15.2   -14.1   -22.8
1397.852     0.0    19.8    -1.7
1399.512    15.4     8.3   -14.0
1401.172    12.2    -7.2   -14.4
1402.832   -13.5   -24.2    11.3
1404.492   -11.5    -7.2    -0.4
1406.152   -20.7   -15.6   -10.7
1407.812   -20.0     0.7     4.3
1409.473    -3.1    15.0     5.2
1411.133     0.3   -14.8   -14.5
1412.793   -15.6   -21.9     3.7
1414.453    -7.9    -9.5    -9.8
1416.113    -8.9   -10.2   -22.1
1417.773   -12.3    -3.3    -5.2
1419.434    10.7    12.0    -3.5
1421.094    11.1    10.4   -11.5
1422.754   -19.6   -22.8   -10.8
1424.414    -5.8   -17.9     4.5
1426.074    -1.4   -11.3   -12.3
1427.734    -4.5    -6.2    -9.9
1429.395     4.4     8.4    -7.7
1431.055    -4.2     0.3   -10.9
1432.715   -17.4   -18.5    -9.4
1434.375    -9.5   -13.8    -0.1
1436.035    -1.9   -14.8    -3.7
1437.695    -0.1    -3.9    -6.1
1439.355     3.7    16.8   -10.3
1441.016    -5.4     7.8    -9.1
1442.676   -17.7   -22.8    -7.1
1444.336   -10.8   -17.4    -7.7
1445.996    -6.5   -19.6    -4.3
1447.656     3.8    -9.4     4.0
1449.316     3.8    23.2   -15.9
1450.977   -21.7   -19.9    -4.8
1452.637   -22.3   -20.3    -5.9
1454.297   -12.7   -20.9   -10.2
1455.957    -3.9   -22.6     0.0
1457.617     0.6   -14.1     3.9
1459.277    13.4    22.6    -6.5
1460.938   -15.6    -1.6   -15.2
1462.598   -26.1   -22.9    -7.7
1464.258    -8.9   -21.3    -8.5
1465.918     1.4   -12.9     0.5
1467.578    12.7    22.4    -5.2
1469.238     2.5    18.5   -16.6
1470.898   -22.8    -9.9    -7.3
1472.559   -16.7   -20.2    -3.1
1474.219    -9.0   -24.6   -11.5
1475.879    -9.1   -23.0    -2.2
1477.539    10.0    11.5     6.2
1479.199     3.5    10.2   -20.4
1480.859     4.6    11.8   -21.2
1482.520   -29.7   -14.1    -4.9
1484.180    -6.9   -17.2   -11.5
1485.840    -1.9   -24.4     1.8
1487.500     9.7    17.8     3.4
1489.160    12.5    24.5    -8.5
1490.820   -17.8    -3.8   -19.0
1492.480   -29.3   -11.6    -2.9
1494.141     0.7   -23.2   -15.6
1495.801     0.0   -28.8   -14.7
1497.461    -2.3    -2.5    11.7
1499.121     8.0    20.7   -13.7
1500.781   -11.8    -3.3   -28.5
1502.441   -26.7   -17.8    -0.8
1504.102    -5.1   -19.9    -7.9
1505.762     3.4   -18.0    -5.6
1507.422    -1.0     7.2     7.6
1509.082     1.0    19.1     0.5
1510.742   -18.4   -11.4   -19.0
1512.402   -15.1   -15.3    -0.6
1514.062    -3.5   -21.0   -11.1
1515.723    -1.9   -10.9    -0.6
1517.383    -0.3     7.5     9.2
1519.043     3.4     4.6   -19.3
1520.703   -11.2   -10.9   -21.6
1522.363   -27.4   -10.1    -2.0
1524.023    -5.6   -16.7    -8.5
1525.684     1.4   -13.7    -2.1
1527.344     5.4     4.8     5.1
1529.004     4.9    10.5    -4.2
1530.664   -16.7    -8.5   -18.1
1532.324   -20.6   -11.3   -12.3
1533.984   -10.5   -12.2   -10.6
1535.645    -6.4   -12.9     0.0
1537.305     5.7     1.1     1.4
1538.965     6.2     8.6    -6.3
1540.625    -3.5    -0.2    -8.8
1542.285   -13.6   -11.1   -10.0
1543.945   -11.6   -10.8   -15.2
1545.605   -12.1   -12.0     2.3
1547.266    -9.1    -8.0     4.5
1548.926     5.2     1.0    -9.3
1550.586    -6.9    -9.1     0.2
1552.246    -9.9    -8.7   -10.6
1553.906   -13.8   -12.8   -19.8
1555.566   -13.5   -12.8   -17.7
1557.227    -0.4     6.3     4.2
1558.887     5.7     2.1    -6.7
1560.547    -7.3   -12.9     0.7
1562.207   -11.7    -4.8    -5.2
1563.867   -13.0    -5.9   -21.0
1565.527   -11.2   -11.7    -0.1
1567.188     3.0     9.9     1.6
1568.848     2.9    -2.9    -4.5
1570.508    -7.6   -16.4    -0.4
1572.168    -8.3    -7.6    -6.1
1573.828    -5.9    -2.7   -15.9
1575.488   -11.6    -7.6   -15.9
1577.148   -13.6     2.3     6.1
1578.809     4.7   -10.8   -10.0
1580.469    -8.6   -12.7     4.9
1582.129    -7.9    -9.1     3.8
1583.789    -0.8    -4.6   -16.3
1585.449   -21.0    -2.9   -19.3
1587.109    -9.5     1.8     2.5
1588.770     7.1    -4.2     0.5
1590.430    -8.5   -12.1     1.2
1592.090    -0.3   -16.1    -7.4
1593.750    -7.6    -9.1   -20.4
1595.410   -19.5     7.8    -7.1
1597.070   -14.6    10.1    -5.7
1598.730     2.7    -4.6    -3.8
1600.391    -4.4   -20.6     8.3
1602.051     4.6   -14.4    -8.9
1603.711   -16.8    -7.8   -19.6
1605.371   -21.2    -0.9    -7.3
1607.031     0.3    12.1   -12.0
1608.691     0.1     1.0    -8.7
1610.352     0.2   -14.9     8.7
1612.012     4.3    -8.6   -10.3
1613.672   -14.3    -4.6   -23.1
1615.332   -23.4    -8.7   -10.4
1616.992   -10.5     4.8    -5.6
1618.652    -3.0   -12.6     0.1
1620.312     4.1   -20.0     2.2
1621.973     3.8   -18.6     0.0
1623.633     4.2    -5.0    -7.9
1625.293   -19.7    -8.4    -6.2
1626.953   -19.3    -3.6    -7.0
1628.613    -3.9   -13.2    -1.5
1630.273    -4.1   -16.1     3.4
1631.934     7.1    -8.5     0.3
1633.594    -5.8   -10.4   -11.6
1635.254   -19.6     3.2    -7.3
1636.914    -7.1     6.4   -15.2
1638.574    -3.6    -7.9   -14.6
1640.234    -9.5   -22.8     2.6
1641.895    10.9     0.7   -12.5
1643.555    -0.2   -15.6   -15.9
1645.215   -19.9    -6.8     5.7
1646.875   -16.0     5.7    -1.4
1648.535    -5.4     5.5   -19.2
1650.195   -14.7   -18.2     8.4
1651.855    -8.1   -13.1    10.4
1653.516     7.1    -4.3   -23.3
1655.176    -9.4   -13.2   -20.6
1656.836   -21.4    -4.0     9.5
1658.496     0.8   -10.1   -27.0
1660.156    -2.4   -12.5   -27.0
1661.816   -11.8    -9.9    10.3
1663.477     8.8     4.5    -3.2
1665.137    -6.5    -6.2   -24.1
1666.797   -12.3    -6.9     8.9
1668.457     0.5     3.0     4.1
1670.117    -3.9    -9.4   -19.9
1671.777   -14.3   -18.3   -17.4
1673.438    -6.5    -1.1     5.3
1675.098     0.0    -0.1    -1.5
1676.758   -10.4    -5.7    -6.9
1678.418    -4.2     4.5     2.0
1680.078    -5.9   -12.5   -11.5
1681.738    -8.9    -9.7    -4.0
1683.398    -5.5    -2.8    -0.8
1685.059    -2.8    -6.2   -10.7
1686.719    -8.9    -4.6    -8.1
1688.379    -7.1     2.4    -4.0
1690.039    -3.3    -1.5    -4.5
1691.699    -7.9   -13.4    -3.0
1693.359    -7.3    -3.3    -4.6
1695.020    -3.5   -11.1   -13.9
1696.680   -10.7   -15.5   -12.6
1698.340    -3.6    11.4   -10.4

Event #2  ts=2026-09-11 12:10:24.836  [SELECTED]
  t[ns]  u1[mV]  u2[mV]  u3[mV]
  0.000     3.2    19.2     1.0
  1.660   -21.6   -18.8   -10.6
  3.320   -13.1    -6.0    -9.5
  4.980     9.3     1.1     2.1
  6.641    16.7     3.8     1.5
  8.301     3.6    -5.4    -2.8
  9.961   -19.9   -19.6   -14.9
 11.621   -17.7   -13.6    -9.4
 13.281   -17.6   -11.7    -5.5
 14.941     1.7    -7.9     2.9
 16.602    14.1     4.9    -7.2
 18.262    -8.9     4.9   -10.4
 19.922   -15.4   -17.6    -5.0
 21.582   -28.7   -12.8   -22.2
 23.242   -12.7   -15.1   -10.5
 24.902     0.7    -8.3     3.4
 26.562    19.4    11.8     4.2
 28.223    11.6     0.7    -0.7
 29.883    -6.6    -1.5    -9.2
 31.543   -25.3   -23.4   -10.3
 33.203   -21.2    -6.3   -14.2
 34.863   -14.7    -7.9   -11.5
 36.523     8.0    -0.2    -2.1
 38.184     4.5     4.1    -0.7
 39.844    -2.0    -0.6    -6.4
 41.504   -12.3   -12.2   -17.4
 43.164   -25.8   -25.1   -12.9
 44.824   -18.8   -18.7    -2.2
 46.484    -0.5     3.0   -11.2
 48.145     9.5     0.8     3.2
 49.805     4.6   -12.0     6.7
 51.465    -1.0   -13.6    -8.0
 53.125   -17.4   -17.9    -9.9
 54.785   -24.1   -10.7    -8.3
 56.445   -19.8   -13.0   -10.6
 58.105    -1.7     8.0   -10.9
 59.766     1.7     0.2    -3.6
 61.426    -5.5    -5.8    -3.8
 63.086    -6.9   -18.7    -6.2
 64.746   -18.8   -15.5   -14.6
 66.406   -17.0    -5.0   -10.9
 68.066    -2.8     0.0   -11.1
 69.727     5.9     4.0    -4.2
 71.387    -5.2     3.6     8.6
 73.047   -12.7     1.3     1.3
 74.707     1.1   -27.2    -6.8
 76.367   -14.9    12.4    -7.7
 78.027    -5.5    -0.5    -7.9
 79.688     3.9    -2.2    -9.3
 81.348    -1.0     2.5     3.1
 83.008   -10.0   -16.7    -7.0
 84.668    -8.0   -25.2    -5.5
 86.328   -17.4   -24.6   -12.4
 87.988     2.9    11.2    -0.3
 89.648     0.9    16.5   -15.9
 91.309   -13.3    -3.2   -12.6
 92.969   -16.4    -1.3    -4.0
 94.629    -6.6   -23.7    -3.4
 96.289   -14.7   -18.7    -7.8
 97.949    -6.5   -11.0     1.9
 99.609     4.8    19.5    -6.0
101.270     7.0    24.1    -9.7
102.930   -20.3   -21.7    -5.6
104.590   -19.3   -22.0    -3.0
106.250   -12.3   -35.5    -7.2
107.910    -8.0   -20.8     1.6
109.570     7.1    -0.8     3.3
111.230     9.7    26.7   -18.3
112.891   -24.3     2.2   -10.7
114.551   -25.0   -24.0    -3.6
116.211   -19.2   -46.1    -7.1
117.871    -1.7   -21.6    -1.7
119.531     8.4     8.7     4.4
121.191    17.5    26.5    -0.7
122.852    -7.0    15.2   -20.0
124.512   -28.7   -11.8   -11.8
126.172   -13.7   -53.2    -0.2
127.832     9.4   -15.8     7.7
129.492    16.9    10.9     6.2
131.152    18.9    26.5    -7.6
132.812   -11.3    18.6   -19.3
134.473   -23.6     0.0   -13.4
136.133   -24.5   -52.3   -12.8
137.793    -1.3   -31.8     4.6
139.453    10.6   -22.8    11.9
141.113    28.6    43.6    -1.1
142.773    -3.9    21.2   -22.2
144.434   -20.0    14.5   -21.1
146.094   -31.5   -38.5   -13.5
147.754    -6.5   -41.3     3.6
149.414    10.8   -15.5    13.9
151.074    24.5    23.5     1.3
152.734    14.0    32.6   -12.8
154.395   -35.5   -18.2   -21.9
156.055   -32.9   -43.6    -7.1
157.715   -30.0   -51.0    -4.2
159.375   -16.2   -36.8    -2.2
161.035    27.7    14.9     6.6
162.695    21.6    23.5    -3.0
164.355     2.8    30.6   -10.0
166.016   -23.7    -1.9   -15.8
167.676   -40.2   -47.0   -19.4
169.336    -0.3   -29.1     4.3
170.996    20.0     5.8    15.0
172.656    25.1    21.4     5.5
174.316    11.0    20.8   -14.3
175.977   -10.3     7.3   -15.9
177.637   -36.9   -45.7   -25.0
179.297   -38.9   -42.7   -22.2
180.957     0.6   -19.7     9.0
182.617    24.3    24.9     6.9
184.277    15.1    36.4    -6.9
185.938   -16.1     5.2    -9.4
187.598   -22.8   -25.7   -16.0
189.258   -33.1   -49.2   -23.1
190.918   -28.0   -33.2   -11.6
192.578     2.4    -0.3    12.4
194.238    20.1    32.6    -3.6
195.898    19.7    26.8    -7.2
197.559   -15.3    -5.6   -11.7
199.219   -28.0   -41.3   -20.1
200.879   -22.9   -36.3    -7.3
202.539   -12.6   -23.8    -4.8
204.199    13.5     9.6     2.5
205.859    17.0    28.8    -0.5
207.520   -15.6   -20.5   -19.5
209.180   -20.0   -34.5   -21.6
210.840   -33.2   -38.2   -12.1
212.500   -20.4   -18.7     2.4
214.160    12.8     6.5    -3.1
215.820    13.7    19.9    -1.0
217.480    -3.6    15.1    -2.9
219.141   -12.3    -4.9   -10.7
220.801   -26.9   -46.0   -16.1
222.461   -26.3   -41.4    -8.5
224.121    -8.9   -18.3     3.2
225.781   -15.8    18.5    -7.7
227.441   -62.9     7.2    -5.9
229.102  -141.2   -36.4    -1.1
230.762  -182.5  -124.6   -17.6
232.422  -172.8  -147.4    -1.8
234.082  -139.7  -142.2     4.2
235.742   -98.3  -116.5    -9.4
237.402   -80.1   -92.7    -8.5
239.062   -66.5   -78.0   -10.6
240.723   -62.8   -98.0   -22.6
242.383   -60.1   -86.9   -14.8
244.043   -40.4   -52.6     7.1
245.703    -6.4   -28.5     9.7
247.363    -2.4   -10.9    -5.5
249.023   -27.6    -6.1   -16.4
250.684   -33.2   -23.1    -7.8
252.344   -29.9   -30.4   -17.3
254.004    -0.1    -8.7    14.4
255.664     4.8    -1.0     6.2
257.324     5.6    -4.9    -4.7
258.984   -17.2    -1.7    -9.4
260.645   -32.3   -18.9   -21.2
262.305   -29.6   -26.7   -24.8
263.965    -6.2    -8.9     6.7
265.625    14.5     4.3     1.5
267.285    15.8     3.7     4.6
268.945   -31.4   -20.1   -20.0
270.605   -27.4   -25.9   -17.2
272.266   -34.1   -19.4   -25.2
273.926     5.7    -3.4    11.3
275.586     6.8     3.0     7.8
277.246    20.1    13.4     3.4
278.906   -10.5    -5.0   -14.1
280.566   -32.5   -35.5   -16.2
282.227   -32.2   -27.3   -18.7
283.887     2.5     1.7     7.9
285.547    22.7    20.6    18.1
287.207    19.1    22.3     7.0
288.867     8.0     7.2    -8.2
290.527   -15.5   -15.3   -13.3
292.188   -40.5   -39.0   -24.9
293.848   -13.6   -13.3    -3.3
295.508    10.6    12.1     5.1
297.168    24.5    25.5     7.5
298.828    20.9    22.4     4.8
300.488   -20.9   -20.0   -14.0
302.148   -29.6   -33.8   -12.8
303.809    -7.7   -16.0    -1.8
305.469    13.6    25.7    -5.6
307.129    16.6    31.8    -4.0
308.789    -7.0    -4.3    -7.1
310.449   -15.9   -23.7    -7.0
312.109   -26.9   -34.5   -15.0
313.770   -22.2   -21.7    -7.1
315.430    11.5    25.7    -5.9
317.090    16.8    28.6    -4.6
318.750   -15.8     1.5    -7.2
320.410   -18.7   -20.3    -7.1
322.070   -10.4   -31.5    -8.1
323.730   -15.4   -29.4    -6.7
325.391    -5.3     3.6     1.8
327.051     6.5     6.1   -11.8
328.711    -6.1     5.2   -15.4
330.371   -20.2    -4.8    -3.0
332.031    -8.5   -32.4    -4.3
333.691    -8.6   -33.1    -5.1
335.352    -3.1     4.3     4.5
337.012     2.1     3.9   -11.8
338.672   -10.8    -6.4   -23.3
340.332   -22.3     0.1    -6.9
341.992   -11.2   -17.2    -1.8
343.652    -5.1   -32.1    -5.4
345.312    -1.3   -20.3    -0.4
346.973    -0.5     6.1   -15.8
348.633   -14.3     5.3   -23.7
350.293   -22.2   -13.5   -13.7
351.953    -8.0   -11.2     0.9
353.613    -0.3   -18.8    -4.3
355.273     0.4    -7.2     0.7
356.934    -1.3     5.8    -6.1
358.594   -18.2    -4.6   -31.0
360.254   -20.9    -2.4   -23.4
361.914   -15.6   -11.4     5.5
363.574    -5.3    -9.3    -5.8
365.234    -2.2   -18.1     3.1
366.895    -4.0   -16.4    -6.7
368.555   -11.7     5.0   -17.7
370.215   -16.0     9.3   -14.2
371.875    -8.6    -5.2    -8.5
373.535    -4.3   -16.0   -13.4
375.195    -8.8   -16.4    -4.1
376.855   -12.2   -18.4    -5.6
378.516    -6.5    -0.3   -16.8
380.176    -7.0    10.4    -7.1
381.836    -8.2    14.6   -11.5
383.496    -3.3   -19.4    -8.6
385.156    -9.7   -32.0    -0.2
386.816   -13.4   -21.1    -1.3
388.477    -8.3   -12.1   -16.1
390.137     9.8    26.4     3.4
391.797    11.0    28.5     8.7
393.457    -9.0   -20.2   -11.6
395.117   -25.5   -43.9    -6.8
396.777   -18.7   -42.1     1.4
398.438    -1.9    -4.6    -6.6
400.098     5.0     3.1    -1.7
401.758    15.6    31.5     0.0
403.418     4.8    16.0    -0.1
405.078   -30.6   -44.3   -16.9
406.738   -19.8   -38.5    -7.6
408.398    -5.6   -18.4     0.5
410.059    13.9    43.4    -9.6
411.719     0.3    21.3    -7.7
413.379     0.2    20.2    -6.7
415.039   -20.1   -31.5    -7.9
416.699   -21.8   -46.1    -1.5
418.359    -5.5   -26.6     6.3
420.020    12.6     8.1     5.2
421.680    17.9    37.8     1.4
423.340   -22.7   -17.5   -20.6
425.000   -32.7   -51.1   -17.6
426.660   -33.4   -52.1   -16.3
428.320   -24.5   -38.3    -7.2
429.980    12.2    12.8     4.5
431.641    22.4    48.3     6.3
433.301     0.2    20.6   -12.9
434.961   -25.1   -20.9   -29.7
436.621   -39.9   -47.7   -19.0
438.281   -11.5   -36.8    -3.1
439.941    -8.0   -23.7    -4.0
441.602    18.1    45.6     2.7
443.262     5.7    30.1    -2.9
444.922   -23.4   -19.3   -23.4
446.582   -42.2   -48.3   -19.7
448.242   -10.6   -36.2     6.7
449.902     4.1    -9.2     5.5
451.562    23.3    33.8     6.2
453.223   -10.2    -2.6   -21.1
454.883   -15.6    -7.4   -20.8
456.543   -40.6   -39.4    -8.6
458.203    -0.1   -24.0     0.5
459.863    13.8    14.4     2.6
461.523    14.9    27.1     0.0
463.184     4.7    21.9   -11.6
464.844   -27.8   -25.1   -20.8
466.504   -28.9   -34.2   -10.9
468.164   -17.2   -30.1    -5.3
469.824     9.7     2.0    -2.0
471.484    13.8    18.2     6.0
473.145    18.4    31.0     5.3
474.805     2.0    11.7    -3.7
476.465   -27.2   -35.3   -12.2
478.125   -14.2   -19.7    -4.5
479.785    -4.2    -9.4   -11.7
481.445     6.2    13.6     1.7
483.105     4.3    15.5     7.7
484.766    -9.2    -8.8   -16.4
486.426   -23.3   -22.6   -12.0
488.086   -29.4   -25.8    -5.8
489.746    -3.2   -12.6    -7.0
491.406     1.9     4.3     1.1
493.066     3.9    11.1     7.8
494.727     1.9   -11.7   -13.3
496.387   -11.3    -9.5   -12.2
498.047   -24.7   -13.5    -8.3
499.707   -11.8   -23.6    -9.3
501.367    -2.2     6.0     0.4
503.027     0.4    13.2     9.9
504.688    -1.2    -9.1   -20.3
506.348    -2.4    -7.9   -21.8
508.008   -22.1    -6.9    -7.9
509.668   -16.2   -23.8   -16.0
511.328   -13.5   -24.2   -10.9
512.988     2.4     3.6    12.1
514.648    11.3    14.5    -5.7
516.309    -1.8    -6.8   -12.6
517.969   -20.2   -16.8   -12.9
519.629   -19.9   -25.0   -14.4
521.289   -19.3   -24.2   -14.2
522.949    24.9    14.7    11.4
524.609    18.5    21.7    -0.9
526.270   -17.3    -2.2   -18.7
527.930   -18.0   -21.7   -10.2
529.590   -18.5   -22.2   -14.4
531.250   -13.7   -18.9    -3.8
532.910    12.3    10.8     6.7
534.570    18.6    24.3     1.9
536.230    -6.2    -1.3   -15.3
537.891   -33.7   -28.7   -17.0
539.551   -27.6   -35.8   -17.1
541.211    -3.9   -10.0     4.1
542.871    14.6    11.4     8.8
544.531    13.4    18.4     2.0
546.191     1.7     3.8   -12.9
547.852   -25.8   -15.0   -16.3
549.512   -28.6   -35.3   -10.7
551.172   -14.6   -24.5    -2.9
552.832     7.1    18.5     7.2
554.492    12.9    19.5    -0.5
556.152   -18.9   -22.4   -15.1
557.812   -19.8   -28.4   -10.1
559.473   -26.8   -29.3   -11.8
561.133     4.7     1.1     4.0
562.793    18.9    32.2     0.4
564.453     0.2    13.0   -10.6
566.113    -9.9     2.3   -11.5
567.773   -18.4   -33.5   -12.3
569.434   -18.0   -25.6    -8.7
571.094     9.0    14.4     4.2
572.754    14.5    21.9    -0.6
574.414    -7.3     1.9   -13.5
576.074   -22.5   -14.2   -14.3
577.734   -20.8   -40.6    -4.5
579.395   -16.8   -23.0    -2.1
581.055     8.2    25.2    -0.5
582.715    12.0    17.3    -5.7
584.375    -0.2     2.4    -8.4
586.035   -15.4   -16.2    -4.9
587.695   -17.9   -28.3    -9.3
589.355    -9.5   -19.2    -4.8
591.016    -2.7     6.4    -0.4
592.676    -0.2     8.2    -7.7
594.336    -0.9     1.9    -8.3
595.996    -8.9   -11.7    -4.0
597.656    -6.7   -18.2   -10.9
599.316    -9.3   -18.6   -10.4
600.977    -3.4     8.2    -0.2
602.637    -5.6     5.2    -5.7
604.297   -13.5   -12.9   -17.8
605.957    -7.8   -13.9    -9.3
607.617     5.4    -6.1     0.9
609.277   -15.0     0.2   -10.1
610.938   -11.8     0.5    -9.5
612.598    -6.6   -11.0    -9.2
614.258    -8.2   -12.1    -9.0
615.918    -2.7   -10.1     2.5
617.578     7.1    -4.2    -5.2
619.238    -2.4     7.0   -13.0
620.898   -17.7    -6.5    -4.0
622.559   -16.6   -22.2    -8.9
624.219   -10.8   -19.5    -9.3
625.879    -0.4    -3.9     4.5
627.539     8.2     0.6     5.3
629.199     8.6     5.9   -10.8
630.859   -16.7     6.0    -6.0
632.520   -16.7   -21.7    -9.6
634.180   -14.7   -30.7    -7.3
635.840    -1.8    -9.4     9.6
637.500     8.6     7.9     7.2
639.160    -2.0     6.7   -21.6
640.820   -15.8     0.0   -11.7
642.480   -15.8   -13.9    -9.6
644.141   -17.7   -24.9    -8.9
645.801     5.9   -16.4    10.9
647.461    11.1    14.4   -11.8
649.121    -9.6     0.2   -22.8
650.781   -14.6   -11.5    -4.2
652.441   -19.9   -17.8    -7.6
654.102    -1.2   -21.7     3.1
655.762     5.4    -8.3     3.0
657.422    -5.2     3.9   -15.6
659.082   -15.6     1.4   -27.0
660.742   -18.0    -1.0   -12.2
662.402   -18.3    -7.2     3.7
664.062    15.6   -10.0     7.1
665.723     2.7    -4.2     2.0
667.383    -6.9    -7.7    -7.4
669.043   -15.6   -11.0   -22.1
670.703   -16.9     7.4   -14.3
672.363    -5.0    -6.5    -1.3
674.023    12.4    -9.8     5.1
675.684     6.9    -6.5     2.9
677.344    -9.9   -16.7   -14.0
679.004   -20.7   -13.9   -23.5
680.664   -28.8    -2.6   -17.3
682.324    -2.7     0.9     0.4
683.984    14.9     0.1     1.0
685.645     0.0   -13.6     0.2
687.305   -10.7   -17.6    -5.9
688.965   -26.5   -15.3   -19.2
690.625     4.5     6.3    -2.2
692.285     7.5     4.9    -4.0
693.945    10.5     5.8     2.0
695.605    -8.0   -19.4    -5.8
697.266    -7.6   -17.1    -7.0
698.926   -23.0   -15.9   -16.9
700.586   -21.7    -7.8   -11.2
702.246     8.3     5.9    -2.1
703.906     6.8     2.1    -3.1
705.566    -8.3   -13.6    -7.1
707.227   -13.5   -18.9   -10.6
708.887   -20.5   -22.0    -8.3
710.547     6.6     7.6    -5.1
712.207     8.3     8.8    -4.8
713.867     2.7    -5.2    -2.8
715.527    -1.2    -7.1    -6.0
717.188   -24.7   -19.4   -11.4
718.848   -19.5   -16.1    -5.0
720.508     9.1     7.5    -4.9
722.168     8.3     5.5    -2.8
723.828    -0.3    -0.3    -2.4
725.488   -15.3    -8.5   -14.0
727.148   -22.5   -17.1    -3.3
728.809   -12.0   -18.1     3.3
730.469     0.4    -5.8     3.0
732.129     6.9     7.4    -7.6
733.789   -20.0    -1.4    -9.7
735.449   -21.9   -26.5   -16.2
737.109   -19.1   -22.0   -16.1
738.770   -12.3   -10.1    -0.5
740.430    17.5     4.3     1.6
742.090     2.7     7.2    -9.5
743.750   -24.5    -3.9   -10.4
745.410   -27.7   -32.4   -15.7
747.070   -22.7   -29.0   -17.4
748.730    -5.3    -1.7     4.1
750.391    26.9    11.0     5.3
752.051    15.4     2.4    -7.2
753.711   -15.0    -7.3    -4.5
755.371   -28.9   -14.8   -14.3
757.031   -23.2   -24.0   -26.7
758.691    -1.7     5.1     7.1
760.352    17.7    11.8     9.3
762.012     1.0    -3.4    -8.0
763.672   -18.1   -10.1    -7.0
765.332   -23.5   -14.5   -19.5
766.992   -31.1   -19.3   -24.1
768.652   -18.0   -12.2    -3.4
770.312    16.4    14.3    10.0
771.973     5.0     2.9    -5.5
773.633    -0.1     4.0    -6.0
775.293   -18.1   -27.3   -16.2
776.953   -22.2   -11.4    -8.7
778.613   -20.6    -7.1    -6.2
780.273    10.9    11.0    -1.4
781.934     5.0     4.2   -12.3
783.594    -9.5    -6.1    -4.4
785.254   -13.4   -11.6    -4.2
786.914    -8.6   -18.4   -13.6
788.574    -5.9     7.5    -0.9
790.234    -4.6    13.0    -2.5
791.895    -3.9    -2.1    -5.9
793.555    -2.3     1.0    -2.8
795.215    -4.2   -23.1    -7.4
796.875    -8.3    -6.9    -2.3
798.535    -4.1    -1.2    -4.0
800.195    -8.3    -1.8   -14.5
801.855   -11.3    -9.4    -8.5
803.516     0.6   -12.5    -4.5
805.176     2.5   -20.8    -9.3
806.836    -2.3    -8.1    -1.7
808.496    -5.8     7.9    -8.4
810.156   -15.8     6.4   -12.3
811.816   -18.6   -15.8   -15.6
813.477    -7.8   -14.6    -4.6
815.137     0.5   -10.5    -6.0
816.797     2.2    -5.5    -6.1
818.457    -2.0     0.7    -4.8
820.117   -24.1    -9.0   -17.1
821.777   -10.3   -10.4    -8.7
823.438    -7.0    -8.2    -6.6
825.098     5.5   -13.1    -0.2
826.758     8.9     1.6     0.0
828.418   -12.2    -6.8   -11.9
830.078   -18.2   -11.2   -11.5
831.738   -20.0    -4.5    -8.5
833.398    -5.0    -8.0    -2.9
835.059    16.7    -4.2     1.3
836.719    13.5     3.9    -2.1
838.379   -19.7   -13.0   -17.3
840.039   -27.6   -18.7   -17.3
841.699   -22.8   -11.1   -10.5
843.359     2.4    -8.0    -6.5
845.020    11.9     3.0    -2.0
846.680    -0.2     6.1     0.0
848.340   -19.0   -13.8   -16.2
850.000   -26.4   -15.2   -11.2
851.660   -13.5    -8.5     3.0
853.320    -1.0    -7.0    -1.4
854.980     4.9     5.1    -2.5
856.641    -2.8     1.6     2.6
858.301   -16.5   -13.9   -16.9
859.961   -18.7   -14.2   -11.5
861.621    -3.0   -10.8     1.2
863.281    14.2     5.5    -6.7
864.941    -0.3     9.3    -1.1
866.602    -9.5    -2.5    -8.2
868.262   -20.0   -16.9   -18.3
869.922    -8.1   -13.6     5.8
871.582     2.4   -10.4     0.0
873.242    13.6    -0.2   -12.2
874.902   -10.1     8.7    -3.8
876.562   -19.6   -12.0   -21.7
878.223   -15.3   -19.9   -14.4
879.883   -13.8   -20.6     5.2
881.543     6.8    -3.9    -0.8
883.203    12.5     4.3    -9.9
884.863    -7.7    -4.2    -4.0
886.523   -21.3    -1.4   -12.9
888.184   -17.9   -22.6   -17.6
889.844   -10.3   -21.8     3.3
891.504     8.0    -2.9    -1.5
893.164    13.8     3.3    -4.9
894.824    -5.8    -1.4    -9.7
896.484   -20.5     0.9   -16.3
898.145   -12.6   -14.4   -12.8
899.805    -9.1   -18.2    -4.7
901.465    14.0     1.9     6.7
903.125    -4.9     3.1   -22.2
904.785    -2.5     2.6   -21.2
906.445   -23.8    -3.7    -8.0
908.105    -4.0   -18.8    -3.9
909.766    -4.2     1.3     1.4
911.426     7.1     0.6     4.4
913.086    11.1    -9.3    -3.5
914.746    -7.8    -6.0   -11.6
916.406   -23.6    -5.2    -9.7
918.066   -22.7   -14.3   -15.6
919.727     3.1    -6.9     3.4
921.387    10.5    -8.6     3.7
923.047   -10.6    -7.9   -19.9
924.707   -16.9    -3.1    -9.2
926.367   -16.3    -5.8    -4.5
928.027    -6.7    -1.0    -6.8
929.688     0.7    -9.2     1.4
931.348    15.2    -1.7    -1.7
933.008     5.7    -4.4   -10.6
934.668   -16.5   -14.8    -7.7
936.328   -21.8    -4.2   -14.0
937.988    -9.7    -3.2   -13.3
939.648     1.1   -10.6     6.1
941.309     6.4    -4.0    -6.6
942.969     8.2    -7.0   -11.7
944.629   -16.8    -7.1   -18.2
946.289   -10.5    -4.1    -7.2
947.949   -10.1    -6.8    -5.3
949.609     2.5    -6.7     2.1
951.270     0.1    -3.3    -3.8
952.930    -3.5    -7.3    -5.1
954.590   -10.9    -5.5    -7.6
956.250    -9.1    -8.7    -4.1
957.910   -13.2   -11.9    -8.5
959.570     4.7    -4.5    -0.2
961.230     5.1    -4.5    -4.5
962.891    -3.9   -13.4    -5.1
964.551   -14.2   -13.1    -9.2
966.211   -10.0     8.0    -5.9
967.871    -9.3   -10.6    -7.0
969.531     1.0    -7.5    -1.7
971.191    -8.5    -7.7   -15.5
972.852   -15.5    -8.8   -14.8
974.512   -13.7    -5.4    -6.5
976.172     5.9     2.5    -0.6
977.832    -7.0   -12.7    -5.6
979.492    -8.9   -10.4    -1.2
981.152    -8.1   -16.7   -14.6
982.812   -21.7    -4.4   -11.7
984.473   -10.3     4.5    -3.0
986.133     6.8    -6.6    -4.3
987.793    -1.4    -0.4     0.6
989.453   -10.0   -17.4   -10.1
991.113   -18.8   -26.9   -19.6
992.773   -16.9     2.0    -6.9
994.434    -3.5     3.5    -2.0
996.094    10.2    -3.6    -3.3
997.754     7.2     1.6     4.7
999.414    -1.9    -0.3    -2.6
1001.074   -26.8   -24.0   -20.5
1002.734   -31.0   -21.6   -15.1
1004.395     8.8     2.7     3.0
1006.055    13.6    -0.3    -3.1
1007.715     8.4     4.8     1.9
1009.375    -5.7    -6.6    -7.2
1011.035   -35.1   -25.0   -25.4
1012.695   -18.9   -15.3    -0.7
1014.355    -6.0    -1.6    -0.9
1016.016    19.8    10.5    -2.4
1017.676     4.3     0.0     1.3
1019.336    -2.7    -4.3    -5.3
1020.996   -39.1   -32.3   -17.4
1022.656   -17.6   -15.2     4.5
1024.316     6.8    -8.4     3.8
1025.977    21.5    19.9    -2.6
1027.637    10.8     8.6     1.3
1029.297    -6.1   -15.5    -9.4
1030.957   -32.5   -27.0   -22.6
1032.617   -30.6   -23.5    -1.9
1034.277    -5.5   -14.5     1.0
1035.938    20.5    -2.8    -2.6
1037.598    15.2    30.4     0.5
1039.258     6.0    15.7    -0.7
1040.918   -24.7   -31.6   -21.1
1042.578   -14.5   -10.3    -3.7
1044.238    -2.2   -11.3    -2.8
1045.898    16.4    13.3    -2.6
1047.559    12.6    24.3     7.3
1049.219     2.9    16.0    -4.9
1050.879   -26.6   -30.7   -24.1
1052.539   -30.0   -39.2   -12.2
1054.199     2.5    -7.3     3.9
1055.859     9.9    15.2    -2.9
1057.520    10.3    16.5     1.0
1059.180     0.7     8.2    -8.5
1060.840   -19.0   -28.2   -19.0
1062.500   -21.0   -21.8    -6.3
1064.160    -5.6    -8.1     1.7
1065.820     9.5    12.8    -6.4
1067.480     8.4    16.1    -7.5
1069.141   -16.3   -19.5   -14.8
1070.801   -22.7   -23.6   -16.3
1072.461   -14.3   -10.4    -4.9
1074.121     6.0     0.0     1.1
1075.781     8.5     5.5    -1.6
1077.441    -2.4    13.8    -8.7
1079.102   -11.5    -9.4   -14.6
1080.762   -14.2   -20.8    -5.4
1082.422   -12.3   -16.1    -7.5
1084.082    -6.8    -3.9    -0.1
1085.742     3.9    10.2    -2.4
1087.402    -1.3    -3.7    -4.6
1089.062    -5.9    -9.8   -10.4
1090.723   -20.4   -19.0    -8.0
1092.383    -8.3   -10.6     1.0
1094.043     6.9     6.5    -8.8
1095.703     9.6    15.5    -2.2
1097.363    -1.9     1.5    -6.6
1099.023    -4.9    -6.4    -3.6
1100.684   -15.9   -21.3    -3.0
1102.344   -13.0   -21.0     0.6
1104.004    -2.4    -8.7    -5.9
1105.664    -2.2    17.1    -4.6
1107.324    -0.7     8.5    -3.4
1108.984    -7.4   -17.1   -10.3
1110.645   -18.2   -21.9   -10.0
1112.305   -24.5   -27.2   -11.9
1113.965    -7.2   -12.4    -1.3
1115.625    -1.7     6.4   -11.7
1117.285     2.7    10.6    -4.5
1118.945    -8.4   -11.4    -7.1
1120.605   -12.6   -19.7   -11.2
1122.266   -15.0   -24.7    -4.2
1123.926    -9.7    -5.2   -15.5
1125.586    -4.8     5.6    -7.4
1127.246     8.5    14.5    -3.5
1128.906     6.7     8.6   -12.5
1130.566   -18.3   -33.3     2.7
1132.227    -7.0   -27.3    -9.0
1133.887    -9.1   -15.5   -16.4
1135.547    -4.7     3.8     6.9
1137.207    -1.7    18.1     5.9
1138.867    -2.5   -13.6   -17.8
1140.527   -14.5   -24.3    -3.9
1142.188   -24.1   -26.4    -0.4
1143.848    -0.7   -19.7    -8.5
1145.508     3.0    -4.5   -11.3
1147.168     4.7    24.4    -5.2
1148.828     1.8     6.0   -13.3
1150.488   -14.3   -11.8   -17.3
1152.148   -22.9   -22.1    -1.7
1153.809   -18.1   -26.3     0.4
1155.469     2.7    -0.3    -7.1
1157.129     7.7    20.5    -1.8
1158.789    -1.7     4.0   -20.4
1160.449    -5.1   -11.8   -16.3
1162.109   -21.1   -20.8     0.6
1163.770    -1.6   -25.6     1.4
1165.430     7.0     4.4    -7.0
1167.090     7.0    19.3     2.9
1168.750    -4.6    11.4   -19.2
1170.410   -26.5   -15.8   -27.2
1172.070   -27.5   -29.1    -7.4
1173.730    -3.9   -24.5     9.4
1175.391     8.9     7.8     3.8
1177.051     7.8    12.8   -11.4
1178.711     1.2     4.2   -16.3
1180.371   -29.5   -14.9   -30.0
1182.031   -17.7   -20.8     1.7
1183.691    12.3     5.9    -3.3
1185.352    13.1     2.5    -1.9
1187.012    11.1     5.6     2.5
1188.672   -13.4    -4.9   -23.6
1190.332   -19.5   -19.5   -21.1
1191.992   -39.6   -25.5   -19.6
1193.652     8.9    -5.0     4.5
1195.312    19.2    11.8     3.1
1196.973     4.5     6.2    -3.2
1198.633   -23.6   -19.3   -24.4
1200.293   -27.6   -21.1   -13.8
1201.953   -13.1    -8.9    -2.6
1203.613     7.9     0.9     4.4
1205.273    15.5     9.6     4.8
1206.934    10.9     9.7    -0.4
1208.594   -13.8   -13.3   -14.6
1210.254   -29.8   -32.0   -22.5
1211.914    -4.7     3.0     1.6
1213.574    -4.8     2.6     1.4
1215.234    13.6     3.1     4.1
1216.895     5.5     5.4    -4.3
1218.555   -14.9   -16.7   -14.8
1220.215   -32.2   -22.2   -16.7
1221.875   -21.5   -17.4    -8.2
1223.535    10.2     6.6    -0.9
1225.195    10.3    12.2    -2.3
1226.855    -2.4    -8.9    -4.0
1228.516   -12.1   -21.0   -12.2
1230.176   -23.0   -21.8   -15.7
1231.836    -8.2    -5.0    -9.5
1233.496     3.4     1.2    -1.5
1235.156     8.0     6.1     1.3
1236.816    -7.8   -10.4    -8.1
1238.477   -25.0   -27.6   -14.4
1240.137   -20.3   -10.1    -5.8
1241.797     0.2     4.6    -4.5
1243.457     6.5     0.7    -3.5
1245.117    -2.7     0.7     2.5
1246.777    -8.8   -11.0   -10.8
1248.438   -23.1   -22.7   -22.2
1250.098   -13.3    -0.9    -2.9
1251.758     9.5     7.5    -7.3
1253.418     4.2    -3.9   -10.2
1255.078     0.0    -4.4     3.1
1256.738   -13.3   -11.4    -8.4
1258.398   -22.5   -13.2   -20.4
1260.059   -17.8    -0.5    -3.5
1261.719     0.7     1.9     3.9
1263.379     5.2    -4.2   -11.0
1265.039     2.9    -7.2    -3.1
1266.699    -6.1   -12.7    -4.2
1268.359   -15.7    -5.3   -13.9
1270.020   -15.1     1.0    -3.0
1271.680    -4.8    -9.8     1.0
1273.340     5.0   -13.1    -6.7
1275.000     1.5    -8.4    -3.6
1276.660     1.4    -4.2     1.6
1278.320   -11.5     1.7   -22.8
1279.980   -20.1     4.0   -14.0
1281.641   -15.0    -9.0    -4.5
1283.301    -0.1   -23.9    -5.2
1284.961     6.4    -6.0     2.0
1286.621    11.0     1.9    -4.7
1288.281     8.0     3.7    -7.7
1289.941   -26.4    -0.9   -16.0
1291.602   -26.2   -12.3   -14.5
1293.262    -3.2   -27.0    -4.4
1294.922     7.6    -9.9    10.7
1296.582    16.0    16.1    -2.1
1298.242   -21.7    -0.7   -24.8
1299.902   -24.3   -15.3    -4.5
1301.562   -22.1   -20.2   -10.6
1303.223    -6.4   -19.3    -3.6
1304.883     7.7     1.5     4.9
1306.543    17.3     9.7    14.1
1308.203     6.2    11.2   -17.0
1309.863   -26.2   -10.3   -20.5
1311.523   -22.1   -29.8    -0.8
1313.184    13.9    -3.2     1.5
1314.844    15.9    11.5     2.8
1316.504    15.4    24.7     8.4
1318.164     0.9    -7.2    -9.4
1319.824   -37.3   -18.9   -21.7
1321.484   -31.4   -26.0    -9.4
1323.145     4.6   -12.2     0.0
1324.805    16.1    23.9    -1.3
1326.465    12.6     7.7    -1.0
1328.125   -22.8   -18.5   -18.1
1329.785   -26.4   -29.8   -11.6
1331.445   -34.9   -29.4   -15.6
1333.105     7.8    15.2    -2.3
1334.766    16.9    31.7     2.2
1336.426     4.8    -2.5    -8.2
1338.086   -40.2   -34.2   -17.4
1339.746   -29.8   -43.0    -5.5
1341.406   -12.8   -23.9   -11.2
1343.066     0.4     6.2    -6.5
1344.727    10.2    24.6     0.0
1346.387    -2.4    -0.4    -8.8
1348.047   -23.9   -31.8   -15.8
1349.707   -34.4   -50.1   -11.1
1351.367    11.0     9.1    -4.6
1353.027    17.5    44.5    -0.2
1354.688    20.2    39.4     0.2
1356.348     6.2    31.4    -5.7
1358.008   -29.1   -45.6   -11.5
1359.668   -29.4   -47.0   -10.5
1361.328    17.9    14.4    -2.3
1362.988    14.3    24.7    -4.0
1364.648    13.4    40.3    -9.2
1366.309   -17.5     3.8   -18.6
1367.969   -36.3   -59.1    -4.0
1369.629   -14.8   -49.9    -2.5
1371.289     9.4   -11.9    -2.9
1372.949    20.4    26.2     3.2
1374.609    -6.8    26.7   -19.6
1376.270   -25.6    -2.0   -22.4
1377.930   -43.2   -52.4    -6.4
1379.590   -28.9   -58.0    -0.1
1381.250    -6.7   -40.2     4.2
1382.910    20.2    34.6     2.8
1384.570    12.3    35.8    -2.4
1386.230   -18.1    -2.2   -25.0
1387.891   -29.4   -22.1   -24.1
1389.551   -36.9   -56.3    -8.2
1391.211    13.2   -19.6     4.0
1392.871    20.7   -10.9     1.7
1394.531    10.4    37.6    -5.4
1396.191   -14.7    20.2   -14.8
1397.852   -31.1   -42.1   -30.2
1399.512   -31.9   -40.5    -3.7
1401.172    -3.1   -17.8    16.5
1402.832    26.0    -3.4     6.0
1404.492    28.9     8.5    -0.7
1406.152    -6.0    24.8   -11.9
1407.812   -19.2    11.3   -17.1
1409.473   -29.2   -42.2    -8.9
1411.133   -11.6   -26.1     7.8
1412.793    20.5     8.9     4.8
1414.453     5.3    23.6    -1.6
1416.113    -3.6    11.6    -3.0
1417.773   -29.8   -17.5   -28.7
1419.434   -40.1   -38.6   -29.5
1421.094   -11.0   -22.9     7.2
1422.754     7.2    -5.4     7.2
1424.414    13.8    19.1    -5.5
1426.074    -1.6    13.6    -5.8
1427.734   -15.4    -8.3   -11.0
1429.395   -23.3   -11.7   -21.9
1431.055   -17.9   -20.5    -4.6
1432.715    -3.0    -9.4     3.1
1434.375    15.3    15.5    -0.4
1436.035     5.3    10.6    -0.4
1437.695    -0.8    -2.8     0.7
1439.355   -12.8   -17.0   -13.7
1441.016   -23.5   -20.5   -11.8
1442.676    -0.1    -6.6     1.9
1444.336     8.9     0.8    -4.8
1445.996     6.9    13.5    -4.5
1447.656    -2.4     6.3    -6.4
1449.316   -13.2   -25.6   -15.3
1450.977   -26.5   -19.1   -19.3
1452.637   -18.8    -8.1    -8.6
1454.297    -0.9    -7.7    -6.5
1455.957     8.9     7.8     3.2
1457.617     7.5    12.2    -5.1
1459.277    -6.0   -12.0   -17.0
1460.938   -19.6   -23.6    -7.3
1462.598   -18.4    -8.1    -9.8
1464.258    -8.1   -13.0    -7.5
1465.918    -0.4     1.8    -4.2
1467.578    13.9    12.4    -1.0
1469.238    10.1     2.5    -5.4
1470.898   -20.0   -15.9   -18.9
1472.559   -19.4   -21.2    -7.4
1474.219   -21.0   -10.5   -12.1
1475.879    -5.6     5.0    -4.8
1477.539    11.1    11.4    -1.4
1479.199     4.7    -1.9    -5.0
1480.859    -7.6     0.4   -16.9
1482.520   -16.2   -22.4    -5.1
1484.180   -18.4   -14.1    -7.1
1485.840    -3.8     1.4    -1.8
1487.500     3.1     6.5    -9.2
1489.160     0.0    -8.2    -7.5
1490.820    -7.4    -8.7    -8.1
1492.480   -23.4   -11.1   -19.0
1494.141   -17.8   -16.4   -10.8
1495.801    -5.9     1.7    -2.9
1497.461     3.1     2.8   -15.9
1499.121    -8.9   -15.2   -19.8
1500.781    -5.1   -21.8   -10.9
1502.441   -15.0    -2.2   -12.9
1504.102   -13.0     0.7   -13.1
1505.762     1.4    -9.8     0.5
1507.422    -0.5     8.7    -0.1
1509.082    -6.1    -2.1    -9.6
1510.742   -17.8   -19.2   -10.5
1512.402   -22.8   -18.5   -11.5
1514.062    -7.7   -11.0     0.4
1515.723    11.2    16.6    -4.8
1517.383     7.4    -2.5     8.2
1519.043   -12.3   -12.8   -13.1
1520.703   -23.0   -27.0   -20.6
1522.363   -22.3   -24.0    -8.9
1524.023    13.4     2.7    -0.5
1525.684    11.3     5.8    -5.3
1527.344    13.2    23.1     7.8
1529.004    -5.9   -24.9   -11.2
1530.664   -31.4   -34.1   -26.1
1532.324   -17.1   -22.7    -5.2
1533.984     8.9    15.4    -8.4
1535.645    16.9    24.9     6.5
1537.305     4.2     8.1     1.0
1538.965   -16.9   -22.5   -21.6
1540.625   -32.4   -39.3   -23.2
1542.285   -22.3   -47.9    -5.6
1543.945     4.0    -0.6     0.0
1545.605    10.1    27.6   -10.4
1547.266    -5.1     5.9    -5.5
1548.926    -9.5   -21.9   -13.5
1550.586   -24.4   -48.3    -6.0
1552.246   -23.1   -47.0    -6.5
1553.906     4.2    -0.2    -3.4
1555.566     5.1     3.2    -6.3
1557.227    10.1    24.5    -3.5
1558.887    -9.1     1.2    -5.3
1560.547   -17.7   -28.3   -13.3
1562.207   -21.0   -40.2    -3.0
1563.867    -9.1   -13.8     3.7
1565.527     4.7     3.8     4.4
1567.188     3.4    16.3   -12.9
1568.848   -18.7     0.3    -6.5
1570.508   -18.0   -29.6    -9.2
1572.168   -11.7   -34.4    -9.5
1573.828    -1.2    -4.7     4.3
1575.488    10.9     1.7     1.0
1577.148    -1.7    13.4   -17.3
1578.809   -18.0    -5.3    -9.4
1580.469   -17.8   -22.6   -10.1
1582.129   -20.1   -33.2    -4.9
1583.789     2.9    -9.9     7.4
1585.449     9.1     6.5    -9.0
1587.109   -13.0    15.2   -15.8
1588.770   -17.0    -9.9   -12.4
1590.430   -14.8   -20.7   -11.9
1592.090    -7.8   -18.5     4.4
1593.750    12.7    -9.8    10.0
1595.410    15.3     2.3    -2.7
1597.070   -14.0     3.6   -15.2
1598.730   -24.1     0.5   -12.2
1600.391   -11.9   -16.5    -9.2
1602.051    -6.8   -19.1     1.6
1603.711    10.2     2.2    -8.6
1605.371    10.9     2.3    -8.3
1607.031    -3.5    10.7   -14.3
1608.691   -18.5    -1.7   -11.8
1610.352   -10.3    -7.5   -13.0
1612.012    -6.1   -17.6    -7.8
1613.672     4.1   -12.8     2.2
1615.332    -4.3    -4.0    -8.2
1616.992    -8.2     1.2   -14.1
1618.652   -13.9     7.0   -16.6
1620.312   -10.6     1.7    -5.9
1621.973    -6.8   -17.0    -6.0
1623.633    -5.2   -16.2    -2.9
1625.293   -10.0   -10.5   -10.1
1626.953   -11.8    -8.1   -14.1
1628.613    -5.9    12.7   -13.9
1630.273    -5.5     4.2    -5.8
1631.934   -12.1   -21.6    -6.2
1633.594    -7.6   -26.6    -1.4
1635.254    -5.4   -18.4    -6.9
1636.914   -18.2    -6.8   -16.0
1638.574   -14.0     3.3    -8.7
1640.234     6.1     6.6    -0.6
1641.895     0.2     0.5    -5.5
1643.555    -8.7   -24.8    -6.9
1645.215     9.2   -18.7     5.0
1646.875     0.0    -7.5    -5.0
1648.535    -5.7    23.1    -5.2
1650.195     8.9    14.8   -11.4
1651.855     3.5   -10.1    -1.4
1653.516    -5.6   -10.5    -0.2
1655.176   -12.7   -36.7   -13.2
1656.836   -19.9   -34.0   -20.1
1658.496    -8.7    17.8    -7.6
1660.156     8.4    18.3    -9.9
1661.816     0.8    -4.4   -13.1
1663.477   -10.4   -16.8     0.7
1665.137   -17.1   -33.6   -15.5
1666.797   -15.9   -34.3   -15.9
1668.457    -2.0    17.8    -1.2
1670.117     1.0    17.7   -16.4
1671.777   -11.2   -10.6    -6.3
1673.438   -15.6   -21.3    -5.2
1675.098    -0.4   -26.5    -0.2
1676.758    -9.4    -9.6   -17.0
1678.418   -10.1   -10.8    -4.5
1680.078     4.0    25.8    -2.4
1681.738    -8.9    -1.9   -19.4
1683.398   -15.9   -13.8    -2.3
1685.059    -4.3   -38.0     0.8
1686.719    -7.7   -30.8    -9.1
1688.379    -3.1    -7.8    -2.1
1690.039     3.5    26.3    -3.8
1691.699     0.4    13.8   -13.8
1693.359   -12.6     6.4   -15.0
1695.020   -13.2   -25.0    -0.6
1696.680    -4.5   -22.3    -5.2
1698.340    -3.0     5.5    -2.6

Event #9  ts=2026-09-11 12:10:27.921  [SELECTED]
  t[ns]  u1[mV]  u2[mV]  u3[mV]
  0.000    -8.9   -26.6    -9.4
  1.660    -8.7     9.1    -4.2
  3.320   -21.4    -4.2   -20.9
  4.980   -13.4   -17.0    -9.7
  6.641     4.7   -13.4     3.4
  8.301     9.7   -14.9     0.2
  9.961    -1.2    -1.5    -5.8
 11.621    -9.6     7.2    -1.9
 13.281   -15.1    -8.2   -21.1
 14.941   -24.9   -14.6   -23.4
 16.602    -3.7   -10.3     5.1
 18.262     9.4   -12.7     2.7
 19.922    -3.7    -1.8    -1.9
 21.582   -10.6     1.7    -6.4
 23.242   -16.6    -0.1    -9.7
 24.902   -13.6   -12.9   -14.8
 26.562    -3.0   -12.7     0.2
 28.223    -1.9    -7.5    -5.5
 29.883     3.0     1.1     0.8
 31.543    -5.0    -1.1    -3.0
 33.203   -13.1    -7.9   -15.2
 34.863   -13.8    -7.3   -12.2
 36.523    -5.0    -4.2    -7.0
 38.184    -8.1   -15.0   -13.5
 39.844    -1.4    -2.4    10.5
 41.504     0.2    -1.5     9.8
 43.164    -2.1    -8.9    -7.9
 44.824    -9.9    -4.5   -13.4
 46.484    -9.8    -5.9    -8.5
 48.145   -13.8   -11.4   -12.6
 49.805   -12.8   -12.7    -7.3
 51.465     0.0    -2.7     1.4
 53.125     0.7    -0.6    -6.1
 54.785    -8.7    -1.1    -5.3
 56.445    -7.5    -1.7    -4.5
 58.105   -20.5   -10.8   -18.7
 59.766   -14.5    -8.7   -10.1
 61.426     1.2    -5.5     3.4
 63.086     8.6    -8.6    -5.1
 64.746    -1.8     4.9    -4.5
 66.406   -17.2    -1.7    -9.9
 68.066   -17.0   -15.9   -18.4
 69.727   -18.0   -12.6    -7.7
 71.387    -8.1    -7.3     1.9
 73.047     9.8    -0.2    -9.5
 74.707     4.9    -0.3   -10.6
 76.367    -6.6    -4.3    -6.5
 78.027   -20.4   -17.4   -22.2
 79.688   -28.3   -16.4   -25.6
 81.348    -8.1    -9.0     7.4
 83.008     8.0     1.6    -6.6
 84.668    -2.0     3.6   -10.5
 86.328    -1.1    -2.6     2.5
 87.988    -0.4   -15.5    -8.5
 89.648   -24.5   -23.5   -21.7
 91.309     0.4    -2.2     1.5
 92.969     2.1     4.8    -8.3
 94.629     7.0     6.3   -11.6
 96.289    -3.7    -5.6    -4.7
 97.949   -11.5   -25.1   -23.0
 99.609   -22.5   -18.6    -9.0
101.270   -14.0   -11.1    -3.4
102.930    12.1     3.4    -4.1
104.590     4.9    -2.1   -10.0
106.250   -10.6    -4.1    -4.3
107.910   -14.9   -24.1   -16.5
109.570    -7.3    -8.3    -2.8
111.230    -6.0     1.1    -3.3
112.891    -0.2     8.0   -11.4
114.551    -1.9     6.2    -5.1
116.211   -10.3   -15.0    -3.7
117.871   -17.7   -29.7   -14.1
119.531   -15.7   -27.3   -10.8
121.191    -2.5     5.0    -7.3
122.852    -4.4    11.3   -11.0
124.512    -3.7     6.3    -3.4
126.172    -1.4    -3.3    -1.1
127.832   -19.3   -32.4   -13.9
129.492   -21.2   -29.3   -14.7
131.152     4.3     7.6    -2.3
132.812     3.2     8.5   -14.9
134.473    -9.8     7.2    -9.5
136.133    -3.3   -18.8    -5.0
137.793    -9.7   -25.0   -11.0
139.453   -12.9   -19.9    -4.0
141.113    -7.6   -11.2    -7.3
142.773    -1.4    15.0   -12.3
144.434    -5.6    -7.6    -2.8
146.094    -7.6    -1.1    -1.3
147.754   -13.0   -29.5   -10.4
149.414   -14.9   -27.7   -10.4
151.074     3.6     3.4     1.0
152.734     0.0    11.7   -12.7
154.395    -9.5     5.6    -1.6
156.055   -12.3   -26.3   -15.4
157.715   -17.4   -30.4   -10.5
159.375    -7.4   -18.8     1.3
161.035     5.4    10.7    -2.5
162.695     0.8    11.5   -10.1
164.355    -9.2     8.8   -11.1
166.016    -4.9    -7.0    -7.8
167.676   -18.3   -25.5   -17.6
169.336   -11.7   -19.3    -5.5
170.996     9.5     5.0     4.5
172.656     9.9    11.3    -8.3
174.316   -18.9     0.1    -6.9
175.977   -14.4    -6.9    -4.6
177.637   -12.3   -28.8   -20.4
179.297   -12.0   -20.9    -7.6
180.957     8.9    13.7     4.3
182.617    -3.2    -0.5   -13.0
184.277   -11.2    -1.7    -3.7
185.938   -15.4   -28.0   -18.2
187.598   -15.0   -31.7   -17.5
189.258    -8.0    -8.0    -4.5
190.918     4.2    13.8     1.0
192.578     2.7     2.9    -3.3
194.238    -4.9    -4.8     3.4
195.898   -14.8   -25.4   -13.5
197.559   -22.3   -33.5   -23.9
199.219     2.5     9.1     1.9
200.879     8.7    12.2    -1.3
202.539     0.7     7.5    -6.1
204.199    -4.6     4.2     0.4
205.859    -4.5   -21.7    -9.2
207.520   -24.6   -31.5   -20.2
209.180    -9.0    -5.5    -0.8
210.840    -3.1     3.2    -0.6
212.500    -6.4     4.7    -6.0
214.160   -10.4     2.9     2.2
215.820   -52.9   -56.5    -9.3
217.480  -149.1  -151.5   -33.9
219.141  -196.2  -197.8   -44.4
220.801  -156.0  -173.4   -64.6
222.461  -124.1  -137.9   -57.2
224.121   -95.3  -108.8   -33.9
225.781   -83.5  -105.0   -31.3
227.441   -79.3   -98.4   -31.1
229.102   -52.9   -57.9   -21.6
230.762   -24.6   -27.2   -32.3
232.422   -14.1   -14.6   -27.9
234.082   -15.4    -6.3    -2.5
235.742   -19.2   -11.3    -0.8
237.402   -23.3   -46.2   -24.4
239.062   -20.6   -24.2    -6.7
240.723   -12.8    -8.6   -22.5
242.383   -14.5    -8.7   -22.7
244.043    -2.5     3.3     6.6
245.703   -25.5   -38.2   -21.1
247.363   -24.0   -38.2   -21.9
249.023   -20.0   -24.1     0.0
250.684    -9.1   -13.4     4.5
252.344   -16.7    11.6   -16.4
254.004   -14.1     9.9    -7.0
255.664    -3.6   -21.2   -11.3
257.324   -11.2   -30.4   -12.7
258.984   -14.9   -23.4    -3.7
260.645    -9.4     0.6   -11.2
262.305   -14.6     2.5   -11.4
263.965   -13.0    -1.7    -5.6
265.625   -10.1   -11.8    -4.2
267.285   -10.8   -21.1    -1.8
268.945    -4.5    -5.1    -1.6
270.605    -2.3    -2.0    -9.6
272.266    -5.9    -0.9   -12.1
273.926   -22.0    -5.6   -12.2
275.586   -18.6   -23.2   -10.4
277.246    10.5   -12.4     6.1
278.906     6.2     1.9    -0.1
280.566    -8.2     1.0    -8.2
282.227   -18.0    -3.5   -13.7
283.887   -23.8   -16.8   -18.8
285.547   -23.9   -27.6   -10.7
287.207    -7.3   -18.6     3.0
288.867    15.8    -0.5     7.3
290.527     8.8    12.0    -5.5
292.188   -14.3     1.4   -11.6
293.848   -29.7   -24.5   -19.8
295.508   -26.3   -30.0   -20.8
297.168     9.1    -3.0     0.8
298.828    21.1    11.0     0.4
300.488     5.9     8.5    -6.9
302.148   -15.2    -1.0   -11.2
303.809   -30.8   -23.2   -13.0
305.469   -26.0   -29.7   -19.1
307.129    -3.3    -8.0     3.6
308.789     5.1    -3.0     6.2
310.449     3.6     9.9    -4.2
312.109   -27.6   -13.1   -14.3
313.770   -29.0   -17.6   -16.1
315.430   -23.5   -28.9   -16.9
317.090     0.2    -5.7     6.0
318.750    10.7     5.7     7.7
320.410    15.5     8.0    -7.4
322.070   -14.4    -9.2    -4.1
323.730   -21.1   -25.4   -18.0
325.391   -25.9   -28.0   -20.8
327.051     2.2    -2.0     6.9
328.711     8.1     1.5     8.9
330.371    -9.4    -2.2    -2.0
332.031   -11.5   -12.7    -3.4
333.691   -14.0   -19.9   -12.4
335.352   -21.3   -22.7    -9.9
337.012     0.8    -4.4     8.5
338.672     2.8     1.9   -17.4
340.332    -8.4    -1.5   -13.5
341.992   -10.7    -4.9     1.6
343.652   -12.6   -22.0   -17.0
345.312   -15.0   -27.0   -14.8
346.973   -12.3    -6.4     2.3
348.633     0.4     4.6    -1.0
350.293    -5.5    -6.0   -14.9
351.953    -9.1     0.2    -5.9
353.613   -12.2   -11.8   -11.1
355.273    -7.7   -14.9    -7.2
356.934     0.9    -2.5    -6.0
358.594    -0.9    -4.8    -8.1
360.254   -10.4    -6.1   -13.2
361.914    -7.7     1.5    -4.0
363.574   -12.9   -18.7   -15.4
365.234   -13.2   -19.0    -7.9
366.895    -0.7    -2.9     1.3
368.555    -7.5   -10.1   -11.9
370.215    -6.1    -4.1     0.7
371.875    -4.0    -1.3    -5.9
373.535   -14.7   -15.7   -16.2
375.195   -20.9   -12.9   -12.7
376.855    -0.3    -5.0    -1.0
378.516    -8.7    -3.6   -13.8
380.176    -8.5     0.8     1.6
381.836    -3.7    -8.7   -13.2
383.496   -13.9   -14.4   -18.8
385.156   -11.3    -9.4    -1.1
386.816    -2.1    -7.3     2.3
388.477     1.8    -4.9   -11.8
390.137    -3.4    -0.3     1.7
391.797    -5.9    -9.5    -3.5
393.457   -14.4   -18.6   -19.1
395.117    -5.2    -6.3     0.8
396.777    -8.6    -0.5   -15.5
398.438     0.2     3.9    -0.5
400.098     1.8     1.4     4.6
401.758    -6.2   -12.3    -3.0
403.418   -17.0   -23.6   -20.8
405.078    -5.2     3.0    -7.1
406.738    -7.3     2.5    -9.7
408.398   -12.3     1.9   -15.9
410.059     0.2    -1.6    -1.2
411.719   -10.2   -28.6   -14.3
413.379   -14.0   -23.5   -17.5
415.039   -13.2   -10.4    -6.9
416.699    -6.2     2.2   -15.2
418.359    -9.4     1.0   -14.9
420.020     1.5     0.7     6.0
421.680     4.9   -19.0    -3.3
423.340   -10.6   -19.8   -11.1
425.000   -11.3   -13.4    -6.5
426.660    -6.0     4.2   -15.3
428.320    -9.7     8.8    -5.0
429.980    -2.8    -2.4     1.3
431.641    -0.9    -7.8    -3.6
433.301    -6.7    -5.5    -6.9
434.961    -9.8    -5.9    -6.3
436.621   -15.8     5.1   -19.2
438.281    -2.6     9.1     1.0
439.941    -1.8    10.0     0.6
441.602    -3.7   -22.9    -3.7
443.262    -0.8   -19.8     0.7
444.922    -7.9     2.4   -18.3
446.582   -17.0     4.5   -19.1
448.242    -7.7     4.7     2.2
449.902     3.6    -6.4     5.1
451.562    -0.6   -22.4    -8.9
453.223   -10.0   -20.3    -8.2
454.883    -3.8    -4.2   -12.5
456.543   -10.4    -2.3   -19.9
458.203    -3.0     3.8    -1.8
459.863     1.5    -3.2     5.0
461.523    -0.4   -16.8    -6.7
463.184   -11.9   -15.9     0.2
464.844    -8.1    -6.6   -14.3
466.504   -11.1     2.5    -7.2
468.164    -7.5     9.1     1.4
469.824     0.7    -4.8    -3.5
471.484     1.7   -14.0   -16.2
473.145    -9.1   -15.4    -8.2
474.805   -18.5   -19.3   -11.2
476.465    -3.6    -3.5   -11.1
478.125    -1.8    10.0   -10.5
479.785     8.4     9.9     2.0
481.445   -13.2    -7.1    -7.6
483.105   -12.8   -14.6   -12.1
484.766   -13.9   -20.7   -19.1
486.426    -5.1    -3.9   -11.3
488.086    -5.2     3.8    -4.9
489.746     8.7    -0.7     4.0
491.406   -18.1   -16.1   -20.0
493.066   -21.6   -12.2   -15.4
494.727   -17.7   -17.4    -0.4
496.387   -11.0   -12.7   -20.8
498.047     8.0    11.1    11.0
499.707    14.4    13.8    11.3
501.367     5.4    -4.9    -9.0
503.027   -24.5   -17.6   -18.6
504.688   -18.6   -18.4    -0.6
506.348    -6.3    -5.2   -12.9
508.008     2.5     8.2    -2.4
509.668    15.1    15.3     7.8
511.328     2.3    -6.0   -12.0
512.988   -23.4   -20.9   -15.1
514.648   -24.7   -19.3    -7.1
516.309     0.2    -8.0    -9.4
517.969     9.3     8.9     3.4
519.629     4.8    13.2     3.8
521.289   -12.8   -13.5   -13.9
522.949   -18.5   -22.9   -13.8
524.609   -14.5   -13.8    -7.6
526.270    -1.3     0.9    -3.2
527.930     5.5    16.9    -4.8
529.590     0.6     0.0   -14.6
531.250   -17.5   -25.1   -12.6
532.910   -15.9   -26.3    -5.5
534.570    -7.5   -14.8    -3.0
536.230    -2.0     7.1    -3.2
537.891     2.5    14.9    -6.4
539.551    -5.0    -8.5    -4.3
541.211   -15.6   -19.6   -10.0
542.871   -13.7   -21.1    -7.2
544.531     3.2    -6.2   -10.5
546.191    -0.9    10.6    -4.2
547.852    -1.6     1.9    -5.5
549.512    -7.9    -5.3    -9.8
551.172   -17.9   -23.1    -7.3
552.832     3.9   -13.0    -6.9
554.492     3.3    -7.4   -11.7
556.152    -4.2    10.3    -1.6
557.812   -11.5    -5.9   -12.1
559.473   -15.0   -15.2   -15.5
561.133   -12.3   -19.0    -1.8
562.793     5.7   -13.2    -6.4
564.453     1.8    -0.6    -7.7
566.113    -3.2     5.7     5.4
567.773   -11.8    -2.2   -14.6
569.434   -20.4   -11.1   -23.6
571.094   -17.3   -25.5   -10.9
572.754     9.2    -7.7     1.2
574.414     7.8    -1.7    -3.0
576.074    -9.8    -5.9    -3.3
577.734   -11.4    -5.5   -19.5
579.395   -16.7   -11.8   -20.0
581.055    -8.1   -10.3     5.7
582.715     5.3     1.5     0.6
584.375     4.0    -7.5   -12.8
586.035   -11.8   -10.3    -8.2
587.695    -9.0    -4.0    -5.7
589.355   -13.8   -13.4   -21.5
591.016    -5.3     2.2     5.2
592.676    11.4    -0.5    -1.4
594.336     5.5   -11.6   -10.2
595.996   -11.2    -8.9    -2.0
597.656   -22.3    -7.2    -8.3
599.316    -9.0   -10.7   -18.9
600.977     7.3    12.8     1.4
602.637     8.0    10.0     0.3
604.297   -18.9   -20.7   -11.5
605.957   -13.5   -24.9    -6.2
607.617   -12.1   -16.7   -13.5
609.277    -0.5    12.8    -7.4
610.938     7.7    22.8     4.3
612.598     0.9    -1.8    -9.8
614.258   -16.5   -24.3   -20.1
615.918   -10.4   -20.5     1.9
617.578    -4.7   -20.4    -4.9
619.238    -7.1    -7.0   -16.1
620.898     9.8    18.8    -1.4
622.559    -4.7    -8.3   -13.5
624.219   -10.0   -14.4   -17.4
625.879   -15.5   -25.4     3.7
627.539    -0.4   -13.3    -6.3
629.199    -1.7    16.2   -10.2
630.859     1.7    22.4    -1.6
632.520    -3.3     0.6   -10.8
634.180    -8.8   -11.5   -17.1
635.840   -13.5   -22.4     2.1
637.500    -9.1   -20.6     4.3
639.160    12.7     6.0    -7.3
640.820     2.0    20.8    -7.8
642.480   -16.9     3.1   -17.8
644.141   -32.6   -28.4   -19.7
645.801    -5.7   -23.8     9.4
647.461     0.1   -16.9     9.8
649.121    14.5    -2.4    -3.0
650.781     6.5    16.2    -4.3
652.441   -19.3    -6.9   -17.3
654.102   -33.5   -33.7   -28.8
655.762   -27.6   -25.4   -13.8
657.422    11.1    -0.1    14.9
659.082    21.7     2.5    -2.0
660.742     9.7     6.8    -4.7
662.402   -14.3    -6.1   -12.9
664.062   -33.5   -26.1   -28.8
665.723     5.3    -1.5    11.5
667.383    26.2    11.1    12.5
669.043    29.3    11.8    10.9
670.703     3.2     3.3    -9.2
672.363   -21.0   -17.7   -20.5
674.023   -33.1   -15.9    -9.7
675.684   -18.1    -4.1    -2.8
677.344     7.3     4.8     4.1
679.004    22.5     8.8     5.1
680.664     6.7     3.3    -0.3
682.324   -31.9   -22.7   -24.4
683.984   -34.6   -25.9   -24.5
685.645   -17.7    -9.6    -7.8
687.305    10.5     3.8     2.4
688.965    13.0     5.4     3.3
690.625    16.2     1.5     5.5
692.285   -23.6   -17.7   -21.1
693.945   -32.7   -14.7   -20.4
695.605   -27.2   -11.6   -11.4
697.266     8.9     1.2    -3.0
698.926     5.9    -0.7    -1.2
700.586     7.7     0.0     3.4
702.246   -10.2   -19.9   -18.3
703.906   -31.8   -14.4   -16.3
705.566   -18.8    -4.1    -2.5
707.227     2.9    -2.0    -1.0
708.887     8.4    -6.1    -9.7
710.547    -3.6    -5.0    -2.6
712.207   -10.8   -11.5   -17.4
713.867   -17.9    -8.3   -15.6
715.527   -14.7    -0.1    -6.8
717.188     3.7   -11.0    -7.1
718.848    -5.3    -8.8    -4.1
720.508    -6.2   -10.7    -5.8
722.168    -6.5    -9.9   -15.7
723.828    -5.5     8.6    -3.3
725.488   -12.7     7.3     5.1
727.148    -4.5    -8.1    -7.0
728.809   -11.1   -17.1    -8.6
730.469    -5.9    -8.9     0.3
732.129    -9.7    -4.4   -21.3
733.789    -9.9     8.8    -0.5
735.449     0.3    -8.8     5.0
737.109     1.1   -15.5   -13.6
738.770    -9.7   -15.3   -12.4
740.430    -7.7    -8.3     4.1
742.090    -6.7    -1.4   -14.2
743.750   -16.1     1.4   -19.1
745.410    -3.0     0.3     6.8
747.070     3.0   -13.3   -13.6
748.730     3.4   -12.9   -13.9
750.391   -16.4   -16.0    -3.4
752.051    -8.0    -3.1    -3.1
753.711    -9.6    -3.6   -19.8
755.371    -5.9     1.3     1.8
757.031    -0.5    -0.6     3.8
758.691     5.0   -15.2    -6.5
760.352    -1.4   -15.1    -4.8
762.012   -11.1    -2.8   -13.5
763.672   -13.8   -11.0   -14.8
765.332    -8.4    -2.2    -3.3
766.992     3.0    -3.1    -0.2
768.652     8.1   -10.3    -4.3
770.312    -7.0    -2.6    -6.7
771.973   -17.4   -12.5   -15.9
773.633   -18.3   -18.0   -12.4
775.293    -5.5     0.4     0.5
776.953     5.1     0.5     0.3
778.613    -2.4    -5.2    -6.5
780.273    -4.1    -4.2    -2.8
781.934   -12.2   -14.5    -9.1
783.594   -23.5   -19.5   -13.0
785.254    -6.2    -4.0    -1.6
786.914     8.3     4.6    -4.9
788.574    -2.2     6.9    -5.9
790.234    -6.7    -6.1    -5.4
791.895   -11.7   -21.2   -15.0
793.555   -27.4   -19.1    -9.9
795.215    -8.3    -6.1     2.1
796.875    10.6     0.6    -6.0
798.535     0.1     8.1   -10.4
800.195    -6.4     6.0    -5.0
801.855   -19.7   -17.0   -10.6
803.516   -15.1   -22.1    -8.1
805.176    -0.2     0.0     3.1
806.836     1.8     9.3   -11.2
808.496    -0.1     5.8   -12.4
810.156   -10.0     3.7    -4.8
811.816   -14.5   -17.4    -6.1
813.477    -5.8   -22.8     0.9
815.137     1.5   -13.7     4.6
816.797    -0.2    15.0   -12.0
818.457   -14.7     3.4    -7.5
820.117   -14.9    -8.2    -6.9
821.777   -18.1   -32.3   -17.6
823.438   -17.9   -30.7   -14.1
825.098    17.2     9.4     6.8
826.758    12.4    12.6    -7.1
828.418   -18.1     0.8   -12.1
830.078   -20.5    -6.8    -8.2
831.738   -18.4   -30.5   -14.8
833.398    -0.6    -9.8    11.7
835.059    19.5    14.3     2.8
836.719    13.9    13.6   -14.5
838.379   -16.9     2.7   -14.9
840.039   -30.7   -14.5   -13.3
841.699   -32.2   -29.4   -15.2
843.359    -9.5   -27.3    -5.1
845.020    24.4    17.5    16.1
846.680     0.7     9.7   -15.7
848.340   -27.6   -11.1   -13.5
850.000   -28.7   -17.5   -13.8
851.660   -22.2   -38.9   -17.1
853.320     6.4   -12.6     3.9
854.980    21.4    18.7     6.7
856.641     0.1     8.8   -14.2
858.301   -14.0    -6.3    -9.4
859.961   -17.8   -23.1   -10.9
861.621   -21.9   -31.7   -14.8
863.281     9.4     2.5    16.0
864.941    23.0    11.8     7.8
866.602     7.9     9.3   -17.3
868.262   -24.4    -3.4   -12.0
869.922   -19.5   -26.7   -11.3
871.582    -8.0   -20.2   -10.3
873.242    12.0    10.2     8.3
874.902    11.6    10.0   -10.8
876.562    -1.5     6.2   -14.1
878.223   -11.6     0.7   -12.0
879.883   -18.7   -25.3   -11.6
881.543   -10.6   -16.2   -11.1
883.203     0.0     0.0     0.4
884.863     7.0     7.5     4.7
886.523   -11.6    -3.7   -13.4
888.184   -15.1    -8.2    -0.4
889.844   -17.5   -17.0    -4.8
891.504   -12.7   -23.2   -12.3
893.164     1.3     8.8     5.8
894.824     6.1    12.9    11.3
896.484   -11.4   -18.3   -19.2
898.145   -12.3   -13.3   -15.9
899.805   -13.2   -13.2    -4.2
901.465    -6.7   -14.8   -19.3
903.125     1.3     5.6     3.7
904.785     6.7     4.9     1.7
906.445    -2.7    -8.5   -15.2
908.105   -20.9   -14.2   -16.4
909.766     1.4    -9.8    -7.4
911.426     1.6    -1.9   -10.1
913.086    -0.9     9.6    -0.8
914.746     2.0     7.5     1.1
916.406    -7.4    -5.1    -5.4
918.066    -9.1   -17.7    -8.4
919.727   -11.2   -18.2    -5.1
921.387    -1.8    -0.7    -7.9
923.047     3.6     5.0   -13.0
924.707    -4.5     6.7    -3.5
926.367    -8.6   -13.7    -9.9
928.027   -11.0   -18.2    -8.2
929.688    -4.7   -13.7    -3.7
931.348    -5.5    -3.0   -10.3
933.008    -5.0     5.4    -3.2
934.668    -7.6     3.9    -3.1
936.328    -9.5   -10.9    -8.6
937.988   -11.6   -19.7    -6.3
939.648    -4.0   -17.2    -6.4
941.309    -3.3    -4.4    -6.8
942.969    -2.1    -4.7   -13.1
944.629   -10.5     7.3    -3.0
946.289    -5.2    -1.4    -8.7
947.949    -6.9   -20.3   -11.1
949.609    -0.8    -8.8    -0.9
951.270     1.8    -5.8    -1.6
952.930    -4.3     2.9   -10.0
954.590   -15.0     6.8   -11.1
956.250   -14.1    -4.9    -9.0
957.910    -9.6   -18.3    -4.2
959.570     0.1   -12.7    -3.1
961.230    -0.6   -13.8    -0.2
962.891    -4.5    -1.4   -11.2
964.551    -9.6     4.0   -13.6
966.211    -8.5    -0.7    -8.0
967.871    -3.6   -15.4   -13.3
969.531    -0.4   -18.4    -2.8
971.191    -2.5   -18.7    -3.8
972.852    -2.3   -10.7   -13.2
974.512   -10.1     5.2   -14.0
976.172    -0.5     1.9    -1.4
977.832    -6.5   -14.3   -14.7
979.492   -12.7   -18.5    -5.4
981.152    -4.7   -24.5     7.7
982.812    -7.1    -8.3   -18.8
984.473   -16.6     7.8    -9.6
986.133    -6.4     6.5     1.1
987.793     4.2    -3.2   -11.7
989.453    -8.3   -16.0    -6.1
991.113    -7.3   -16.2     2.2
992.773    -8.8   -10.6   -20.9
994.434   -16.6    -6.9   -13.6
996.094     4.3     9.0     6.6
997.754    12.3     3.1   -11.7
999.414     2.7    -6.5   -19.4
1001.074   -16.8   -15.5    -4.5
1002.734   -20.8   -24.8   -15.9
1004.395   -16.2   -22.7   -12.2
1006.055    15.0    17.5     6.1
1007.715    17.4    14.7    -8.4
1009.375     8.1     5.0   -15.5
1011.035   -27.6   -20.5    -3.5
1012.695   -22.4   -26.8   -11.6
1014.355    -8.9   -17.0   -13.5
1016.016     2.0    -0.6     1.6
1017.676     8.9    12.2    -9.4
1019.336    -3.5    -4.7   -11.8
1020.996   -19.0   -12.2   -11.5
1022.656   -27.9   -27.4   -12.7
1024.316   -22.5   -25.6    -9.3
1025.977     9.0     1.2     7.7
1027.637    28.0    25.3     5.0
1029.297    13.8    16.2    -6.2
1030.957   -27.2    -8.7   -15.7
1032.617   -27.0   -36.6   -12.5
1034.277   -16.1   -28.1    -1.2
1035.938   -15.5   -24.4    -2.9
1037.598    31.6    24.4    12.9
1039.258    30.1    25.1    -1.8
1040.918   -23.4    -1.7   -21.7
1042.578   -36.6   -28.9   -12.4
1044.238   -24.6   -37.8   -15.9
1045.898    17.8    10.0    15.8
1047.559    30.8    16.9    14.1
1049.219    26.8    18.6     0.3
1050.879   -24.5    -2.6   -20.0
1052.539   -37.9   -27.8   -16.2
1054.199   -31.4   -35.5   -17.1
1055.859    14.5    -3.9    13.5
1057.520    37.7    21.4    17.7
1059.180    -3.0     6.2   -21.3
1060.840    -4.8     5.8   -20.9
1062.500   -39.2   -18.6   -19.8
1064.160   -39.2   -39.7   -17.9
1065.820     1.0   -19.4     4.9
1067.480    35.6    22.1    15.7
1069.141    -2.4    15.2   -17.2
1070.801   -26.8    -6.4   -21.8
1072.461   -31.6   -30.1   -16.6
1074.121   -25.6   -36.1   -15.2
1075.781    -0.3   -18.2     4.3
1077.441    10.5    -5.0     8.4
1079.102    26.3    25.0    -0.5
1080.762   -22.5    -0.1   -12.8
1082.422   -32.6   -36.7   -22.1
1084.082   -26.3   -40.4   -19.3
1085.742     9.7     2.0    10.7
1087.402     5.7     0.3    10.5
1089.062    22.0    17.2    -4.4
1090.723    20.3    18.5    -4.9
1092.383   -29.6    -9.3   -15.2
1094.043   -36.5   -40.1   -22.4
1095.703   -18.6   -36.8   -13.4
1097.363    13.4     4.0     7.1
1099.023    26.0    24.9    -1.4
1100.684    14.6    23.5    -6.5
1102.344   -18.3   -22.2   -10.3
1104.004   -32.2   -41.6   -22.3
1105.664   -20.0   -28.8   -10.0
1107.324    10.3     8.2     9.1
1108.984     8.3    24.5    -9.4
1110.645     4.1    17.1   -10.8
1112.305    -9.8   -13.6    -5.9
1113.965   -30.0   -41.7   -26.7
1115.625   -22.7   -29.6   -10.5
1117.285    -6.9    -6.1     0.0
1118.945    18.3    18.2     4.5
1120.605    -7.3    21.5    -7.9
1122.266   -16.7    -0.8    -7.9
1123.926   -22.3   -37.7   -18.2
1125.586    -7.2   -24.2     4.3
1127.246    10.4     0.8     5.2
1128.906     6.1    19.7   -15.4
1130.566    -4.1    22.7   -11.2
1132.227   -14.1   -16.8    -6.3
1133.887   -17.9   -31.0   -10.5
1135.547   -15.2   -33.6   -11.2
1137.207    -4.9    -1.9     1.7
1138.867     3.5    15.9   -12.4
1140.527     5.2    15.9   -12.1
1142.188    -8.6    19.2    -2.1
1143.848   -23.8   -18.2   -13.9
1145.508    -8.3   -35.4    -8.4
1147.168     3.2    -8.6    12.7
1148.828    11.1    10.7   -14.0
1150.488    -4.3    17.6   -18.9
1152.148   -15.9     8.9    -9.0
1153.809   -20.8   -13.6    -1.0
1155.469   -17.6   -38.4   -19.0
1157.129     3.8   -14.6     9.8
1158.789    17.5    11.6    20.5
1160.449    -5.8    12.1   -20.5
1162.109   -23.5    -2.3   -16.6
1163.770   -23.6   -20.3    -9.3
1165.430   -14.8   -31.5   -22.3
1167.090     7.5    -6.1     8.2
1168.750    12.9     9.2    15.6
1170.410    15.8    20.2     1.3
1172.070   -22.2   -12.6   -12.5
1173.730   -30.1   -17.9   -18.7
1175.391   -18.1   -30.1   -14.3
1177.051    -7.4   -28.9    -7.3
1178.711    17.3    23.2     2.8
1180.371    14.2    23.9    -1.7
1182.031    -5.7     5.0   -11.8
1183.691   -27.8   -31.7   -13.8
1185.352   -16.4   -32.2   -10.8
1187.012     6.2    -7.9    -0.1
1188.672    16.6    17.4     7.9
1190.332     1.4    19.8    -7.3
1191.992    -8.9     3.6    -6.1
1193.652   -14.7   -11.3   -12.5
1195.312   -13.1   -35.5   -11.7
1196.973    -8.7   -21.8    -4.7
1198.633     7.1    19.5     2.2
1200.293     2.9    17.9    -9.6
1201.953     3.9    17.1   -10.8
1203.613   -15.3   -22.0    -8.2
1205.273   -12.9   -34.7   -15.2
1206.934    -2.4    -2.4    -1.4
1208.594     1.6     2.7    -2.1
1210.254     6.1    22.0    -9.7
1211.914   -10.0     3.3    -4.6
1213.574   -12.4    -8.7     1.3
1215.234    -3.6   -32.8    -6.5
1216.895   -11.4   -17.4   -12.2
1218.555    -5.7    11.9    -4.3
1220.215    -6.1     8.7   -13.6
1221.875    -5.6     6.6   -13.2
1223.535    -6.2   -10.5    -0.3
1225.195     0.7   -21.7    -8.6
1226.855    -5.6   -21.7   -10.3
1228.516    -4.9    -5.8    -3.4
1230.176    -9.2    11.8   -18.4
1231.836   -10.9     5.7   -10.4
1233.496     1.7   -17.0     1.6
1235.156     5.0   -16.7    -2.1
1236.816    -5.7   -14.5    -8.1
1238.477    -7.0    -8.0     0.4
1240.137    -2.1     2.7    -8.5
1241.797   -12.9     1.8   -22.7
1243.457   -20.7    -2.9    -5.2
1245.117    11.7   -12.0    -1.1
1246.777     0.8   -15.8    -8.7
1248.438    -7.4   -10.1     0.6
1250.098    -5.2     4.4     2.0
1251.758   -17.6    -4.0   -22.6
1253.418   -15.7    -7.5    -5.7
1255.078    -6.1    -1.1     5.2
1256.738    -4.3   -17.8    -8.3
1258.398    -4.0    -6.9    -2.1
1260.059    -4.1     8.2     4.6
1261.719   -10.0    -4.8   -15.4
1263.379   -14.2    -9.2   -16.8
1265.039   -17.1    -5.9    -7.5
1266.699    -5.6   -13.3    -5.7
1268.359    -4.1   -19.9   -10.0
1270.020     0.9    -2.9    -0.9
1271.680    -2.8     1.4    -8.9
1273.340   -18.1    -9.9   -10.5
1275.000    -9.9    -6.0    -5.8
1276.660    -8.0   -10.3    -4.2
1278.320   -14.3   -15.6   -13.2
1279.980   -11.4    -2.3    -1.9
1281.641     5.6     3.4     4.2
1283.301    12.1     6.7     3.5
1284.961     8.1    14.0     9.2
1286.621    -4.6    -6.8   -12.2
1288.281   -22.4   -16.4   -20.9
1289.941   -19.6   -10.4    -5.0
1291.602    -8.4    -2.6     6.2
1293.262    15.6     0.3     1.1
1294.922    -5.1    -0.9   -11.5
1296.582   -13.6    -1.0    -1.0
1298.242   -13.6   -11.6    -6.3
1299.902   -18.1   -15.2   -15.1
1301.562    -7.9     1.5     1.1
1303.223     4.2     3.8     3.1
1304.883     7.7    -2.6    -8.5
1306.543    -0.7    -0.5     1.4
1308.203   -10.2    -4.0    -3.8
1309.863   -18.4   -17.5   -24.9
1311.523    -5.7    -2.1     2.2
1313.184     1.2     1.7     5.7
1314.844    10.0    -1.5    -1.8
1316.504     5.8     4.6     0.8
1318.164   -26.5   -16.4   -22.2
1319.824   -25.0   -19.7   -27.1
1321.484   -24.1   -17.9   -12.8
1323.145     9.6     1.0    11.7
1324.805    10.9    -3.9    -4.8
1326.465    -2.0     3.9    -7.2
1328.125    -2.2     4.5    -5.2
1329.785   -16.5   -19.4   -13.3
1331.445   -20.7   -13.4   -10.3
1333.105    -8.9    -1.1     3.6
1334.766     1.5     4.5    -3.6
1336.426    10.2     4.0    -7.3
1338.086    -7.6    -7.2    -2.2
1339.746    -6.5   -12.7    -5.2
1341.406   -17.1   -21.6   -11.7
1343.066   -23.4   -11.6    -8.3
1344.727    -8.6    -3.4    -5.0
1346.387     7.0     3.6    -5.1
1348.047    -2.1    -3.4    -4.6
1349.707    -7.4   -10.4    -5.8
1351.367   -17.1   -24.9   -18.1
1353.027   -11.4    -6.7    -0.2
1354.688    -4.5     1.1     1.0
1356.348    -1.5     2.6   -10.4
1358.008     0.9     2.7    -5.8
1359.668    -4.9    -8.0    -2.0
1361.328   -11.0   -15.7    -7.8
1362.988    -3.4    -6.4    -4.1
1364.648    -3.2    -3.1    -3.7
1366.309   -18.2     2.1   -11.8
1367.969    -2.6     1.8    -0.7
1369.629     3.6    -1.9    -0.1
1371.289   -11.3   -17.2    -8.3
1372.949    -9.9    -9.3    -5.3
1374.609   -10.4    -6.2    -1.8
1376.270    -9.0    -1.0   -15.5
1377.930   -11.0    -0.9   -10.3
1379.590    -4.6     1.1     0.3
1381.250     1.7   -18.0    -3.4
1382.910    -9.6    -8.8    -8.2
1384.570   -14.4    -6.8   -10.6
1386.230   -12.0    -8.4   -19.4
1387.891   -11.5    -3.1   -11.5
1389.551     1.3    -2.7     3.3
1391.211     5.3   -11.4   -12.7
1392.871     1.7   -11.8   -13.9
1394.531    -2.1    -5.8    -6.3
1396.191   -15.9   -15.8   -19.4
1397.852   -11.4   -12.8   -23.6
1399.512   -10.9     1.8    -2.0
1401.172    -0.4     1.0     9.4
1402.832     5.6   -12.5    -6.8
1404.492   -13.1    -8.2    -5.4
1406.152   -12.8   -11.0    -4.4
1407.812   -12.8   -14.0   -23.3
1409.473   -14.5    -2.9   -16.4
1411.133   -10.6     0.3     4.1
1412.793     8.9   -10.0   -12.4
1414.453     9.6    -8.7   -18.0
1416.113   -11.7   -12.3    -3.7
1417.773   -12.4    -7.2    -9.5
1419.434   -17.5    -5.9   -17.8
1421.094    -3.0     1.7     6.0
1422.754    11.9     4.7     7.9
1424.414     7.2    -6.4   -12.2
1426.074   -13.3   -14.3   -17.2
1427.734   -20.1   -16.2    -4.7
1429.395    -5.7    -7.4   -16.1
1431.055    -3.1    -3.4   -14.8
1432.715     3.3    12.0     6.6
1434.375    -4.0    -6.9    -9.9
1436.035   -15.0   -28.2   -19.1
1437.695   -19.5   -27.0   -17.3
1439.355   -10.3    -0.7    -6.1
1441.016    -0.5     1.0    -5.5
1442.676     1.9     7.0    -4.7
1444.336    -0.1     0.7    -5.9
1445.996   -12.0   -32.4   -15.7
1447.656   -18.9   -31.7   -11.4
1449.316   -13.8   -10.7   -12.4
1450.977    -4.9     6.3    -4.8
1452.637     8.9    19.7     5.0
1454.297    12.2    10.6     0.4
1455.957   -16.9   -30.1   -20.1
1457.617   -27.9   -35.3   -16.4
1459.277   -20.1   -21.0    -3.5
1460.938     3.4     2.6   -10.1
1462.598     2.5    17.1    -5.5
1464.258     6.7    12.5     2.5
1465.918   -17.2   -28.2   -18.2
1467.578   -19.7   -31.7    -4.7
1469.238    -6.8   -16.7    -2.1
1470.898     3.1     5.0    -9.1
1472.559     3.3    23.2    -5.3
1474.219     1.6     0.9    -4.7
1475.879    -8.3   -20.3   -12.6
1477.539   -20.3   -38.7   -10.0
1479.199   -15.0   -28.1    -4.4
1480.859    -6.0     0.9    -9.7
1482.520     2.2    23.3    -4.7
1484.180     9.3    18.8     1.4
1485.840     8.2     9.9    -3.6
1487.500   -24.9   -36.3   -10.7
1489.160    -2.5   -14.2    -2.7
1490.820    -2.6    -5.9    -9.6
1492.480    -1.8    17.1   -11.2
1494.141     2.8    20.5    -1.2
1495.801    -7.3    -6.7   -10.7
1497.461   -19.3   -33.9   -16.2
1499.121    -3.6   -18.9    -1.5
1500.781     1.8     8.6   -12.5
1502.441    -2.3    10.6   -11.1
1504.102    -4.3     0.4    -8.5
1505.762    -3.9    -5.0   -12.6
1507.422   -17.4   -33.3   -14.8
1509.082    -2.3    -6.2     7.3
1510.742     3.4    -5.1     2.6
1512.402     4.6     8.1   -10.4
1514.062    -8.9     4.6    -7.1
1515.723   -13.9   -11.0   -15.4
1517.383   -18.9   -25.9   -19.6
1519.043    10.0     1.1    10.8
1520.703    14.4    10.2     1.1
1522.363    12.6     6.8   -11.6
1524.023    -2.6     8.1   -13.1
1525.684   -16.0     8.0    -4.6
1527.344   -24.5   -34.3   -13.6
1529.004    -4.4   -22.1    -1.6
1530.664    15.4    10.3     4.3
1532.324    11.4    14.6    -7.8
1533.984     1.6    13.2   -10.7
1535.645   -14.5   -11.4    -5.7
1537.305   -19.7   -32.7   -13.8
1538.965    -3.3    -6.9    -0.1
1540.625    17.2    12.0     1.2
1542.285    17.9    15.1     0.8
1543.945    -8.5     8.3    -5.4
1545.605   -16.1   -15.0   -10.6
1547.266   -16.5   -27.0   -16.8
1548.926   -18.9   -19.5    -4.1
1550.586    20.7    10.9    -5.8
1552.246    14.5    14.8   -10.5
1553.906   -11.1    11.8    -0.3
1555.566   -15.8    -4.4    -2.5
1557.227   -22.0   -36.8   -20.7
1558.887   -21.3   -36.8   -17.7
1560.547    -3.2    -4.1     3.4
1562.207    10.7    11.6    -4.3
1563.867     6.1     8.6   -16.7
1565.527   -12.9     1.5    -2.3
1567.188   -17.0   -27.3   -16.5
1568.848   -15.0   -26.4   -15.5
1570.508    -4.3    -9.0     1.9
1572.168     2.6     3.9    -3.4
1573.828    -0.4     3.3   -16.1
1575.488    -7.8     7.6    -1.4
1577.148   -16.1   -13.1   -12.5
1578.809   -20.0   -28.4   -22.0
1580.469   -12.4   -17.4    -6.9
1582.129     5.8    -2.2    -3.3
1583.789    -0.5    -0.8   -15.5
1585.449   -14.8     4.7   -11.3
1587.109    -7.5     1.0     2.0
1588.770    -5.0   -16.3   -13.6
1590.430    -3.4    -7.8     2.8
1592.090    -0.3    -2.6    -0.2
1593.750    -7.3    -5.2   -14.3
1595.410    -8.4    -5.0   -13.2
1597.070    -8.6     0.8    -2.9
1598.730    -8.1    -8.6   -16.4
1600.391    -4.8   -12.6    -0.1
1602.051    -9.4   -11.0    -0.5
1603.711     0.9    -4.8    -2.9
1605.371    10.0     9.5     5.8
1607.031    -1.9    10.2    -1.5
1608.691   -15.1    -5.2   -13.3
1610.352    -4.4    -6.0    -3.4
1612.012    -0.7   -11.2    -4.6
1613.672    -3.6    -9.1   -10.6
1615.332    -3.5    -4.1    -3.6
1616.992   -13.0    -0.9   -11.5
1618.652   -13.9    -7.8    -9.6
1620.312    -6.5   -12.0    -6.0
1621.973    -1.5    -5.3    -5.0
1623.633    -5.6    -8.5    -6.6
1625.293    -0.6    -4.8    -5.0
1626.953     2.4    -0.9    -2.9
1628.613    -7.4    -8.5   -14.6
1630.273   -12.8    -9.1    -6.3
1631.934   -10.2   -10.4    -0.8
1633.594    -1.4    -8.8    -3.6
1635.254     2.8    -2.1    -3.6
1636.914    -4.3     0.7    -5.2
1638.574    -1.5   -10.4    -8.9
1640.234   -14.8   -16.9    -8.8
1641.895   -11.5    -9.5    -9.2
1643.555    -0.1    -5.0    -9.0
1645.215    -5.4     7.4    -0.8
1646.875    -3.5   -11.1    -8.7
1648.535    -2.8   -12.1    -7.7
1650.195    -6.1   -16.5   -15.6
1651.855   -10.1   -10.5    -2.3
1653.516    -2.0    -4.3   -12.1
1655.176    -0.6     0.9   -10.1
1656.836     4.4     3.4     6.7
1658.496    -9.6   -14.8   -21.7
1660.156   -17.6   -18.7    -3.6
1661.816   -17.6   -18.7    -3.5
1663.477    -9.7   -10.0   -12.1
1665.137    -7.3     4.3   -19.1
1666.797    -5.9    12.2     0.2
1668.457     6.8     2.7     5.6
1670.117    -6.3   -17.5   -18.1
1671.777   -18.6   -29.5   -12.6
1673.438    -4.4    -3.6   -10.3
1675.098    -2.4    -1.7   -14.4
1676.758   -10.2    10.8    -3.5
1678.418     1.7     4.9     8.7
1680.078     1.3   -15.6   -13.4
1681.738   -13.0   -30.3   -10.9
1683.398    -9.0    -8.2    -1.5
1685.059    -6.9    -3.1   -11.1
1686.719    -4.7    12.3   -15.1
1688.379    -6.8    -2.5    -8.2
1690.039    -4.3   -12.4    -8.4
1691.699   -12.0   -33.0    -6.3
1693.359    -0.6    -2.7    -6.2
1695.020    -5.1     6.7   -21.4
1696.680   -14.3    15.7   -18.5
1698.340   -13.0    13.0    -7.6

Event #10  ts=2026-09-11 12:10:28.420  [SELECTED]
  t[ns]  u1[mV]  u2[mV]  u3[mV]
  0.000     8.3     7.5     6.1
  1.660   -10.9   -13.5   -10.6
  3.320    -3.1     1.9    -0.6
  4.980     1.8    12.5    -2.0
  6.641    -0.3     2.4   -11.1
  8.301    -2.8   -16.6    -5.6
  9.961   -13.4   -22.3   -11.4
 11.621   -19.0   -17.6    -9.6
 13.281     6.3    10.7    -1.1
 14.941    -0.1     8.9    -8.0
 16.602   -10.1    -5.7     0.0
 18.262    -1.7   -16.3    -2.7
 19.922    -4.9   -25.2   -11.7
 21.582   -13.5   -12.2   -13.1
 23.242   -11.5    -1.1     0.2
 24.902    -4.8     3.9   -14.4
 26.562    -3.6     4.3    -8.2
 28.223     4.4    -1.4     4.0
 29.883    -3.7   -20.5   -18.6
 31.543   -16.4   -10.7    -3.6
 33.203    -8.3     3.3   -17.7
 34.863    -7.6     1.7    -8.4
 36.523    -1.9     2.6     5.5
 38.184    11.5    -8.6    -2.1
 39.844    -8.7   -25.3   -13.7
 41.504   -14.1   -26.7   -16.0
 43.164   -10.6    -2.6   -13.3
 44.824    -8.7     1.0   -19.4
 46.484     3.5     4.0     1.1
 48.145     6.9    -2.3    -1.8
 49.805   -12.7   -17.2   -14.0
 51.465   -13.8   -11.1     0.5
 53.125   -13.0    -6.3   -16.4
 54.785   -14.0    -2.5   -11.4
 56.445     6.7     8.8     6.0
 58.105     7.1     0.8    -2.5
 59.766    -4.7   -17.3   -21.6
 61.426   -11.7   -13.4     0.1
 63.086    -3.0    -4.0    -2.6
 64.746   -14.4    -5.7   -11.8
 66.406    -9.6    -1.6    -6.1
 68.066     3.7    -5.6   -10.0
 69.727    -0.8    -8.6   -11.2
 71.387    -6.0    -4.8     4.0
 73.047     2.9    -4.5   -10.8
 74.707    -3.4    -7.4   -16.0
 76.367    -9.1     1.5    -3.7
 78.027    -4.5    -2.3    -3.7
 79.688   -12.5   -17.9   -19.2
 81.348   -15.7   -13.8    -8.8
 83.008     3.9     0.2    -2.4
 84.668    -7.5    -4.2    -6.1
 86.328    -5.0    -3.2    -4.3
 87.988   -16.4   -15.9   -24.3
 89.648   -18.7   -16.2   -24.4
 91.309    -9.9    -5.1     7.6
 92.969    10.9    -0.4     1.1
 94.629     4.0    -5.1    -9.0
 96.289    -2.1    -2.3    -2.2
 97.949   -15.9   -13.5   -23.1
 99.609   -37.4   -25.3   -36.0
101.270   -15.9    -4.4     4.8
102.930    10.9     4.6    11.4
104.590    19.2     4.1    -0.9
106.250     0.3    -0.6    -7.0
107.910    -9.1    -9.8    -8.7
109.570   -30.5   -22.1   -30.2
111.230   -27.0   -12.7    -8.9
112.891    -0.7     0.6    -1.5
114.551     7.1    -1.8    -9.0
116.211     5.5    -3.3     2.9
117.871    -0.4    -4.5    -7.7
119.531   -21.6   -20.3   -26.8
121.191   -28.5   -13.2    -1.6
122.852     6.4    -1.3   -11.9
124.512    13.5    -2.8     0.4
126.172     6.0     5.5    -3.3
127.832    -7.0    -7.0   -16.1
129.492   -36.6   -26.7   -30.7
131.152   -20.3    -8.5     5.5
132.812     4.8   -11.4   -12.4
134.473    10.1    -4.0     4.0
136.133    13.0    12.1    16.7
137.793     9.8     2.9     1.2
139.453   -29.5   -19.6   -20.9
141.113   -23.3   -15.4    -8.1
142.773    -5.4    -7.8     3.9
144.434    -2.1   -13.6   -11.3
146.094    15.4     8.3     5.7
147.754     2.2     3.0     3.3
149.414   -27.4   -18.1   -22.1
151.074   -20.0   -15.7   -15.6
152.734    -9.5   -13.4    -6.9
154.395     0.4   -18.0    -7.7
156.055     3.9     5.2    -4.9
157.715     3.9     8.2    -1.4
159.375   -12.2   -10.5   -12.3
161.035    -9.8   -16.8    -5.4
162.695   -10.5   -23.3    -9.1
164.355    -8.6    -3.6    -9.3
166.016     0.9    -3.2    -7.5
167.676    -2.9    -3.3   -11.1
169.336   -13.5    -6.9    -6.0
170.996    -9.3   -13.6   -10.6
172.656   -12.2   -23.5   -12.8
174.316    -5.9    -3.8    -2.6
175.977    -6.3    -1.8     6.2
177.637     0.6    -1.1   -12.2
179.297   -17.3    -5.8   -15.5
180.957    -5.0   -17.0    -1.9
182.617    -5.2   -15.2    -7.3
184.277    -3.6     0.5     0.7
185.938   -14.3    -4.6   -27.3
187.598   -11.9    -5.6   -25.6
189.258   -24.6    -7.8   -12.5
190.918   -10.3   -10.7    -0.4
192.578    -4.9   -14.0   -17.1
194.238    -1.8    -4.3   -10.9
195.898     4.1     7.4    -6.6
197.559    -7.5    -9.8   -28.1
199.219   -24.4   -15.8   -22.7
200.879   -12.3   -18.1     0.8
202.539     3.4     1.1    -3.4
204.199    10.3    11.8    11.1
205.859    14.1    17.4     4.2
207.520   -25.7   -25.1   -22.3
209.180   -29.3   -21.8    -0.8
210.840    -7.7   -13.0    -9.3
212.500    -2.0   -12.5   -10.0
214.160    -1.1     7.1     0.6
215.820   -67.1   -56.9   -20.9
217.480  -170.6  -174.7   -47.7
219.141  -164.5  -167.5   -29.0
220.801  -110.8  -152.2   -37.8
222.461   -70.1  -123.6   -40.6
224.121   -45.8   -82.3   -13.1
225.781   -50.8   -89.5   -22.9
227.441   -69.9   -87.0   -42.2
229.102   -73.3   -63.5   -23.9
230.762   -35.4   -36.9   -12.6
232.422   -15.3   -28.7   -20.2
234.082     4.1     3.7     9.3
235.742     9.6    -5.2     1.9
237.402   -38.7   -38.2   -34.4
239.062   -41.3   -32.8    -8.4
240.723   -17.6   -17.8    -7.5
242.383     0.3     1.2    -7.7
244.043    10.6    16.8     5.1
245.703    -0.3    -3.3    -2.1
247.363   -34.3   -38.1   -28.1
249.023   -34.2   -37.1   -28.4
250.684    -8.5    -5.3    -1.5
252.344    14.9    15.9    -2.8
254.004    16.7    20.3     2.2
255.664    -7.7    -9.7   -10.3
257.324   -35.1   -44.8   -22.7
258.984   -32.4   -39.0    -8.6
260.645   -16.6   -17.8    -0.3
262.305     0.3    15.5    -3.9
263.965    11.8    12.1     2.1
265.625     2.2   -14.3   -15.1
267.285   -37.4   -37.1   -22.5
268.945   -33.7   -34.0   -13.3
270.605     3.1    11.9   -14.6
272.266     4.1    19.1    -0.4
273.926     2.4    13.9     1.4
275.586   -15.2   -32.4   -19.9
277.246   -30.2   -40.2   -13.8
278.906     0.7    -5.0    -3.7
280.566     6.0     5.6    -9.3
282.227     0.3    22.2    -1.5
283.887    -0.4     0.8     2.1
285.547   -12.7   -30.5   -12.3
287.207   -20.2   -42.7    -6.0
288.867    -9.6   -18.7     1.6
290.527    -6.4     7.5   -15.7
292.188    -6.4    14.5    -9.0
293.848    -2.4     4.8     2.6
295.508   -17.0   -35.1   -24.3
297.168    -4.0   -13.8     3.3
298.828    -4.1    -7.8     1.5
300.488   -11.5     4.8   -18.1
302.148    -9.4    10.0   -13.5
303.809    -6.5   -10.4   -11.2
305.469   -16.1   -29.7   -14.1
307.129    -3.9   -14.8     8.3
308.789     8.7     7.0     2.5
310.449    -9.5     2.8   -15.0
312.109   -17.7     5.4   -15.0
313.770   -13.0   -24.2   -14.0
315.430   -18.7   -33.3   -11.3
317.090    -3.3   -17.2    -1.5
318.750     5.1     6.0   -13.6
320.410   -15.6     1.2   -10.9
322.070   -17.3     0.0    -2.7
323.730    -6.9   -23.2   -16.9
325.391    -5.8   -25.2    -6.0
327.051     4.7    -4.6    11.3
328.711     6.7     7.5     1.6
330.371   -11.7    -0.8    -6.2
332.031   -11.2    -0.6     4.0
333.691   -16.6   -20.9   -27.0
335.352   -12.1   -20.9     4.7
337.012     4.4     3.0     3.6
338.672    -4.0    -5.2   -14.0
340.332   -15.0     2.6    -4.1
341.992    -8.4    -1.0     5.8
343.652   -18.3   -21.3   -30.7
345.312    -0.2    -9.4     4.3
346.973    11.3    -6.4    16.0
348.633     3.8     2.1   -21.5
350.293   -12.1     4.4    -5.5
351.953   -13.8   -18.3   -22.2
353.613   -19.3   -21.6   -30.5
355.273   -22.5   -19.4   -16.5
356.934     1.7    -1.8     4.9
358.594    10.2    -4.8    -3.6
360.254    -1.6    -0.2     2.6
361.914     0.9     2.1     4.6
363.574   -21.9   -28.8   -27.3
365.234   -19.9   -23.5    -3.8
366.895    -7.0    -5.7     2.3
368.555     6.9   -11.8    -7.7
370.215     8.0     5.7     9.2
371.875     2.8    14.1    -3.3
373.535   -32.4   -27.3   -26.8
375.195   -28.9   -27.8   -19.4
376.855    -1.5    -6.6    -5.6
378.516    -2.1     0.0   -17.5
380.176    -1.8     0.1   -16.8
381.836     4.0    16.5    14.9
383.496   -18.8   -25.9   -23.7
385.156   -14.6   -11.9    -3.6
386.816    -5.8   -13.9    -2.1
388.477     3.3    -9.6    -4.2
390.137     8.0    11.5     7.4
391.797     7.6    15.3     4.1
393.457   -19.5   -10.8   -28.4
395.117   -22.7   -20.7    -6.4
396.777    -3.9   -20.1     6.1
398.438     4.5     5.1   -11.8
400.098     7.3    14.9     0.0
401.758    -0.3    14.7     0.2
403.418   -24.6   -25.2   -23.4
405.078   -20.5   -16.1    -5.3
406.738     2.9   -12.9     8.6
408.398    15.1     1.1     1.2
410.059    10.1    10.9    -1.2
411.719   -22.1    -0.9   -20.9
413.379   -31.7   -13.1   -24.6
415.039    -8.7   -23.7    -3.6
416.699     5.1    -7.7    -6.0
418.359     5.0     5.3    -8.9
420.020     3.4    16.4    -3.2
421.680   -39.5   -21.8   -32.6
423.340   -32.5   -20.8   -32.0
425.000     7.6   -12.7     5.6
426.660    14.1    -7.3     1.1
428.320    16.0     2.6    -4.9
429.980     5.6    15.1     6.5
431.641   -35.2   -27.6   -29.7
433.301   -41.5   -30.6   -34.3
434.961   -11.5   -30.8     9.2
436.621    14.6    -3.6    -0.7
438.281    15.2    19.3     1.6
439.941    -1.9    23.7    -4.8
441.602   -12.1    -7.6    -7.5
443.262   -34.8   -33.6   -30.7
444.922    -8.3   -21.7    12.8
446.582    13.4     4.5   -12.4
448.242     7.5    18.7   -16.0
449.902    -2.7    21.4    -0.3
451.562   -11.6   -11.8    -8.5
453.223   -27.4   -41.9   -17.8
454.883    -7.8   -26.8    10.4
456.543     6.6     2.7   -17.2
458.203     1.9    16.7   -10.0
459.863     2.3    14.0     7.5
461.523   -21.6   -21.6   -23.7
463.184   -28.0   -36.7    -9.2
464.844     4.6    -9.3    -1.8
466.504     1.4     1.2   -22.1
468.164    -8.5    23.2    -1.6
469.824    -8.4     8.6    -8.1
471.484   -14.3   -37.5   -13.3
473.145   -12.7   -33.9     0.5
474.805     6.2    -9.5    11.6
476.465    -0.5     2.9   -20.6
478.125   -19.5     8.6   -21.9
479.785    -5.9    -5.7    -4.7
481.445    -1.9   -24.9   -10.5
483.105    -5.1   -25.5    -2.7
484.766    -3.8    -0.1    -2.4
486.426    -9.1    -2.9   -14.9
488.086   -15.8     3.7    -5.0
489.746    -5.2     1.0    -0.8
491.406    -7.4   -24.0   -16.9
493.066     2.1    -5.8     6.0
494.727    -1.3    -3.4     3.0
496.387   -19.5    -0.5   -16.3
498.047    -8.1     6.2     2.8
499.707    -7.4    -5.4    -5.6
501.367    -7.8   -19.6   -10.0
503.027     2.0    -1.3     6.6
504.688     1.5    -1.2    -9.2
506.348   -14.7    -8.2   -25.1
508.008   -11.4    -0.8     2.9
509.668     0.9    -3.3     0.5
511.328    -5.2   -17.0   -15.2
512.988     3.0    -7.8     1.1
514.648     3.5    -2.1     2.1
516.309   -21.9    -3.9   -19.5
517.969     7.1    -5.4     1.2
519.629     9.2    -3.6    -1.2
521.289   -10.0   -19.1   -12.0
522.949    -9.9   -10.8    -1.7
524.609    -3.5    -6.1    -4.9
526.270   -12.5    -4.9   -16.8
527.930    -7.7     2.3    -0.9
529.590     2.6    -5.9    -9.0
531.250   -13.5   -28.3   -12.2
532.910    -5.6    -4.4     3.2
534.570    -1.7    -4.0    -5.9
536.230   -11.8    -5.1   -17.3
537.891     6.0    12.1     7.1
539.551     1.2     2.7    -8.5
541.211   -11.3   -27.5   -12.5
542.871   -12.3   -17.6     1.5
544.531   -14.2   -11.7   -18.2
546.191   -14.2    -1.3    -7.0
547.852     5.3    19.9     5.5
549.512    -4.1   -20.9   -14.2
551.172   -10.2   -27.5   -14.7
552.832    -9.1   -15.5    -0.5
554.492   -12.7   -17.3    -7.3
556.152    -3.2    14.0   -12.1
557.812     2.5    24.6     1.6
559.473     1.4     6.9    -0.3
561.133   -13.2   -26.8    -8.2
562.793    -5.0   -16.8    -3.0
564.453    -4.1   -16.2    -3.1
566.113    -6.3    20.3    -5.7
567.773     0.0    22.1    -8.0
569.434   -11.3   -14.4    -7.6
571.094   -11.4   -24.4    -5.2
572.754    -0.4   -24.7     3.4
574.414     2.6   -25.1   -10.1
576.074   -10.4    18.1    -1.5
577.734    -7.4    20.6    -2.5
579.395    -7.2    -4.1   -17.8
581.055   -14.0   -22.3     3.3
582.715     0.9   -25.0     9.3
584.375     1.6   -22.0   -13.4
586.035    -3.4    13.2    -9.7
587.695    -0.3    21.1     0.2
589.355    -7.1    13.6   -12.9
591.016   -28.2   -22.7   -24.0
592.676     8.9   -23.7    14.5
594.336    17.5   -10.8    -5.7
595.996     6.8     4.5   -10.8
597.656    -7.9    20.6    -2.1
599.316   -17.5     0.0   -23.8
600.977   -33.7   -23.4   -24.4
602.637    -0.9   -22.4    10.9
604.297    18.9   -16.0    -0.5
605.957    -1.2    21.7     4.3
607.617   -13.3     8.2   -13.7
609.277   -22.2    -8.6   -29.9
610.938   -34.9   -30.8   -17.6
612.598    -8.8   -15.9    12.8
614.258    16.3    -6.8    -5.8
615.918    11.6     7.5     0.5
617.578     4.3    21.2     2.6
619.238   -32.6   -19.5   -32.0
620.898   -35.4   -27.1   -29.5
622.559     2.6   -12.1     9.8
624.219    15.8   -10.5     1.4
625.879    15.5     3.0    -1.8
627.539    -3.1    10.8    -7.0
629.199    -7.1     7.2   -18.4
630.859   -40.8   -25.4   -30.0
632.520    -2.8    -9.3    14.9
634.180    21.1    -8.4    -2.0
635.840    21.5    -2.8    -8.9
637.500    -2.0     6.0     7.7
639.160   -17.6   -14.2   -11.9
640.820   -30.3   -14.6   -30.9
642.480   -11.2    -5.7     5.8
644.141    12.4    -8.5     2.7
645.801    10.4    -2.8    -6.7
647.461    -0.2     6.7     0.9
649.121   -12.3    -9.5   -15.8
650.781   -26.1   -11.1   -26.0
652.441    -1.7    -7.7     2.5
654.102     5.9    -5.0    -1.1
655.762     9.9    -7.7    -0.9
657.422    -6.8    -6.7     2.0
659.082   -18.0   -14.1   -10.8
660.742   -19.9   -15.1   -14.5
662.402    -4.5    -0.8    -9.5
664.062     0.2    -4.7    -7.0
665.723    -0.7    -3.5   -12.2
667.383    -0.8   -10.4     5.7
669.043   -12.5   -19.9    -7.5
670.703   -16.0   -11.5    -9.5
672.363     9.4     7.7    -0.8
674.023    -8.8    -1.5   -14.7
675.684    -7.9   -18.1     7.8
677.344    -3.6   -15.0    -2.7
679.004   -11.3    -6.8   -14.1
680.664   -13.2     0.0    -5.4
682.324    -1.4     6.2   -10.1
683.984     2.4    -3.3   -12.3
685.645    -6.3   -11.6    -1.9
687.305    -4.8   -16.3    -3.9
688.965    -5.2   -15.7    -4.6
690.625   -13.8    -7.5   -14.0
692.285     5.3     8.1     4.4
693.945     4.7    -5.3   -15.5
695.605   -19.6   -10.0    -9.8
697.266   -21.1   -15.6    -1.1
698.926   -13.2   -15.3   -19.4
700.586    -5.7    -9.8   -13.3
702.246     8.0    15.1    -2.4
703.906     2.8     6.2   -14.0
705.566   -20.0    -9.3   -21.6
707.227   -15.8   -14.3    -5.8
708.887   -12.9   -16.7   -18.5
710.547     2.3    -0.8     3.3
712.207    20.7    16.1     6.0
713.867    -9.3    -9.0   -21.1
715.527   -24.4   -16.3    -8.8
717.188   -16.9   -15.2    -0.9
718.848    -9.5   -19.8   -10.4
720.508    11.2     8.1     9.4
722.168    17.0    14.6    -0.3
723.828   -12.5    -8.3   -21.7
725.488   -26.7   -15.8   -15.2
727.148   -14.1   -18.3    -8.6
728.809    -7.8   -19.6    -5.0
730.469     6.6     0.0     2.4
732.129    16.1    13.8    -2.4
733.789   -12.3    -5.4   -19.5
735.449   -30.9   -13.9   -14.2
737.109   -17.9   -18.3    -9.2
738.770    -5.7   -21.0    -8.0
740.430     4.9    -6.6    -4.4
742.090     8.9    16.0     9.2
743.750    -5.7    -2.7   -17.0
745.410   -23.7    -9.8    -6.6
747.070    -9.4   -15.8    -8.5
748.730   -10.3   -25.0   -25.3
750.391   -13.3   -22.2   -17.7
752.051    14.5    11.5    19.7
753.711   -11.4    -2.6   -21.7
755.371   -25.5    -6.3   -31.0
757.031   -14.0   -15.9    -3.8
758.691    -8.2   -24.4    -8.2
760.352     2.7    -4.7    13.1
762.012    19.1     6.9    -8.7
763.672    17.3     8.2    -5.0
765.332   -23.8    -7.3    -3.7
766.992    -7.0   -10.2     7.8
768.652    -2.1   -22.7    -1.4
770.312     0.9    -9.9     6.0
771.973    -2.9     6.3    -7.3
773.633   -25.0    -3.7   -16.8
775.293   -10.0    -2.7    -1.3
776.953    -3.9    -8.5    -8.3
778.613     1.7   -23.2    -3.4
780.273     4.6    -6.3    12.2
781.934     4.4     2.9     2.6
783.594   -18.4    -4.0   -26.9
785.254   -13.5     2.9    -4.5
786.914    -2.1   -14.7   -11.4
788.574    -3.7   -19.4     0.3
790.234     8.5    -8.6    13.5
791.895     7.5     2.6     5.1
793.555   -26.1   -12.8   -37.2
795.215   -11.6     9.5     4.4
796.875    -6.5    -1.7     4.9
798.535     1.3   -22.4    -9.4
800.195    13.9     3.1    12.2
801.855   -18.0   -14.2   -21.7
803.516   -24.8    -9.2   -15.4
805.176   -31.1    -4.2   -16.9
806.836     7.3     3.0     9.8
808.496     9.1   -12.7    -7.2
810.156     7.1     1.7     8.2
811.816   -14.2   -19.7   -15.7
813.477   -14.9   -10.1   -16.6
815.137   -17.2     2.5   -10.6
816.797    -4.4    -2.2    -3.7
818.457     3.3    -5.8     0.1
820.117    12.0    -2.1     5.5
821.777    -5.7   -14.1    -8.6
823.438   -27.8   -13.4   -21.3
825.098   -27.6    -1.0    -9.8
826.758    -3.1    -9.4   -13.1
828.418    10.7     6.6     9.5
830.078     6.3     2.4     7.1
831.738    15.3    -0.6     6.7
833.398   -28.6   -13.5   -11.3
835.059   -25.9   -14.1    -8.6
836.719   -11.6    -6.2   -22.7
838.379    -4.5    -1.3   -15.5
840.039    10.5    -3.3     8.7
841.699     7.0   -11.1    -7.7
843.359   -21.7   -16.1    -8.8
845.020   -14.9    -8.3    -0.8
846.680    -9.1    -6.9   -16.5
848.340   -10.3    -6.4   -20.5
850.000     4.3    -0.6     5.0
851.660     5.7   -11.1   -12.0
853.320    -3.5   -12.2    -8.1
854.980    -4.0    -2.4     2.1
856.641    -8.3    -3.8    -3.4
858.301   -11.2    -5.8   -11.4
859.961   -14.5    -6.3    -6.4
861.621    -5.5    -9.1   -11.3
863.281    -0.4   -15.5   -17.2
864.941    -6.6    -8.8    -3.7
866.602     3.4     3.3    -0.7
868.262    -0.2    -1.5    -6.6
869.922   -18.8    -5.3   -10.6
871.582   -15.1    -7.7    -3.4
873.242    -7.1   -18.8   -15.1
874.902    -1.3    -4.4     1.5
876.562     8.9     4.2     7.2
878.223     4.4    -1.7    -8.1
879.883    -3.8    -3.8   -18.5
881.543   -16.7    -5.3    -1.0
883.203   -14.0    -9.9    -2.3
884.863    -8.2    -9.4    -9.4
886.523     8.3     4.3     9.6
888.184    11.1     0.8    -8.3
889.844   -27.4    -7.3    -8.7
891.504   -20.0    -6.8     0.0
893.164   -12.2   -19.9   -13.1
894.824   -11.2   -19.4   -20.0
896.484    -1.8    -3.2     6.0
898.145     6.8     5.3    14.3
899.805    -3.2     1.3   -19.6
901.465   -15.2    -5.0    -7.0
903.125   -18.8   -17.0    -8.7
904.785   -19.2   -23.5   -15.6
906.445    -3.4    -2.5     0.7
908.105     7.3     4.4     6.9
909.766     2.8     8.7   -12.5
911.426    -7.4    -6.9    -9.8
913.086   -12.2    -7.0    -7.1
914.746   -18.0   -20.4   -11.2
916.406    -0.3    -9.3     4.5
918.066     2.3     8.9    -4.8
919.727    -2.7     4.1   -17.7
921.387    -9.9    -2.0   -13.1
923.047    -1.7    -5.3    -6.2
924.707   -20.7   -21.6   -16.5
926.367   -23.3   -18.4   -12.7
928.027     5.9     1.5    -2.7
929.688    -1.1     7.0   -15.1
931.348   -11.3     1.4    -6.5
933.008     2.0    -5.9    -6.5
934.668    -9.6   -16.3   -19.3
936.328   -19.7   -14.2    -1.0
937.988     1.3    -4.0    -0.8
939.648     3.0    -3.3   -13.6
941.309    -9.4     0.1    -8.9
942.969     7.0    -1.4    -3.1
944.629    -1.3    -9.8   -14.1
946.289   -17.1   -11.2    -4.3
947.949   -14.1    -6.7    -4.2
949.609    -9.5    -5.8   -17.0
951.270    -5.1    -0.8    -0.5
952.930     9.7     7.3    -0.1
954.590    -0.4   -10.3   -18.3
956.250   -13.3    -7.7   -19.2
957.910    -8.9    -6.2    -2.6
959.570   -19.6   -12.6   -15.8
961.230   -13.7   -18.1   -17.5
962.891    14.8    12.2     4.7
964.551    -3.1     1.7   -17.5
966.211   -20.4   -17.0   -18.7
967.871    -6.2    -3.0    -0.4
969.531    -9.1    -8.6    -4.6
971.191   -13.9   -14.3    -8.8
972.852    10.5     3.5    -1.9
974.512    -4.4    -6.2   -11.7
976.172    -7.3   -11.3   -12.8
977.832   -16.9     1.4    -5.7
979.492   -10.2    -0.6    -8.0
981.152   -10.3   -19.9   -12.2
982.812    -0.8    -2.3     7.9
984.473    10.5     2.0    -2.5
986.133   -20.1    -5.5   -14.0
987.793   -20.8    -0.6   -11.1
989.453   -23.4    -3.2    -9.8
991.113   -13.1   -20.3   -13.3
992.773    15.3     3.3    12.5
994.434    12.1    -1.3    -1.3
996.094   -22.8    -6.2   -21.7
997.754   -21.8     0.3    -5.3
999.414    -6.7   -14.7   -16.8
1001.074    -5.8   -14.5   -16.0
1002.734     5.9     0.0     9.5
1004.395    18.3     0.1     5.0
1006.055   -21.0   -16.5   -28.1
1007.715   -23.4    -0.8    -6.9
1009.375    -7.1    -5.4   -13.2
1011.035    -9.9   -10.7   -15.5
1012.695    20.0     1.2    20.2
1014.355     7.4   -12.2   -17.1
1016.016   -21.1   -15.8   -29.4
1017.676   -25.0   -10.5   -27.7
1019.336   -13.3     0.9    -4.2
1020.996   -10.2   -15.7   -11.0
1022.656    17.6     1.2    15.9
1024.316    14.6    -4.2    -3.5
1025.977   -29.9    -9.2   -16.1
1027.637   -28.6   -11.5   -21.0
1029.297   -12.4    -3.9    -8.0
1030.957    -6.2    -5.0    -7.8
1032.617     8.5    -2.9    -3.0
1034.277     7.8     4.0     4.5
1035.938   -12.4   -17.4   -20.2
1037.598   -18.7   -13.7   -11.1
1039.258    -9.9     5.6     4.2
1040.918    -5.6     5.0   -10.5
1042.578     6.2    -4.2     8.6
1044.238     0.6    -5.5     1.1
1045.898   -16.5   -27.1   -25.1
1047.559   -19.1    -6.1   -11.8
1049.219    -8.4     8.0    -0.7
1050.879     1.2    -2.2    -5.0
1052.539     7.0    -1.9     0.1
1054.199    -6.2    -9.3    -2.1
1055.859   -19.5   -22.7   -25.7
1057.520   -26.3   -20.0   -25.3
1059.180    -3.0     7.0     9.2
1060.840     5.4    -5.1   -14.4
1062.500     0.5    -0.7   -13.3
1064.160   -10.8   -14.8    -7.4
1065.820   -12.0   -17.3   -15.4
1067.480   -11.2    -3.5    -6.6
1069.141    -4.9     3.0    -4.0
1070.801     0.0    -0.4    -7.7
1072.461     5.9    -5.0    -3.0
1074.121    -1.5   -10.5    -4.2
1075.781   -20.7   -21.4   -12.9
1077.441   -20.2    -8.7   -11.3
1079.102     2.2     0.5    -4.5
1080.762     2.7     1.0    -4.4
1082.422    -0.2     0.5    -7.8
1084.082     3.0   -10.2     2.1
1085.742   -16.2   -16.8   -19.9
1087.402   -23.0    -8.6   -12.6
1089.062     4.6     3.5     0.6
1090.723     9.1     1.5    -5.6
1092.383     4.7    -1.0     1.1
1094.043     1.5    -8.4     3.9
1095.703   -12.2   -16.6   -16.5
1097.363   -16.0    -6.1    -9.7
1099.023    -9.5    -1.0     5.5
1100.684    -1.6    -3.1   -15.9
1102.344    -2.5    -7.2   -11.4
1104.004     1.7    -5.0     7.3
1105.664    -5.7   -16.0   -13.5
1107.324   -17.4    -7.3   -13.4
1108.984   -19.2     1.2    -9.6
1110.645    -8.0     4.9    -6.8
1112.305     4.1   -13.0    -0.2
1113.965     0.0    -6.3     5.9
1115.625    -9.5   -10.9   -21.0
1117.285    -7.0    -8.7   -20.3
1118.945    -7.9     0.2    -2.4
1120.605    -2.6    -0.4    -7.2
1122.266    -6.8   -11.6   -14.3
1123.926     9.5     1.2    10.8
1125.586     4.2    -9.8   -13.7
1127.246   -20.4    -7.9   -19.8
1128.906   -25.6    -4.9    -9.0
1130.566    -4.4   -11.4   -10.9
1132.227    -0.8   -11.0   -13.4
1133.887     4.5     1.1     5.9
1135.547     0.4    -3.8   -12.8
1137.207   -14.8   -12.9   -21.1
1138.867   -24.2   -14.6    -7.1
1140.527    -1.7    -7.6   -11.5
1142.188    -1.0    -7.3   -12.1
1143.848     5.2     3.2     6.8
1145.508     2.1    -6.0   -13.9
1147.168   -25.6   -25.2   -20.5
1148.828   -27.9   -20.5   -11.6
1150.488   -10.8   -15.4    -3.5
1152.148     4.2     3.9    -7.9
1153.809     6.3     8.1     0.9
1155.469     5.4    11.1     6.7
1157.129   -16.7   -21.4   -27.6
1158.789   -27.0   -26.6    -7.9
1160.449    -5.0   -14.4     0.3
1162.109     1.4   -13.1    -6.9
1163.770    12.6    10.6    -4.9
1165.430     6.8    15.6     0.1
1167.090    -6.7     2.9   -13.3
1168.750   -37.6   -41.0   -18.5
1170.410    -6.1   -20.5     2.7
1172.070     3.5    -0.1    -5.4
1173.730     8.9    30.8     3.3
1175.391    15.5    25.5     4.7
1177.051   -14.3   -14.4   -21.7
1178.711   -36.7   -31.9   -23.8
1180.371   -32.2   -38.6    -6.9
1182.031    -3.5   -26.0     2.4
1183.691    10.2     2.2    -7.0
1185.352    11.6    27.1     1.8
1187.012   -22.4   -26.2   -26.9
1188.672   -29.2   -36.2   -25.0
1190.332   -37.8   -43.6    -4.5
1191.992    12.4   -10.6    -0.5
1193.652    12.8    19.3    -3.5
1195.312    11.1    24.0     0.8
1196.973     0.0    22.7    -9.1
1198.633   -34.2   -38.4   -26.1
1200.293   -25.6   -42.0     0.6
1201.953     3.0   -13.4     5.4
1203.613    10.6     6.1    -8.2
1205.273     9.5    25.3    -3.5
1206.934     0.9    28.1    -1.9
1208.594   -35.0   -30.2   -31.5
1210.254   -33.2   -46.2   -19.1
1211.914     5.9   -11.5    11.3
1213.574     8.5     5.1    -5.5
1215.234     7.4    17.0    -5.3
1216.895     6.7    24.8     3.1
1218.555   -23.1   -23.0   -24.0
1220.215   -36.1   -44.7   -29.9
1221.875    -5.2   -23.8     0.6
1223.535    10.9     3.0     2.7
1225.195     4.9    10.5   -10.2
1226.855    -0.7    19.4    -5.3
1228.516   -22.5   -24.2   -21.5
1230.176   -26.6   -41.6   -19.2
1231.836   -16.9   -36.9   -11.4
1233.496     0.0    -7.6     6.0
1235.156     8.4     9.9    -1.6
1236.816    -1.9    19.0    -1.5
1238.477    -2.7     9.3    -4.9
1240.137   -17.4   -37.8   -13.9
1241.797   -13.2   -23.4    -4.7
1243.457    -2.2    -5.7     3.3
1245.117     0.3     7.0   -17.4
1246.777    -7.2    14.3    -9.6
1248.438    -5.6    14.6     2.6
1250.098    -9.8   -12.6   -12.1
1251.758    -1.4   -14.6     5.1
1253.418     5.5    -5.3     2.3
1255.078     3.4     7.5   -13.6
1256.738   -17.6    11.9   -11.4
1258.398     0.6   -13.0     4.5
1260.059    -2.2   -18.0    -9.9
1261.719   -11.5   -28.6   -12.5
1263.379     2.9    -1.5     3.7
1265.039     0.6    -0.2   -14.7
1266.699   -22.2     1.8   -20.4
1268.359   -31.3     5.3   -19.6
1270.020     3.5    -9.0     9.5
1271.680    -1.3   -19.0    -7.4
1273.340     2.4   -11.6     2.3
1275.000     0.0    -1.4    -5.2
1276.660    -9.0     0.3   -23.5
1278.320   -15.8    -0.3     3.7
1279.980   -14.7     1.0     0.5
1281.641    12.5   -14.6    -2.9
1283.301    11.6   -13.8     1.1
1284.961    13.6    -2.4    12.0
1286.621   -23.5   -11.1   -30.4
1288.281   -32.0    -6.2   -11.5
1289.941   -11.8     2.2    11.3
1291.602     8.8     0.2    -0.6
1293.262    13.6   -11.9    -2.3
1294.922     5.8    -2.7     3.5
1296.582    -6.6    -2.9    -5.0
1298.242   -36.7   -24.1   -30.9
1299.902   -15.0    -2.7     6.4
1301.562    20.9    -5.1    -9.1
1303.223    12.3     5.3    -5.4
1304.883     2.7     8.1    -3.1
1306.543   -12.1   -15.8   -10.8
1308.203   -34.9   -26.1   -25.2
1309.863   -30.3   -17.2   -11.0
1311.523    11.7     5.6    -5.9
1313.184     6.5     0.1   -15.1
1314.844     5.5     0.2   -11.7
1316.504   -10.0   -17.4    -0.4
1318.164   -18.0   -26.5   -18.3
1319.824   -21.7   -17.8   -14.6
1321.484    -1.6     1.9     0.8
1323.145     3.1     3.3   -17.4
1324.805    -3.4    -1.8   -11.2
1326.465    -9.8    -9.7    -2.7
1328.125   -12.8   -19.4    -8.4
1329.785    -4.9    -1.5    -0.1
1331.445    -1.1     6.1    -6.6
1333.105    -1.1     6.3    -7.5
1334.766    -2.9     2.8   -18.0
1336.426    -9.3   -14.2    -2.3
1338.086   -12.8   -16.3    -1.0
1339.746    -7.8   -19.4    -6.2
1341.406     1.5    -1.7     2.7
1343.066     8.1     6.6    -3.7
1344.727   -19.8    -9.9   -18.5
1346.387   -20.7   -14.2    -9.0
1348.047   -10.1   -19.0    -7.4
1349.707    -2.0   -14.6    -7.7
1351.367     1.7    -5.2     2.6
1353.027    15.0     9.8    -1.7
1354.688     6.9     8.6   -11.7
1356.348   -30.9   -19.9   -16.2
1358.008   -20.3   -19.2    -7.5
1359.668    -8.3   -17.9   -13.4
1361.328     7.1     3.1     7.2
1362.988    18.4    14.0    14.5
1364.648     8.5     4.3    -6.9
1366.309   -19.9    -8.4   -27.7
1367.969   -41.0   -20.5   -15.4
1369.629    -5.3   -23.0    -9.3
1371.289    -0.6   -18.8    -8.3
1372.949    16.8     9.6    13.9
1374.609    15.0    13.0    -4.1
1376.270   -18.1   -12.5   -21.2
1377.930   -24.3   -19.5   -25.4
1379.590   -28.8   -20.7   -11.5
1381.250    -6.0   -17.8   -14.2
1382.910    21.2    16.8     6.9
1384.570    17.6    11.5    -4.1
1386.230   -12.1   -13.3   -21.9
1387.891   -27.5   -23.9   -14.1
1389.551   -22.9   -12.9    -1.1
1391.211   -14.9   -18.8   -17.7
1392.871     4.2     5.1     2.8
1394.531    17.8    16.0    11.3
1396.191     0.1    -3.3   -15.6
1397.852   -19.4   -14.8   -18.2
1399.512   -26.4   -16.8   -12.7
1401.172    -8.9   -14.2    -8.5
1402.832    -6.6   -17.1    -9.7
1404.492     3.6    12.9     0.4
1406.152     0.2    -1.8   -13.4
1407.812   -20.8   -15.3    -2.0
1409.473   -15.4   -10.3     0.4
1411.133    -6.8   -17.1   -12.7
1412.793   -10.7   -13.8   -14.6
1414.453     4.6     3.8     8.2
1416.113     5.3     2.5    -3.8
1417.773   -13.0   -11.0   -20.8
1419.434   -12.5    -4.4    -6.4
1421.094    -4.6   -11.6    -4.6
1422.754    -9.0   -14.2   -16.6
1424.414   -10.0    -2.9     1.8
1426.074    -0.8     1.8     5.1
1427.734    -8.6    -8.4   -17.6
1429.395    -5.0    -5.9     4.2
1431.055    -4.3    -6.7     5.6
1432.715   -16.9   -20.8   -24.8
1434.375   -20.1   -14.9   -17.3
1436.035     9.6     4.3     9.6
1437.695     6.5     1.7    -5.4
1439.355   -12.0    -2.7     0.2
1441.016     0.3   -11.0    -8.4
1442.676     1.1   -12.9    -8.3
1444.336    -9.2    -3.6     6.3
1445.996     3.2     4.1     9.3
1447.656     8.8     2.9   -12.6
1449.316   -16.4    -5.6    -1.5
1450.977   -20.0    -7.6    -2.4
1452.637    -9.3   -13.5   -11.2
1454.297   -17.1   -16.7   -13.2
1455.957     3.3     2.4     6.8
1457.617     8.0     9.8    -6.2
1459.277    -8.9    -3.9     1.1
1460.938    -7.6    -8.1    -1.5
1462.598   -12.0   -14.9   -10.5
1464.258   -21.4   -24.9   -29.5
1465.918   -12.6   -14.0   -12.5
1467.578    12.2    19.2     8.3
1469.238    -8.0   -11.3   -25.4
1470.898    -5.7    -6.1    -1.4
1472.559    -8.2   -10.0     3.7
1474.219   -16.3   -23.8   -16.5
1475.879    -9.2    -2.1    -6.2
1477.539    11.2    23.8    13.4
1479.199    -4.7   -17.9   -14.7
1480.859   -13.3   -15.7    -4.1
1482.520   -14.9   -19.5    -7.4
1484.180   -20.5   -20.1   -21.6
1485.840     0.9     9.8    -3.9
1487.500     5.0    23.9     3.1
1489.160    -0.2    -5.3   -12.7
1490.820   -24.4   -25.9   -14.9
1492.480   -20.4   -29.5   -10.6
1494.141   -10.1   -12.8    -9.8
1495.801     3.8     8.3    -2.3
1497.461    14.4    17.2     0.0
1499.121     4.8    11.6   -10.0
1500.781   -14.9   -14.6   -11.3
1502.441   -21.0   -25.1    -4.6
1504.102   -22.1   -32.1   -16.9
1505.762    -0.7     0.7    -4.8
1507.422    13.1    21.3    -0.4
1509.082    13.3    21.7    -0.9
1510.742   -16.5   -12.0   -11.6
1512.402   -15.3   -35.7    -3.3
1514.062   -17.5   -32.3   -17.7
1515.723   -10.2     1.6    -8.9
1517.383    17.1    23.4    12.1
1519.043    16.9    12.5    -4.1
1520.703    -6.5    -1.8   -17.4
1522.363   -14.9   -33.6    -2.6
1524.023   -11.3   -37.5   -12.9
1525.684   -14.1    -8.9   -10.3
1527.344     3.0    20.3    10.0
1529.004    13.0    26.5    -2.9
1530.664   -17.4   -26.3    -1.0
1532.324   -22.6   -32.8    -1.4
1533.984   -16.6   -30.0   -21.1
1535.645   -19.2   -24.6   -23.6
1537.305     3.8    17.3     6.9
1538.965    11.9    14.6    -6.4
1540.625   -11.2   -15.5   -12.3
1542.285   -14.2   -20.9     0.5
1543.945   -17.3   -32.7   -13.6
1545.605   -15.7   -21.5   -18.3
1547.266     9.7    29.2     3.5
1548.926     4.8     9.4   -15.9
1550.586    -6.5    -3.5   -22.7
1552.246   -11.7   -17.2     4.0
1553.906    -9.0   -27.6   -14.8
1555.566   -11.5   -21.2   -19.3
1557.227    -5.0    10.8     1.1
1558.887     5.2    16.5    -0.6
1560.547    -7.8    -8.3   -24.8
1562.207   -14.6   -10.9    -6.8
1563.867    -1.5   -17.3     3.7
1565.527   -12.4    -9.0   -10.8
1567.188   -14.0     0.3    -9.4
1568.848     2.9     6.7    -5.3
1570.508    -6.2    -7.9   -22.8
1572.168   -16.0   -14.8   -16.0
1573.828    -3.1   -20.0     2.3
1575.488     0.4   -15.8    -4.2
1577.148    -6.7     5.3    -5.1
1578.809    -7.8     7.1    -1.5
1580.469    -8.2    -8.3   -15.0
1582.129   -14.0    -8.8     0.4
1583.789    -7.8   -11.5    -1.2
1585.449     5.5    -1.3    -5.6
1587.109    -1.6     9.4     4.3
1588.770    -2.8     8.6     4.6
1590.430   -11.2     2.6    -9.7
1592.090   -20.0   -21.7   -19.9
1593.750   -10.2   -15.9    -0.7
1595.410    -3.1   -16.8     0.2
1597.070     6.2     4.0    -2.4
1598.730    -0.5    15.6    -1.5
1600.391   -29.1   -15.3   -21.7
1602.051   -29.1   -15.3   -23.2
1603.711   -17.2   -21.9    -0.7
1605.371     3.7   -16.8    -0.1
1607.031    -1.4    -8.1   -14.0
1608.691     9.2    16.2     1.8
1610.352     9.3    12.7    -1.6
1612.012   -21.5    -8.5   -20.5
1613.672   -23.7   -24.3    -3.7
1615.332   -20.2   -24.8    -1.1
1616.992     8.5    -8.3    -5.2
1618.652     6.7     7.5     0.8
1620.312     7.7    23.4    -6.7
1621.973   -17.7    -6.7   -23.7
1623.633   -35.5   -30.0   -15.1
1625.293   -24.6   -29.0    -1.1
1626.953     1.7   -17.4   -11.3
1628.613    22.9    27.2    12.2
1630.273    12.6    24.5     1.1
1631.934   -24.1    -5.1   -25.2
1633.594   -21.3   -24.9     2.3
1635.254    -5.1   -27.5     1.3
1636.914     5.9   -21.6    -1.6
1638.574    23.1    14.8    16.8
1640.234     6.7    25.0   -12.6
1641.895   -23.2     1.9   -34.1
1643.555   -34.5   -25.3   -12.1
1645.215   -12.8   -23.6    -6.3
1646.875    -3.9   -27.1   -12.0
1648.535    17.9     3.3     9.4
1650.195    21.0    30.2    10.0
1651.855   -18.5     1.4   -28.6
1653.516   -30.5   -17.7   -14.1
1655.176   -18.1   -21.7    -3.0
1656.836     3.3   -22.5    -2.6
1658.496     5.3    -9.5    -0.2
1660.156     5.9     9.6   -15.7
1661.816   -23.1    -6.2   -32.5
1663.477   -33.5   -10.0   -27.8
1665.137   -21.0   -21.6    -5.4
1666.797     3.3   -23.2    -1.1
1668.457    13.3   -11.1     8.4
1670.117     8.6    14.2    -6.2
1671.777   -20.6   -10.1   -32.1
1673.438   -38.9   -14.5   -22.8
1675.098    -8.8   -19.1     1.8
1676.758    -1.3   -11.6   -10.3
1678.418     6.9     6.0     0.6
1680.078    -3.8    -7.5   -19.6
1681.738    -3.9    -9.2   -20.4
1683.398   -35.1   -14.7   -17.4
1685.059    -2.3   -16.2     2.0
1686.719    -3.6   -13.6   -15.7
1688.379     0.1     5.6    -3.0
1690.039     9.1     5.3     7.5
1691.699   -13.1   -12.0   -22.3
1693.359   -30.6   -14.9   -15.9
1695.020    -4.3    -3.1   -10.6
1696.680    -6.4    -3.1   -13.3
1698.340    15.3    16.2    15.8

Event #12  ts=2026-09-11 12:10:29.590  [SELECTED]
  t[ns]  u1[mV]  u2[mV]  u3[mV]
  0.000   -15.4   -19.2   -16.2
  1.660   -13.9   -19.1   -19.4
  3.320    -2.8    -3.6     2.1
  4.980    -2.0     2.0     0.2
  6.641    -4.0     3.2   -12.2
  8.301    -4.7     3.9    -0.8
  9.961    -5.6    -1.0     1.7
 11.621   -11.1   -23.2   -13.7
 13.281   -13.6   -25.3   -10.4
 14.941    -3.7     6.7    -3.2
 16.602     3.0     6.3    -7.1
 18.262    -3.5     6.0     2.1
 19.922    -6.5    -0.5     1.1
 21.582   -10.2   -25.4   -10.5
 23.242    -6.3   -17.7    -6.5
 24.902    -5.2    -2.5    -4.8
 26.562    -0.5     9.0    -7.4
 28.223     0.7    13.1    -5.2
 29.883   -11.9   -15.4    -9.6
 31.543   -12.1   -29.5    -5.7
 33.203    -7.4   -19.1    -4.6
 34.863    -3.9     4.5   -12.2
 36.523    -0.5    14.8    -5.0
 38.184    -0.6    12.2    -0.5
 39.844    -7.5    -3.7    -7.5
 41.504   -10.6   -30.1    -5.7
 43.164    -6.5   -24.5    -1.6
 44.824    -5.4   -12.3    -7.9
 46.484     0.2    19.9     1.8
 48.145    -1.3     7.4    -5.7
 49.805    -3.7     3.2    -7.7
 51.465   -11.5   -27.2    -3.0
 53.125   -10.8   -24.5    -0.6
 54.785    -1.4     0.4    -9.2
 56.445     1.9    16.3    -6.7
 58.105    -5.0    17.8    -3.1
 59.766   -10.3     8.8    -5.4
 61.426   -11.5   -27.1    -5.7
 63.086   -10.9   -26.0    -3.0
 64.746    -7.9    -7.9    -3.2
 66.406     6.1    17.7    -4.5
 68.066     1.4    19.6    -4.8
 69.727   -13.0    -9.5   -13.6
 71.387    -8.8   -25.9    -5.9
 73.047    -7.8   -26.4    -2.1
 74.707    -6.9   -20.3    -0.5
 76.367    -7.8     3.5    -9.9
 78.027     2.4    14.2     3.6
 79.688   -13.0   -11.4   -16.7
 81.348   -16.4   -25.1   -19.3
 83.008    -6.1   -21.4     2.0
 84.668     0.2    -7.0    -3.4
 86.328    -6.2     6.8   -12.6
 87.988    -7.6     5.6    -1.5
 89.648    -8.0    -5.2    -8.5
 91.309    -5.1   -20.8     1.2
 92.969     0.2    -9.4    -0.8
 94.629    -0.4    -0.6    -4.4
 96.289    -1.9    14.6    -3.8
 97.949    -7.9     7.0     0.7
 99.609   -10.7   -26.5   -10.5
101.270    -6.6   -24.8    -5.3
102.930    -4.3   -19.4    -1.0
104.590     0.3    10.2    -9.9
106.250     4.4    12.7    -2.3
107.910   -10.9    -3.7    -2.9
109.570   -16.3   -21.1   -14.0
111.230    -8.6   -29.3   -10.5
112.891    -1.6    -5.8    -2.9
114.551    -4.7    -1.7    -7.3
116.211    -7.2     4.6    -8.6
117.871    -2.8    -0.1     1.5
119.531   -10.0   -24.4   -12.5
121.191   -11.6   -26.5   -14.8
122.852    -3.2    -1.4     0.9
124.512    -2.3     1.9    -8.7
126.172    -5.6     5.1   -12.5
127.832    -4.2     2.0     1.2
129.492    -3.7   -16.1    -4.9
131.152    -9.3   -19.4   -10.1
132.812    -7.8   -11.2    -5.7
134.473    -5.2    -3.2    -6.4
136.133    -8.8     4.9    -6.3
137.793    -4.9    -9.1     0.2
139.453    -0.4   -10.7    -3.2
141.113    -5.6   -11.3   -11.8
142.773   -10.0   -11.0    -3.3
144.434   -10.5    -2.0   -12.6
146.094   -11.5    -2.9   -13.9
147.754    -5.3    -4.1    -0.8
149.414    -1.0    -4.8    -8.1
151.074     0.2    -2.7    -9.2
152.734    -7.9   -11.8    -4.3
154.395   -12.0   -10.6   -10.0
156.055    -7.2    -5.6    -6.8
157.715     0.0    -4.4    -1.5
159.375    -9.5     4.1   -12.1
161.035    -6.2    -8.4     2.3
162.695    -2.9   -13.0     1.3
164.355    -7.5   -13.3   -12.5
166.016    -5.5   -12.7   -11.4
167.676    -4.9    -1.5    -1.1
169.336    -9.6     8.5    -8.3
170.996    -9.5    -6.9   -12.8
172.656    -6.2    -7.0    -0.1
174.316    -6.4    -6.9    -0.6
175.977    -4.3   -12.4    -4.7
177.637    -1.9    -8.9    -5.5
179.297    -5.6     2.6   -10.9
180.957    -8.4    -9.7   -12.8
182.617   -12.6   -10.6   -10.1
184.277    -5.0    -7.9     0.1
185.938     6.8   -11.6    -0.3
187.598   -10.2    -0.4    -9.0
189.258   -11.9    -1.1   -20.1
190.918   -13.0    -5.7   -12.6
192.578    -7.7   -11.0   -10.2
194.238    -5.6   -11.0    -4.7
195.898     9.2    -4.9     8.3
197.559     0.7    -1.2    -1.1
199.219   -23.7   -10.4   -18.4
200.879   -23.7    -6.9   -11.5
202.539   -10.1    -6.4    -7.7
204.199     0.8    -4.9     1.5
205.859     9.7     2.4    10.0
207.520     5.0    -3.4    -6.1
209.180   -22.0   -19.0   -21.9
210.840   -26.0   -20.5   -13.6
212.500    -8.7    -7.5    -8.5
214.160    -7.8     2.5    -4.0
215.820   -38.5    -8.5     7.8
217.480   -97.8   -66.0    -3.3
219.141  -124.1  -104.6   -17.4
220.801  -117.1  -101.0   -14.0
222.461   -99.4   -85.4    -6.0
224.121   -71.1   -65.4    -5.9
225.781   -62.9   -56.5     1.4
227.441   -40.8   -40.9     4.8
229.102   -38.0   -53.3   -13.0
230.762   -36.6   -42.9    -5.6
232.422   -38.5   -29.7    -9.6
234.082   -29.0   -12.5   -11.5
235.742   -16.9    -0.5    -7.2
237.402    -1.2    -1.0     7.7
239.062   -23.2   -37.5   -15.0
240.723   -25.0   -36.0   -11.8
242.383   -13.5    -5.0    -1.5
244.043   -14.6     2.7   -17.7
245.703   -15.5     1.3    -5.8
247.363    -5.4   -14.7    -1.1
249.023    -4.9   -17.6    -2.1
250.684   -10.6   -15.7    -2.2
252.344    -2.8    -5.5     1.4
254.004   -16.7    -1.7   -15.1
255.664   -15.7    -0.8   -11.5
257.324   -11.7   -11.4    -6.5
258.984    -3.4   -28.6    -4.1
260.645     2.5    -6.9     4.2
262.305    -1.0     3.9    -1.8
263.965   -12.0     7.7   -15.3
265.625   -22.0    -0.6   -10.8
267.285   -23.5   -11.3   -10.7
268.945   -14.5   -29.0   -10.5
270.605    14.3   -16.8     4.4
272.266     0.3    11.7    -6.6
273.926   -17.6     2.3   -13.9
275.586   -17.4    -4.4   -14.1
277.246   -28.7   -18.6   -10.5
278.906   -13.6   -28.5    -3.6
280.566    16.2    -1.1    11.3
282.227     7.1    10.2     1.8
283.887   -17.2     2.2   -10.8
285.547   -24.7    -7.7   -14.3
287.207   -20.3   -22.0   -11.7
288.867    -4.7   -18.4     3.3
290.527     4.3   -12.2     7.0
292.188    11.9     6.2    -2.4
293.848   -10.1     2.5   -13.6
295.508   -26.3   -11.4   -13.7
297.168   -13.8   -27.8    -9.4
298.828     0.0   -15.6    -1.6
300.488     4.5     0.4     1.6
302.148     1.9     6.1    -5.4
303.809     2.2     6.3    -7.1
305.469   -24.4   -12.6   -11.9
307.129   -18.7   -19.7   -11.4
308.789    -0.8   -19.3    -7.8
310.449    -0.5    -4.1     0.1
312.109    -4.3    -5.5   -10.1
313.770    -4.1     2.7    -7.0
315.430    -8.6     2.0    -6.3
317.090   -13.6    -4.6   -10.5
318.750   -11.8   -11.2    -4.5
320.410    -9.4    -9.9    -3.5
322.070    -7.2    -2.7   -11.5
323.730    -8.8    -1.0   -13.1
325.391    -5.3    -5.1    -4.4
327.051   -10.3    -6.6   -10.8
328.711    -7.1    -8.6    -4.1
330.371    -4.7   -19.7    -1.5
332.031    -3.1   -14.7    -4.3
333.691   -10.1    -4.1   -15.5
335.352    -4.0     4.2    -1.1
337.012    -5.5     2.7    -4.3
338.672    -3.1    -8.7    -6.6
340.332    -5.7   -16.4    -2.5
341.992   -12.8   -21.9    -6.7
343.652    -7.5    -6.0    -8.6
345.312    -6.9    -3.2    -9.5
346.973    -5.5    10.0    -5.8
348.633    -0.6     7.8    -7.9
350.293    -1.4   -11.9    -1.0
351.953   -14.5   -24.1   -13.0
353.613   -16.8   -21.7   -13.7
355.273    -5.8     2.4    -0.1
356.934    -4.0    10.3    -7.2
358.594    -3.8     3.8    -9.9
360.254    -8.9   -13.4     2.3
361.914   -10.4   -25.5    -3.4
363.574   -15.4   -27.8   -13.4
365.234   -10.3   -24.2   -13.7
366.895     0.4    13.8    -1.7
368.555     3.6    17.9    -3.0
370.215    -9.4   -13.2    -8.0
371.875   -10.5   -22.5     0.8
373.535   -14.7   -28.7    -9.2
375.195    -3.0    10.8    -1.1
376.855     1.1    17.2     1.5
378.516     1.9    11.2    -5.9
380.176   -10.2    -5.4   -14.9
381.836   -18.9   -27.4    -9.6
383.496   -16.0   -30.6    -1.7
385.156    -2.4    -7.2    -7.0
386.816     0.4     9.7    -3.8
388.477     1.3    13.7    -5.8
390.137    -2.2    10.8   -10.7
391.797   -21.1   -30.0    -5.0
393.457   -16.1   -34.1    -1.5
395.117    -2.2   -18.2    -8.5
396.777     7.1    11.9    -0.5
398.438     7.4    16.1     1.9
400.098    -4.3     7.7   -10.0
401.758   -19.7   -26.3    -8.9
403.418   -12.2   -24.2    -3.9
405.078    -6.1   -13.1    -7.5
406.738     1.2    -0.9     0.2
408.398     5.5    15.1    -0.9
410.059   -23.2    -7.2   -25.0
411.719   -30.3   -25.2   -17.5
413.379   -11.0   -22.9     2.0
415.039     7.4    -3.5    -1.9
416.699    11.6     4.3    -1.6
418.359    -7.0    15.0    -3.6
420.020   -20.8    -5.6   -20.2
421.680   -22.4   -29.9   -14.8
423.340    -4.6   -18.3    -1.1
425.000     2.3    -7.0    -1.9
426.660    11.1     7.5     0.4
428.320    -7.5    11.5    -2.6
429.980   -15.8     0.0   -10.2
431.641   -26.2   -30.5   -19.7
433.301   -11.1   -16.7    -5.5
434.961    -1.4    -7.9     1.3
436.621    14.8     7.3     0.2
438.281    -0.8    11.2    -4.3
439.941   -27.0   -13.4   -14.6
441.602   -30.3   -23.5   -17.0
443.262    -1.8   -11.3    -5.6
444.922     8.3    -2.2    -0.8
446.582    17.5     8.9     2.5
448.242    -1.2     7.1    -5.0
449.902   -25.0   -13.8   -16.4
451.562   -28.1   -26.3   -14.7
453.223    -5.8   -19.0    -6.5
454.883     1.1   -14.3    -7.9
456.543    13.6     8.1     1.3
458.203    -9.3    -0.8    -9.2
459.863   -27.5   -20.1   -22.0
461.523   -30.2   -23.9   -21.7
463.184   -20.2   -21.6    -9.7
464.844     0.0   -11.8    -5.1
466.504    15.4     5.4    -1.7
468.164     3.6    10.6     1.8
469.824   -15.6    -1.4   -10.5
471.484   -17.4   -22.5   -10.8
473.145   -13.2   -21.2    -5.7
474.805    -4.4   -11.4    -1.1
476.465     9.1     7.4    -3.9
478.125     1.8     9.4     1.5
479.785   -18.3    -3.8    -9.4
481.445   -19.3   -24.0   -13.7
483.105    -7.7   -18.4    -1.7
484.766     1.7    -0.5    -4.1
486.426     1.1     0.1    -4.9
488.086    -0.1     9.4    -4.8
489.746   -14.7    -4.5    -7.6
491.406   -21.1   -22.3   -19.8
493.066    -2.5   -14.7    -0.9
494.727     8.8     5.0    -1.0
496.387    -2.5     6.3    -9.7
498.047   -12.6    -1.3    -5.6
499.707   -13.7   -17.7   -14.8
501.367   -13.9   -19.7   -14.1
503.027    -8.9   -16.9   -10.2
504.688     2.9     0.0     0.6
506.348    -4.5     3.2    -7.5
508.008   -16.9    -8.8    -6.2
509.668   -16.7   -18.6   -13.7
511.328    -4.6   -15.6    -5.2
512.988    -6.0   -16.3    -8.1
514.648     8.2     5.9     3.5
516.309     8.7     6.6     0.5
517.969    -7.7     1.6   -12.8
519.629   -25.7   -13.9   -11.7
521.289   -21.3   -21.6   -12.4
522.949     4.9   -16.0    -0.9
524.609    12.6     4.5     5.3
526.270    10.2     7.8    -0.4
527.930   -13.4     1.0    -7.7
529.590   -26.8   -14.1   -11.0
531.250   -21.6   -26.6   -13.5
532.910     4.7   -17.0    -2.2
534.570    14.0     9.1     3.5
536.230     5.0     9.2    -5.8
537.891   -16.7     0.9   -13.4
539.551   -20.3   -14.0    -7.2
541.211   -14.2   -25.2   -10.0
542.871    -6.6   -21.7    -7.4
544.531     9.3    -5.0     0.7
546.191     3.4     4.2    -3.9
547.852   -10.9     5.7   -10.9
549.512   -20.9   -10.6    -9.2
551.172   -12.7   -21.8    -7.9
552.832    -1.7   -20.5    -5.0
554.492     8.6    -9.8     2.2
556.152     8.9     0.6    -5.4
557.812   -14.4    10.1   -12.8
559.473   -21.4     1.1    -8.9
561.133   -16.6   -16.4    -9.9
562.793    -6.4   -16.7    -5.7
564.453     1.4   -11.2    -4.3
566.113     1.8   -12.0    -4.4
567.773     1.8     0.8    -8.1
569.434   -10.9     9.3    -7.4
571.094   -17.4    -4.7   -10.8
572.754   -12.1   -12.3   -12.1
574.414    -0.2   -21.7     3.7
576.074    -3.1   -13.8    -2.2
577.734     0.0     3.3    -8.9
579.395    -0.1    11.5    -7.7
581.055   -10.8     8.7   -10.2
582.715   -18.7   -10.9   -12.0
584.375    -9.1   -29.0     0.7
586.035     1.3   -17.4    -2.8
587.695    -1.7    -1.9   -12.0
589.355    -2.8     9.9   -10.0
591.016   -10.0    14.3    -7.3
592.676   -17.0   -12.2   -10.6
594.336   -14.1   -29.9    -7.4
595.996    -8.7   -30.5    -1.8
597.656     4.2    -4.9    -3.7
599.316    -1.8     4.8   -11.3
600.977   -12.9    12.8    -9.7
602.637   -11.9     9.8    -8.1
604.297   -11.4   -28.8    -6.1
605.957   -10.9   -29.2    -5.0
607.617    -1.3   -13.8    -1.4
609.277    -0.6    12.0    -6.6
610.938    -9.9     9.5   -16.5
612.598   -16.4    -5.3    -9.3
614.258   -12.4   -13.9    -0.4
615.918    -5.6   -22.4    -9.5
617.578    -4.5   -16.3    -8.4
619.238     2.1     0.7     2.5
620.898    -8.7     6.8   -11.3
622.559   -12.4    -2.2   -14.7
624.219   -10.1   -13.2    -5.3
625.879    -8.1   -17.9    -5.5
627.539    -7.6   -18.6    -6.4
629.199     3.2     0.9     1.8
630.859    -1.7     0.2   -12.3
632.520   -12.1   -10.6   -16.0
634.180   -15.5    -8.7   -11.9
635.840    -8.5   -10.2     0.3
637.500    -9.0    -5.7   -10.7
639.160    -5.6    -6.9    -8.0
640.820     2.0    -8.7     1.6
642.480     0.4    -4.4   -11.8
644.141   -10.3    -6.0    -6.6
645.801   -11.6   -11.0   -11.3
647.461   -16.0    -9.7   -14.0
649.121   -12.8   -12.0    -9.6
650.781    -0.9    -5.5     3.3
652.441     0.6    -4.5    -3.3
654.102     2.2    -5.2    -5.2
655.762    -9.1    -1.6    -8.9
657.422   -21.7    -6.1   -18.2
659.082   -11.2   -16.2    -6.4
660.742    -5.6   -13.3     0.4
662.402     4.3    -3.4    -2.0
664.062     7.9    -1.3    -5.1
665.723     6.2     4.9     1.7
667.383    -5.1     9.9    -1.2
669.043   -29.3   -14.5   -24.7
670.703   -10.6   -17.9     0.1
672.363    15.4    -4.0     1.5
674.023    15.1    -2.6     0.0
675.684    13.3     6.7    -4.4
677.344   -19.6     3.4   -11.3
679.004   -34.8   -25.8   -22.4
680.664   -31.9   -29.3   -18.8
682.324    -4.3   -14.7     1.9
683.984    17.5     5.2     0.2
685.645    12.9    11.6     1.7
687.305   -12.2     7.3    -7.4
688.965   -29.8   -14.7   -21.0
690.625   -31.6   -28.9   -24.5
692.285   -15.0   -22.3    -4.8
693.945    12.7     1.1     5.2
695.605    17.1    11.8     8.0
697.266    -3.0    13.5    -4.9
698.926   -25.6   -16.7   -15.4
700.586   -24.0   -30.9   -15.4
702.246   -17.8   -28.4    -9.8
703.906     6.8    -3.2    -3.0
705.566     8.3     7.7     0.4
707.227    10.2    17.1     0.9
708.887   -14.5    -2.6   -11.8
710.547   -27.5   -23.8   -15.2
712.207   -16.6   -26.2    -8.3
713.867     0.7    -6.6    -4.9
715.527     4.6     3.4    -5.4
717.188     3.0     9.3    -2.0
718.848     0.9    12.0    -3.9
720.508   -13.4   -14.9   -13.4
722.168   -15.5   -21.1    -7.9
723.828   -16.4   -21.9    -5.8
725.488     2.9    -2.5    -7.0
727.148     3.8     9.8    -5.3
728.809    -7.6    10.4    -3.9
730.469   -17.1   -14.6   -12.3
732.129    -8.1   -18.9    -7.3
733.789    -3.9   -18.5    -1.4
735.449    -4.4    -7.6     0.0
737.109    -3.4     7.8    -8.2
738.770    -7.9     6.3    -9.0
740.430   -17.4    -2.0    -9.2
742.090    -6.8   -15.5    -5.6
743.750     5.8    -9.8     1.2
745.410     4.5    -7.5    -0.6
747.070    -5.6    -1.0    -8.9
748.730   -10.2    -1.4    -7.5
750.391   -14.7   -10.2   -11.8
752.051   -13.2   -16.3   -13.5
753.711    -8.8   -13.0    -9.2
755.371     6.2    -6.6     2.8
757.031    -7.8     1.2   -10.1
758.691   -12.6    -5.6    -9.6
760.352   -14.5   -11.2   -11.0
762.012   -13.9   -12.8   -13.1
763.672     0.7    -4.5     1.4
765.332     2.1    -3.5     2.5
766.992    -2.7    -4.4    -5.6
768.652    -3.5    -4.4    -6.7
770.312    -7.4    -5.9    -3.3
771.973   -16.3   -13.2   -16.0
773.633    -4.0    -3.0    -7.9
775.293    -1.9    -4.6    -4.2
776.953    -6.4    -3.7    -4.3
778.613    -4.2    -8.4    -3.1
780.273    -0.1    -8.2    -1.8
781.934    -7.4    -6.8    -7.3
783.594   -11.0    -7.7   -11.8
785.254    -5.1    -4.7    -4.4
786.914    -9.7   -11.2   -10.4
788.574    -0.3    -9.3     0.5
790.234     1.6    -7.3     1.7
791.895     1.4    -4.6    -7.1
793.555   -11.3    -5.5   -16.3
795.215   -11.3    -2.4   -12.7
796.875    -9.7   -14.1    -7.3
798.535    -7.0   -13.8    -7.5
800.195    -6.6   -11.8    -6.0
801.855     4.5    -0.4     3.5
803.516    -0.1     0.0    -9.1
805.176   -10.6    -2.8   -13.4
806.836   -18.6   -17.7   -10.4
808.496    -9.9   -13.6    -8.3
810.156    -6.9    -8.2    -5.7
811.816     7.1    -2.6     2.6
813.477    11.0     2.1    -3.5
815.137   -17.3    -3.8   -10.5
816.797   -25.2   -17.4   -11.4
818.457   -24.1   -18.7   -10.6
820.117   -16.2   -18.1   -11.7
821.777    11.0    -1.6     6.0
823.438    12.4    -1.1     5.4
825.098     1.0     2.6   -13.4
826.758   -10.9    -3.6    -9.8
828.418   -25.9   -12.8    -9.2
830.078    -9.5   -12.7   -12.4
831.738     6.4    -8.4     0.0
833.398    11.9    -1.4     6.5
835.059     2.3     5.7    -5.1
836.719    -7.3    -3.0   -11.6
838.379   -19.2   -13.1    -9.1
840.039   -21.3   -11.8   -10.9
841.699   -11.2    -9.9    -9.6
843.359    10.1    -2.7     6.6
845.020     9.5     6.1     0.4
846.680    -9.6    -9.1   -12.3
848.340   -14.9   -11.8   -10.2
850.000   -18.5    -7.0    -8.2
851.660   -14.9    -6.8   -13.0
853.320    -1.8    -7.4    -2.5
854.980     6.2    -0.6     1.1
856.641     4.8    -5.3    -4.6
858.301    -8.0   -13.0   -14.8
859.961   -24.1    -7.1   -12.5
861.621   -14.1    -7.4    -0.6
863.281    -5.1    -7.8    -0.7
864.941     3.9    -8.1    -5.9
866.602    -3.4    -5.0   -11.4
868.262    -9.6   -10.6    -6.1
869.922    -8.9   -10.4    -9.5
871.582    -8.4    -5.0   -10.3
873.242    -5.9    -1.2    -4.7
874.902     0.0    -2.2    -3.7
876.562    -8.4   -15.3   -12.3
878.223    -8.9    -7.0    -6.7
879.883    -7.7     0.2    -1.4
881.543    -7.7    -5.5   -12.6
883.203    -6.7    -5.6    -6.7
884.863     0.6    -7.5     2.2
886.523    -6.7   -11.7   -11.3
888.184   -14.8   -11.1   -18.8
889.844   -10.0    -3.3    -3.1
891.504    -2.0    -2.4    -6.6
893.164    -0.6    -7.2    -1.1
894.824     0.0   -12.5     0.0
896.484    -7.7   -15.5   -13.7
898.145   -16.5   -12.4   -16.5
899.805    -9.9     4.8     1.6
901.465    -4.5    -0.2    -2.5
903.125     1.3   -10.2    -3.2
904.785     4.1   -12.2    -0.7
906.445    -5.5    -9.6    -7.1
908.105   -16.4    -6.0   -16.1
909.766   -18.0    -8.4   -10.1
911.426   -11.4    -3.3    -5.7
913.086     1.1    -1.3    -2.9
914.746    11.7   -11.1     3.2
916.406     6.6   -13.4    -0.6
918.066   -19.2   -13.7   -19.5
919.727   -24.5    -8.7   -12.8
921.387   -10.1     2.4    -3.9
923.047    -6.5    -4.2   -10.5
924.707    10.2    -8.6     8.8
926.367     9.2    -4.2    -0.1
928.027     5.4    -5.9    -1.9
929.688   -29.3    -6.1   -15.6
931.348   -25.5    -1.8    -9.0
933.008    -5.9    -9.4    -4.9
934.668    16.5    -5.2     5.4
936.328    17.4    -5.3     6.7
937.988     1.5    -2.1    -1.4
939.648   -23.3   -11.6   -21.8
941.309   -30.2   -10.0   -12.7
942.969   -22.8   -10.5    -9.6
944.629    20.5    -0.7     3.6
946.289    22.7     7.4     8.6
947.949    15.6     6.4     5.1
949.609   -12.2    -2.6   -13.5
951.270   -25.4   -11.2   -19.6
952.930   -31.4   -18.9   -10.9
954.590     1.2   -13.6    -3.3
956.250    28.7     7.5     9.2
957.910    24.2    14.3     6.7
959.570     6.1    12.6    -4.3
961.230   -35.7   -20.0   -17.9
962.891   -32.9   -25.7   -13.8
964.551     9.1    -7.1    -1.7
966.211    29.0    16.7     7.0
967.871    29.8    21.5     7.2
969.531   -17.6    -2.7   -16.1
971.191   -39.9   -26.3   -17.4
972.852   -41.2   -28.8   -15.7
974.512     3.3   -10.8    -5.7
976.172    21.9    24.9     2.1
977.832    17.7    21.0     3.8
979.492   -17.8   -11.2   -13.5
981.152   -29.7   -20.8   -18.1
982.812   -34.7   -31.3   -16.1
984.473   -16.2   -23.6    -9.0
986.133    16.0     7.1     4.5
987.793    19.0    22.3     6.1
989.453    -2.6     3.7    -7.5
991.113   -27.8   -19.3   -20.1
992.773   -25.3   -26.9    -9.6
994.434   -25.2   -27.2   -11.0
996.094    12.0     6.0     0.8
997.754    18.2    19.8     3.9
999.414    -3.5     4.3   -11.6
1001.074   -28.7   -21.9   -19.3
1002.734   -22.8   -34.1    -9.8
1004.395    -7.7   -22.8    -2.5
1006.055     6.9     4.2     1.1
1007.715    10.8    14.1     2.2
1009.375    -5.8     2.3    -8.1
1011.035   -29.4   -21.5   -20.8
1012.695   -22.8   -34.7   -13.0
1014.355    -4.4   -19.3    -5.4
1016.016     9.4    22.7     4.9
1017.676     3.6    12.4    -1.4
1019.336   -16.6   -11.5   -15.3
1020.996   -22.1   -16.3   -18.3
1022.656   -23.7   -35.8    -9.9
1024.316     0.7    -2.8    -3.9
1025.977    20.0    24.9     3.0
1027.637    11.7    18.9     2.7
1029.297   -17.7   -13.9   -16.2
1030.957   -28.7   -33.0   -17.7
1032.617   -10.2   -18.2    -7.3
1034.277     8.3     6.3    -4.3
1035.938    13.7    18.8    -0.8
1037.598     4.6    20.6     3.9
1039.258   -28.9   -23.9   -20.0
1040.918   -31.3   -37.9   -17.9
1042.578   -12.2   -32.4    -6.1
1044.238     3.6    -1.9    -0.7
1045.898     5.8    16.2    -8.4
1047.559     3.8    19.8    -1.1
1049.219   -13.5    -5.9    -8.5
1050.879   -18.4   -35.2   -12.6
1052.539   -15.7   -33.2    -9.5
1054.199     5.7    -1.3     2.0
1055.859     3.3    15.1    -8.4
1057.520     0.8    18.5   -11.3
1059.180   -16.5   -13.5    -7.1
1060.840   -16.4   -19.1   -10.6
1062.500    -9.5   -21.0    -2.7
1064.160     1.3   -10.7     6.9
1065.820     6.9     9.9   -13.4
1067.480   -10.6     5.4    -8.1
1069.141   -16.8    -5.9    -1.4
1070.801    -4.1   -18.7   -11.6
1072.461    -1.1   -12.6     0.9
1074.121     0.0   -12.2     0.8
1075.781     2.2    -1.8    -0.6
1077.441    -8.0     2.8    -9.5
1079.102    -9.6    -4.7    -6.6
1080.762   -12.6    -7.7   -11.0
1082.422    -0.2   -13.2     0.3
1084.082     4.9    -1.0     2.7
1085.742    -9.2    -3.1   -12.9
1087.402    -8.7    -2.6   -13.6
1089.062   -13.5    -8.0    -6.6
1090.723   -10.1    -0.5    -5.9
1092.383   -13.3    -7.1   -15.6
1094.043     1.4   -14.2    -0.7
1095.703     4.9    -5.1     2.6
1097.363    -5.8    -4.7    -9.7
1099.023   -12.6    -6.3    -7.8
1100.684   -11.7    -3.6    -6.4
1102.344    -7.7   -10.0   -16.2
1104.004    -8.8   -12.8    -9.5
1105.664    -0.4    -5.5    -2.0
1107.324    -3.5    -6.5    -3.7
1108.984    -7.5    -6.8    -5.3
1110.645    -8.3     0.4    -3.2
1112.305   -10.4    -0.1    -9.4
1113.965    -8.2   -12.7    -7.3
1115.625    -8.4   -11.2    -7.0
1117.285     0.0    -5.9    -2.8
1118.945     3.0     5.5    -3.3
1120.605    -2.7     5.0    -7.0
1122.266   -11.0    -7.9    -9.9
1123.926   -15.9   -17.4   -14.2
1125.586   -17.0   -17.2   -13.8
1127.246   -12.8   -14.7    -8.7
1128.906    13.0     7.0     4.2
1130.566     6.2     9.7    -5.5
1132.227   -10.5    -7.0   -13.5
1133.887   -24.5   -22.0   -13.8
1135.547   -19.0   -23.5    -9.8
1137.207    -8.4   -11.1    -6.0
1138.867    12.8    17.5     3.4
1140.527    11.5    17.9     0.3
1142.188   -11.6    -8.7   -12.0
1143.848   -17.3   -19.7   -11.0
1145.508   -14.9   -21.6   -14.9
1147.168    -6.7   -12.9   -13.0
1148.828     2.7     5.7     0.0
1150.488     8.7    19.1     6.0
1152.148    -9.1    -5.9   -10.6
1153.809   -11.3   -18.9   -16.6
1155.469   -19.7   -22.3   -12.8
1157.129    -8.4    -9.9    -6.7
1158.789     6.5     8.6     2.8
1160.449     9.0    14.6     0.8
1162.109   -11.7   -13.6   -13.1
1163.770   -18.1   -24.5   -12.9
1165.430   -11.7   -19.1   -13.3
1167.090   -10.6   -16.9   -13.3
1168.750     8.5    15.5     3.9
1170.410     3.0    14.2    -0.1
1172.070    -4.9    -0.1    -9.7
1173.730   -20.3   -24.6   -17.2
1175.391    -9.6   -18.2    -0.9
1177.051    -3.8    -2.4    -4.7
1178.711     2.5    12.7    -0.8
1180.371    -7.4    -2.9   -10.0
1182.031    -7.7    -5.1   -11.6
1183.691   -10.6   -16.3    -0.2
1185.352    -3.2   -15.2     0.6
1187.012     6.2     2.8    -4.2
1188.672     5.9    12.1    -2.9
1190.332    -7.5     1.4    -8.3
1191.992   -21.9   -15.9   -16.4
1193.652   -13.5   -24.1    -6.4
1195.312    -3.5   -12.6     0.1
1196.973     8.5     6.0    -3.7
1198.633     3.1    10.3     2.4
1200.293    -1.1     6.7     0.0
1201.953   -22.3   -23.4   -19.5
1203.613   -12.6   -23.2   -10.6
1205.273    -4.2   -12.3    -1.5
1206.934     1.7     4.1    -2.2
1208.594     5.1    11.5    -1.9
1210.254    -5.6    -3.3    -3.0
1211.914   -19.3   -17.8   -18.2
1213.574   -17.3   -24.2   -15.8
1215.234    -6.8    -2.2    -2.3
1216.895     4.5     4.8    -0.8
1218.555    -1.9    -1.7    -4.5
1220.215     0.6     0.4    -2.7
1221.875   -22.9   -22.4   -15.4
1223.535   -14.1   -13.7    -8.5
1225.195     0.5    -1.4    -3.5
1226.855     2.6     1.5    -4.0
1228.516    -1.0     2.5    -1.8
1230.176    -6.6    -7.1    -3.4
1231.836   -13.1   -18.2   -13.3
1233.496   -20.3   -13.4    -6.7
1235.156     0.9    -4.0    -8.0
1236.816     1.8     2.0    -7.2
1238.477    -4.5     0.0     0.8
1240.137    -3.8   -13.2    -1.1
1241.797    -6.0   -14.3    -9.5
1243.457   -11.2   -13.3    -7.8
1245.117   -16.5   -11.7    -9.8
1246.777   -10.3     3.2    -9.1
1248.438    -4.7     0.4     1.4
1250.098    -0.7    -8.2    -2.4
1251.758    -1.5    -5.4    -8.4
1253.418    -8.5   -13.6    -7.9
1255.078   -11.4   -13.3    -7.8
1256.738   -12.4    -5.5   -11.9
1258.398    -1.1    -1.5    -0.7
1260.059    -1.3     2.2     1.9
1261.719    -0.2   -10.6    -0.7
1263.379    -4.0   -17.5    -1.5
1265.039   -11.0   -16.0   -12.5
1266.699   -12.9    -6.4   -15.2
1268.359    -9.7    -4.6    -7.3
1270.020     2.6    -0.6     0.6
1271.680     3.6     3.6     4.0
1273.340    -3.2   -20.1   -11.5
1275.000    -6.6   -17.2   -11.3
1276.660   -13.3    -6.3   -13.5
1278.320   -11.4     2.8    -9.6
1279.980    -2.6     9.8    -4.7
1281.641     4.0    -8.7     3.8
1283.301    -0.6   -19.7    -7.8
1284.961    -8.3   -21.6   -17.4
1286.621   -12.4    -9.9    -7.7
1288.281    -9.7     3.9    -8.0
1289.941    -7.0    12.3    -8.2
1291.602     0.8     0.7    -8.6
1293.262     2.8   -17.7     0.3
1294.922    -8.0   -25.5    -8.3
1296.582   -14.8   -13.1   -12.7
1298.242   -10.7     2.1    -8.2
1299.902    -4.3     7.6    -9.1
1301.562    -4.2     2.8    -7.7
1303.223    -4.2   -16.7     0.8
1304.883    -0.1   -27.7    -2.3
1306.543   -17.8    -9.7   -16.9
1308.203    -6.6    15.9     0.0
1309.863    -1.7    13.1   -10.7
1311.523    -6.5   -15.9    -3.6
1313.184    -7.4   -25.7     1.8
1314.844    -7.4   -29.1    -6.9
1316.504    -9.0    -6.6   -12.2
1318.164    -1.7    16.9    -5.2
1319.824    -2.3    11.0   -16.5
1321.484   -10.7    -3.8   -16.5
1323.145   -11.0   -22.2    -3.0
1324.805    -2.9   -21.9    -8.9
1326.465     0.3   -11.5    -8.1
1328.125     3.6    11.3    -2.7
1329.785    -8.3    19.4    -8.9
1331.445   -15.0    -6.9   -17.0
1333.105    -4.9   -24.4    -2.2
1334.766    -3.7   -23.8    -9.7
1336.426    -5.9   -19.1   -10.3
1338.086     1.8    17.3     2.4
1339.746    -5.6    20.1    -2.3
1341.406   -17.3    -4.0   -21.2
1343.066   -13.6   -23.9   -10.6
1344.727    -4.9   -21.1    -4.8
1346.387     2.4    -4.6    -1.5
1348.047     6.0    12.0     1.4
1349.707    -5.0    13.9    -9.3
1351.367   -22.5   -22.4    -8.2
1353.027   -13.0   -23.4    -3.6
1354.688     2.3   -22.7    -2.3
1356.348     9.1     0.2    -1.8
1358.008     5.3    16.2    -0.2
1359.668    -9.8    10.2    -9.7
1361.328   -12.7     4.0   -11.6
1362.988   -17.2   -27.5   -12.9
1364.648    -1.7   -24.5    -6.6
1366.309    12.8     9.0     0.4
1367.969    10.6    13.2     2.6
1369.629   -12.9     1.6   -10.9
1371.289   -17.1   -25.1    -8.6
1372.949   -15.8   -24.3    -8.0
1374.609    -8.8   -19.4    -8.7
1376.270     3.1    -6.8    -2.1
1377.930     3.7    15.3    -1.2
1379.590    -8.2     5.9    -8.2
1381.250   -17.2   -21.5   -12.8
1382.910   -12.8   -27.3   -13.3
1384.570   -14.9   -21.6   -12.0
1386.230     6.2     9.4     5.2
1387.891    -3.3     6.9   -11.7
1389.551   -11.0    -4.0   -15.2
1391.211   -16.7   -14.8   -12.4
1392.871    -7.2   -20.1    -8.7
1394.531    -0.2    -7.7    -4.6
1396.191    -2.7    11.6    -1.5
1397.852    -5.9    12.2    -3.1
1399.512    -3.4     0.4    -7.0
1401.172    -6.1   -16.1    -4.3
1402.832   -10.4   -19.3   -15.1
1404.492    -3.5    -4.2    -4.7
1406.152    -4.1     7.3     0.6
1407.812    -5.4     3.8    -4.1
1409.473    -4.7    -6.8    -9.7
1411.133    -5.7    -9.2    -4.7
1412.793    -8.3   -13.5    -8.2
1414.453    -8.8   -10.9    -7.2
1416.113    -0.6     2.6    -1.6
1417.773    -6.4    -1.3   -10.3
1419.434    -8.9   -10.1    -9.1
1421.094    -4.0    -8.3    -0.2
1422.754    -3.9   -10.4   -12.5
1424.414    -6.0     0.5    -7.0
1426.074    -6.2     0.1    -0.2
1427.734    -4.6    -6.3    -7.5
1429.395   -13.3   -11.4   -15.7
1431.055    -5.7    -9.9    -3.9
1432.715     1.1    -2.7    -7.0
1434.375    -1.5    -2.6    -6.8
1436.035   -11.1    -7.3    -4.2
1437.695    -9.8   -11.2    -9.1
1439.355    -9.9    -9.9   -10.7
1441.016    -7.4    -6.7    -6.5
1442.676    -7.3    -1.8    -9.9
1444.336    -0.2    -2.5    -4.3
1445.996     2.0    -3.4     3.9
1447.656   -12.9   -14.7   -13.1
1449.316    -8.0   -11.8    -9.9
1450.977    -8.7    -1.6    -7.4
1452.637    -7.5    -1.3    -8.4
1454.297    -5.7    -3.7    -5.4
1455.957    -7.0   -11.0    -5.0
1457.617   -10.1   -12.6   -12.2
1459.277   -10.9   -11.5   -13.9
1460.938   -10.0    -2.1    -8.0
1462.598   -11.9    -2.8   -11.0
1464.258     4.6    -0.8     0.6
1465.918     5.3    -4.9     1.9
1467.578    -7.1   -13.3   -12.1
1469.238   -18.7    -5.0    -9.7
1470.898   -16.9    -3.8    -5.7
1472.559    -8.1    -8.5   -11.9
1474.219    -5.9    -3.9    -6.6
1475.879     6.6    -2.8     4.3
1477.539     3.5    -6.8    -3.5
1479.199   -18.0    -5.8   -13.4
1480.859   -17.1    -9.3    -8.3
1482.520    -7.9    -9.5   -11.7
1484.180    -7.9    -9.1    -9.1
1485.840     1.7    -2.8     5.3
1487.500     4.5     2.8    -1.8
1489.160   -13.2    -8.6    -9.7
1490.820   -16.2   -14.9   -10.0
1492.480   -12.5    -5.2   -10.0
1494.141     2.0    -5.3    -4.9
1495.801     7.2     0.0    -7.8
1497.461     0.4     4.7    -7.4
1499.121    -8.7   -11.9    -1.0
1500.781   -14.7   -13.3    -5.5
1502.441   -20.1   -16.3   -18.6
1504.102    -1.7    -6.3     1.0
1505.762     3.3     6.5    -3.9
1507.422    -0.7    -4.3   -10.2
1509.082    -6.4    -9.7    -2.3
1510.742   -11.5    -7.9    -6.4
1512.402   -12.5   -17.4   -15.7
1514.062    -9.7   -14.8   -12.3
1515.723    -1.4     7.5    -3.5
1517.383    -4.4    -5.6    -6.6
1519.043    -7.7   -12.4    -4.0
1520.703    -3.3   -10.9    -5.2
1522.363    -5.0   -10.3   -11.9
1524.023    -6.6     2.1    -7.9
1525.684    -7.4     0.5    -7.3
1527.344    -6.2   -10.6    -8.4
1529.004    -8.6   -12.3    -6.7
1530.664    -1.3    -5.5     0.1
1532.324    -1.6    -4.2    -3.9
1533.984    -6.4     3.6   -14.7
1535.645   -12.4    -9.5    -5.6
1537.305    -4.8   -16.5    -1.7
1538.965    -3.4   -14.8    -3.8
1540.625    -2.8   -10.1    -6.0
1542.285     0.6     4.8    -3.6
1543.945     0.0     6.4    -6.5
1545.605   -18.5    -8.2   -13.2
1547.266   -18.3   -17.4    -8.2
1548.926     0.6   -18.6   -16.6
1550.586     2.0    -9.9   -10.4
1552.246     4.0    11.0    -0.1
1553.906    -5.4     5.3    -7.0
1555.566   -21.1   -10.9   -17.0
1557.227   -22.0   -17.1   -17.3
1558.887     4.8   -10.7    -9.3
1560.547     1.9    -9.3    -8.5
1562.207     4.1    12.8     2.1
1563.867   -15.1    -1.6   -14.6
1565.527   -14.0    -1.3   -14.0
1567.188   -16.0   -23.2   -11.7
1568.848    -6.6   -17.3    -2.4
1570.508     6.5    -0.3    -6.5
1572.168     8.5    12.4    -0.7
1573.828    -8.6    10.2    -9.0
1575.488   -22.9    -9.5   -14.4
1577.148   -16.0   -25.3    -7.1
1578.809    -5.0   -23.0    -3.2
1580.469    -0.9    -5.7    -8.9
1582.129     5.2     9.6    -1.7
1583.789    -9.5     3.5   -14.0
1585.449   -15.8    -7.7   -17.0
1587.109   -15.8   -18.1    -8.9
1588.770    -1.6   -17.4    -2.6
1590.430    -2.3   -10.0   -10.5
1592.090     1.8    11.2    -1.5
1593.750    -2.3    12.8    -3.7
1595.410   -10.0    -5.2   -12.3
1597.070   -14.8   -15.0    -2.4
1598.730   -13.2   -17.5    -2.3
1600.391    -2.3   -17.1    -8.2
1602.051    -0.1     4.3    -3.5
1603.711    -4.5    11.6    -5.7
1605.371    -7.5     4.8   -14.7
1607.031   -10.3   -18.7    -3.9
1608.691    -8.3   -15.6    -1.2
1610.352    -1.7    -1.6    -2.4
1612.012    -1.8     6.8     0.0
1613.672    -2.7     9.5    -4.8
1615.332    -6.5    -1.7   -13.6
1616.992   -11.0   -13.6     0.0
1618.652   -13.2   -16.3    -1.5
1620.312   -10.9   -21.2    -8.7
1621.973     3.9    -8.2    -6.6
1623.633    -1.4     8.5    -7.1
1625.293    -7.2    11.0    -4.6
1626.953    -9.8     3.2    -6.6
1628.613   -13.8   -21.9   -12.2
1630.273   -12.0   -24.8    -5.7
1631.934     3.4     0.0     3.2
1633.594     5.4     7.9    -3.0
1635.254    -0.7    11.3    -9.0
1636.914   -15.4     1.1   -11.5
1638.574   -17.6   -27.3    -9.8
1640.234    -8.8   -28.5    -3.5
1641.895    -0.9    -3.4    -3.2
1643.555     5.7     8.9    -2.5
1645.215     3.5    17.2    -4.9
1646.875   -19.1   -10.9    -9.3
1648.535   -25.3   -33.0   -18.9
1650.195    -5.4   -12.9     0.5
1651.855     3.5    -3.0     3.2
1653.516     7.1    12.5    -5.7
1655.176    -2.8     7.7    -6.7
1656.836   -29.3   -21.5   -17.0
1658.496   -23.0   -26.7   -11.6
1660.156    -7.1   -21.3    -3.9
1661.816     8.8     1.7     1.3
1663.477     7.3     8.9    -5.0
1665.137    -9.8     2.2    -6.8
1666.797   -10.5   -15.8    -5.6
1668.457   -24.5   -25.8   -19.4
1670.117    -4.2   -12.1    -3.4
1671.777     7.5     8.8     3.4
1673.438    -3.0     7.5    -7.7
1675.098    -6.5     3.3    -7.6
1676.758   -11.1   -17.8   -12.9
1678.418   -11.2   -11.1    -8.9
1680.078    -9.8   -11.4    -6.6
1681.738     1.8     4.4     0.7
1683.398     3.2     1.1    -1.7
1685.059    -7.9   -10.7   -10.2
1686.719   -21.0   -15.8   -20.6
1688.379    -5.7   -11.1    -2.4
1690.039     2.0    -3.7     0.2
1691.699    -0.4     2.5    -9.2
1693.359    -5.0    -3.7    -4.4
1695.020    -6.4   -10.2    -6.1
1696.680   -26.9   -26.6   -27.2
1698.340   -24.3   -26.2   -25.2

Event #16  ts=2026-09-11 12:10:33.111  [SELECTED]
  t[ns]  u1[mV]  u2[mV]  u3[mV]
  0.000   -12.0     0.9    -6.8
  1.660     5.6    -8.8   -12.5
  3.320    -4.1     9.7     5.9
  4.980   -11.7    -9.3    -9.8
  6.641   -16.4   -20.0   -23.9
  8.301    -0.2     0.8    11.1
  9.961     4.2    -3.1     9.3
 11.621     3.1    -8.6    -1.2
 13.281    -0.5    -1.7   -11.9
 14.941    -6.2    -3.8    -3.2
 16.602   -18.3   -21.9   -18.1
 18.262   -20.4   -24.2   -25.3
 19.922    -1.9    -2.7     3.6
 21.582    -0.2     0.9    -3.9
 23.242     5.6     5.0    -2.8
 24.902     4.8    -2.8     3.0
 26.562   -15.6   -17.1   -15.3
 28.223   -19.4   -25.2   -29.5
 29.883   -14.3   -15.3   -15.3
 31.543    10.4     4.4    -0.4
 33.203     5.8     9.7    -4.4
 34.863     4.0    10.4    10.4
 36.523   -14.3   -20.9   -15.9
 38.184   -16.0   -22.1   -23.8
 39.844   -16.1   -17.7   -13.1
 41.504    -7.4     2.3    -3.2
 43.164     4.2     7.9     3.7
 44.824     4.8     6.6    16.4
 46.484    -7.0   -12.6   -13.3
 48.145   -10.3   -16.3   -16.4
 49.805   -17.5   -23.7   -24.2
 51.465    -4.8     0.9    -1.1
 53.125    -1.7    -0.7    -8.1
 54.785     4.3     1.5     3.1
 56.445     2.8     9.8     7.4
 58.105   -10.4   -28.8   -23.6
 59.766   -13.8   -28.0   -17.6
 61.426   -15.3    -9.9   -11.3
 63.086    -6.2    -4.5   -11.0
 64.746    -6.5    -3.2    -5.4
 66.406     0.0     7.8     9.0
 68.066     1.6   -15.7   -13.4
 69.727   -10.9   -27.6   -22.9
 71.387   -15.9   -11.2    -5.3
 73.047    -6.6    -5.3   -18.7
 74.707    -2.1    -2.4    -9.9
 76.367   -10.7     5.7     9.1
 78.027     1.0    -3.3     0.8
 79.688    -3.3   -14.2   -22.1
 81.348    -8.9   -10.1    -4.6
 83.008    -8.4   -21.2   -18.8
 84.668   -10.2   -15.8   -21.9
 86.328    -5.6     8.4     5.2
 87.988    11.4     0.6     3.0
 89.648     0.9   -10.7   -11.0
 91.309   -14.4    -7.5    -2.9
 92.969   -16.9   -19.0    -5.4
 94.629   -15.3   -22.6   -15.4
 96.289     2.7     7.0     0.7
 97.949     3.5     7.2     1.9
 99.609    -1.1     5.2    -2.5
101.270    -2.5    -7.4   -13.9
102.930   -17.8   -27.9   -10.7
104.590   -21.7   -24.4   -17.2
106.250    -4.1    -5.0    -2.7
107.910     7.4     7.6     8.5
109.570    -0.2    -0.9   -13.5
111.230   -17.1   -14.4   -10.1
112.891   -21.6   -18.3   -10.1
114.551   -25.9   -23.4   -14.1
116.211    -5.2    -4.4     2.0
117.871     9.0     0.0    11.8
119.531    15.3    19.2     2.4
121.191     1.3     8.8   -23.0
122.852   -19.4    -9.0   -13.4
124.512   -23.0   -29.8   -23.0
126.172   -11.0   -18.1   -20.9
127.832     4.9    -1.2     7.3
129.492    13.5    19.8    27.3
131.152     9.3    17.0    -3.5
132.812   -23.9   -17.7   -17.8
134.473   -24.6   -22.2   -10.4
136.133   -18.2   -30.2   -11.9
137.793     5.7    -5.4    -0.6
139.453    15.8    19.8    24.4
141.113     8.4    15.9    -2.7
142.773   -13.4    -6.2   -33.8
144.434   -24.0   -23.5   -24.1
146.094   -26.6   -26.2    -5.9
147.754   -15.0   -22.0    -6.1
149.414    24.5    22.3    20.0
151.074    23.9    27.0    17.3
152.734     6.7     5.2    -8.2
154.395   -32.1   -26.1   -36.6
156.055   -23.5   -21.8   -23.7
157.715   -22.0   -19.8    -8.4
159.375     1.9     1.5    18.8
161.035    22.0    26.9    18.4
162.695   -25.9   -23.0   -26.1
164.355   -31.5   -25.2   -24.9
166.016   -29.8   -26.4   -23.1
167.676   -13.2   -14.4   -11.5
169.336     7.6     3.3     9.5
170.996    13.7    20.6    22.8
172.656    -3.6    -8.8   -25.9
174.316   -18.3   -22.5   -33.1
175.977   -26.7   -26.4   -10.4
177.637   -18.0   -16.8    -9.8
179.297     4.8    -1.9    -6.7
180.957     8.3    28.4    17.0
182.617     4.7     8.8     6.9
184.277   -17.0   -30.2   -34.0
185.938   -21.3   -23.7   -14.6
187.598     2.9     0.7     0.0
189.258    13.2    13.7     8.5
190.918     6.5    25.4    11.2
192.578    -3.4     8.0     1.1
194.238   -32.3   -40.4   -30.7
195.898   -22.2   -33.1   -26.6
197.559    -2.3    -7.8    -5.9
199.219     9.3     9.7     8.7
200.879    13.7    25.6    16.3
202.539    -4.7    10.8     4.1
204.199   -26.3   -26.6   -30.8
205.859   -26.8   -38.9   -27.8
207.520    -4.4    -9.3    -1.1
209.180    11.6    17.5     6.5
210.840     9.7    21.8    10.6
212.500    -4.9     9.2    -2.6
214.160   -20.0   -12.4   -24.9
215.820   -21.3   -39.1   -18.6
217.480    -7.9   -22.3     0.8
219.141     9.0     9.2     2.8
220.801     2.9    19.9    11.0
222.461     0.3    20.2    12.9
224.121   -24.2   -37.0   -40.0
225.781   -21.9   -37.3   -31.6
227.441   -16.0   -20.0     8.3
229.102   -42.9   -20.8   -35.7
230.762   -61.0   -26.4   -51.9
232.422  -117.7   -48.3   -79.7
234.082  -142.4   -97.5  -111.7
235.742  -117.2  -113.8  -109.7
237.402   -91.6   -96.9   -95.6
239.062   -52.9   -38.4   -89.1
240.723   -45.0   -31.5   -68.7
242.383   -52.8   -29.4   -61.1
244.043   -46.9   -31.9   -54.8
245.703   -39.7   -48.8   -59.0
247.363   -25.2   -34.0   -37.7
249.023     0.6    -9.7   -14.2
250.684     0.0    -9.8   -16.1
252.344   -17.5    -0.7   -11.7
254.004   -17.3     3.9   -16.8
255.664   -32.5   -31.9   -47.7
257.324   -22.8   -21.1   -19.7
258.984     1.2    -9.6     5.8
260.645    -1.1    -1.5   -14.0
262.305    -4.3     3.1   -10.5
263.965   -16.9   -12.0   -17.0
265.625   -24.0   -32.2   -32.9
267.285   -20.0   -29.5   -38.0
268.945     2.2    -6.1     7.7
270.605     1.9     8.3    -7.4
272.266    -5.3    11.3    -6.4
273.926   -22.7   -18.5   -14.3
275.586   -23.1   -23.8   -28.3
277.246   -13.4   -15.2   -15.1
278.906    -2.0   -14.0    -0.4
280.566    -9.2    -9.9    -2.6
282.227     1.9     6.0    -4.1
283.887     2.5     8.8    11.6
285.547   -13.4   -13.9   -20.3
287.207   -16.8   -14.6   -11.0
288.867   -15.8   -14.3   -14.1
290.527    -9.6   -13.5    -2.5
292.188     0.2    -2.5   -10.6
293.848     4.6     8.1    10.2
295.508     1.3    -1.5    -9.1
297.168   -16.0   -16.6   -27.6
298.828   -30.2   -23.4   -14.8
300.488   -23.3   -20.8   -12.0
302.148    -7.8     0.0    -7.5
303.809     9.6    15.1    10.9
305.469    14.0     8.8     2.2
307.129     0.0   -15.5   -19.7
308.789   -22.2   -21.8   -19.2
310.449   -16.3   -18.7   -22.0
312.109   -13.4   -14.0    -6.7
313.770     7.3    20.0     9.2
315.430    16.6    22.9    17.3
317.090     6.9    -5.6   -15.3
318.750   -20.9   -24.9   -20.4
320.410   -21.9   -26.2   -17.2
322.070   -27.9   -24.1   -13.8
323.730     6.0    14.8    16.4
325.391    21.3    21.5     7.3
327.051   -15.9   -19.2   -15.7
328.711   -32.8   -28.1   -18.2
330.371   -26.4   -29.5   -13.5
332.031   -15.1   -22.0   -14.9
333.691    12.8    18.7    13.5
335.352    18.2    22.6    13.9
337.012     0.4     0.4   -16.9
338.672   -21.0   -20.4   -21.5
340.332   -22.4   -33.7   -15.2
341.992   -14.9   -23.9   -12.8
343.652     0.2     6.7     7.2
345.312    12.5     5.4    -7.4
346.973     7.1     2.6   -13.1
348.633   -18.9   -21.5   -12.4
350.293   -34.2   -32.6    -9.4
351.953   -18.2   -30.5   -17.0
353.613     9.3    15.2    10.3
355.273     7.4    20.0    21.6
356.934    -0.2    -1.9   -16.5
358.594   -11.5   -13.9   -21.2
360.254   -30.1   -33.3   -11.5
361.914    -7.1   -14.7    -7.5
363.574     5.1     9.4     3.0
365.234     4.6     4.4   -10.0
366.895   -19.4   -17.2   -23.1
368.555   -20.1   -17.7   -22.1
370.215   -34.4   -31.0   -14.3
371.875    -1.1    -7.8    -4.5
373.535     3.9    13.9    19.3
375.195    17.3    21.9    22.3
376.855    -9.4    -3.8   -17.7
378.516   -31.1   -34.4   -21.8
380.176   -19.6   -18.3   -16.7
381.836   -21.5   -19.1   -16.0
383.496    -1.8     0.5    -5.9
385.156    16.8    23.6    26.6
386.816    13.0    17.4     5.8
388.477   -15.4   -19.5   -33.7
390.137   -32.9   -38.1   -21.6
391.797   -29.5   -33.6   -12.9
393.457     4.6     2.4   -11.0
395.117    14.6    10.1    -2.2
396.777    15.4    23.0    15.9
398.438   -10.1   -15.8   -25.9
400.098   -31.3   -40.4   -34.5
401.758   -26.2   -28.4   -12.8
403.418    -1.4    -4.6    -1.4
405.078    16.3    11.5     6.0
406.738    21.3    37.9    20.2
408.398   -28.8   -32.9   -28.9
410.059   -27.5   -38.1   -27.2
411.719   -15.3   -29.9   -15.2
413.379    -1.4     1.8    -3.1
415.039     8.5    29.0    10.5
416.699    10.1    31.6     7.8
418.359    -4.2    -1.8   -15.5
420.020   -31.3   -33.3   -20.6
421.680   -26.5   -35.2   -18.0
423.340    -1.2   -18.9    -9.3
425.000     9.9    23.8    16.2
426.660     9.0    31.6    12.4
428.320    -4.5    -0.5   -22.0
429.980   -20.2   -24.7   -18.8
431.641   -25.6   -26.9    -5.6
433.301     1.2   -19.3   -16.9
434.961     5.9     1.0    -2.8
436.621     8.1    24.2    15.4
438.281     0.1    10.7    -0.6
439.941   -21.1   -17.2   -15.9
441.602   -17.8   -23.1    -3.3
443.262    -8.3   -27.1     0.0
444.922     6.2     2.6    -3.4
446.582     8.8    21.4    10.5
448.242    -3.3    16.8     4.4
449.902   -16.6   -17.9   -22.1
451.562   -14.4   -22.5    -3.6
453.223   -13.2   -28.4   -10.1
454.883     0.9     0.7     3.7
456.543     6.9    14.9     3.4
458.203    -0.2     9.4   -11.6
459.863   -26.4   -21.1   -17.4
461.523   -24.8   -21.6   -16.0
463.184     0.1   -25.6    -9.2
464.844    12.4    -2.8     8.9
466.504    11.3    10.1    10.4
468.164   -13.4    10.0   -14.9
469.824   -18.2    -9.1   -21.4
471.484   -17.2   -18.3    -8.0
473.145    -0.2   -24.6   -20.3
474.805     1.0     5.7    19.0
476.465     0.4     8.2    18.8
478.125   -17.5    -7.7   -24.8
479.785   -17.6    -8.1   -23.5
481.445   -17.6   -18.0    -8.9
483.105    -9.5   -26.9   -13.4
484.766     5.3    -7.0     5.5
486.426     8.7    22.2    17.4
488.086   -13.3     1.1   -26.6
489.746   -17.3   -10.2   -26.0
491.406   -14.7   -15.2    -9.6
493.066     3.2   -30.4   -14.5
494.727     3.1   -25.8    -4.3
496.387     7.2    20.0    13.8
498.047    -8.6     7.8    -5.1
499.707   -18.1    -3.0   -15.9
501.367   -20.7   -12.2   -18.4
503.027     7.4   -33.2   -22.0
504.688     4.4    -7.8    11.0
506.348    -0.8    21.2    18.0
508.008    -5.5     6.9   -18.6
509.668   -30.2    -0.9    -8.0
511.328   -13.0   -35.2    -8.9
512.988    10.7    -4.8     3.4
514.648    16.0   -14.6   -12.2
516.309   -11.1     8.9     6.4
517.969   -24.0     1.6   -30.5
519.629   -16.9    -8.1   -14.1
521.289   -20.3   -20.7     0.2
522.949     7.1   -20.1   -15.0
524.609    19.3     6.8     6.9
526.270   -13.2    10.3     2.6
527.930   -28.6     1.9   -17.8
529.590   -18.1   -30.2    -5.3
531.250   -11.5   -28.4   -10.0
532.910    22.1     1.7     2.0
534.570    18.0    11.3     9.8
536.230   -15.1    13.3    -8.4
537.891   -20.3     5.1   -23.8
539.551   -30.6   -18.3    -7.5
541.211    -1.9   -30.6   -17.3
542.871    13.2   -13.5    -2.6
544.531    18.3    13.5    16.7
546.191    -3.4    17.4     0.1
547.852   -24.0   -11.0   -23.5
549.512   -22.1   -17.3   -23.1
551.172    -9.8   -25.9   -12.8
552.832    10.1    -8.2    -3.3
554.492    18.8    12.7    25.7
556.152   -10.5     6.8    -7.0
557.812   -20.3    -8.5   -26.9
559.473   -27.0   -22.1   -15.5
561.133   -15.9   -23.3   -11.2
562.793     4.6   -16.6    -9.1
564.453     8.6    21.3    15.8
566.113    12.1    25.5    19.4
567.773   -30.5   -22.2   -29.5
569.434   -28.4   -21.3   -30.0
571.094    -4.3   -17.6    -9.2
572.754     2.1    -7.7     2.2
574.414     5.6     9.4    14.8
576.074     3.0     4.1    -7.2
577.734   -21.3    -9.3   -14.6
579.395   -25.3   -16.1   -16.3
581.055    -7.9   -17.4   -19.9
582.715    -2.4   -16.6   -12.1
584.375    -6.4    -1.9     8.9
586.035     2.6     7.1     9.2
587.695    -7.3    -7.4   -19.1
589.355   -17.5   -11.6   -14.4
591.016   -15.3   -16.9   -14.0
592.676    -2.5   -14.5   -21.3
594.336    -3.5     6.2    11.4
595.996    -6.0     7.3    19.0
597.656    -6.8   -13.8   -22.4
599.316    -9.4   -11.5   -16.5
600.977    -3.6   -10.6   -10.5
602.637    -1.1     0.9    -8.5
604.297    -9.7     1.3     9.6
605.957    -8.8   -17.5   -12.6
607.617    -3.7   -18.4   -17.2
609.277    -1.7    -8.5    -8.5
610.938    -5.0    -3.8    -9.6
612.598   -12.9     3.3    -0.3
614.258   -11.2    -1.3     6.3
615.918    -8.1    -9.5    -4.6
617.578    -5.9   -15.7    -9.4
619.238    -2.1    -9.4   -11.8
620.898    -0.7    -5.8   -12.2
622.559    -6.0    -0.2    -6.0
624.219   -10.8     4.7     5.6
625.879   -11.1    -8.4   -12.1
627.539    -7.2   -19.3   -12.3
629.199     1.0   -12.1     6.6
630.859     1.3    -8.9    -7.1
632.520    -5.1     2.4    -3.9
634.180   -10.2     4.5     5.4
635.840   -12.7     0.1    -4.2
637.500    -8.2   -20.1   -22.2
639.160     4.6    -8.0    13.7
640.820    -6.2    -8.1   -20.6
642.480   -10.9    -6.5   -19.9
644.141    -5.9     7.5     4.9
645.801   -11.1   -18.3   -23.4
647.461    -6.5   -22.1   -24.2
649.121     4.3    -5.9    11.3
650.781    -5.4   -11.4   -15.5
652.441   -12.5    -5.7   -10.6
654.102    -2.4     9.3    -2.6
655.762    -8.2    12.9     2.8
657.422   -12.9   -16.3   -16.4
659.082     4.2   -13.2     0.7
660.742    -1.5   -14.5   -11.0
662.402    -2.4   -17.2   -13.6
664.062    -8.3     6.8    -2.8
665.723   -13.4   -12.6   -10.4
667.383   -12.5   -13.2   -11.2
669.043    -1.1    -7.1     4.4
670.703     3.8   -13.4    -1.9
672.363   -11.4     0.3    -2.1
674.023    -9.2    15.1    -2.5
675.684   -10.2    -7.9   -26.6
677.344    -8.5    -4.5    -6.9
679.004    -5.1    -7.2     3.4
680.664    -2.6   -18.7    -8.5
682.324    -7.6    11.1     3.6
683.984     1.7     3.5     2.9
685.645    -9.2    -6.4   -18.1
687.305    -4.1    -1.3     4.4
688.965    -1.6   -10.8    15.9
690.625    -1.5   -10.2    -6.0
692.285     1.1    -3.8    -7.5
693.945     2.6     6.5    -1.3
695.605   -17.0   -11.3   -27.6
697.266    -8.0   -10.4     1.7
698.926    -8.2   -12.0    -4.2
700.586    -1.6    -4.1    -9.9
702.246    -1.1     4.6     5.2
703.906    -4.0    -4.1    -1.7
705.566   -14.8    -7.6   -16.8
707.227   -15.9    -8.7    -8.6
708.887   -11.7   -13.6    -6.4
710.547    -6.3    -8.1   -13.1
712.207     4.8     5.0     5.2
713.867     0.0    -5.8   -16.7
715.527    -3.1   -14.0   -22.0
717.188   -10.8    -8.8     1.7
718.848   -10.6    -9.6   -14.3
720.508     0.5   -11.2   -11.7
722.168     0.0     0.6    -0.7
723.828    -4.8     6.7     2.1
725.488    -8.8   -14.9   -14.5
727.148   -13.4    -4.7    -0.5
728.809    -7.8    -3.4    -1.9
730.469   -13.5   -10.4    -5.4
732.129    -3.6     7.3     3.0
733.789    -1.3     5.8     1.0
735.449    -0.2   -10.7    -7.8
737.109   -10.2    -1.7    -2.3
738.770   -11.3    -5.8   -10.3
740.430    -8.3   -17.1   -17.5
742.090    -2.3     0.4    -1.0
743.750     4.8    -2.2    -8.6
745.410    -2.6    -3.0    -4.6
747.070   -11.8    -4.0    -0.1
748.730    -6.3    -7.4    -5.0
750.391   -13.4    -1.3     0.5
752.051    -6.1    -1.5    -8.6
753.711    -4.1    -3.9   -10.0
755.371     0.4     3.4     3.8
757.031    -0.5    -2.6    12.9
758.691    -7.4   -14.7   -21.2
760.352    -9.7    -8.3   -12.1
762.012    -9.3   -11.7    -4.2
763.672    -2.8     1.2    -9.0
765.332     2.2     9.5    -7.2
766.992     3.3     2.8     5.0
768.652    -7.0   -13.6    -4.8
770.312    -6.5   -17.0   -13.9
771.973   -10.0   -14.2    -6.2
773.633    -4.6    -0.1   -14.4
775.293     0.5     7.7     6.3
776.953    -8.8   -12.2   -11.9
778.613   -11.4   -11.7   -12.6
780.273    -7.9   -19.1    -7.4
781.934    -6.1   -16.1   -10.4
783.594   -11.1     0.1    -5.3
785.254    -4.1     6.9     2.9
786.914    -1.9    -6.4   -13.2
788.574     1.4   -13.9   -19.9
790.234    -8.2   -12.7     9.0
791.895   -12.9   -12.7    -1.4
793.555    -8.2    -0.9   -10.4
795.215   -11.0     4.5     2.3
796.875    -7.3    -0.5     6.7
798.535    -0.9   -16.1   -13.9
800.195    -3.2    -6.2     8.0
801.855    -9.8    -4.3   -11.8
803.516   -10.6    -4.2    -5.2
805.176   -11.8     5.7     9.1
806.836    -8.6    -5.1    -5.8
808.496    -8.1   -16.2   -15.5
810.156     3.5     1.8     6.4
811.816    -0.8    -1.5     4.6
813.477   -10.8   -15.1   -13.3
815.137    -5.6    -0.4    -6.7
816.797    -5.2    -8.9   -13.6
818.457    -0.7    -4.8    -6.6
820.117     4.4     3.5     0.0
821.777    -4.8    -2.8    -2.6
823.438   -14.9    -8.6    -4.3
825.098    -0.1    -8.2   -15.5
826.758    -5.6    -9.1   -22.3
828.418   -10.9    -2.6   -11.5
830.078     2.7    -1.8     2.7
831.738    -5.6   -12.9    -4.6
833.398    -8.4    -8.6     1.4
835.059   -12.0    -6.0    -0.4
836.719    -5.1   -11.3   -25.2
838.379   -10.2    -9.5   -21.4
840.039    -9.8     2.5     5.2
841.699    -2.2   -10.7   -10.3
843.359    -6.0   -13.2    -3.1
845.020    -5.5    -7.9     2.2
846.680    -3.6    -9.8   -18.6
848.340   -13.6     7.3    -4.3
850.000   -16.4     1.3     6.1
851.660   -10.7    -7.6    -3.2
853.320     6.5    -6.5     2.9
854.980     4.5    -7.5     2.7
856.641    -5.8    -1.9   -21.4
858.301   -15.5     1.0    -7.2
859.961   -14.3     1.5    -7.1
861.621   -16.8   -16.1    -6.9
863.281     1.5   -12.2    -2.0
864.941     4.8     0.0    -5.6
866.602    -8.4     1.1    -8.7
868.262   -16.7     0.5    -6.2
869.922   -14.7   -11.8   -12.9
871.582   -14.5   -21.8   -16.0
873.242    -2.3   -15.9     1.1
874.902    11.8    -2.0    -8.0
876.562     5.9    -1.9   -16.4
878.223   -11.3     1.4     0.9
879.883   -26.5    -3.5    -5.8
881.543   -20.8   -21.9   -27.8
883.203    -1.5    -9.2    10.3
884.863    11.8     1.1    -9.1
886.523    -5.3     3.1    -9.5
888.184   -10.0     5.9     3.8
889.844   -22.9    -9.2    -6.3
891.504    -4.5   -23.4   -22.4
893.164    -7.3   -16.9    -7.2
894.824    -0.6     1.6     2.2
896.484    -4.0    -3.3   -13.7
898.145   -10.0    -1.7    -9.6
899.805   -10.7     1.6    -2.4
901.465     3.4    -4.4    -0.1
903.125    -5.3    -9.7    -0.2
904.785    -4.5   -11.7    -9.6
906.445    -7.6    -3.7    -2.0
908.105   -18.3    -4.3    -2.5
909.766   -18.6   -14.9   -16.2
911.426    -2.8    -4.6    -1.3
913.086    -0.1     0.0     0.3
914.746     5.2    -6.7    -2.5
916.406    -7.6   -12.3   -17.5
918.066   -18.5    -0.2    -3.3
919.727   -11.3    -9.4   -10.8
921.387    -7.4   -12.7   -16.9
923.047     3.0     6.9     5.5
924.707    -0.8   -10.0    -0.5
926.367   -13.7   -10.9   -17.3
928.027   -13.4    -3.3    -5.6
929.688   -10.9   -11.5    -5.8
931.348    -3.3    -3.3   -14.3
933.008     5.7     3.9     6.3
934.668    -5.3   -13.2    -2.2
936.328   -13.0   -11.7   -12.7
937.988   -10.1    -9.3    -0.2
939.648   -12.6    -7.0   -11.1
941.309     5.6    11.0    -1.9
942.969     2.7     2.5    10.5
944.629   -15.3   -17.2   -19.5
946.289   -18.4   -10.3   -10.6
947.949   -13.2    -7.8    -6.2
949.609    -1.3     4.2   -15.9
951.270     5.0     4.3    10.0
952.930     0.5    -8.1     8.1
954.590   -10.1   -21.7   -17.6
956.250   -19.3   -15.4    -1.7
957.910   -16.4    -6.5     1.4
959.570     7.9     9.5   -10.2
961.230     1.2     8.8     0.3
962.891   -11.3    -6.4     0.7
964.551   -17.7   -27.3   -23.9
966.211   -16.0   -12.2    -7.1
967.871    -0.8     5.7    -1.9
969.531     7.9     3.7    -5.1
971.191     2.8     6.6     3.0
972.852   -19.5   -28.0   -22.1
974.512   -21.7   -32.0   -20.0
976.172    -3.1     2.6     1.5
977.832    10.2     4.9    -0.5
979.492    -6.0     9.6     2.3
981.152    -2.3     4.1    -5.5
982.812   -18.5   -18.8   -16.0
984.473   -27.8   -25.8    -9.1
986.133    -2.0    -9.6    -2.4
987.793     5.6     5.5    -4.4
989.453     3.9     7.1     0.1
991.113   -12.2     7.9     3.5
992.773   -12.1   -14.0   -21.8
994.434    -7.5   -26.4   -22.1
996.094   -14.4   -13.8     3.4
997.754    10.2     3.9    -8.7
999.414    13.1     6.6   -10.5
1001.074    -5.3     2.9    -2.4
1002.734    -9.1   -14.9   -18.9
1004.395   -18.5   -22.5   -29.1
1006.055   -13.1    -8.8     2.2
1007.715    -7.4   -11.0     4.9
1009.375    -1.6     8.1    -4.2
1011.035    -9.6     2.1    -0.5
1012.695   -11.1   -15.4   -22.0
1014.355    -5.9   -16.9   -18.6
1016.016    -7.1    -7.7     8.9
1017.676    -7.3   -11.0   -12.1
1019.336     1.6    -2.5    -5.6
1020.996    -1.4     6.2     7.2
1022.656   -12.2    -0.4    -8.4
1024.316   -13.2   -11.4    -2.5
1025.977   -13.9    -9.2     1.5
1027.637    -6.2   -11.4   -18.2
1029.297    -9.0     2.3     5.4
1030.957    -4.0     4.5     6.5
1032.617    -0.8   -10.2   -26.4
1034.277    -4.2   -10.6   -13.8
1035.938   -13.2   -10.2    -9.1
1037.598   -17.5    -9.6   -11.9
1039.258   -10.6    -8.5   -15.3
1040.918     4.2     1.1    -3.3
1042.578     2.7    -8.3   -19.1
1044.238     1.3    -5.4   -17.9
1045.898   -19.6    -7.5    -3.9
1047.559   -11.0   -17.4   -23.1
1049.219    -0.1    -4.4     9.2
1050.879     5.7     5.2    19.0
1052.539    -3.2     2.0   -11.5
1054.199    -0.1    -9.1   -22.4
1055.859   -13.6   -10.4    -6.3
1057.520   -11.0   -13.4    -6.7
1059.180    -9.8    -5.4   -11.1
1060.840     3.8    10.5    12.6
1062.500     2.7    -3.6    -0.7
1064.160    -5.7   -15.5   -21.9
1065.820    -5.6    -7.7    -8.1
1067.480    -8.3    -2.7    -5.8
1069.141   -11.1   -15.6   -11.7
1070.801    -2.2     1.1     7.7
1072.461     5.1    -0.6    -4.0
1074.121   -11.4   -11.2   -16.7
1075.781   -16.0   -12.9   -11.5
1077.441    -9.2   -15.6   -15.5
1079.102    -7.4    -6.2     2.0
1080.762    -5.8     9.5    15.1
1082.422     5.5    -1.3    -5.8
1084.082    -3.0   -13.1   -24.4
1085.742   -12.0   -20.8   -15.1
1087.402    -7.4   -14.8   -10.8
1089.062    -0.6    -0.7    -0.7
1090.723    12.1    15.0    10.7
1092.383    11.3    -2.2    -3.2
1094.043   -24.7   -15.5   -14.5
1095.703   -15.4   -18.9    -9.1
1097.363   -23.5   -19.8   -12.0
1099.023    10.4    10.1     8.0
1100.684     4.0    19.7    14.1
1102.344   -10.7    -9.4   -15.6
1104.004   -17.6   -16.5   -24.4
1105.664   -18.2   -20.9   -12.7
1107.324   -15.7   -13.3    -7.8
1108.984   -17.6    -9.3    -9.4
1110.645    10.2    20.6    13.1
1112.305     1.8    -6.2   -12.6
1113.965   -21.0   -19.2   -23.5
1115.625   -18.5   -20.1   -14.6
1117.285    -5.9   -12.2    -3.3
1118.945     2.5     3.6     9.0
1120.605     5.8    12.8     1.6
1122.266    -6.8    -3.0   -19.2
1123.926   -15.5   -11.5   -14.2
1125.586   -16.2   -13.5    -3.6
1127.246    -8.8   -18.0   -10.8
1128.906     3.3    -3.9     2.5
1130.566    -3.4     5.3    -1.2
1132.227   -14.2   -15.0   -28.8
1133.887    -7.5   -21.5   -18.3
1135.547   -11.4    -5.2     1.1
1137.207    -5.5    -4.5     3.8
1138.867    -0.5     9.4     9.6
1140.527     0.5     7.1     9.4
1142.188    -9.9   -15.2   -30.9
1143.848   -19.9    -9.8   -11.5
1145.508   -10.1    -8.6    -4.6
1147.168     1.0    -1.0     1.2
1148.828    -1.1     4.8     8.7
1150.488    -3.3     4.4    -1.0
1152.148   -12.3   -26.0   -28.5
1153.809   -16.3    -6.4   -10.7
1155.469    12.1     2.8     3.9
1157.129    13.2     2.3     6.1
1158.789    -5.8     2.8     8.1
1160.449   -19.3   -15.9   -12.9
1162.109   -16.2   -32.6   -39.5
1163.770    -9.4   -11.1   -16.8
1165.430    -1.2     5.8    11.8
1167.090     2.0     9.5    -0.4
1168.750     2.2     8.9    -1.2
1170.410    -7.2    -5.9     1.9
1172.070   -24.8   -31.3   -26.4
1173.730    -6.9    -5.9   -12.8
1175.391    -7.6     8.0    10.4
1177.051     6.2     4.1     5.4
1178.711     4.5     6.2    -4.8
1180.371    -4.0     0.3     4.3
1182.031   -16.9   -32.2   -26.9
1183.691   -12.0   -16.4   -11.9
1185.352    -0.8     3.0    10.6
1187.012    -7.3    10.3    -7.5
1188.672   -10.4     4.3     0.0
1190.332   -17.8   -25.4   -13.6
1191.992   -18.5   -25.2   -22.5
1193.652    -3.1    -4.8     7.8
1195.312     2.8     8.1     2.9
1196.973     0.3     9.1   -14.2
1198.633   -18.3    -6.8    -4.7
1200.293   -10.2   -25.9   -21.3
1201.953     1.1   -25.6   -20.8
1203.613     7.0     4.0    19.8
1205.273    -0.8    12.1    13.5
1206.934   -10.7    -0.7   -22.6
1208.594   -21.2    -9.5   -12.0
1210.254   -20.9   -18.7   -10.0
1211.914     0.4   -22.6   -13.6
1213.574    10.8     6.8    11.1
1215.234     7.5    16.3    11.7
1216.895   -11.9    -7.6   -15.2
1218.555   -18.0   -12.0   -21.1
1220.215   -20.4   -16.1   -15.4
1221.875   -14.3   -18.7   -14.3
1223.535     7.7     6.2    12.9
1225.195    11.8    11.4     5.7
1226.855   -11.9    -7.5   -15.0
1228.516   -25.8   -19.6   -25.2
1230.176   -25.8   -16.3   -29.1
1231.836   -10.0   -15.4    -7.3
1233.496     8.3     9.3    15.5
1235.156    10.9     5.7     5.7
1236.816   -12.6    -8.0   -15.3
1238.477   -24.2   -11.7    -8.8
1240.137   -12.8   -12.8   -17.0
1241.797    -8.3   -11.1    -5.1
1243.457    -7.7    -6.4     0.0
1245.117     6.7     4.3    -0.3
1246.777     2.5    -3.1   -13.4
1248.438   -16.9    -7.3    -0.9
1250.098   -18.0   -12.4   -10.5
1251.758   -12.7   -10.3   -21.3
1253.418    -5.9     2.3     9.4
1255.078     2.9   -10.0    -8.9
1256.738    -1.0    -9.5   -13.3
1258.398    -8.0     0.6     4.2
1260.059   -11.8    -6.6    -9.0
1261.719   -11.2   -11.5   -14.4
1263.379   -13.6    -6.0    -7.6
1265.039    -5.4    -8.8    -1.9
1266.699     1.9    -6.0    -6.2
1268.359     4.3     2.2     2.4
1270.020    -0.7    -0.1    -0.4
1271.680    -7.9    -7.8   -13.4
1273.340   -22.9   -14.9   -15.6
1275.000   -11.8   -13.9   -12.9
1276.660    -1.4    -7.6     2.9
1278.320    13.8    10.4    12.8
1279.980     1.8     3.6   -10.5
1281.641   -17.4   -13.5   -10.5
1283.301   -21.2   -20.4   -12.2
1284.961   -15.8   -23.8   -17.5
1286.621    -4.9    -9.1    -6.6
1288.281     9.4    17.2    20.6
1289.941     1.5     2.9   -10.5
1291.602    -7.4   -15.2   -15.5
1293.262   -28.1   -20.3   -12.4
1294.922   -18.1   -22.9   -21.8
1296.582    -7.7   -13.8    -7.7
1298.242    12.7     6.0    14.7
1299.902     0.0     2.9    -6.2
1301.562   -13.0   -17.0   -23.0
1303.223   -16.0   -15.9   -11.2
1304.883   -23.6   -23.5   -13.7
1306.543    -2.6     5.4     0.6
1308.203    10.9    21.4    17.3
1309.863     6.3    15.6    10.6
1311.523     8.6    -0.1    -0.2
1313.184   -19.5   -14.9   -13.1
1314.844   -15.2   -13.3   -14.6
1316.504    -7.9     0.8     1.9
1318.164     2.1     7.4     9.1
1319.824    16.4     3.9    -5.8
1321.484     5.2    -3.6    -8.3
1323.145    -5.9   -16.8   -19.1
1324.805   -18.4   -31.3   -23.7
1326.465   -22.9   -20.1   -18.2
1328.125    -3.8    10.9     4.8
1329.785     9.3    -6.4    -9.3
1331.445     8.1    -3.9   -15.3
1333.105    -6.6    -3.3    -1.6
1334.766   -18.7   -20.7   -11.2
1336.426   -20.2   -27.7   -28.1
1338.086     4.4    10.4    16.2
1339.746     5.3    10.8    15.7
1341.406    -9.3    -1.8   -13.3
1343.066    -1.1    -3.0   -10.6
1344.727   -10.7    -9.9    -4.4
1346.387   -14.9   -19.6   -17.3
1348.047   -14.9   -15.1   -17.2
1349.707    -4.5     2.2    10.2
1351.367     0.1    -6.4   -11.1
1353.027    -1.3     1.1    -7.8
1354.688    -9.1   -13.1    -7.8
1356.348   -17.9   -20.7   -20.4
1358.008   -20.7    -9.4   -14.7
1359.668    -8.8    -0.4     4.0
1361.328     0.5    -2.2    -0.6
1362.988     5.8    -3.3    -9.2
1364.648    -6.1    -6.2    -7.1
1366.309   -13.6   -15.2   -23.6
1367.969   -14.8   -11.1    -9.6
1369.629     2.6    -2.1     3.9
1371.289     4.6    -1.7    -0.5
1372.949     0.0     6.5   -10.0
1374.609   -11.1     0.6    -5.1
1376.270   -19.4   -20.1   -23.2
1377.930   -20.9   -23.2   -21.2
1379.590     0.0     2.2    10.6
1381.250     2.9     3.3     7.6
1382.910     0.0    -0.3    -9.6
1384.570    -5.7     2.3   -13.0
1386.230   -16.1   -15.4   -15.9
1387.891   -19.2   -28.8   -20.3
1389.551    -5.8    -9.3    -1.9
1391.211     7.9     5.0    10.4
1392.871     6.7     1.9     6.6
1394.531    -9.0    -0.9    -6.1
1396.191   -16.4   -21.0   -24.4
1397.852   -13.6   -17.8    -0.2
1399.512    -3.7    -4.6     8.3
1401.172    12.8    -1.5     5.6
1402.832    -0.6    -1.8    -9.7
1404.492   -19.1    -2.9   -10.6
1406.152   -17.2   -20.6   -23.4
1407.812    -6.6   -21.9   -10.2
1409.473     6.1     5.7    21.7
1411.133     7.1     7.1     6.9
1412.793    -7.7    -2.2   -15.5
1414.453   -17.1    -5.9   -10.2
1416.113   -22.6   -27.2   -21.5
1417.773   -11.5   -13.0   -16.8
1419.434     0.0     2.1     5.2
1421.094    12.5     8.7    16.2
1422.754     2.1    -1.3   -15.3
1424.414    -8.5    -6.8   -18.6
1426.074   -31.4   -30.3   -19.3
1427.734   -17.8   -22.3   -16.9
1429.395     2.9    -3.6     3.2
1431.055    15.6    16.0     8.8
1432.715     3.9    10.7   -12.7
1434.375   -17.4   -18.0   -14.6
1436.035   -21.0   -24.8   -19.1
1437.695    -5.8   -12.5    -3.6
1439.355     5.0     6.4    10.6
1441.016    20.9    22.2    19.0
1442.676     0.2     5.5   -17.9
1444.336   -16.3   -16.4   -15.0
1445.996   -22.0   -31.4   -15.4
1447.656    -0.7   -19.4   -16.0
1449.316    -3.7   -12.3    -4.3
1450.977     6.5    19.7    15.9
1452.637     1.9     1.2   -23.2
1454.297   -16.1   -15.1   -10.8
1455.957   -20.1   -18.4    -1.4
1457.617   -16.4   -31.0   -24.6
1459.277   -11.8   -20.4   -22.4
1460.938     0.8    15.6    22.7
1462.598     4.8    12.3    -4.9
1464.258    -2.0    -4.2   -28.1
1465.918   -21.6   -23.0    -8.3
1467.578   -16.9   -27.3   -11.0
1469.238   -15.2   -31.3   -20.4
1470.898     9.3     8.8    11.6
1472.559    -0.8    16.8    11.9
1474.219   -16.8    -3.0   -24.9
1475.879   -13.1   -17.4   -13.6
1477.539    -8.1   -23.7    -5.8
1479.199    -6.2    -6.2     5.3
1480.859    -3.3    -3.3     6.2
1482.520     3.5    14.9     0.7
1484.180   -15.7    -8.5   -13.9
1485.840   -17.7   -15.0   -12.2
1487.500    -6.6   -17.7   -10.2
1489.160    -4.6    -2.9     6.3
1490.820    -7.4    10.9    10.4
1492.480    -4.1     2.3   -14.1
1494.141   -16.8   -13.7   -16.7
1495.801   -12.2   -14.9    -7.6
1497.461   -13.3   -13.6    -4.9
1499.121    -6.0   -12.7    -9.6
1500.781    -0.5     9.2    17.3
1502.441     0.0    -5.6   -19.2
1504.102   -17.4   -11.1   -25.5
1505.762   -17.4   -12.5    -2.9
1507.422   -19.4   -13.7    -1.5
1509.082     8.0   -10.8    -4.0
1510.742     5.8    -4.2    -5.6
1512.402    -0.6     9.2     9.2
1514.062   -17.5    -7.1   -20.6
1515.723   -11.1   -12.8   -23.7
1517.383    -8.4   -14.3    -9.2
1519.043    -4.4   -14.2   -12.5
1520.703    -8.0   -11.5    -7.7
1522.363    10.6    13.0     7.1
1524.023     0.7    -2.4    -8.8
1525.684   -17.8   -11.4   -18.0
1527.344   -24.7   -21.9   -15.4
1529.004   -19.1   -17.8   -16.4
1530.664     0.0    -4.0     2.2
1532.324    17.1    14.7     4.8
1533.984     1.7     3.4   -17.3
1535.645   -13.7   -11.6    -7.5
1537.305   -26.8   -20.5   -14.7
1538.965   -22.2   -31.5   -23.8
1540.625    -1.0     3.0    16.2
1542.285    10.7    18.3    17.7
1543.945     1.2    -0.3   -10.8
1545.605   -19.1   -13.7    -6.7
1547.266   -27.6   -25.1   -24.3
1548.926   -18.1   -29.0   -22.3
1550.586    -2.0    -8.1     2.3
1552.246    13.6    19.5     6.9
1553.906     9.0     7.2    -5.3
1555.566    -3.8    -3.2   -11.0
1557.227   -22.1   -17.4   -13.0
1558.887   -15.8   -16.9    -1.6
1560.547   -15.8   -18.3    -1.4
1562.207    -0.6    12.3    16.1
1563.867    17.3    18.8     0.0
1565.527    -1.6     0.5    -8.1
1567.188   -15.4   -11.7   -17.1
1568.848   -26.2   -35.4   -22.6
1570.508   -17.3    -9.5     5.0
1572.168     3.8    15.5    23.7
1573.828    23.2    16.0     9.9
1575.488     7.4     3.7   -15.3
1577.148   -19.1   -11.8   -13.3
1578.809   -24.3   -36.1   -25.0
1580.469   -13.7   -12.8     0.8
1582.129     4.9    14.5    23.9
1583.789    14.6    13.4     9.7
1585.449    -4.8     3.2    -9.8
1587.109   -20.3   -21.5   -16.2
1588.770   -30.4   -35.5   -24.6
1590.430   -27.6   -27.2   -17.9
1592.090    13.2    10.6    20.3
1593.750    11.9     9.2    14.4
1595.410     0.7     2.2   -13.3
1597.070    -2.6    -1.7   -15.2
1598.730   -26.5   -34.0   -27.8
1600.391   -30.0   -27.0   -23.5
1602.051    10.0    10.2    13.0
1603.711    14.6    11.8    -2.0
1605.371     6.2    -2.7   -17.1
1607.031   -18.4   -27.6   -15.4
1608.691   -30.1   -33.6   -25.4
1610.352    -3.6    -1.3     1.5
1612.012    -3.5     5.6    10.3
1613.672    18.1    16.4     8.8
1615.332     0.3    -3.5    -4.7
1616.992    -4.1   -15.9    -6.9
1618.652   -26.1   -32.5   -30.3
1620.312   -12.6    -0.6   -10.0
1621.973   -11.6    -2.1   -12.7
1623.633    11.4    20.3    13.2
1625.293    11.4    -8.5   -11.4
1626.953   -20.7   -20.4    -4.3
1628.613   -20.0   -26.3   -23.0
1630.273   -24.6   -21.0   -21.2
1631.934     3.1    13.9     9.3
1633.594    -0.1    17.4    18.3
1635.254    12.3     0.3    -4.8
1636.914    -8.6    -7.9    -5.1
1638.574   -19.7   -30.6   -18.1
1640.234   -29.3   -17.2   -14.3
1641.895   -18.5    -8.1   -14.4
1643.555     3.7    11.5     3.7
1645.215     8.0    -2.0     2.4
1646.875    -1.9    -0.5     4.2
1648.535    -3.5   -11.1    -7.7
1650.195   -21.4   -26.4   -16.9
1651.855   -19.2    -8.7    -3.7
1653.516     9.3     5.8    -3.1
1655.176    10.8     5.9     0.2
1656.836     1.8     8.2     8.9
1658.496     0.6    -5.9    -3.2
1660.156   -10.7   -25.3   -22.9
1661.816   -23.7   -25.7   -24.1
1663.477   -17.8    -9.8     2.7
1665.137     7.6     6.6    -7.5
1666.797     6.6    11.1     4.9
1668.457     3.0     7.8     7.4
1670.117   -19.2   -20.4    -7.4
1671.777   -13.2   -25.0   -14.6
1673.438    -2.9    -7.6     5.5
1675.098    -1.7    -2.4     0.8
1676.758     5.5    17.8    -7.0
1678.418    -9.6    -1.4     1.7
1680.078   -19.8   -19.0   -12.8
1681.738   -10.7   -28.7   -17.9
1683.398    -1.2   -14.2    -1.1
1685.059    -5.3    -2.8     2.3
1686.719     5.9    13.0    -5.6
1688.379    -7.7    13.5     3.8
1690.039   -14.1    -1.6    -7.0
1691.699   -16.7   -32.9   -25.7
1693.359    -0.2   -18.1     6.2
1695.020     6.7    -0.8    11.7
1696.680    14.5    11.8    -1.0
1698.340    -8.8     8.9    -2.3

Event #22  ts=2026-09-11 12:10:36.611  [SELECTED]
  t[ns]  u1[mV]  u2[mV]  u3[mV]
  0.000   -12.8    -0.6   -27.5
  1.660     1.3    -6.2     0.2
  3.320    -0.3     5.4    -5.5
  4.980    -3.7   -19.7     3.8
  6.641    -3.1   -18.8    -4.8
  8.301   -12.5    -6.0   -22.9
  9.961   -15.9    -9.1   -11.6
 11.621     0.7     3.3   -11.5
 13.281    -3.2    10.6   -13.2
 14.941    -8.5    -6.1     6.5
 16.602    -9.3   -12.5   -23.7
 18.262   -15.2    -8.9   -10.8
 19.922   -17.4   -10.0    -8.0
 21.582     2.7    12.8   -20.8
 23.242   -14.8    -4.0   -14.5
 24.902    -6.0   -19.9    16.0
 26.562     5.5   -10.0     0.0
 28.223    -7.2   -10.9   -25.0
 29.883   -15.9   -17.4   -18.2
 31.543    -8.7    14.4   -26.4
 33.203   -11.5    12.9   -24.8
 34.863   -16.3   -19.9     3.1
 36.523    12.1    -4.1    -4.8
 38.184     5.2    -9.9   -21.2
 39.844   -14.4   -17.1    -5.4
 41.504    -7.0    12.3    -4.8
 43.164    -9.3    12.1   -15.3
 44.824   -21.7    -8.6   -20.7
 46.484     6.0    -1.4    15.3
 48.145     3.7   -18.9   -13.5
 49.805   -14.6   -13.5    -2.5
 51.465   -10.3     4.8     6.9
 53.125   -18.1    -1.4   -32.9
 54.785   -11.9    -7.5   -10.5
 56.445     4.4    -0.4    20.8
 58.105     5.0   -17.4   -12.6
 59.766    -6.6   -25.0   -17.8
 61.426   -21.5     2.1   -22.7
 63.086   -20.6    -4.0   -29.3
 64.746   -16.8    -4.2   -12.1
 66.406    10.2    -3.8    15.8
 68.066     7.2    -7.3    -7.9
 69.727   -12.3   -17.0     5.7
 71.387   -20.2   -13.4    -6.3
 73.047   -15.3    -1.5   -19.8
 74.707    -7.3    -1.5     1.1
 76.367    13.1     0.1    10.1
 78.027     9.1   -10.2   -11.1
 79.688    -4.3   -16.8     1.3
 81.348   -15.2   -16.5    -5.0
 83.008   -20.4    -1.1   -23.2
 84.668   -16.4     2.2   -19.9
 86.328    11.5    -0.5     5.5
 87.988     2.0   -10.9   -13.9
 89.648    -9.6   -18.7     2.2
 91.309   -17.5   -19.9     4.0
 92.969   -17.1    -3.5   -20.5
 94.629   -10.3    -3.1    -0.1
 96.289    15.0     8.6     6.3
 97.949    -1.8    -6.7   -13.5
 99.609   -16.3   -24.7     2.2
101.270   -14.4   -17.5    -9.9
102.930   -16.5    -5.2   -25.3
104.590    -4.7    -2.1    -0.1
106.250    18.4    13.7     5.1
107.910   -12.9   -23.4   -23.3
109.570   -19.5   -29.7    -8.8
111.230   -21.8   -21.8    -4.5
112.891    -7.6    -1.2   -14.4
114.551    17.5    13.7    16.4
116.211    17.0    13.0    17.4
117.871    -4.8    -9.7   -23.7
119.531   -32.1   -35.6    -9.3
121.191   -22.0   -26.1     0.9
122.852    -9.7    -6.8   -18.3
124.512     7.5    10.3    10.7
126.172    14.0    11.3     5.0
127.832    -8.9   -16.7   -25.1
129.492   -32.0   -31.6    -5.4
131.152    -9.9   -10.8   -13.1
132.812     0.3     2.9   -15.0
134.473    10.5    21.1    14.3
136.133    12.3    13.8     2.8
137.793    -5.6   -17.5   -24.4
139.453   -27.1   -34.9   -14.5
141.113   -29.5   -24.2    -2.3
142.773     9.7     7.8   -11.9
144.434     9.3     7.9   -12.2
146.094    13.8    18.6    17.1
147.754    -6.5    -5.0   -20.5
149.414   -21.3   -36.2   -15.6
151.074   -20.2   -22.4    -1.9
152.734    -6.6   -10.3     1.8
154.395     5.9     7.4    -2.2
156.055     7.6    12.2     1.8
157.715   -11.3    -6.1   -15.1
159.375   -22.9   -32.8   -15.6
161.035   -19.1   -40.1    -3.3
162.695   -13.4    -0.2   -12.1
164.355    -0.5     8.6    -0.8
166.016     6.8    10.4   -10.6
167.676   -11.5    -3.7   -16.2
169.336   -11.3   -34.8     0.6
170.996    -6.3   -27.9    -6.3
172.656    -6.6    -4.1   -10.4
174.316     6.8    17.7     2.6
175.977    -3.8     8.0   -25.4
177.637   -24.3   -11.2   -16.1
179.297    -5.2   -34.3     9.2
180.957     6.4   -20.7   -19.7
182.617    -9.1     5.0    10.5
184.277    -2.7     8.8    15.5
185.938     0.7    19.5   -30.4
187.598   -21.2   -14.4   -17.0
189.258    -7.5   -31.9    19.0
190.918     5.0   -17.0   -12.4
192.578    -6.1    -8.9   -12.0
194.238     0.4     9.5     9.6
195.898     1.1    23.4    -5.5
197.559   -21.5     0.6   -36.1
199.219   -11.5   -32.5    17.8
200.879    11.0   -11.5   -11.9
202.539    -0.1   -12.9   -15.2
204.199    -1.3    -0.8     5.9
205.859     0.6    21.4     7.9
207.520   -20.6     4.4   -35.0
209.180   -13.1   -31.0     7.7
210.840    -5.7   -24.9     8.3
212.500   -58.1   -23.1   -23.1
214.160  -111.2   -20.9   -25.8
215.820  -146.0   -44.2   -85.1
217.480  -182.9   -95.0  -134.2
219.141  -185.3   -97.5  -130.9
220.801   -92.6  -104.6   -99.5
222.461   -76.9   -94.8  -116.6
224.121   -60.6   -34.1   -69.4
225.781   -58.1   -18.7   -74.9
227.441   -60.0   -41.9   -77.9
229.102   -45.1   -62.4   -25.4
230.762   -14.1   -35.3   -37.4
232.422   -15.1   -26.2   -33.1
234.082    -0.6     8.8    -1.7
235.742    -5.7    15.5   -28.7
237.402    -8.3    10.4   -45.2
239.062   -41.1   -35.2   -27.2
240.723   -21.1   -35.0   -13.9
242.383     5.2    -4.2    -5.3
244.043    12.1    21.4     4.3
245.703    -3.2    22.7   -13.6
247.363   -25.5     7.7   -28.0
249.023   -20.6   -35.0   -12.9
250.684   -21.3   -32.9   -25.8
252.344   -13.9   -16.7   -10.6
254.004    19.5    18.3    18.1
255.664    -1.8    19.1   -18.5
257.324   -22.1   -19.8   -15.3
258.984   -36.4   -35.7   -22.2
260.645   -23.9   -27.6   -20.7
262.305    -9.9   -20.4    -0.9
263.965    24.3    22.8     0.6
265.625    -3.3    20.8   -16.6
267.285   -25.0   -26.8   -11.7
268.945   -27.3   -29.2   -26.7
270.605   -10.9   -21.7   -10.8
272.266    -4.7   -13.7     8.6
273.926    12.8     6.0    19.0
275.586   -13.2     3.9   -24.1
277.246   -28.2   -24.6   -14.9
278.906   -19.4   -28.1   -12.0
280.566   -21.6   -26.7   -25.7
282.227    11.5     8.7    16.3
283.887     8.3    23.2   -10.6
285.547     3.6    14.5   -20.8
287.207   -12.5    -6.8   -27.8
288.867   -22.8   -19.6    -8.9
290.527   -20.8   -18.1   -11.1
292.188     9.8    13.4    18.2
293.848    11.0    19.6    21.0
295.508    -3.7    -6.3   -26.5
297.168   -26.4   -24.4   -16.9
298.828   -13.8   -18.5     0.3
300.488    -7.5   -13.2   -20.1
302.148     1.9    -1.7   -12.8
303.809     8.9    12.7    14.3
305.469   -15.8   -12.3   -29.9
307.129   -19.3   -24.5   -15.9
308.789   -13.0   -23.6    -0.4
310.449    -6.3   -12.3    -7.7
312.109    -1.6    -1.1   -13.1
313.770     2.0     8.9     7.1
315.430    -2.4     4.0    -0.9
317.090   -21.0   -25.2   -20.5
318.750   -20.6   -26.9    -8.7
320.410   -11.8   -23.5    -7.5
322.070    -4.1    10.7    -8.6
323.730    -3.9    11.0    -2.0
325.391    -6.1    -3.9   -14.2
327.051   -16.0   -15.3   -23.3
328.711   -13.2   -30.6     0.7
330.371    -5.2   -13.8    -6.5
332.031    -6.0     4.5   -17.0
333.691    -8.0    10.1    -4.6
335.352    -5.7     8.8     3.7
337.012   -13.4   -15.3   -21.6
338.672   -17.5   -23.8   -19.3
340.332     3.2   -12.9     1.7
341.992     3.8     9.0   -19.4
343.652    -8.0    11.4     4.7
345.312    -6.9   -13.6   -21.0
346.973   -16.0   -22.7   -33.2
348.633   -22.7   -36.7    -2.0
350.293    -7.7   -17.2    11.9
351.953     9.5     9.1   -17.0
353.613    -3.9     6.3   -26.8
355.273    -5.0     2.6    10.6
356.934   -13.8    -7.6   -18.1
358.594   -18.6   -39.1   -14.4
360.254   -16.5   -39.7     5.6
361.914     9.5    13.2   -16.8
363.574    -7.8    12.6   -23.7
365.234    -4.7     7.1     7.2
366.895    -9.1    -6.8   -14.1
368.555   -15.3   -24.5   -25.1
370.215   -23.4   -34.1    -1.9
371.875    -3.4     5.8   -21.1
373.535    -5.8     9.9   -11.4
375.195    -2.4     5.0     6.4
376.855     2.6    -1.0     3.5
378.516   -15.6   -32.3   -22.6
380.176   -13.9   -13.2    12.3
381.836    -3.3    -3.0    -5.6
383.496    -6.9     1.9   -17.7
385.156     0.3     4.7     9.7
386.816    10.6     4.2     3.2
388.477   -13.7   -29.4   -23.2
390.137   -17.6   -26.1     4.5
391.797    -7.7    -1.3   -11.1
393.457   -10.2    -0.9   -22.1
395.117    -9.2     1.6    -7.3
396.777    13.3     6.0     7.3
398.438   -11.0   -20.0   -22.5
400.098   -17.2   -24.9   -15.3
401.758   -16.0   -11.8    -2.1
403.418    -6.7    -3.0   -21.2
405.078    -4.1    -6.6   -14.4
406.738    14.0     9.5     5.4
408.398     1.0     3.8   -14.1
410.059   -24.1   -27.7    -9.7
411.719   -20.2   -28.3    -6.4
413.379   -11.8    -2.8   -10.2
415.039     4.8    -3.8     0.8
416.699    18.8     7.0     2.1
418.359    -5.3     9.9   -12.0
420.020   -16.8   -16.4    -6.7
421.680   -13.8   -25.4   -16.0
423.340   -20.0   -17.6    -8.9
425.000   -13.0   -10.2     3.8
426.660    16.2     5.0    -1.4
428.320   -10.6     9.5    -7.6
429.980   -16.2   -11.7     1.0
431.641   -18.9   -18.7    -0.9
433.301   -18.2   -26.0   -25.1
434.961   -13.7   -22.8     2.4
436.621    16.5     3.4    11.6
438.281     5.5    22.7   -30.5
439.941   -22.0     0.9   -12.5
441.602   -12.8   -20.3   -20.8
443.262   -19.6   -26.1   -29.2
444.922   -18.4   -24.4   -19.8
446.582    20.4     7.5    25.3
448.242     4.8    24.0   -25.8
449.902   -27.4    -9.9   -21.7
451.562   -24.0   -18.7    -6.3
453.223   -16.9   -20.2   -24.3
454.883     6.0   -13.3    16.1
456.543    10.4   -10.7    17.7
458.203    15.3    30.3    -8.9
459.863   -29.2    -7.0   -29.4
461.523   -24.8   -19.7    -0.2
463.184   -10.6   -22.4   -13.4
464.844     8.7   -10.1     9.6
466.504    19.2    21.9    21.1
468.164    -7.0    10.2   -30.7
469.824   -33.2   -15.8   -16.4
471.484   -25.6   -21.8     1.4
473.145   -21.8   -22.9    -2.1
474.805     0.2   -20.0   -18.1
476.465    21.6    18.5    22.1
478.125    -8.8     5.4   -31.0
479.785   -33.3   -17.7   -27.7
481.445   -20.2   -29.2     1.2
483.105   -20.4   -28.6     3.6
484.766     5.7   -11.2   -14.1
486.426     6.3    -7.0    -9.0
488.086    11.4    21.4    10.2
489.746   -19.1     1.7   -29.9
491.406   -30.3   -25.4   -10.0
493.066   -10.7   -27.5    -0.3
494.727    -5.0   -12.6   -15.3
496.387     2.6    -4.8    -7.9
498.047     1.7    18.0    -4.7
499.707   -19.7     0.4   -26.1
501.367   -22.7   -28.5   -10.0
503.027    -6.9   -21.8    -1.9
504.688    -3.6    -8.3    -8.8
506.348     2.0    -3.2     0.6
508.008     3.9    15.7   -10.7
509.668   -22.6    -8.3   -15.4
511.328   -16.4   -22.6     0.1
512.988   -10.1   -21.3    -7.8
514.648    -0.1   -12.7   -11.9
516.309     0.5    -4.6     7.0
517.969     0.0    13.5   -11.8
519.629   -26.0   -17.0   -18.2
521.289    -3.8   -11.1     0.9
522.949     6.8    -2.5    -8.2
524.609    -4.1   -15.9    -6.2
526.270    -5.1    -8.9     2.4
527.930   -13.1     1.6   -21.0
529.590   -15.6    -6.1   -21.1
531.250   -11.9   -18.1    -2.4
532.910    -0.3    -6.3    -6.6
534.570    -3.8    -2.5    12.7
536.230    -3.0    -3.2    13.2
537.891    -3.8     2.9     9.5
539.551   -15.2   -11.9   -28.0
541.211    -9.3    -4.8     0.3
542.871     1.1     2.6     1.7
544.531     2.5    -4.8    -9.9
546.191     5.8    -0.7    10.0
547.852     0.9     2.7    15.0
549.512    -8.3    -7.9   -13.1
551.172   -25.4   -19.3   -20.6
552.832     0.3    -1.5     9.0
554.492    10.7     4.2   -10.7
556.152    -6.5    -3.0    -4.9
557.812    -4.4    -3.6    10.8
559.473    -6.1    -8.5    -7.1
561.133   -20.8   -20.7   -16.7
562.793     2.0    -3.1     5.4
564.453    -2.5    -2.3   -12.2
566.113    -0.7    -3.2   -18.9
567.773    -4.2    -4.4     8.4
569.434    -6.9    -3.0    -5.6
571.094   -13.2   -19.9   -12.8
572.754    -6.0   -21.2    -3.7
574.414    -6.8     2.4   -16.4
576.074    -7.5     5.2   -14.0
577.734     0.3    -2.4     2.9
579.395    -6.4    -2.9    -5.7
581.055   -13.6   -16.1    -3.6
582.715    -7.5   -22.2   -10.7
584.375    -6.1   -13.3   -19.7
586.035   -12.5     6.6     2.4
587.695    -1.8     8.5     7.2
589.355    -3.8     0.0   -16.6
591.016   -13.8   -16.2     7.5
592.676    -3.7   -20.1    12.2
594.336    -4.7   -11.6   -27.7
595.996   -16.1    -3.9     0.6
597.656   -15.4    -4.8    -0.2
599.316    -5.9     8.8   -24.4
600.977   -13.0   -24.4     6.7
602.637     4.3   -17.4     4.2
604.297     1.6   -15.5   -12.8
605.957   -11.0    -6.0   -16.6
607.617    -2.2    14.4     3.0
609.277     1.7    16.7    -8.3
610.938   -20.9   -10.4   -22.0
612.598    -1.4   -30.0    18.4
614.258     4.4   -11.3   -21.8
615.918    -6.9    -1.9    -4.6
617.578   -13.1    -2.2    -0.6
619.238     2.7    19.3    -9.1
620.898   -25.2   -18.2   -20.8
622.559   -22.0   -30.8    -2.3
624.219     7.0   -18.9     7.7
625.879    -4.3   -11.1   -14.5
627.539    -0.2     9.8    12.2
629.199    -6.8    17.4   -19.4
630.859   -12.2     4.3   -34.6
632.520   -25.7   -33.9     1.1
634.180    -7.6   -25.3    13.1
635.840     1.5   -20.6    -9.1
637.500    -5.7   -13.8   -19.9
639.160     3.0    22.5    12.4
640.820   -11.2     0.7   -33.5
642.480   -28.5   -35.5     1.9
644.141   -15.1   -26.4    10.4
645.801    10.0   -11.6     8.3
647.461    13.9     3.2    -4.6
649.121    -1.0    20.3     9.6
650.781     0.6    20.4    -0.9
652.441   -25.3   -13.8   -37.2
654.102   -16.4   -31.5     8.1
655.762     4.1   -13.7     4.1
657.422     3.3    -0.2   -11.7
659.082     1.5     9.4    11.5
660.742    -7.4    12.9     5.9
662.402    -9.9    -1.3   -23.7
664.062   -26.0   -34.0   -12.0
665.723   -14.4   -26.7    -0.3
667.383     0.5     2.9    -6.3
669.043     6.4     4.4     3.6
670.703     4.8    12.0    -4.4
672.363    -3.7     8.6   -16.5
674.023   -15.2   -25.8    -8.3
675.684   -12.7   -34.2    -9.0
677.344   -11.0    -9.9   -13.7
679.004    -4.7    -2.0    10.1
680.664    16.5     6.4    -0.8
682.324     4.1     8.4   -20.7
683.984   -19.3   -24.6     3.1
685.645   -12.1   -26.0    -5.6
687.305    -6.1   -14.2   -20.5
688.965   -12.8    -6.9   -16.7
690.625     1.0     0.2    14.0
692.285     5.3    14.1   -15.9
693.945    -3.2     1.9   -25.6
695.605    -0.8   -18.0     4.1
697.266    -6.9    -6.1   -17.4
698.926   -18.5   -11.0   -24.4
700.586    -5.5   -10.5    11.0
702.246     2.5     9.5    -7.0
703.906    -0.1    10.3   -17.9
705.566   -10.2   -15.2   -12.7
707.227    -6.2    -1.8   -18.2
708.887   -16.3   -13.1   -26.8
710.547   -19.6   -17.7   -15.8
712.207    -1.1     6.5    -1.3
713.867   -12.4   -13.8   -17.7
715.527   -12.9   -18.3   -14.8
717.188     5.7    -4.0    15.0
718.848    -5.0   -14.7   -21.1
720.508   -19.4   -18.1   -19.1
722.168   -10.3     4.8     5.2
723.828    -9.4     3.0     1.6
725.488     3.7     3.7    -3.6
727.148    23.9    12.3    27.6
728.809     3.2    -8.5     1.0
730.469    -8.9   -11.1   -18.1
732.129   -17.6   -14.8   -12.8
733.789    -4.9     3.2   -17.6
735.449    -8.2    -1.5   -23.7
737.109    -7.1    -6.8    -2.7
738.770     7.0    -8.6    15.5
740.430     5.0   -11.0    -8.1
742.090   -15.6   -13.6   -13.6
743.750   -11.1     1.4    -2.4
745.410   -10.1     3.8   -20.5
747.070    -7.4    -3.6   -11.8
748.730     2.1   -14.2    11.0
750.391     0.2   -13.8    -6.1
752.051    -4.9    -8.8   -13.1
753.711   -12.0    -9.9     0.0
755.371   -17.7    -2.9   -27.2
757.031     2.6    -4.0     6.3
758.691    16.9    -6.4     4.0
760.352    10.2    -8.3    -6.0
762.012    -7.0   -19.5    -8.8
763.672   -12.8    -7.5    -1.9
765.332    -8.8     1.3    -8.2
766.992    -6.3    -7.2    -1.7
768.652     3.5    -7.8     4.9
770.312    11.3    -6.1     3.0
771.973   -11.3   -18.5    -7.8
773.633    -6.7   -13.3     6.8
775.293   -11.3    -2.0    -7.5
776.953   -16.3    -1.7   -18.8
778.613     5.6    -4.3    13.6
780.273     6.5    -4.8    -2.0
781.934    -8.1   -17.7   -16.9
783.594   -11.0   -16.8    -3.9
785.254   -13.4     3.4   -21.3
786.914   -12.6    -3.3    -8.3
788.574   -12.7    -4.2    -4.8
790.234    -1.3     0.7    11.7
791.895    -4.6   -15.2   -20.9
793.555   -11.8   -17.4   -15.9
795.215   -12.4   -13.3     5.3
796.875    -9.5    -2.9   -16.6
798.535   -12.4    -3.9   -27.3
800.195     5.2    -1.2    12.0
801.855     5.0    -7.1   -11.3
803.516   -12.0   -19.8   -29.2
805.176   -22.1   -15.6    -1.4
806.836   -14.0    -9.8     5.9
808.496    -4.0    -5.8   -18.6
810.156    -0.9    -4.4   -14.0
811.816    -0.3     0.9     6.4
813.477    -8.4   -10.0   -24.8
815.137   -18.3   -18.2   -18.2
816.797    -9.9    -7.8     7.5
818.457    -2.0    -2.0    -8.8
820.117     0.6    -5.6   -11.2
821.777    -0.1    -5.3     3.1
823.438    -2.3    -1.1    -7.0
825.098   -19.2   -19.1   -15.4
826.758   -20.1   -20.9    -9.9
828.418    -6.9    -4.6     1.0
830.078     2.3     1.5    -7.7
831.738     4.9    -5.5     5.5
833.398     3.9    -6.3     2.9
835.059   -21.8    -8.1   -22.2
836.719   -23.5   -19.0   -11.4
838.379     2.4     4.2    -5.7
840.039     3.1     5.4    -8.7
841.699     5.6    -1.9     7.2
843.359     2.6   -10.0    -4.2
845.020   -17.5    -6.2   -20.4
846.680   -18.2   -20.0    -3.7
848.340    -2.2   -11.6   -11.4
850.000    -1.2     2.9   -15.1
851.660     0.7     0.7    17.1
853.320    10.2    -0.9    11.1
854.980     2.6    -7.0   -22.2
856.641   -28.1   -21.5    -3.8
858.301   -20.5   -17.0     2.8
859.961    -5.0     0.2   -26.0
861.621     1.9    -4.4    18.2
863.281     6.7     2.7   -21.5
864.941   -12.4    -5.6   -34.1
866.602   -24.5   -24.4    -7.3
868.262   -12.2   -16.0     6.4
869.922    -7.6     7.1   -22.8
871.582   -14.3    -2.0     3.3
873.242     8.1     1.5    12.3
874.902     2.7     0.5   -25.3
876.562   -22.3   -23.1   -22.5
878.223    -9.4   -17.0    13.5
879.883     1.9     5.2    -8.7
881.543    -2.9     3.1   -27.1
883.203    -1.6    -0.9    11.5
884.863     0.8    -3.0   -21.4
886.523   -10.2   -15.9   -26.2
888.184    -5.9   -13.5    11.2
889.844     4.4     2.8    11.0
891.504   -14.3    -6.0   -28.3
893.164   -20.2   -13.3    -7.6
894.824     1.4     0.9    -7.0
896.484    -7.1   -17.4   -19.4
898.145    -9.3   -18.0   -16.4
899.805     5.8     1.6   -10.0
901.465     0.6    -0.6   -23.1
903.125   -22.8   -11.2   -10.8
904.785    -8.4    -6.2    -8.3
906.445    -8.9   -11.0   -16.8
908.105    -3.2   -16.2   -14.1
909.766     6.8     3.8    17.4
911.426     0.1     4.7   -20.2
913.086   -15.2    -8.4   -26.0
914.746   -11.6   -13.7    -6.7
916.406    -5.5    -7.5   -22.5
918.066    -7.1   -10.2   -21.7
919.727     4.6    -3.5    10.4
921.387    14.3     6.3    16.5
923.047   -13.0    -0.4   -20.5
924.707   -18.9   -22.2    -8.2
926.367   -19.9   -16.9   -22.6
928.027   -14.6    -9.1   -18.3
929.688    -2.9    -8.3     1.5
931.348    24.6    17.2     5.0
933.008     3.0    14.9   -10.3
934.668   -18.2   -23.4    -9.3
936.328   -28.8   -21.9   -22.4
937.988   -28.1   -22.1   -21.2
939.648    10.0     0.2     5.5
941.309    24.7    24.9    -7.6
942.969     9.2    22.3    -9.4
944.629   -19.2   -22.4    -6.2
946.289   -32.3   -28.3   -24.5
947.949   -20.6   -23.3    -9.1
949.609    22.3    10.4    11.2
951.270    20.1    22.2    -3.6
952.930    -0.2     2.8    -7.5
954.590     5.7     2.9    18.4
956.250    -3.8    -1.6     1.4
957.910   -29.0   -32.6   -27.4
959.570   -15.4   -25.2     1.1
961.230    16.1    21.9     3.7
962.891     1.5    -1.7   -10.0
964.551     0.8    -0.3   -11.8
966.211    -9.4   -11.3    -3.9
967.871   -24.7   -31.0   -27.2
969.531   -18.7   -24.6    -4.1
971.191    10.7    13.1    11.2
972.852     6.8    10.3   -17.1
974.512    -6.5    -0.4   -13.5
976.172    -7.0    -5.3     6.8
977.832   -18.3   -27.9   -24.8
979.492   -15.2   -25.3   -13.2
981.152     6.3     5.0    16.1
982.812     6.4     9.9    -9.4
984.473    -6.4     2.1   -22.3
986.133    -7.1   -16.3   -11.6
987.793   -10.4   -22.8   -28.1
989.453    -7.2   -13.1    -1.0
991.113    -2.5    -8.1     6.3
992.773     0.0     7.7    -0.1
994.434   -12.2    -5.5   -19.2
996.094    -5.6   -11.2     0.2
997.754    -8.9   -15.6   -14.4
999.414    -9.0   -18.7   -10.8
1001.074    -4.5   -12.5     6.3
1002.734   -11.3     0.1   -25.0
1004.395   -16.7    -9.7   -12.3
1006.055   -12.3    -9.4     0.0
1007.715     0.4    -8.5   -12.6
1009.375    -8.8   -12.0    -2.9
1011.035    -1.8    -5.6     4.5
1012.695    -7.7     1.2   -18.0
1014.355   -12.2    -1.4   -11.2
1016.016    -8.8   -13.3     5.3
1017.676    -4.2   -15.6   -11.6
1019.336    -2.9    -7.2    -7.2
1020.996     4.2    -2.6    -0.2
1022.656     4.6     1.9    -7.7
1024.316   -12.5    -0.1    -5.2
1025.977    -8.7    -9.6     8.8
1027.637    10.1    -7.1    -0.2
1029.297     0.4   -12.6    -7.1
1030.957    -8.0    -8.6    -0.6
1032.617   -15.5     1.6   -22.2
1034.277    -8.9     2.5   -27.6
1035.938     0.8   -13.0    16.8
1037.598    -0.3   -11.5   -16.8
1039.258    -5.7   -11.6   -24.0
1040.918   -12.5    -1.8    -6.0
1042.578   -14.0    -2.2   -33.2
1044.238   -13.1    -1.9   -32.5
1045.898   -10.1    -8.6    -1.1
1047.559    18.3    -1.4     1.1
1049.219     1.7    -5.2   -17.6
1050.879    -3.4   -14.0    -4.3
1052.539    -8.8     5.1   -17.5
1054.199   -26.2    -9.4   -22.3
1055.859    11.1    -3.1    17.0
1057.520    11.5    -2.0    18.3
1059.180     9.7    -5.1    -9.7
1060.840    -9.0   -19.6   -12.5
1062.500   -17.4    -9.5     4.9
1064.160   -18.0    -1.3   -24.3
1065.820   -16.6    -7.6   -23.3
1067.480    -3.4    -2.8    12.8
1069.141     9.1    -5.5    -6.9
1070.801     5.6   -13.6   -15.9
1072.461   -20.8   -17.0    -4.1
1074.121   -14.8     1.1   -14.5
1075.781   -13.2     1.0   -18.9
1077.441     0.0    -3.8    10.3
1079.102    13.7    -6.9    -2.4
1080.762     1.6   -18.3   -22.9
1082.422   -14.4   -19.4   -10.0
1084.082   -11.0     8.0   -18.5
1085.742   -13.0     2.2   -24.4
1087.402     3.6    -1.2     8.4
1089.062     4.0     1.2    -5.1
1090.723    -9.2   -18.0   -12.1
1092.383   -14.4   -23.6    -4.4
1094.043   -12.6    -4.7    -6.7
1095.703    -8.0    12.1   -11.7
1097.363    -1.6     2.2    -4.3
1099.023     7.1    -1.9    -4.6
1100.684   -19.4   -24.0   -11.4
1102.344   -19.8   -33.0    -6.0
1104.004    -0.8    -8.3   -15.9
1105.664    -5.8    18.9   -10.5
1107.324    -1.9     9.1     7.1
1108.984     4.3    -6.2   -19.6
1110.645   -11.1   -17.8   -15.5
1112.305   -16.7   -31.5     2.5
1113.965    -5.9   -14.3   -10.8
1115.625    -7.6     3.3     6.2
1117.285     2.9     6.3    14.6
1118.945    14.6    13.7    -1.6
1120.605   -15.2   -24.3   -23.4
1122.266   -24.5   -36.4     6.3
1123.926    -2.2    -9.1    -0.5
1125.586    -4.4     2.5    -1.6
1127.246     9.4     3.5    14.0
1128.906     0.0     6.2   -17.4
1130.566   -24.5   -26.3   -22.7
1132.227   -15.7   -24.6     7.2
1133.887    -6.0    -2.1    -8.2
1135.547    -5.0     0.2     8.5
1137.207    -0.5     2.2    11.0
1138.867    -2.5     0.0   -15.5
1140.527   -19.3   -31.0   -26.3
1142.188   -31.1   -36.1    -8.0
1143.848    -1.2     5.7     0.4
1145.508    -4.6    -4.0   -20.8
1147.168     0.4     6.6    12.9
1148.828    -3.5    -3.1    -6.8
1150.488   -21.3   -24.8   -24.7
1152.148   -22.2   -24.2   -21.7
1153.809    -3.5    -0.5   -20.3
1155.469    -8.0    -3.5   -18.4
1157.129     0.0     1.4    15.5
1158.789     2.1    -0.4    -3.6
1160.449   -15.4   -22.0   -35.5
1162.109   -14.0   -12.7    -2.2
1163.770    -3.4     4.9    -2.5
1165.430    -6.3    -0.9   -20.8
1167.090    -3.6    -9.7     3.1
1168.750     2.1    -3.1    -7.9
1170.410    -2.9    -7.3   -23.5
1172.070    -9.3   -15.6    -1.2
1173.730    -6.1    -3.6   -12.8
1175.391    -7.0     0.7   -19.5
1177.051    -9.1    -7.6     5.7
1178.711     3.0    -8.6     1.7
1180.371    -8.8    -2.0   -18.5
1182.031    -6.4    -8.3    -4.9
1183.691    -3.4    -4.0    -2.6
1185.352    -9.8    -4.0   -11.8
1187.012     1.8    -7.6     1.0
1188.672   -14.0    -4.3   -21.9
1190.332    -9.1    -2.0   -19.8
1191.992    -5.4    -9.2    -6.7
1193.652    -6.8    -5.6   -17.9
1195.312    -9.4   -16.6    -1.9
1196.973     0.7    -9.4     7.0
1198.633     3.0     7.1   -11.1
1200.293   -11.3   -10.3   -11.3
1201.953    -8.0    -6.0    -4.0
1203.613   -13.8   -12.3   -18.7
1205.273     7.1    -7.4    12.2
1206.934     3.7     2.4     3.8
1208.594   -15.6    -1.0   -20.6
1210.254   -14.7    -8.6    -8.3
1211.914    -6.7   -16.0    -9.2
1213.574   -16.1   -25.3   -21.6
1215.234    -1.3   -18.2     0.0
1216.895     5.4    11.9     9.5
1218.555    -2.7     8.7   -23.2
1220.215   -23.2   -12.9   -10.7
1221.875   -16.0   -16.0    -0.5
1223.535    -4.2   -23.5   -13.6
1225.195    -7.6   -21.3   -11.7
1226.855    12.5    18.6     3.1
1228.516    -2.4     6.9   -23.0
1230.176   -22.6    -5.8   -22.3
1231.836   -15.2   -27.2    -4.8
1233.496   -10.3   -29.7   -16.2
1235.156     7.7   -11.2     2.7
1236.816     2.5     5.0    16.3
1238.477    -7.2    16.1   -23.1
1240.137   -23.2   -26.3    -4.9
1241.797   -27.2   -20.9    -8.2
1243.457     7.1   -20.4    -7.9
1245.117     5.9   -16.5    -7.8
1246.777    15.2     8.5    14.1
1248.438    -9.8    17.4   -23.0
1250.098   -25.8   -14.4   -24.1
1251.758   -21.4   -34.0   -10.1
1253.418     0.5   -14.3    -6.5
1255.078    10.7     0.8     8.3
1256.738    14.8     4.9     8.0
1258.398     6.9    10.9    -7.2
1260.059   -19.4     3.8   -21.9
1261.719   -27.0   -24.3   -10.2
1263.379    -3.1   -15.6   -15.2
1265.039     6.9     4.7    11.3
1266.699    20.5    12.0    16.1
1268.359    10.3    10.4   -10.1
1270.020   -36.0   -19.6   -14.3
1271.680   -30.9   -27.7   -10.1
1273.340     0.5    -8.4   -25.7
1275.000     7.0     0.9    -0.1
1276.660    18.0     9.8    10.0
1278.320   -16.2   -14.6   -36.6
1279.980   -26.9   -25.0    -3.3
1281.641    -3.9    -0.2   -24.1
1283.301    -3.6     2.5   -23.2
1284.961     0.8     4.6    19.7
1286.621    15.8    10.4    10.9
1288.281   -16.2   -22.9   -23.6
1289.941   -24.8   -32.3     3.7
1291.602   -15.1   -13.1    -7.7
1293.262    -7.5     4.4   -27.2
1294.922     4.4     4.5    14.8
1296.582    13.5     8.8    19.8
1298.242     0.0    -9.0   -21.5
1299.902   -22.9   -34.4   -13.6
1301.562    -4.9    -6.7    -0.2
1303.223   -16.7     2.1   -33.7
1304.883   -12.9     3.4     1.0
1306.543    -6.6     2.4    15.9
1308.203     0.3   -22.6   -22.5
1309.863    -7.6   -27.6    -9.5
1311.523   -10.6   -12.7     6.5
1313.184   -12.8     3.3   -28.5
1314.844   -22.7    -4.2    -5.1
1316.504    12.3     6.3    13.7
1318.164    19.5    -3.7    -7.4
1319.824     1.2   -20.8    -4.2
1321.484   -19.1    -0.3   -24.5
1323.145   -23.9    -4.5   -34.8
1324.805   -21.0   -10.9    -6.4
1326.465    10.4     0.8     9.3
1328.125    14.8    -0.8    -8.8
1329.785     6.4   -11.1     1.5
1331.445     4.4   -11.6    10.9
1333.105   -20.6    -5.3   -34.8
1334.766   -33.3   -20.6   -18.7
1336.426     5.4     0.3     7.2
1338.086    11.6     3.7     7.7
1339.746    17.7    -2.9     4.2
1341.406   -45.9   -14.7   -29.3
1343.066   -44.1   -14.8   -29.1
1344.727   -31.2   -22.8   -10.0
1346.387    -8.2   -17.3    -2.8
1348.047    11.4    12.2     3.9
1349.707    13.7     4.6    12.6
1351.367   -15.7    -7.8   -23.5
1353.027   -43.7   -21.0   -19.7
1354.688   -33.2   -26.3    -0.8
1356.348    13.5     4.8    -9.1
1358.008     9.3     1.6    13.3
1359.668     8.6    -2.9     3.8
1361.328    -2.7     1.0   -12.6
1362.988   -26.8   -35.0    -2.6
1364.648    -2.6   -15.3     0.2
1366.309     9.8    17.9    -4.1
1367.969     6.2    13.7    -3.2
1369.629     5.4    -1.2     6.8
1371.289   -29.3   -22.3   -32.7
1372.949   -23.5   -24.8    10.3
1374.609     9.6     8.6     1.3
1376.270    14.7    13.6   -15.3
1377.930     7.3     1.5    -1.3
1379.590    -6.0    -3.3     3.6
1381.250   -38.4   -32.7   -37.3
1382.910   -38.9   -40.9   -19.4
1384.570     7.1     1.8    19.5
1386.230    25.4    23.8    -6.7
1387.891     0.9     4.5   -10.0
1389.551   -20.3   -13.0    -8.5
1391.211   -26.8   -31.3   -30.3
1392.871    -7.7   -13.0    11.6
1394.531    26.3    25.7    15.0
1396.191    17.6    19.2   -13.8
1397.852     2.3     5.4   -16.5
1399.512   -15.6   -10.1     4.8
1401.172   -33.3   -40.5   -32.8
1402.832   -12.5   -13.2     0.6
1404.492    -4.5    -4.6     9.8
1406.152    17.4    19.5   -15.1
1407.812   -14.5   -15.7    -5.9
1409.473   -18.8   -19.8    -5.0
1411.133   -35.4   -38.7   -28.1
1412.793   -10.9   -15.4    -1.2
1414.453    14.3     3.2    13.8
1416.113    27.9    27.7     5.2
1417.773   -13.2    -8.5    -5.0
1419.434   -21.6   -36.8   -17.4
1421.094   -28.0   -37.4   -30.2
1422.754     0.3    -2.4    12.7
1424.414     7.0     5.9    14.8
1426.074    -8.2     4.2   -12.3
1427.734   -12.1   -20.4    -2.1
1429.395   -17.6   -28.1   -10.6
1431.055   -19.6   -30.1   -14.4
1432.715    -3.8    -8.1     9.4
1434.375     9.5    31.2   -15.6
1436.035     0.8    19.8   -15.2
1437.695   -18.4   -22.7    -6.3
1439.355   -15.3   -28.7   -20.3
1441.016   -18.3   -30.4   -14.0
1442.676     0.4    -8.4    16.5
1444.336    17.4    23.9     8.9
1445.996   -13.4     7.1   -19.1
1447.656   -17.6    -9.1    -6.8
1449.316   -12.5   -22.0   -14.6
1450.977    -6.5   -25.4    -0.5
1452.637     7.4    13.6     1.3
1454.297     4.3    15.1    -8.9
1455.957   -13.0     8.7   -15.2
1457.617   -16.4    -7.0     0.7
1459.277    -2.2   -22.8   -13.2
1460.938    -6.0   -26.2    -8.3
1462.598     4.0     5.7     7.7
1464.258     0.0    13.6   -25.7
1465.918   -23.5    -3.7   -11.4
1467.578   -11.2    -3.5     5.3
1469.238   -13.2   -30.3   -22.5
1470.898    -3.0   -29.4    -7.2
1472.559     2.7    -6.0    20.4
1474.219     9.9    24.4   -19.9
1475.879   -25.1    -1.2   -10.8
1477.539   -13.7   -19.5    -3.0
1479.199    -6.7   -27.9   -15.5
1480.859    -6.4   -23.4     7.3
1482.520     2.7    -1.0    11.1
1484.180    12.9    20.6     3.4
1485.840   -21.7    -2.2    -8.1
1487.500   -17.9   -13.8     0.3
1489.160   -10.6   -32.3   -26.3
1490.820    -2.6   -26.8    -2.9
1492.480    14.2    19.0    13.5
1494.141     1.5    19.2   -16.7
1495.801    -9.4    -5.3   -12.0
1497.461   -15.6   -19.2   -13.6
1499.121   -22.7   -28.0   -17.5
1500.781     6.4   -10.3    10.0
1502.441    11.6     2.1     3.4
1504.102    10.1    31.0    -5.9
1505.762   -12.4   -14.1   -10.4
1507.422   -24.6   -28.9   -21.0
1509.082   -22.7   -28.6   -11.5
1510.742   -12.4   -21.4     8.1
1512.402    17.2    12.2    -5.7
1514.062     5.8    19.5   -15.1
1515.723   -11.4    -5.0     0.4
1517.383   -12.5   -20.9   -30.0
1519.043   -23.0   -25.9    -7.8
1520.703    -5.9   -15.1    22.1
1522.363    18.2    12.1   -10.5
1524.023    -9.6    10.4    -2.6
1525.684    -8.8    -1.7     9.7
1527.344    -7.0   -11.2    -8.9
1529.004   -13.3   -23.2    15.3
1530.664   -10.8   -21.2    18.3
1532.324     9.6    15.2   -22.8
1533.984   -11.1   -14.7     5.8
1535.645    -9.3   -14.0     6.0
1537.305   -10.8   -10.0   -18.5
1538.965   -12.2   -22.4     4.0
1540.625    14.4    13.7     4.2
1542.285     4.8    14.5   -20.4
1543.945   -17.7   -17.2    -6.6
1545.605   -10.4   -16.0     4.0
1547.266    -6.9    -9.3   -19.1
1548.926   -11.5   -15.6   -21.3
1550.586     9.6    12.6    15.0
1552.246     4.6    10.5   -10.8
1553.906   -14.6   -18.7    -0.1
1555.566    -7.8   -12.5     8.6
1557.227     0.0    -7.8   -11.5
1558.887   -18.0    -9.1    -6.8
1560.547     6.1    16.0    14.3
1562.207     1.2    -3.9   -21.3
1563.867   -13.2   -26.9   -18.2
1565.527    -8.7   -18.1     9.3
1567.188    -8.4    -2.1   -23.7
1568.848   -12.0     1.0   -22.0
1570.508    -1.8     6.0    14.0
1572.168    -0.9    -5.9   -21.4
1573.828    -7.0   -15.5   -23.7
1575.488    -6.5   -19.3     5.5
1577.148    -7.4     5.1   -19.1
1578.809    -4.0     4.7   -22.7
1580.469    -4.9    -1.5   -11.5
1582.129   -10.9    -9.8   -20.4
1583.789    -8.6   -16.2   -18.2
1585.449     3.5   -17.0     6.7
1587.109   -11.2     5.0   -19.6
1588.770   -14.6     1.4   -14.4
1590.430    -5.4    -3.8    -4.8
1592.090   -10.2    -2.2   -13.6
1593.750    -2.6   -26.6     6.5
1595.410     8.3   -24.9     4.7
1597.070    -3.5    -1.7   -16.2
1598.730   -17.8     2.2    -7.6
1600.391     1.0     1.6    -9.2
1602.051   -11.3   -10.8    -9.5
1603.711    -8.8   -25.3     4.7
1605.371     4.5   -15.9     2.1
1607.031    -3.4    -1.3   -19.7
1608.691   -11.8    -1.4    -0.3
1610.352    -2.0     8.9   -12.8
1612.012   -15.8   -21.0    -5.5
1613.672    -0.9   -24.2    16.0
1615.332     7.3    -7.2    -9.4
1616.992   -12.5    -8.0   -17.9
1618.652   -12.1     1.6     4.8
1620.312    -6.0     3.2   -17.9
1621.973   -11.9   -17.6   -12.5
1623.633     1.0   -16.7     9.0
1625.293    -8.4   -14.6   -13.3
1626.953   -12.3    -7.4   -12.8
1628.613    -2.0    11.5     5.0
1630.273     5.4    20.7    -4.3
1631.934    -6.9   -11.1    -9.0
1633.594    -9.6   -17.4     7.6
1635.254   -11.2   -23.9   -18.0
1636.914   -15.6   -14.4   -15.5
1638.574    -1.8    12.4     9.0
1640.234     4.3     9.5    -9.6
1641.895    -4.4    -5.5   -12.2
1643.555   -13.6   -22.8     2.7
1645.215   -10.4   -24.8    -8.2
1646.875    -9.9   -18.3    -7.0
1648.535    11.2    17.7    -5.2
1650.195     2.6    17.5   -13.3
1651.855    -8.3    -9.7     3.4
1653.516   -13.7   -29.0    -5.7
1655.176   -19.3   -32.8   -17.2
1656.836    -8.6   -13.0     3.8
1658.496     8.3    15.0    -1.9
1660.156     9.3    27.1   -19.7
1661.816    -3.7     3.4    -6.7
1663.477   -21.8   -29.1    -8.7
1665.137   -25.0   -29.9   -15.6
1666.797   -32.4   -35.3   -25.3
1668.457    -2.4   -16.6   -12.8
1670.117     1.1    -5.5   -21.7
1671.777   -31.4    -9.0   -27.0
1673.438   -31.8   -42.9   -41.6
1675.098   -35.4   -43.6   -42.1
1676.758   -21.7   -33.5    -9.5
1678.418    16.7     4.7    11.4
1680.078    14.2    16.5   -17.3
1681.738   -15.2     5.8   -11.2
1683.398   -20.2   -12.0    -7.5
1685.059   -18.7   -28.8   -18.0
1686.719     0.0   -19.3    16.2
1688.379    17.6    18.6     5.1
1690.039    13.4    17.2   -18.5
1691.699   -20.7    -5.7    -5.9
1693.359   -15.6    -9.7   -13.5
1695.020   -14.2   -21.0   -21.8
1696.680     2.4   -16.5    16.6
1698.340    20.5     5.5    17.7

Event #27  ts=2026-09-11 12:10:39.979  [SELECTED]
  t[ns]  u1[mV]  u2[mV]  u3[mV]
  0.000   -20.5   -22.9   -16.9
  1.660    18.4     4.4     4.3
  3.320   -33.5   -25.9   -20.1
  4.980   -19.7   -31.9     4.0
  6.641    -2.2     2.0   -19.4
  8.301    -5.4     9.7    -2.9
  9.961    17.3    11.7    15.1
 11.621    18.4    11.5    12.9
 13.281   -28.1   -37.0    -2.8
 14.941   -14.2   -32.2    -1.9
 16.602    -2.2     2.8   -21.1
 18.262    -4.6    14.6    -8.8
 19.922    20.5    20.0    18.2
 21.582    -1.1    -3.3   -12.6
 23.242   -36.7   -40.9   -21.0
 24.902   -19.1   -30.3     0.2
 26.562    -5.1     0.5   -11.8
 28.223     1.2    15.1     1.0
 29.883     7.7    19.6     9.8
 31.543    -3.1    -7.6   -19.7
 33.203   -35.9   -36.3   -26.7
 34.863   -31.8   -40.3    -9.3
 36.523     0.0    -5.4    -5.8
 38.184    -1.7    13.2   -15.2
 39.844    10.8    15.3    13.5
 41.504     8.8    -1.2    -8.0
 43.164   -28.1   -32.3   -28.4
 44.824   -14.3   -26.1     9.6
 46.484    -3.7    10.1   -20.8
 48.145    10.3    13.2    19.1
 49.805     7.0    15.2    18.2
 51.465   -22.0   -22.3   -41.6
 53.125   -29.0   -27.0    -4.8
 54.785    -2.0   -12.9     9.7
 56.445     5.9    -0.2     0.6
 58.105     2.2    10.0     5.0
 59.766     8.5     4.0    10.2
 61.426   -25.7   -24.2   -33.4
 63.086   -29.0   -30.4   -12.2
 64.746     5.1     5.4    -4.0
 66.406    -0.1    11.2   -11.5
 68.066     4.5     6.5    12.0
 69.727     4.3    -1.4     2.2
 71.387   -26.2   -25.4   -29.7
 73.047   -24.7   -30.7   -16.4
 74.707    -3.1   -10.9     0.2
 76.367    -4.2    11.5   -10.6
 78.027    -3.7     8.9     8.8
 79.688     1.7    -1.7    -2.2
 81.348   -11.7   -18.7   -27.4
 83.008   -12.8   -25.1    -3.9
 84.668   -10.4   -21.7     0.3
 86.328    -9.0    11.1    -9.5
 87.988    -5.0     4.8     9.4
 89.648     7.6    -0.1    10.0
 91.309   -24.0   -26.2   -28.4
 92.969   -25.5   -29.4   -16.1
 94.629     4.2    -9.5     2.3
 96.289     4.0     3.3    -8.7
 97.949   -13.2     8.4    -0.5
 99.609     1.5   -10.3   -15.4
101.270     4.0    -4.6    -5.6
102.930    -2.8   -23.7     7.3
104.590    -1.5   -19.6     8.5
106.250   -10.6     7.7   -25.3
107.910   -13.0     5.8     3.4
109.570     3.5    -1.3     7.2
111.230    -9.0   -20.6   -22.5
112.891   -10.6   -24.8    -0.1
114.551    -2.4   -12.9     6.0
116.211    -7.6     2.0   -24.5
117.871   -13.8     4.6   -22.2
119.531   -10.2     7.3     4.5
121.191    -2.1    -1.6    -9.5
122.852    -5.6   -31.8    -7.5
124.512     9.4   -16.7    11.7
126.172    -5.4     2.3   -14.6
127.832   -20.0     5.1   -21.8
129.492    -7.7     4.5    -1.4
131.152    -0.9     3.2    -8.5
132.812    -9.0   -30.1    -2.5
134.473     7.3   -24.8    11.5
136.133    -9.3     3.6   -28.1
137.793   -17.7     4.6    -4.9
139.453    -2.9     6.2    -2.9
141.113   -14.5   -25.0   -10.7
142.773    -7.3   -29.6     1.4
144.434    10.3   -12.0     6.1
146.094    -7.1     3.6   -19.6
147.754   -11.9     3.1     1.4
149.414    -6.0     5.6    -7.9
151.074   -15.4    -6.1   -18.5
152.734   -15.4   -23.6    -0.8
154.395    11.2    -9.3    -7.8
156.055    -4.0    -1.0   -18.8
157.715   -13.1     7.0    -1.5
159.375     1.2     8.6    -2.2
161.035   -24.9    -6.7   -25.5
162.695   -16.5   -25.3     3.3
164.355    11.2   -18.5    -0.8
166.016     2.0    -7.4   -15.5
167.676    -0.5     7.2    10.2
169.336     7.3    13.9     5.7
170.996   -18.1     1.3   -30.6
172.656   -30.9   -28.0    -2.8
174.316     9.5   -13.0     0.1
175.977   -10.9     0.9   -20.0
177.637    -4.3     3.1     1.0
179.297    10.7    12.9    -7.3
180.957   -26.2   -27.1    -0.7
182.617   -13.8   -27.2     6.7
184.277     6.2    -9.5    -9.1
185.938   -15.0    -4.0   -11.8
187.598    -7.5     0.3    11.0
189.258    11.8    11.8    -7.4
190.918     7.5     7.8   -18.9
192.578   -22.4   -25.8     2.8
194.238     1.0   -10.2    -2.5
195.898   -15.9    -7.7   -13.3
197.559   -15.0    -6.6    -7.3
199.219    12.1    10.6    -7.5
200.879   -14.4   -18.9     9.1
202.539   -13.9   -19.6     8.5
204.199    -2.1    -9.3    -7.1
205.859   -17.7    -7.1   -23.8
207.520    -7.1     4.2    19.9
209.180   -32.5     4.6     4.2
210.840  -284.7   -49.8   -16.8
212.500  -316.3   -77.0    13.5
214.160  -273.8  -102.4     1.7
215.820  -172.4  -160.9   -20.5
217.480  -137.8  -133.3     4.7
219.141  -136.5  -122.8   -12.2
220.801  -124.0  -113.0   -27.0
222.461   -40.0   -62.6     3.3
224.121   -58.7   -55.5   -26.7
225.781   -63.8   -47.7    -0.3
227.441   -54.2   -43.5    10.6
229.102   -12.4   -25.2    -5.8
230.762   -22.0   -35.3    -6.9
232.422   -13.0    -3.4     1.4
234.082   -43.8    -6.8   -22.0
235.742   -38.3   -21.8    -4.6
237.402   -17.3   -23.4    -0.4
239.062   -14.9   -19.1   -10.4
240.723     0.9   -20.1     2.5
242.383     2.8    -5.8     2.9
244.043   -29.7     8.2   -24.6
245.703   -39.2   -14.7    -6.4
247.363   -10.2   -21.1     7.2
249.023   -10.2   -21.2    -7.8
250.684   -10.2   -17.9    -0.1
252.344    -3.2    14.4   -10.4
254.004   -39.2    -9.9   -26.8
255.664   -32.9   -23.1    -3.6
257.324    -8.5   -20.6     9.2
258.984    -4.2   -20.5    -8.5
260.645     1.2    -9.1     4.4
262.305     0.7    13.0    -5.4
263.965    -7.6    12.5   -12.6
265.625   -19.5   -19.2     4.2
267.285     1.9   -21.5    -0.7
268.945     2.1   -21.3    -6.1
270.605     0.5    -0.2     5.8
272.266    -1.1    10.4    -8.1
273.926   -17.4     5.8   -25.5
275.586   -36.2    -9.7   -28.0
277.246    -1.9   -24.8    -0.1
278.906     0.5   -18.1   -10.6
280.566     5.1     2.7     7.0
282.227    -9.9    10.7   -20.2
283.887   -17.8     6.5   -27.6
285.547     4.3   -24.8     8.0
287.207     4.4   -15.7    -8.0
288.867    -6.9   -13.8   -15.2
290.527    -1.5     4.0     7.3
292.188   -10.3    10.1   -18.5
293.848   -23.2   -19.6    -2.5
295.508    -6.8   -26.5     5.5
297.168    -0.9   -14.2   -16.0
298.828    -9.5    -6.0    -4.1
300.488    -9.0    -2.0    11.3
302.148    -7.6     3.7   -14.4
303.809   -23.9    -0.7   -27.0
305.469    -2.9   -21.4    12.3
307.129     6.5   -15.6    -9.1
308.789   -14.9    -9.5   -12.2
310.449   -12.7    -1.5     2.6
312.109   -18.4    -1.9   -22.8
313.770   -15.9    -2.9   -20.3
315.430    11.1    -9.4    12.8
317.090     2.9    -9.1    -5.0
318.750   -20.0   -18.2    -5.2
320.410   -14.4   -10.9     5.2
322.070   -13.3     2.9   -25.1
323.730   -11.0    -5.6    -6.6
325.391    12.7    -3.3     5.9
327.051     1.5    -5.9    -9.1
328.711   -23.7   -22.2     0.8
330.371   -11.9   -17.0     2.9
332.031    -9.6    -4.1   -23.8
333.691    -1.7    -0.6    11.5
335.352    20.8     8.4     0.5
337.012   -17.1    -9.3   -22.2
338.672   -25.2   -30.2     8.0
340.332    -8.9   -18.8    -9.4
341.992   -13.3    -5.1   -33.8
343.652   -11.7     1.6   -11.1
345.312    13.1     9.0    -8.0
346.973   -15.5   -11.6   -28.7
348.633   -24.0   -34.7     6.2
350.293    -2.3   -19.2   -12.5
351.953   -11.3    -2.3   -26.1
353.613     9.6    15.8    16.1
355.273     8.5    11.7    -4.7
356.934   -19.8    -9.6   -24.9
358.594   -22.5   -31.3     2.7
360.254    -3.4   -10.0   -19.6
361.914    -7.4    -4.9   -20.7
363.574    -1.6    10.2     3.6
365.234   -16.9     5.5   -20.8
366.895   -22.9   -35.9    -2.2
368.555   -10.3   -35.9     6.8
370.215     2.3   -19.1     2.5
371.875    -3.5    -2.6   -14.1
373.535    -8.2    10.0    -5.2
375.195   -13.1    13.3   -10.2
376.855   -28.5   -20.8   -21.8
378.516    10.0   -21.5     0.2
380.176    12.4    -8.7    -6.2
381.836   -10.6    -3.9   -17.6
383.496   -12.9     9.3     0.8
385.156   -12.6     9.1   -14.3
386.816   -20.6    -0.8   -22.0
388.477    13.1   -10.1     0.3
390.137    13.1    -7.0    -0.1
391.797    -6.4    -3.1    -2.6
393.457   -14.6     6.2   -17.7
395.117   -12.9     6.3   -16.0
396.777   -34.0   -12.6   -16.2
398.438    17.0   -18.4     9.2
400.098    -0.3     5.9   -15.7
401.758   -10.7     2.8    -2.5
403.418    -4.2     2.7    -2.6
405.078   -24.2    -3.0   -28.0
406.738   -37.5   -20.1   -15.4
408.398     3.9   -20.6    14.1
410.059     7.7     2.6   -16.4
411.719   -13.5    -3.1    -3.1
413.379    -6.1     4.4    -9.7
415.039   -20.3     0.3   -26.0
416.699   -30.7   -23.9   -16.7
418.359    15.8   -10.1     0.0
420.020    -3.2    -1.9   -25.3
421.680    -7.8    -2.7     3.8
423.340     6.5     5.1     4.3
425.000   -18.5    -1.2   -22.7
426.660   -19.4   -20.8     4.7
428.320     2.2   -18.0     6.2
429.980    -8.2    -7.4   -21.6
431.641   -14.4   -10.1     3.7
433.301     0.7    -1.1     6.5
434.961    -4.1     6.0   -14.6
436.621     9.1    -8.8     9.7
438.281     6.3    -9.8    12.3
439.941   -23.1   -17.5    -7.6
441.602    -6.6    -8.2     9.4
443.262     0.9     0.4    13.9
444.922    -7.7    -2.2   -22.7
446.582     4.6    -4.2    11.7
448.242     5.0    -2.8     9.0
449.902   -20.9   -20.2   -26.9
451.562   -24.5   -18.2    -1.8
453.223     5.9     5.3    -3.0
454.883     1.1     7.8   -17.2
456.543    -9.1    -2.2    -6.7
458.203     8.4    -2.5    10.5
459.863   -22.1   -23.3   -33.1
461.523   -21.9   -17.8    10.9
463.184    -3.4    -4.7    11.7
464.844     5.9     7.4   -22.4
466.504     4.0     4.5    -4.3
468.164     3.0    -3.0     1.2
469.824   -26.1   -21.4   -26.2
471.484   -18.9   -21.9     7.3
473.145     3.6    -2.0     2.4
474.805    -1.7     8.6   -16.4
476.465    13.9     4.5     4.6
478.125     6.2    -1.2    -6.9
479.785   -31.8   -28.3    -9.5
481.445   -15.6   -21.3     5.6
483.105    -4.7     4.6   -14.1
484.766    -2.2    -0.2    -8.3
486.426    20.0     6.4     2.2
488.086    -5.5    -3.7   -19.0
489.746   -30.7   -18.4   -17.4
491.406   -10.6   -18.4     9.1
493.066    -2.2    -3.9    -3.3
494.727     5.5    -0.7    -1.5
496.387    17.4     4.2     2.7
498.047    -6.3    -4.6   -25.3
499.707   -29.5   -17.9    -6.3
501.367    -7.1   -12.3     9.8
503.027    -6.5    -3.7   -20.7
504.688    -4.7    -3.2   -17.7
506.348    13.8     2.3     8.4
508.008   -24.3   -12.2   -26.0
509.668   -27.8   -13.1   -18.3
511.328    -9.0   -11.5    -3.8
512.988    -6.1   -13.7   -15.4
514.648     6.1    -7.7     4.7
516.309    11.0     4.6    -3.7
517.969   -18.5    -4.9   -30.7
519.629   -28.0   -11.3    -7.6
521.289   -12.0    -8.4    13.6
522.949    -3.5   -10.6   -11.4
524.609     7.5    -9.8    -7.9
526.270    16.7    -0.4     3.5
527.930    -8.9     1.5   -21.9
529.590   -29.0    -6.2   -20.0
531.250   -15.6   -14.0    -2.6
532.910    -1.1   -12.7     0.4
534.570     7.8   -10.3     5.4
536.230    14.9     2.2   -11.5
537.891   -15.4     1.2   -24.8
539.551   -31.7    -8.1   -12.3
541.211   -16.0   -14.7    -5.3
542.871    -3.0    -8.8   -18.3
544.531    15.8    -6.2    19.0
546.191    15.6     5.0    -6.0
547.852   -22.9    -2.8   -31.1
549.512   -35.6   -13.3   -16.2
551.172    -9.7   -12.0    -1.7
552.832    -7.7    -4.4   -16.8
554.492     6.9    -6.9    13.0
556.152     9.3     1.4    -3.6
557.812   -15.0     2.0   -28.5
559.473   -18.9   -18.9     1.9
561.133    -4.9   -11.6    -5.0
562.793    -4.9    -5.5   -11.2
564.453    16.7    -1.1    13.3
566.113    11.8     2.3    -7.0
567.773   -29.8    -9.6   -22.3
569.434   -27.8   -16.9    -5.0
571.094     0.4    -6.7   -19.1
572.754    -4.4    -1.5   -23.0
574.414     2.2    -1.1     5.2
576.074   -16.5    -4.5   -25.7
577.734   -34.7   -20.6   -12.2
579.395   -31.7   -24.4    -6.3
581.055     8.8    -0.1   -21.1
582.715   -11.1     0.0   -13.7
584.375     4.7     4.7    13.2
586.035     0.6     6.3   -10.0
587.695   -27.2   -20.2   -27.1
589.355   -30.7   -26.6    -9.2
591.016     9.2     7.0   -23.4
592.676     7.4     7.4   -23.4
594.336    -8.6     1.4     5.6
595.996    -5.5    -1.6   -26.4
597.656   -27.1   -14.2   -29.5
599.316   -12.5   -25.5    17.6
600.977    22.4    -3.3    -1.0
602.637    21.4     0.1   -10.4
604.297   -10.2     8.1   -13.9
605.957   -10.7     6.8     6.5
607.617   -28.1   -29.0   -30.9
609.277    -6.4   -23.3    13.5
610.938    15.8    -6.1    23.5
612.598     6.8    12.7   -23.4
614.258   -14.9     0.2   -10.0
615.918   -12.5     1.7     4.7
617.578   -31.8   -25.6   -29.5
619.238   -18.5   -35.0   -11.7
620.898    13.0    12.5    -5.2
622.559    -7.7     7.5   -13.4
624.219   -10.1     2.2    -5.4
625.879    -9.5    -3.1   -13.2
627.539   -30.6   -24.9   -30.6
629.199    14.3    -7.3    16.5
630.859    22.2     9.9    13.2
632.520    21.9    16.2    -5.5
634.180    -9.6     1.0    -2.5
635.840   -16.8    -5.3   -12.3
637.500   -34.4   -31.5   -18.0
639.160    -3.1   -26.9    10.6
640.820    24.1     0.3     4.3
642.480    -5.6    12.1    -7.1
644.141    -7.9     8.6    -4.7
645.801    -8.9    -7.1   -13.2
647.461   -32.4   -26.2   -23.1
649.121    -6.8   -19.2     8.5
650.781    12.3    -8.1     8.7
652.441    -5.5     8.2    -1.7
654.102    -0.2    -3.6     7.1
655.762    -8.1   -11.6   -23.9
657.422   -33.5   -25.8   -23.7
659.082    -1.5   -18.9     7.9
660.742    18.5    11.0     0.4
662.402    -2.3    12.5   -11.8
664.062    -7.7    -1.3     5.7
665.723   -15.3   -12.8   -19.9
667.383   -27.0   -27.4   -13.0
669.043    -7.8   -19.5     1.1
670.703    17.2     9.1     2.0
672.363    -9.3     2.8    -2.8
674.023    -4.6    -7.4    -2.6
675.684    -4.5    -8.1    -2.2
677.344   -36.4   -31.9   -29.0
679.004     4.4    -5.7    10.8
680.664    15.1     2.0     6.8
682.324     6.0     8.2    -8.7
683.984    -0.9     0.2     2.5
685.645    -9.3   -11.3   -19.0
687.305   -32.4   -33.1   -21.6
688.965     9.2    -3.4     7.4
690.625     6.0    10.7   -13.6
692.285     2.5     7.7    -1.9
693.945     6.4     1.0     6.2
695.605   -17.4   -16.2   -27.4
697.266   -35.0   -30.1   -24.5
698.926   -10.3   -22.6     7.3
700.586    18.0     5.3    -6.4
702.246    -4.4     9.3    -1.4
703.906    -4.9     9.9    -2.4
705.566    -6.4    -6.0    -4.0
707.227   -37.0   -28.9   -32.1
708.887    -8.0   -20.8    14.2
710.547     9.6     8.6    -6.8
712.207     8.2    14.9   -12.1
713.867     7.2     9.1    10.7
715.527     6.7     5.8     3.7
717.188   -38.8   -34.7   -25.4
718.848   -22.6   -32.9     6.6
720.508     8.3    -7.7    10.9
722.168     6.7    12.5   -10.9
723.828     4.9    10.6     4.3
725.488   -19.6    -4.6   -25.0
727.148   -38.4   -30.9   -23.1
728.809    -3.9   -27.4    11.0
730.469    10.6    -1.5    -0.2
732.129     3.9     9.9    -5.1
733.789     5.2    11.7    -2.4
735.449   -30.1   -19.0   -36.4
737.109   -38.6   -33.3   -20.8
738.770     2.3   -15.9    17.9
740.430    12.7     2.7    -0.5
742.090     6.9    10.0     2.9
743.750     6.6    11.9    -0.7
745.410   -23.8    -6.0   -36.5
747.070   -36.4   -30.5    -8.8
748.730     3.7   -17.0    19.8
750.391    16.6     5.4    -5.9
752.051    -0.3     8.6    -7.5
753.711    -1.6     0.9     1.0
755.371    -6.6    -4.1   -14.5
757.031   -35.1   -20.9   -35.7
758.691    -5.0   -15.0    16.1
760.352    14.4     7.9    -5.1
762.012     3.3     6.6    -3.1
763.672     3.3     3.1     7.4
765.332    -1.8    -1.1    -5.6
766.992   -31.4   -22.1   -37.7
768.652     1.0    -5.7    14.0
770.312     9.5     0.2    12.6
771.973     2.7     3.8    -1.7
773.633     2.5    -2.0    -4.2
775.293   -18.5   -12.3   -30.1
776.953   -25.5   -27.4   -11.1
778.613   -22.7   -24.6    -6.6
780.273     7.2    13.1    -5.6
781.934    -2.6     5.4    -3.5
783.594     3.9    -8.8    -2.4
785.254   -12.7   -12.0   -20.8
786.914   -29.0   -26.2   -21.0
788.574     0.8     1.3    -1.0
790.234    -0.8    11.0    -5.7
791.895    -0.4    -3.2     4.1
793.555     4.1    -8.3    -2.9
795.215   -14.0    -9.0   -29.7
796.875   -26.5   -16.9   -30.3
798.535    -6.4   -14.4     6.9
800.195    -2.0    11.0   -10.0
801.855    -2.4    -3.4     3.4
803.516    -1.6    -3.7   -18.1
805.176   -12.8    -8.7   -27.0
806.836   -18.6   -16.9   -14.5
808.496     5.6    -7.7     7.6
810.156   -13.6     4.6   -20.8
811.816   -16.7    -4.4     0.6
813.477    10.2    -7.0    -2.2
815.137    -9.3   -11.8   -25.7
816.797    -4.2   -17.2     9.7
818.457     7.1     3.4    -9.3
820.117    -7.8     7.4   -19.3
821.777   -19.9    -8.1     0.0
823.438     4.9    -7.8   -16.5
825.098   -20.0    -9.9   -24.1
826.758     6.6    -7.8    18.5
828.418    15.6     6.5   -10.3
830.078   -27.2    -8.6   -17.4
831.738   -24.5   -15.4    -0.1
833.398    -8.1    -8.7     4.4
835.059   -19.2    -9.9   -22.3
836.719     4.0    -9.1    13.6
838.379    25.8     3.8     7.8
840.039     9.4     5.8   -17.4
841.699   -15.6   -10.5     5.8
843.359    -9.5    -6.1   -26.2
845.020   -15.1    -7.2   -30.3
846.680   -20.6   -13.6   -23.0
848.340    22.8     5.5    14.2
850.000    25.0     7.3     3.8
851.660   -13.0   -10.7     2.4
853.320   -11.6   -10.4    -0.3
854.980   -26.7   -17.3   -30.4
856.641    -7.9    -8.3     4.7
858.301    25.1     8.4    -1.9
859.961     3.1    -3.4   -21.3
861.621   -17.6   -10.6    -7.4
863.281   -10.5    -7.2     3.2
864.941   -27.1   -19.9   -23.7
866.602    -8.5   -10.6     8.0
868.262    23.5     8.2    14.2
869.922    15.2     8.7    -9.7
871.582    -4.6    -3.7   -21.0
873.242    -4.8    -5.5    -2.1
874.902    -8.4    -5.8   -11.1
876.562   -26.5   -21.1    -6.7
878.223   -10.0   -18.7     8.2
879.883    13.9     4.0     5.0
881.543    -0.2    -0.8   -10.9
883.203     0.9    -1.6    -6.6
884.863   -11.6    -5.7   -15.6
886.523   -32.9   -18.7   -22.7
888.184    -2.8   -14.6    11.5
889.844     6.1     7.2    -9.6
891.504    -3.9     4.3   -12.8
893.164     3.3    -1.7     2.9
894.824    12.4    -2.8     3.0
896.484   -26.1   -13.3   -22.9
898.145   -28.8   -19.4   -12.9
899.805    -1.4    -1.4    -5.2
901.465   -11.2     1.0   -16.5
903.125    10.5     0.1     6.8
904.785   -12.7    -2.8   -23.8
906.445   -25.0   -10.1   -21.4
908.105   -19.3   -23.5     4.2
909.766    -0.8    -9.7     3.6
911.426    -9.3    -3.0   -16.6
913.086   -10.7    -3.4   -11.3
914.746    13.7     6.3    -9.9
916.406    -6.7    -4.5   -26.1
918.066   -23.0   -22.7     2.4
919.727   -11.1   -16.9    11.7
921.387    -8.3    -6.8   -23.3
923.047    -7.2    -4.1   -10.7
924.707     9.5     6.1     9.6
926.367    -5.9    -2.5   -23.0
928.027   -22.8   -17.2   -25.1
929.688   -15.2   -14.0     3.6
931.348    -9.7    -6.2   -14.9
933.008    -2.1     1.4     0.9
934.668     9.2     5.5     6.9
936.328     1.6    -1.2    -9.7
937.988   -20.2   -16.2   -15.2
939.648    -1.5    -5.3     7.0
941.309    -5.6    -5.1    -8.4
942.969    -2.7    -2.9     0.3
944.629     6.3     3.3     7.0
946.289    -8.8    -7.3   -23.5
947.949   -23.8   -26.7   -13.4
949.609     0.9   -14.1     4.1
951.270     2.5     9.3   -11.8
952.930    -1.1     6.7     6.9
954.590     3.0     0.0     9.9
956.250    -9.2   -10.8   -28.4
957.910   -27.2   -23.7    -3.3
959.570   -15.4   -21.7     6.0
961.230     1.5     7.0   -19.0
962.891     0.6    12.1    -2.5
964.551     5.5     5.2    15.0
966.211   -11.8   -15.1   -25.5
967.871   -33.7   -27.8   -27.3
969.531   -12.3   -14.4     5.1
971.191    -1.2    -4.3     4.5
972.852     9.4    12.7     3.3
974.512    14.4     6.2    12.3
976.172     2.1    -4.8    -8.0
977.832   -35.0   -34.7   -24.5
979.492   -15.9   -21.8     5.5
981.152     3.1     5.5    -5.9
982.812     1.5    18.1    -3.1
984.473     6.2    13.9     4.7
986.133     7.6    -5.3    -6.0
987.793   -37.0   -37.1   -18.9
989.453   -14.6   -21.4     4.6
991.113    -8.1   -13.0     5.3
992.773     1.2    19.8   -21.8
994.434     0.6    18.8    -0.7
996.094    16.4    -1.6     7.7
997.754   -23.2   -30.3   -33.9
999.414   -36.1   -39.9   -14.1
1001.074     8.5    14.7   -17.3
1002.734     6.1    19.9   -23.5
1004.395     0.8    22.1   -19.6
1006.055     6.9    -1.6    13.5
1007.715   -10.8   -23.7   -29.1
1009.375   -27.4   -35.1   -19.3
1011.035     1.9     3.1     4.4
1012.695     1.7    19.9   -20.5
1014.355     0.5     3.9     9.1
1016.016     2.0     3.5    11.0
1017.676     0.3   -19.6   -21.2
1019.336   -30.8   -33.4   -17.1
1020.996   -13.6   -11.3    11.0
1022.656     1.0    16.8   -16.7
1024.316    -2.3     6.4     3.0
1025.977     5.2    -2.6     1.7
1027.637   -17.6   -26.8   -26.4
1029.297   -17.6   -30.2    -2.4
1030.957     1.6    -2.4    11.1
1032.617     7.7    10.7     2.9
1034.277   -13.5     9.1   -11.1
1035.938     2.6    -1.1     4.4
1037.598   -13.6   -26.0   -25.3
1039.258   -18.0   -34.1    -9.9
1040.918    -2.4     9.0     1.3
1042.578    -3.7     6.9     4.1
1044.238   -12.1    -0.2    -7.1
1045.898    -7.8    -1.4    -2.6
1047.559     5.2    -5.0   -11.9
1049.219   -22.6   -21.9   -21.2
1050.879   -11.6   -23.0     2.4
1052.539     1.3     6.4    -6.7
1054.199   -10.9     5.6   -10.9
1055.859   -11.3    -1.1     0.7
1057.520    -0.8    -4.1   -22.6
1059.180   -18.5   -18.8   -16.8
1060.840    -5.7   -21.4     8.7
1062.500    -5.4    -1.0   -10.1
1064.160   -16.7    -1.3    -7.3
1065.820     0.4    -4.1     7.8
1067.480     1.8     1.8   -19.8
1069.141   -22.8   -19.9   -13.5
1070.801    -0.2   -17.1     2.7
1072.461     0.4    -7.8    -6.7
1074.121   -21.4    -4.5    -8.5
1075.781    15.5     3.0    13.6
1077.441    11.4     7.6   -18.8
1079.102   -22.8   -19.9    -2.8
1080.762     1.0   -11.2     5.3
1082.422   -11.6    -6.8   -22.7
1084.082   -11.0    -9.6     1.0
1085.742    10.0     5.7    13.5
1087.402    -8.3     4.1   -25.4
1089.062   -22.5    -8.8   -19.8
1090.723    -5.1   -19.0     7.7
1092.383     1.1   -12.4    -9.5
1094.043     1.8     3.5     6.3
1095.703     1.7     2.8     6.7
1097.363    14.6    16.3     5.9
1099.023   -14.6    -1.5   -20.5
1100.684   -12.2   -21.1     5.4
1102.344    -1.3   -17.8    -5.7
1104.004    -9.6    -1.9    -7.4
1105.664     8.6    12.8    11.8
1107.324    14.7    18.9     0.8
1108.984   -15.7    -1.4   -25.5
1110.645   -28.5   -27.5    -2.6
1112.305     8.4   -13.6     1.3
1113.965    -1.5   -10.2   -22.2
1115.625    -1.3     8.3    13.2
1117.285    10.1    18.8     1.6
1118.945   -15.0    -0.7   -30.2
1120.605   -20.7   -27.7     7.7
1122.266     4.1   -19.3    -3.3
1123.926    -2.8   -10.6   -23.1
1125.586    -9.7     0.2   -15.4
1127.246     4.1    13.5    -5.6
1128.906   -15.8     1.2   -32.9
1130.566   -16.3   -33.4     8.3
1132.227    -8.7   -32.4    15.5
1133.887    -3.4     3.6   -17.3
1135.547    -4.3     7.1   -10.8
1137.207     4.5    21.9     3.4
1138.867   -28.4   -16.2   -24.5
1140.527   -14.0   -36.2     4.3
1142.188     9.4   -21.1     2.9
1143.848     4.5    -5.4   -12.6
1145.508     4.2    11.6     3.5
1147.168     6.6    16.3     4.0
1148.828   -12.6     4.7   -23.4
1150.488   -11.9   -33.9     1.9
1152.148     4.3   -26.1    10.5
1153.809     0.2    -6.2   -11.3
1155.469    -1.6     8.5     1.9
1157.129    -0.7     7.8     1.4
1158.789   -16.7    -0.5   -27.1
1160.449    -7.0   -28.7     8.4
1162.109     9.5   -12.6     2.4
1163.770     3.8    -8.3    -9.9
1165.430    -7.4     1.7    -3.8
1167.090    -2.9     5.6    -8.3
1168.750   -10.1     1.1   -20.0
1170.410   -22.2   -22.6   -16.4
1172.070     9.7   -11.3    20.3
1173.730     1.2     1.3   -15.8
1175.391   -15.2     3.3     1.0
1177.051   -13.3     1.0     4.2
1178.711    -7.5    -8.2   -14.3
1180.371    -9.6   -16.1   -17.3
1182.031    -7.8    -9.8     1.9
1183.691     5.6     2.5     4.4
1185.352   -13.9    -3.3    -9.2
1187.012   -12.8    -2.7    10.7
1188.672    -9.9   -10.8   -19.4
1190.332    -8.1   -12.9   -28.3
1191.992     2.7    -8.0     4.0
1193.652     3.8    -0.5     5.6
1195.312   -10.1     3.5   -17.5
1196.973   -11.7    -4.6   -10.9
1198.633    -1.8    -9.9     7.0
1200.293   -18.1   -13.0   -22.0
1201.953     4.9    -3.3     7.9
1203.613    11.8     0.3     5.2
1205.273    -5.5    11.2   -12.5
1206.934   -11.3   -12.6     5.0
1208.594     3.7   -13.3    -3.0
1210.254     3.5    -9.7   -16.1
1211.914    -7.8   -12.2   -13.1
1213.574    -0.6     2.5    -6.2
1215.234    -9.0     8.2   -23.7
1216.895   -19.7   -13.8    -1.9
1218.555     3.0   -13.1    13.0
1220.215     8.6    -7.7    -1.4
1221.875    -1.7    -5.4   -15.4
1223.535    -4.6    -8.3    -0.4
1225.195    -5.1    -2.3   -13.1
1226.855   -22.6    -6.6   -12.9
1228.516     5.1    -9.5    15.1
1230.176    12.7    -4.3    -3.1
1231.836     0.2    -2.1   -21.3
1233.496    -3.8    -8.3     8.1
1235.156    -0.5    -8.5    -7.1
1236.816   -28.9    -6.3   -31.2
1238.477   -12.6    -8.8     6.9
1240.137    19.1     1.7     8.3
1241.797     9.8     2.4   -16.7
1243.457    -2.6   -10.7     5.4
1245.117    -4.4    -9.0    -3.3
1246.777   -12.8    -7.3   -18.4
1248.438   -40.2   -17.5   -26.7
1250.098    12.2    -0.7    15.3
1251.758    22.4    14.9    -1.4
1253.418     7.1    11.9   -19.1
1255.078    -2.7   -20.0     2.9
1256.738   -10.3   -15.8   -25.6
1258.398   -29.7   -16.1   -33.0
1260.059    -7.0    -4.7    17.9
1261.719    24.3    11.7     3.8
1263.379    16.9    14.6   -13.6
1265.039    -5.7    -1.9    -8.3
1266.699   -17.7   -18.7   -31.2
1268.359   -30.9   -20.7   -34.2
1270.020   -24.7   -15.2    -9.4
1271.680    21.1    17.4     1.7
1273.340   -16.4    -8.6   -18.7
1275.000   -16.9   -13.5   -10.2
1276.660    -6.4   -21.0     7.6
1278.320   -17.4   -16.6   -27.2
1279.980   -21.1   -15.1   -12.1
1281.641    11.7    16.0    13.1
1283.301    16.9    21.2     3.0
1284.961   -16.8   -13.2   -22.2
1286.621    -3.7   -21.5    -1.7
1288.281    -4.7   -17.1   -15.4
1289.941   -12.2   -14.2   -19.4
1291.602    -0.9     1.4     2.4
1293.262    -3.2     8.1   -16.1
1294.922    -8.9    -0.7   -24.6
1296.582   -22.2   -29.8    -8.1
1298.242    -4.5   -18.5     0.2
1299.902    -5.3   -10.6   -15.9
1301.562    -0.9     3.8     5.4
1303.223    13.2    22.6    -2.6
1304.883    -9.7     5.1   -22.2
1306.543   -32.2   -34.3   -18.3
1308.203    -8.3   -24.9    -1.4
1309.863    -5.0   -11.4   -13.1
1311.523    -0.8     3.5    -6.0
1313.184    17.9    20.8    10.1
1314.844   -15.4     3.1   -23.4
1316.504   -16.6   -41.4    -4.4
1318.164    -2.6   -15.8   -19.6
1319.824    -7.6    -5.5   -21.8
1321.484     1.5    12.5     9.2
1323.145    20.9    21.3     2.6
1324.805     8.4    14.7   -13.0
1326.465   -21.3   -38.4     1.4
1328.125    -0.9   -23.2   -10.1
1329.785    -5.1   -15.9   -16.1
1331.445    -7.4     8.2     1.2
1333.105    21.2    17.1    13.6
1334.766    18.5    20.9    -1.1
1336.426   -32.5   -33.1   -19.2
1338.086    -4.0   -24.3    -2.9
1339.746    -4.5   -12.9   -15.6
1341.406    -6.4     4.3   -10.6
1343.066     7.2    16.4    10.5
1344.727   -13.5    -2.0   -20.2
1346.387   -19.4   -32.9    -9.7
1348.047   -16.9   -34.3    -5.0
1349.707    -0.6   -28.8     2.3
1351.367   -16.0    -1.6   -12.1
1353.027   -11.0     5.7    -6.5
1354.688     7.9    21.2     5.2
1356.348    -5.4     4.1   -17.5
1358.008   -23.3   -24.9   -19.6
1359.668     6.1   -15.6     0.0
1361.328    -3.0    -9.6   -15.7
1362.988   -10.6    -1.1   -12.9
1364.648     1.7    15.2     8.8
1366.309     0.5    12.0    -5.6
1367.969   -20.0   -22.7    -9.3
1369.629   -15.4   -24.5    -2.9
1371.289    14.2   -16.7    -6.8
1372.949   -12.0    -2.8   -13.7
1374.609    -6.2     8.2    10.3
1376.270    -5.4     3.9   -13.8
1377.930   -26.8    -8.1   -32.0
1379.590   -19.5   -19.6    -4.2
1381.250    10.6   -21.5    17.5
1382.910    16.6   -12.3   -18.1
1384.570    -9.7     2.5     3.5
1386.230    -9.7     9.0     8.7
1387.891   -15.5     9.7   -22.4
1389.551   -25.9   -17.0   -16.4
1391.211     6.4   -22.6    14.2
1392.871    10.1   -18.8     7.0
1394.531    -0.9    -2.2   -17.0
1396.191    -1.8     3.4     8.9
1397.852   -30.0    -3.5   -32.5
1399.512   -34.0   -11.0   -23.8
1401.172    -1.2   -26.4    12.7
1402.832    16.3   -21.5     1.8
1404.492     4.6   -12.0   -18.8
1406.152     4.1    11.4     7.4
1407.812   -13.3    16.8   -11.9
1409.473   -32.3     0.0   -26.8
1411.133   -10.7   -26.8     2.4
1412.793    10.0   -25.4     3.1
1414.453     6.7   -14.9    -9.5
1416.113     0.1     5.5     6.2
1417.773     8.0    16.4     7.2
1419.434   -24.0     4.0   -28.3
1421.094   -18.7   -23.3     3.3
1422.754     9.5   -18.9   -12.7
1424.414     1.6   -17.5   -15.7
1426.074     1.1    -3.0     0.0
1427.734    11.1    14.7     6.1
1429.395   -26.0    -1.4   -26.7
1431.055   -25.5   -19.5    -3.8
1432.715     3.0   -24.1     4.2
1434.375     3.0   -19.2   -18.5
1436.035    -9.3    -3.9    -6.5
1437.695     4.1    12.9     8.1
1439.355    -1.8    11.7   -23.1
1441.016   -14.9     1.8   -31.0
1442.676    -4.1   -23.3    10.4
1444.336    -6.3   -16.7   -21.0
1445.996    -9.2    -8.6   -20.1
1447.656     1.5     8.9    12.0
1449.316     5.9     9.5    -0.3
1450.977   -18.6    -9.0   -21.5
1452.637    -9.6   -17.9    -2.5
1454.297    -6.1   -14.5    -9.5
1455.957    -7.5    -9.0    -9.0
1457.617    -9.3    -7.8    -5.2
1459.277    -4.2     5.2   -19.3
1460.938   -13.1    -1.9   -21.2
1462.598    -8.4   -23.4    -0.8
1464.258    -8.9    -0.4   -10.6
1465.918   -13.9    -1.5   -16.7
1467.578    -9.5    -5.3     1.7
1469.238    -0.2    -1.2    -3.6
1470.898    -8.1   -10.2   -15.3
1472.559    -7.6   -17.7    -6.2
1474.219     2.6     6.4   -14.3
1475.879   -22.1     1.1   -15.0
1477.539   -21.5    -4.3    -7.9
1479.199    -7.8    -7.6     9.8
1480.859    -0.2    -4.5   -11.1
1482.520    -9.7   -17.4    -8.0
1484.180     5.7    -2.0     2.3
1485.840    -8.7     9.2   -21.9
1487.500   -20.0    -0.3   -10.5
1489.160   -20.9    -9.7     6.7
1490.820    -7.8   -13.2   -17.5
1492.480   -10.0   -14.8   -11.7
1494.141    15.6     4.4    -4.0
1495.801   -20.8     8.9   -25.9
1497.461   -25.8     6.4   -22.6
1499.121    -4.7   -17.0     0.4
1500.781    -9.7   -16.0   -24.5
1502.441   -12.6   -15.6   -19.8
1504.102    21.3     2.4     2.2
1505.762   -32.0    -0.6   -22.2
1507.422   -31.8    -6.1    -8.2
1509.082     1.6   -15.1    -2.0
1510.742    -0.5   -16.3   -17.7
1512.402   -11.3   -24.3    -3.3
1514.062     6.9   -10.5    13.7
1515.723    15.6    15.4   -13.2
1517.383   -22.2     4.3   -25.9
1519.043   -20.6   -14.9     0.5
1520.703    -4.3   -11.7   -13.3
1522.363   -11.4   -21.1     2.4
1524.023   -12.5   -20.8     0.1
1525.684    19.5    12.2    -7.3
1527.344   -25.7     3.7   -26.9
1529.004   -23.5    -8.3    -4.8
1530.664    -1.8   -12.2    -7.2
1532.324   -10.5   -19.5   -17.4
1533.984    -4.5   -15.5     9.8
1535.645    15.6     5.5    14.1
1537.305   -19.8    -1.8   -31.9
1538.965   -22.7    -8.5    -7.9
1540.625    -2.4    -5.8     0.3
1542.285   -11.4   -18.0   -22.6
1543.945   -16.8   -22.3    -6.2
1545.605    -1.7     4.5   -26.4
1547.266   -13.4    -2.3   -35.6
1548.926   -12.8    -0.9     2.0
1550.586    -7.1    -0.4     7.7
1552.246    -7.3   -13.1   -16.9
1553.906   -13.9   -21.1     4.3
1555.566     4.6     3.2    -4.5
1557.227    -7.1     0.7   -21.8
1558.887    -7.5    -3.6    -1.6
1560.547     7.1     3.2     5.0
1562.207   -19.9   -20.1   -16.3
1563.867   -15.3   -25.7     5.5
1565.527    -4.5   -21.7     9.4
1567.188    -9.0    -3.3   -18.9
1568.848     6.3     0.8     0.9
1570.508    12.5     9.2     0.3
1572.168    -9.5     3.8   -18.8
1573.828   -25.0   -24.7    -5.2
1575.488    -7.2   -24.5     2.4
1577.148    -9.3    -7.5   -19.4
1578.809    -6.5    -1.5    -7.5
1580.469     9.1    16.9   -10.1
1582.129    -0.2    11.7   -16.2
1583.789   -13.7   -27.5     2.7
1585.449    -4.5   -23.0    -1.3
1587.109   -10.8   -15.4   -20.9
1588.770   -10.8    -4.8     0.9
1590.430     5.0     3.3     8.9
1592.090     2.0     8.7   -22.9
1593.750   -19.1    -8.0   -14.6
1595.410   -12.7   -27.0     7.7
1597.070   -10.6   -16.5   -23.0
1598.730    -8.5    -7.6    -7.3
1600.391    17.2    17.5    -7.1
1602.051   -14.5    -2.7   -26.2
1603.711   -15.3    -3.0   -25.4
1605.371   -16.2   -16.4     1.5
1607.031   -11.8   -24.1   -17.5
1608.691   -12.1   -11.9   -13.6
1610.352    -1.3     3.8     2.0
1612.012     1.2    10.4   -11.3
1613.672   -14.0   -13.7    -4.9
1615.332    -6.9   -19.1    -8.8
1616.992    -7.4   -18.2    -9.1
1618.652   -16.3   -16.9   -18.1
1620.312     0.4     2.2     9.0
1621.973     9.3    10.4     1.6
1623.633   -15.7     0.4   -25.4
1625.293   -17.1   -12.2    -5.6
1626.953     0.1   -16.1     0.6
1628.613   -12.7   -11.5   -19.1
1630.273   -14.0   -10.3   -14.3
1631.934     8.7     1.5    -2.0
1633.594   -12.9    -0.2   -25.3
1635.254   -19.5   -11.9     0.1
1636.914     1.5   -10.1     1.9
1638.574    -5.7    -6.0   -25.1
1640.234   -10.5    -6.4    -7.3
1641.895     0.7    -6.2    14.9
1643.555   -20.5    -1.6   -20.2
1645.215   -21.0    -5.9   -15.9
1646.875     3.2    -2.9     4.6
1648.535    -9.4    -8.2   -22.8
1650.195    -3.1   -10.4     5.7
1651.855     5.8    -6.0     9.1
1653.516   -11.6    -3.2   -20.7
1655.176   -13.3    -8.7    -2.7
1656.836    -1.2    -4.3     6.6
1658.496    -1.9    -5.1   -21.6
1660.156    -5.4   -14.1    -2.5
1661.816     0.8   -10.8     5.5
1663.477    -8.4    -3.6   -15.3
1665.137   -20.5    -6.5   -11.1
1666.797    -0.3    -3.7     9.9
1668.457    -3.3    -5.5   -26.9
1670.117   -11.2   -14.5   -21.2
1671.777     5.0   -11.4     7.7
1673.438     1.5    -2.2    -7.0
1675.098   -12.0    -4.1     4.6
1676.758     5.3    -1.6    11.7
1678.418     7.7    -2.2    -7.7
1680.078   -17.2   -18.8   -20.0
1681.738    -1.9    -9.1     8.6
1683.398     3.8     0.6    -6.0
1685.059   -18.8    -2.6     6.1
1686.719     2.8    -8.1    12.8
1688.379     1.9    -8.4   -21.6
1690.039   -16.3   -19.2   -16.0
1691.699     5.1    -2.3     5.3
1693.359     0.9     7.0   -13.4
1695.020    -3.9    -1.1    12.2
1696.680    -2.8    -0.4    13.3
1698.340    -1.5   -13.2   -21.8

Event #30  ts=2026-09-11 12:10:43.953  [SELECTED]
  t[ns]  u1[mV]  u2[mV]  u3[mV]
  0.000     9.3     0.4     5.3
  1.660   -21.3   -17.1   -25.4
  3.320    -4.1   -11.9     4.4
  4.980     5.2    -2.9    25.4
  6.641    -7.4     0.4   -28.8
  8.301    -9.2    -0.5   -24.5
  9.961   -18.1   -15.6    -2.2
 11.621   -13.9   -15.1   -18.4
 13.281    -9.5   -15.3    -2.2
 14.941    12.7     4.4    13.8
 16.602     0.0    10.8   -13.6
 18.262    -1.4     5.0   -16.3
 19.922   -16.3    -8.1   -11.7
 21.582   -17.2    -8.7    -9.5
 23.242    -8.8   -19.0     1.7
 24.902    10.7     4.2     7.0
 26.562     9.3    11.4    -1.6
 28.223    -8.9    -3.8   -13.0
 29.883   -19.9    -6.9   -11.5
 31.543   -19.3   -11.4   -13.7
 33.203    -9.5   -18.5    -7.1
 34.863     1.3    -0.5    10.4
 36.523    -2.1    -2.6   -18.4
 38.184   -15.7    -6.3   -14.8
 39.844   -19.6    -5.0    -7.4
 41.504   -11.9   -25.1   -14.6
 43.164    -5.4   -19.1   -14.1
 44.824     4.4    14.3     1.9
 46.484     1.2     4.6   -14.9
 48.145    -9.3    -4.1   -14.7
 49.805   -16.2   -18.1    -7.1
 51.465   -13.2   -17.3   -11.0
 53.125     3.9    -0.5     3.1
 54.785     7.8    10.0    10.0
 56.445    -2.2     9.2    -7.3
 58.105   -18.2   -17.9   -14.2
 59.766   -17.7   -18.1    -6.6
 61.426   -10.4   -13.0   -10.7
 63.086    -0.6    -7.2     7.0
 64.746     8.1    14.8     2.6
 66.406     7.8    15.8   -11.4
 68.066   -20.6   -28.1    -2.7
 69.727   -15.8   -33.0   -15.8
 71.387    -7.6   -12.7   -12.3
 73.047     8.7     2.2    13.6
 74.707    12.6    15.4    -0.5
 76.367    -9.0     9.7   -21.4
 78.027   -29.1   -22.9    -5.7
 79.688   -19.4   -34.5    -8.5
 81.348    -3.0   -10.0   -12.5
 83.008     9.4    13.8    20.3
 84.668    12.4    22.5     3.4
 86.328    -5.6    12.1   -22.3
 87.988   -21.9   -32.6    -7.4
 89.648    -7.4   -13.9   -18.4
 91.309    -8.9   -15.5   -21.8
 92.969     8.1     1.6    14.9
 94.629     7.6    26.2     1.1
 96.289    -1.3    19.3   -16.3
 97.949   -26.7   -27.3   -15.0
 99.609   -13.8   -21.2   -11.3
101.270    -5.2   -14.0    -8.0
102.930    17.2    11.6     8.6
104.590     2.3    16.7   -10.9
106.250   -25.5   -21.0   -22.9
107.910   -21.4   -29.2    -7.1
109.570    -9.3   -18.5    -2.0
111.230    -4.9   -12.1    -2.3
112.891    11.2    12.7    11.8
114.551     8.1    19.5    -5.2
116.211   -18.9   -10.5   -25.6
117.871   -17.9   -19.7    -4.4
119.531   -17.9   -19.4    -4.7
121.191    -5.3    -9.4   -12.8
122.852     4.7     7.5    12.4
124.512     2.0    10.1    -5.8
126.172   -17.8   -19.5   -21.6
127.832   -17.1   -23.5   -18.3
129.492   -11.5   -13.4    -3.5
131.152    -7.3    -8.8   -13.5
132.812     3.7     5.4    12.5
134.473     7.8     9.8    12.1
136.133    -9.0    -2.0   -19.3
137.793   -14.7   -17.3    -1.8
139.453   -15.9   -13.9    -0.9
141.113    -6.3    -9.3   -14.3
142.773     3.3     3.2    11.3
144.434     1.5     4.7    -3.7
146.094    -9.3   -12.3   -22.0
147.754   -15.0   -17.5    -8.6
149.414   -14.2    -9.8   -13.9
151.074    -9.1    -3.2    -8.8
152.734     0.0     2.4     8.0
154.395     7.0     2.9    -9.0
156.055     0.1    -8.8   -16.2
157.715   -11.4   -14.6    -1.4
159.375   -16.9   -11.8   -11.2
161.035   -17.5   -10.8   -18.2
162.695    -1.9    -3.0    12.6
164.355    10.0     8.6    -1.9
166.016     3.2     0.0   -16.8
167.676    -9.0   -16.2    -1.5
169.336   -22.5   -19.0   -16.8
170.996   -26.8   -16.0   -22.2
172.656   -11.3    -8.4    -0.7
174.316    17.4    18.2     5.4
175.977     7.4     0.6    -6.6
177.637   -12.4   -14.3    -3.8
179.297   -20.1   -22.8   -11.5
180.957   -26.2   -26.9   -20.8
182.617   -16.0   -18.4    -9.0
184.277    17.1    24.6     1.1
185.938    17.2    22.0     2.0
187.598    -5.9   -14.2    -2.9
189.258   -29.1   -24.7   -21.4
190.918   -28.1   -33.0   -15.2
192.578     7.3     7.8     4.3
194.238    11.3    14.0     3.1
195.898    10.5    11.3    -3.4
197.559   -11.7    -8.1    -9.7
199.219   -35.7   -37.8   -17.7
200.879   -25.0   -36.6   -17.4
202.539     0.9    -2.5     0.1
204.199    19.5    25.4     3.3
205.859    -3.1    -0.4   -13.7
207.520   -16.9   -15.7   -14.2
209.180   -37.1   -40.0   -12.6
210.840   -20.3   -35.7    -9.6
212.500    -7.6   -19.4    -2.7
214.160    -2.2     4.0     6.5
215.820   -81.4   -29.8    -3.8
217.480  -187.6  -122.2   -20.5
219.141  -172.7  -137.1   -19.2
220.801  -144.2  -121.2    -7.9
222.461   -87.9   -85.1    10.0
224.121   -44.4   -21.8     0.9
225.781   -73.9   -28.9    -5.0
227.441   -86.1   -53.0   -13.7
229.102   -66.3   -58.7   -30.6
230.762   -27.7   -32.0     6.0
232.422    -2.7    -2.9    16.5
234.082     5.3    20.4   -21.7
235.742    -5.4    18.0   -16.8
237.402   -38.1   -32.2    -8.0
239.062   -41.7   -41.1   -33.5
240.723   -10.5   -20.0    12.9
242.383    26.7    24.9    16.9
244.043     5.7    24.2   -24.7
245.703   -35.5   -22.7    -5.9
247.363   -37.3   -36.6    -8.8
249.023   -35.6   -34.2   -26.5
250.684    -6.2   -16.4    13.0
252.344    22.4    13.2    24.9
254.004    16.2    24.3    -8.7
255.664    -3.5     5.6   -16.5
257.324   -36.6   -25.2   -21.5
258.984   -26.0   -30.1   -16.2
260.645   -22.0   -31.8    -9.3
262.305    -0.6   -15.1    13.1
263.965    17.9    25.3    -4.0
265.625     9.2    19.0    -9.4
267.285   -27.4   -30.7   -17.2
268.945   -25.5   -26.9   -23.3
270.605   -12.7   -18.4    -0.8
272.266    14.8    18.8    13.6
273.926    -1.9     7.4   -10.2
275.586   -15.2   -17.3   -13.7
277.246   -20.4   -25.0    -3.7
278.906   -19.1   -29.0   -16.7
280.566    -3.4     3.7     3.9
282.227     2.3    22.2    13.9
283.887     2.2    17.2   -13.5
285.547    -5.3    -5.1   -20.8
287.207   -14.7   -20.6   -10.2
288.867    -7.0   -22.0   -16.1
290.527   -13.2   -25.3   -23.9
292.188    -6.7     9.4    10.4
293.848    -2.6    15.2    12.4
295.508    -4.0     9.4   -18.1
297.168    -5.7   -18.4    -4.8
298.828   -10.3   -23.0     1.4
300.488    -2.1   -18.6   -10.9
302.148    -5.6    -5.2     0.8
303.809   -13.3    16.3   -10.2
305.469   -24.4     2.6   -26.7
307.129   -12.6   -13.8    -4.0
308.789     1.1   -21.3     4.6
310.449     9.8   -21.1    -1.7
312.109    -3.3    -8.0    -4.3
313.770    -8.7    -3.0     6.3
315.430   -31.9     5.9   -25.4
317.090   -21.9   -14.6   -11.8
318.750     6.6   -18.6    -2.8
320.410     4.0   -10.0     4.2
322.070     4.9    -7.8    13.8
323.730   -11.7     1.3    -5.8
325.391   -26.0     7.1   -33.4
327.051   -32.9   -11.8   -15.2
328.711   -13.9   -20.1     1.0
330.371    12.1   -12.3    -7.7
332.031    11.1   -12.0     2.0
333.691    -1.2     5.0     7.5
335.352    -9.3     9.8    -7.7
337.012   -33.5   -16.1   -18.8
338.672   -20.1   -20.2    -7.3
340.332     6.2   -10.7    -2.3
341.992    14.5   -16.8     2.7
343.652     9.9    -7.9    10.2
345.312    -7.4    12.5    -6.6
346.973   -27.8   -13.9   -15.5
348.633    -1.6   -14.3    -2.1
350.293     2.4   -13.3   -11.7
351.953     6.4   -18.6    -7.5
353.613     5.7    -1.6     2.9
355.273   -16.9     8.1   -17.0
356.934   -27.2    -6.8   -21.5
358.594   -10.8    -9.9    -2.0
360.254     1.1   -11.9   -13.0
361.914    -1.1   -22.8    -6.5
363.574     6.7     4.3     6.5
365.234    -8.5     7.0   -13.6
366.895   -20.7    -6.0   -14.5
368.555   -10.7    -7.1    -3.9
370.215    -7.1    -7.5    -6.1
371.875    -4.2   -26.1    -8.3
373.535     4.9     3.8     2.5
375.195    -4.0     9.7    -4.4
376.855   -17.4    -1.0   -12.3
378.516    -7.2    -6.5    -1.5
380.176    -2.4   -13.0    -7.7
381.836    -7.9   -25.0    -7.7
383.496    -6.3    -6.4     4.1
385.156    -6.8     3.1   -11.5
386.816    -8.6    -0.8   -17.1
388.477    -1.1     0.9     7.9
390.137    -7.8   -14.6    -8.0
391.797   -16.7   -24.0   -19.8
393.457    -9.9    -9.9    10.7
395.117    -2.5     0.8     0.4
396.777    -4.2     2.2   -24.1
398.438    -5.2    -0.9     3.5
400.098    -8.5    -6.7    11.7
401.758   -12.3   -22.0   -22.7
403.418    -5.1    -8.1    11.4
405.078    -1.6     1.2     4.3
406.738    -1.9     2.1    -2.1
408.398    -2.4    -0.9   -16.5
410.059    -4.1    -7.3    10.2
411.719    -7.0   -14.9   -13.5
413.379   -14.7   -13.6   -12.4
415.039   -15.7    -8.6     7.6
416.699    -1.2     0.3   -15.1
418.359    -1.2    -1.3   -16.3
420.020    -3.5    -9.7     1.8
421.680    -9.3    -8.1   -12.1
423.340   -18.0   -17.1   -17.1
425.000   -11.5   -12.1     4.3
426.660     0.3     8.9   -13.3
428.320    -1.9    -0.4   -11.4
429.980    -7.0    -9.5    -7.4
431.641    -5.9    -8.2   -10.3
433.301   -16.3   -17.2    -7.4
434.961    -9.0    -8.6    -3.2
436.621    -1.0     8.0    -9.4
438.281    -6.8    -9.3    -4.6
439.941    -1.6    -6.6     0.8
441.602    -4.7   -10.5   -10.3
443.262   -12.4   -11.7   -12.8
444.922    -9.8     2.1    -0.8
446.582    -3.9     2.7     0.0
448.242    -3.1    -3.0    -6.9
449.902    -2.2   -10.3    -4.3
451.562    -4.6    -8.4    -3.6
453.223   -10.7   -10.4   -14.9
454.883   -11.4    -2.2    -9.0
456.543    -8.7    -7.2    -9.5
458.203    -8.9    -6.0    -7.0
459.863    -3.8   -10.7    -2.5
461.523    -1.9    -6.9     2.3
463.184    -6.6    -8.3    -5.2
464.844    -7.8    -5.1   -15.4
466.504   -10.4    -2.6    -1.4
468.164    -7.8    -4.7    -8.7
469.824    -2.0    -9.7    -5.4
471.484    -0.4   -14.1    -1.0
473.145    -7.3     0.6    -8.9
474.805    -9.7    -2.0    -7.9
476.465    -8.5    -5.9    -8.9
478.125   -13.7    -6.8   -14.1
479.785    -0.1   -14.3    10.1
481.445     3.5   -13.0     2.4
483.105   -10.4     2.6   -15.3
484.766   -11.9    -3.6     5.2
486.426    -4.6    -3.7   -19.8
488.086    -3.3    -3.5   -26.7
489.746    -8.0   -16.7    10.9
491.406     5.5    -8.2   -14.3
493.066    -9.9     1.6   -20.9
494.727    -8.1    -5.4     0.2
496.387    -2.6     3.4   -27.5
498.047    -9.5   -13.8    -7.3
499.707    -1.7   -19.3    18.4
501.367    -1.1    -5.5    -4.4
503.027   -15.0    -9.5   -10.6
504.688   -14.2   -10.5    -1.6
506.348   -11.8     4.1   -11.0
508.008    -9.5    -3.1   -16.4
509.668     2.9    -6.5    -1.5
511.328     4.9    -6.9    -1.6
512.988    -2.7     1.3   -17.1
514.648   -26.5   -15.9    -8.4
516.309   -10.5     8.4    -5.5
517.969    -8.1    -6.2   -12.6
519.629     9.3    -9.2    11.7
521.289     6.3     4.8    -3.1
522.949   -13.6    -2.9   -17.3
524.609   -29.7   -19.8   -17.7
526.270   -13.9   -10.0     3.0
527.930     2.3     1.7   -18.1
529.590    -4.5    -8.7   -10.0
531.250    11.5     3.0     2.8
532.910    -6.9   -10.5   -20.6
534.570   -25.2   -23.4   -24.0
536.230   -15.2    -3.4    -1.8
537.891     0.6    -3.5   -17.8
539.551     1.9    -6.9   -14.8
541.211     8.8     2.1     4.1
542.871   -10.6   -11.9   -19.3
544.531   -18.0   -17.0   -28.7
546.191   -14.5   -14.4     2.0
547.852    -8.9   -11.6    -1.3
549.512     1.5     7.3    -1.0
551.172     8.8    13.3     8.2
552.832    -1.3     2.8    -2.2
554.492   -16.6   -27.0    -7.2
556.152   -12.0   -17.7     4.5
557.812    -7.7    -1.5   -17.1
559.473    -5.5     2.6   -13.0
561.133    -1.5     6.8     7.7
562.793     2.8     6.1    -1.3
564.453   -10.9   -24.9   -16.8
566.113    -4.0   -19.2     5.3
567.773   -10.9    -5.6   -11.3
569.434   -17.6     0.3   -14.3
571.094     0.4    10.2    11.7
572.754     1.0     9.3    11.1
574.414    -8.2   -25.0   -16.0
576.074    -7.9   -16.1    -1.0
577.734    -9.9     1.2   -13.8
579.395   -12.4     5.8    -8.5
581.055    -9.3     3.4    -0.6
582.715    -3.2    -5.3   -15.1
584.375    -5.8   -14.1   -18.0
586.035     0.0   -27.4     7.6
587.695    -5.6     1.8   -13.4
589.355   -18.9     2.0    -6.9
591.016   -16.4     2.5    -1.5
592.676    -9.8    -1.7    -5.8
594.336    -4.9   -20.6   -21.2
595.996    11.5   -13.3     6.9
597.656     8.6     0.3     6.2
599.316   -13.5     5.4   -21.3
600.977   -20.8    -5.4    -0.2
602.637   -16.4   -12.9   -11.4
604.297     2.0   -25.1    -2.6
605.957    16.8   -17.9     0.5
607.617     5.9    10.1    -8.1
609.277   -11.8    12.4    -8.7
610.938   -20.6    -2.2    -7.7
612.598   -15.8    -0.5     3.5
614.258   -10.0   -19.7   -16.1
615.918     8.2   -18.9    -2.3
617.578     2.9    11.5    -9.7
619.238    -1.1    12.5    -5.6
620.898   -16.9     4.7    -6.4
622.559   -18.7   -10.9    -7.5
624.219   -10.9   -29.3    -6.2
625.879     2.3   -33.1    -3.6
627.539    16.9    -1.5     4.9
629.199    -6.8    13.8   -14.0
630.859   -16.7     5.9    -4.0
632.520   -19.4    -9.1    -9.0
634.180   -15.8   -24.3   -15.4
635.840    -3.1   -28.7    -9.2
637.500    15.8    -8.3     4.0
639.160     0.1     9.0   -10.5
640.820   -13.5     5.2   -13.5
642.480   -19.3    -0.5     1.1
644.141   -15.3   -24.1   -12.0
645.801    -4.5   -24.0   -15.0
647.461     7.8   -14.0     4.5
649.121     3.7     2.1    -1.6
650.781    -3.4     4.1   -25.0
652.441   -23.3    -2.3    -4.2
654.102   -11.6   -10.8    -2.9
655.762    -2.7   -16.9   -25.4
657.422     1.3   -14.5    -1.3
659.082    10.6     3.7     7.4
660.742     2.2     6.5   -23.0
662.402   -13.3     5.2   -25.5
664.062   -28.9   -10.4    -3.9
665.723   -10.4   -16.6   -12.7
667.383    -0.1   -10.5   -21.1
669.043     9.3    -6.1     1.4
670.703    -3.4     0.8    -6.3
672.363   -18.1     0.0   -22.0
674.023   -25.2   -16.8    -3.1
675.684    -4.7    -8.4   -12.4
677.344    -0.2     0.9   -22.5
679.004     0.2     0.2   -13.5
680.664     3.1    -4.6    16.0
682.324   -19.8    -8.4   -19.9
683.984   -16.3   -13.5    -5.0
685.645   -12.9   -13.4     4.3
687.305    -5.2    -5.2   -22.7
688.965    -0.2    -6.2     2.0
690.625     1.0    -5.4     8.8
692.285    -0.5     1.3    -4.4
693.945   -13.2   -20.8    -9.1
695.605   -15.0   -13.6    -4.2
697.266    -2.0     0.2   -10.4
698.926    -2.1    -2.2   -12.8
700.586    -4.6    -4.4   -10.2
702.246    -8.7    -6.6    -4.4
703.906   -10.4   -19.7    -8.8
705.566   -10.3   -14.8    -7.3
707.227    -3.3    -7.7    -1.9
708.887    -4.8    -5.5   -17.3
710.547    -5.8    -4.2   -14.6
712.207   -15.9    -0.9    -0.2
713.867    -7.7    -9.4    -8.4
715.527    -3.1   -17.1   -15.8
717.188     2.3    -6.1     9.8
718.848    -2.9    -3.2   -14.0
720.508   -13.3    -6.4   -22.4
722.168   -14.9    -5.8    -2.0
723.828   -13.9    -8.3   -14.1
725.488    -2.9    -9.2   -14.7
727.148     3.7    -7.3     0.0
728.809     7.3    -2.4     1.8
730.469   -13.7    -6.0   -19.1
732.129   -14.1    -6.9   -12.4
733.789   -12.0    -4.1   -13.5
735.449   -10.6    -7.9   -12.5
737.109     6.4   -12.9     6.8
738.770    10.0     1.7   -11.8
740.430    -2.0     2.0   -13.1
742.090   -17.6   -13.5    -8.3
743.750   -15.5    -3.4   -20.7
745.410   -16.1     0.1   -25.0
747.070     2.6   -12.3     3.5
748.730    16.3     3.6   -13.0
750.391     6.2     3.9   -13.3
752.051   -14.3   -18.3    -4.6
753.711   -18.8    -1.8   -26.1
755.371   -21.5    -1.1   -21.7
757.031    -3.2   -15.8    13.7
758.691    12.2    -4.8     5.4
760.352    -9.9   -16.5    -1.5
762.012   -13.7    -2.6    -8.5
763.672   -15.1    -0.7    -6.9
765.332   -13.9     1.2   -27.6
766.992    -7.3   -13.3     2.1
768.652     1.9   -14.0     9.9
770.312     8.5     4.2   -11.9
771.973    -3.8   -10.4    -9.6
773.633    -6.4    -7.6     0.8
775.293   -18.9    -5.9   -17.3
776.953   -18.7   -17.0    -9.7
778.613    -2.7    -8.4     5.3
780.273     8.8     4.2     2.1
781.934     0.8    -3.3    -5.2
783.594    -8.4    -5.9     2.3
785.254    -6.3    -2.3    -7.1
786.914   -12.7   -10.8   -18.4
788.574    -2.1   -10.8     0.2
790.234     2.1    -1.3    -0.8
791.895    -8.3   -12.6   -16.8
793.555   -12.0   -10.0    -4.3
795.215    -4.0     2.0    -3.1
796.875    -5.5     0.1   -17.3
798.535   -13.4   -13.9    -7.2
800.195    -4.4    -4.8     3.4
801.855    -1.5    -3.7    -7.2
803.516    -7.8   -11.9   -19.6
805.176   -11.2    -7.4     2.5
806.836   -14.4    -3.1   -16.8
808.496   -14.4    -5.0   -22.7
810.156     5.0    -4.8     3.9
811.816     2.5    -1.4     0.1
813.477   -14.8   -10.7    -5.1
815.137   -14.0    -8.9    -2.6
816.797    -8.9    -8.2   -10.8
818.457   -12.7    -8.1   -17.5
820.117    -0.6    -7.0     6.1
821.777     5.1     1.3    -1.2
823.438   -13.3   -11.7   -23.3
825.098   -16.3   -12.1    -3.8
826.758   -10.8    -7.5    -5.5
828.418   -10.6    -9.8   -16.0
830.078     0.5    -9.8   -22.7
831.738    -0.6     2.0     6.2
833.398    -2.1     3.1    -7.5
835.059    -7.6   -14.5   -11.4
836.719    -8.2   -12.4    -8.7
838.379   -13.4    -9.6   -22.8
840.039    -6.3    -6.7    -0.1
841.699     1.2    -0.6    16.1
843.359     4.0     6.8    -2.7
845.020   -14.9   -13.3    -2.1
846.680   -13.5   -23.3    -6.1
848.340   -10.2    -8.1   -18.2
850.000    -8.0    -7.1   -11.5
851.660     2.9     2.4     7.0
853.320     4.4    10.5    -6.8
854.980   -10.8   -15.4   -12.8
856.641   -12.7   -18.4    -7.4
858.301   -11.7    -9.3   -19.0
859.961    -6.8    -2.4   -14.2
861.621    -3.2    -1.5     3.7
863.281     0.8    11.8    -2.0
864.941    -2.1    -1.4   -16.0
866.602   -11.3   -33.0    -9.0
868.262   -10.0   -19.8    -5.4
869.922    -8.4    -3.6   -10.1
871.582    -1.7    15.3    -3.1
873.242    -1.2    18.1    -1.5
874.902    -1.8   -25.1    -6.7
876.562    -6.5   -24.5   -11.4
878.223   -13.4   -19.4   -10.4
879.883    -6.7    -2.8    -8.6
881.543    -3.5    -0.4    -8.7
883.203    -1.5    19.8    -0.8
884.863    -9.1    -6.1    -3.6
886.523    -4.4   -28.7    -8.5
888.184    -6.2   -29.4   -11.1
889.844    -5.2     6.2    -0.9
891.504    -0.4    20.6    -3.1
893.164     0.0    18.8    -4.5
894.824    -9.4     3.7   -10.0
896.484   -10.6   -13.4    -8.0
898.145    -4.5   -27.3    -8.1
899.805    -7.2   -13.6   -14.3
901.465    -6.5     7.2    -4.0
903.125    -2.6    15.0    10.0
904.785    -7.0    14.3     0.1
906.445    -9.0    -8.5   -15.2
908.105   -10.7   -28.0    -0.5
909.766    -0.8    -9.4   -16.6
911.426    -6.4    13.6     5.6
913.086    -7.6    14.4    11.2
914.746    -6.3     1.6   -29.3
916.406   -12.2   -11.5    -7.2
918.066   -13.2   -19.1    -2.9
919.727     1.2   -13.6   -23.5
921.387    -4.4     4.9    11.6
923.047    -6.1     4.8    20.0
924.707    -9.9     3.9   -29.1
926.367   -11.0    -6.1   -31.9
928.027   -10.8   -23.2    15.7
929.688    -2.6   -19.6     0.7
931.348    -4.5    -5.0   -20.6
933.008    -6.3    -6.2     7.7
934.668    -2.2     3.0     0.5
936.328   -14.7     2.8   -24.1
937.988    -5.8   -17.6     5.8
939.648    -5.6   -18.6     4.3
941.309    -5.7    -9.2   -14.9
942.969    -5.5   -12.7     3.9
944.629    -1.2     1.6     0.8
946.289   -10.3     0.4   -18.5
947.949   -16.6   -14.9    -7.3
949.609    -7.9    -9.2    -5.8
951.270    -4.6    -2.3   -11.4
952.930    -4.6   -14.6     5.0
954.590     2.7    -3.1     5.9
956.250    -3.6     4.0   -16.9
957.910   -13.4    -9.6   -17.6
959.570   -15.9    -2.9     1.8
961.230    -0.3   -20.0   -14.0
962.891    -1.3   -23.9     2.1
964.551     0.7     1.2     9.8
966.211     3.3     1.0     7.8
967.871   -10.7    -5.6   -29.5
969.531   -17.1    -2.2     0.4
971.191   -11.5   -18.7   -18.1
972.852    -9.8   -21.3   -17.7
974.512     6.1    -5.9    21.1
976.172     6.0     2.9     6.4
977.832   -14.3    -2.6   -18.0
979.492   -18.1    -4.3    -0.8
981.152   -17.3    -7.2    -4.4
982.812   -11.9   -21.6   -15.3
984.473     7.9    -4.8    12.2
986.133    11.2     1.7     4.7
987.793    -6.4     7.5   -14.8
989.453   -13.3    -5.7   -10.6
991.113   -18.0   -12.2   -16.1
992.773   -19.5   -21.7    -8.6
994.434    -0.7   -16.9     7.8
996.094    10.5    12.4   -12.5
997.754     7.6     8.7   -12.8
999.414   -11.3    -7.2    -8.4
1001.074   -17.2   -11.1   -25.4
1002.734   -22.2   -18.7   -20.7
1004.395     2.0   -14.9    12.1
1006.055     6.1    -4.4     5.4
1007.715     1.5     8.1    -5.2
1009.375     2.3    -0.1    -2.7
1011.035   -19.1   -14.0   -28.2
1012.695   -25.5   -30.1    -9.3
1014.355    -8.9   -20.6     9.5
1016.016     5.4    11.1   -12.3
1017.676    -1.0     1.6    -3.1
1019.336    -2.0     0.7    -2.8
1020.996    -7.4    -1.5    -8.2
1022.656   -17.7   -29.8   -17.7
1024.316    -9.6   -20.7     2.9
1025.977    -1.6    -6.4     6.4
1027.637     0.6    -1.7    -3.8
1029.297     0.0    -0.6    -8.1
1030.957   -18.6   -13.6   -18.1
1032.617   -17.9   -13.2   -18.6
1034.277   -16.0   -23.7    -2.4
1035.938    -2.0    -8.8     4.8
1037.598    -3.3    -2.5    -7.4
1039.258    -0.2    -2.8    -5.4
1040.918    -1.0     9.7    -5.8
1042.578   -12.8    -2.3   -20.1
1044.238   -13.8   -18.8     1.1
1045.898    -9.2   -15.8     3.6
1047.559    -3.8    -5.4   -11.8
1049.219    -8.2    -7.8   -11.5
1050.879    -3.2     1.8    -8.3
1052.539    -9.8     0.8   -13.1
1054.199    -3.7   -15.5    -0.6
1055.859    -0.1   -10.7     5.9
1057.520    -5.3    -8.0    -6.1
1059.180    -8.8    -3.2    -6.0
1060.840    -4.4    -0.4    -3.9
1062.500    -6.7    -2.1   -18.0
1064.160    -5.4    -4.9     7.4
1065.820    -3.3    -6.4     6.5
1067.480    -7.5   -13.7   -12.5
1069.141   -12.9   -13.5   -15.0
1070.801    -7.8     0.1    -2.3
1072.461    -8.6    -1.9   -11.0
1074.121    -8.7    -5.5   -14.7
1075.781     5.3    -4.8    11.3
1077.441     2.5   -10.2    -5.9
1079.102   -11.4   -14.4   -19.4
1080.762   -15.6    -8.1     3.4
1082.422   -11.0    -1.6    -7.2
1084.082    -9.5    -0.1   -11.5
1085.742    -4.1    -4.6     2.2
1087.402     0.8   -10.0    -9.6
1089.062    -7.0    -9.6   -15.4
1090.723    -2.0    -8.2     7.9
1092.383    -5.0    -2.7    -9.8
1094.043   -12.6    -1.4   -25.9
1095.703   -14.0   -10.7     0.7
1097.363    -2.3    -7.6    -0.6
1099.023     3.5    -4.7   -15.6
1100.684    -2.9    -3.2    14.6
1102.344    -9.8     3.9    -8.4
1104.004   -21.0    -4.9   -27.3
1105.664   -19.5   -20.7     0.5
1107.324     4.9    -4.2    -9.3
1108.984     4.1    -3.9   -13.3
1110.645     3.5     4.3     3.5
1112.305     2.7     4.2     1.2
1113.965   -21.6   -13.5   -21.9
1115.625   -17.8   -17.6   -10.7
1117.285    -7.2    -8.2    -6.2
1118.945     1.7    -4.8    -3.8
1120.605    13.0     0.0     2.2
1122.266    -1.3     4.9    -4.2
1123.926   -18.7   -13.7   -16.8
1125.586   -27.8   -14.6    -9.2
1127.246   -25.9   -13.2    -9.3
1128.906    17.0    -2.4     6.0
1130.566    20.3     6.0     3.0
1132.227    -9.9     3.3     0.0
1133.887   -28.4   -15.9   -20.8
1135.547   -28.5   -18.2   -19.7
1137.207   -11.0   -11.7    -5.4
1138.867    20.6    -1.1   -11.5
1140.527    16.6    10.0     4.9
1142.188    -2.2    -1.2     1.0
1143.848   -18.1   -16.6   -22.6
1145.508   -21.4   -19.1   -28.6
1147.168   -13.2    -9.6     1.1
1148.828     5.2    -3.0    -4.5
1150.488    19.1     3.7    -2.0
1152.148     1.4    -1.9     1.4
1153.809   -11.7    -2.0   -19.6
1155.469   -28.9   -18.2     0.2
1157.129   -22.7   -16.9    -1.7
1158.789     0.8     0.2   -12.1
1160.449     3.5     1.0    11.8
1162.109   -16.6    -7.1   -24.5
1163.770   -26.4   -16.4     5.7
1165.430   -23.1   -14.2    -1.5
1167.090    -1.5    -0.8   -15.9
1168.750     1.5    -0.6     8.3
1170.410     5.6   -10.1    -5.1
1172.070    -7.7    -7.1   -16.4
1173.730   -30.1   -19.6    -2.3
1175.391   -13.5    -9.1    11.0
1177.051     9.6    11.4    -7.1
1178.711     2.2    -2.2     5.1
1180.371   -16.0    -7.1   -25.1
1182.031   -22.1   -11.2   -36.0
1183.691    -7.9   -14.8     5.7
1185.352     2.9     4.6     4.4
1187.012     5.3     6.0    -6.2
1188.672     6.6    -7.8     3.5
1190.332    -6.2   -14.4     2.0
1191.992   -21.1   -17.1   -31.2
1193.652   -29.3   -26.5   -11.2
1195.312    11.8    16.3     4.9
1196.973    14.9    19.4     2.1
1198.633     0.9    -9.7    -1.0
1200.293     1.7    -8.3    -3.0
1201.953   -38.5   -31.4   -23.6
1203.613   -21.4   -23.2    -0.7
1205.273     3.6     5.7    10.8
1206.934     5.8     1.3   -13.0
1208.594     0.8    -2.5    -8.0
1210.254   -19.2   -15.1    -6.4
1211.914   -17.1   -18.2   -17.1
1213.574   -14.9   -20.4    -6.4
1215.234    17.1    24.4     1.6
1216.895    21.5    30.0    10.8
1218.555   -15.6   -13.8    -6.3
1220.215   -16.3   -12.2    -4.6
1221.875   -31.1   -29.1   -21.9
1223.535    -6.7   -11.2    -2.0
1225.195    10.7    13.0    15.6
1226.855    10.6    11.7   -13.4
1228.516    -4.2     0.3   -13.2
1230.176   -18.4   -15.8   -13.3
1231.836   -27.8   -28.3   -21.8
1233.496   -25.9   -27.7   -18.5
1235.156     0.7    -7.5    10.1
1236.816    17.4    14.9    -3.7
1238.477    -7.5    -0.2   -11.2
1240.137   -18.2   -16.1    -5.0
1241.797   -28.4   -25.6   -26.8
1243.457   -25.1   -22.0   -18.9
1245.117    19.6     4.0    16.7
1246.777    15.1    13.1     6.8
1248.438    -9.6    -0.2   -13.3
1250.098   -16.5    -9.2   -10.3
1251.758   -26.9   -23.1   -25.6
1253.418    -7.1   -12.0     9.8
1255.078     7.7     9.5     6.5
1256.738     1.2    -5.1   -15.4
1258.398   -11.3   -12.1   -11.9
1260.059   -13.6    -5.4   -16.8
1261.719   -21.8   -11.4   -20.6
1263.379     4.5   -15.0     6.2
1265.039    15.5     3.3     4.0
1266.699     3.9     8.5    -8.7
1268.359    -4.1    -1.4   -14.7
1270.020   -13.5    -6.6   -24.2
1271.680   -11.8   -11.1   -24.0
1273.340   -19.7   -18.6     3.2
1275.000    -9.4    -2.6    11.1
1276.660    11.4    -0.5   -13.2
1278.320     7.0   -12.2     4.6
1279.980   -10.8    -1.5    -4.0
1281.641   -24.6    -7.6   -12.8
1283.301   -14.2   -13.4    -2.0
1284.961    -3.8    -7.2     1.2
1286.621     5.6   -11.0    -1.3
1288.281     5.4   -11.5    -0.6
1289.941    -6.3    12.4   -21.7
1291.602   -16.1    -3.7   -16.9
1293.262   -13.6   -10.5    -4.8
1294.922    -8.3   -17.2     5.1
1296.582     4.1    -4.6    -6.4
1298.242     3.3     1.3    -6.0
1299.902    -6.5     8.7   -15.4
1301.562   -19.4   -14.5    -4.5
1303.223   -12.2   -13.8    -0.3
1304.883   -10.0   -10.7    -5.8
1306.543    -8.8    -8.3   -15.2
1308.203     6.2    -1.8    -1.7
1309.863    -0.8    -6.0    -4.2
1311.523   -15.5    -3.1   -12.0
1313.184   -17.1    -3.2    -9.8
1314.844   -11.7   -14.9   -17.7
1316.504     7.0    -4.6    16.7
1318.164     8.2    -5.9    17.2
1319.824     0.1    -2.5    -9.2
1321.484   -14.3    -2.9   -29.3
1323.145   -12.5    -7.3    11.2
1324.805    -8.5   -12.5     4.1
1326.465     0.0    -5.2    -1.4
1328.125    -4.4    -2.1     8.4
1329.785    -3.6    -8.8    -6.0
1331.445   -11.3    -9.1   -19.8
1333.105    -6.2    -7.0    -1.5
1334.766     0.2     0.4   -17.3
1336.426    -1.6     2.8   -29.1
1338.086    -3.2   -10.2     5.5
1339.746    -6.4    -7.7   -20.0
1341.406   -13.9   -14.3    -1.3
1343.066   -11.0   -14.6     5.5
1344.727    -1.1     2.7    -8.4
1346.387    -9.2    -3.8    -3.8
1348.047    -4.5   -12.2    -5.4
1349.707   -10.0   -15.7   -23.3
1351.367   -11.5   -21.8    -1.0
1353.027    -3.7    -5.5     8.7
1354.688     0.9    16.2   -11.7
1356.348    -4.8    -8.2    -9.9
1358.008    -6.7   -10.1    -3.2
1359.668   -14.3   -12.9   -15.9
1361.328   -13.2   -26.6    -6.4
1362.988     2.6    -6.7     2.9
1364.648     3.0    12.1    -7.9
1366.309   -11.3     0.8   -10.5
1367.969   -17.9    -9.9   -11.6
1369.629    -9.9   -33.2   -11.9
1371.289    -1.8   -26.5    -0.5
1372.949     9.5     1.3    13.8
1374.609     3.6    16.5    -3.4
1376.270   -16.8     1.0   -19.8
1377.930   -10.1   -16.1     2.9
1379.590    -9.4   -19.0     2.1
1381.250     2.1    -5.5    -1.8
1382.910     6.5    21.9    12.4
1384.570     6.0    22.1     6.9
1386.230   -12.2   -11.3   -22.0
1387.891   -24.2   -18.2    -6.1
1389.551   -22.9   -22.4   -10.0
1391.211   -13.6   -22.1   -18.1
1392.871    13.1    12.2    11.5
1394.531    -0.7    13.4   -11.5
1396.191   -15.1    -3.2   -17.3
1397.852   -14.6   -27.4   -16.0
1399.512   -14.9   -26.9   -20.6
1401.172    15.6     7.4    12.4
1402.832    10.5    22.8    -8.6
1404.492     1.5    15.6   -13.8
1406.152   -18.1   -21.9    -4.5
1407.812   -13.0   -27.9   -14.6
1409.473   -12.2   -12.0     1.3
1411.133     0.0    -0.6     6.3
1412.793    11.3    24.9   -14.3
1414.453    -0.9     0.6     3.8
1416.113    -7.8   -23.9    -1.0
1417.773   -14.5   -21.9   -25.6
1419.434   -23.0   -18.0   -19.2
1421.094    -6.5    -6.3     9.4
1422.754     8.9    21.2    -8.1
1424.414     4.1     9.8    -7.3
1426.074    -4.9   -16.5     3.5
1427.734   -24.4   -31.9   -22.3
1429.395   -24.4   -32.8   -17.4
1431.055    -8.8     3.1    10.8
1432.715     0.5    27.6    -7.3
1434.375     6.7    -4.3     5.7
1436.035     5.4   -10.2     2.3
1437.695   -25.6   -29.8   -24.5
1439.355   -25.6   -30.3   -13.5
1441.016    -4.1    12.7    -9.0
1442.676    -1.8    19.7    -5.5
1444.336     9.3     0.5     6.1
1445.996    12.9     0.5     1.7
1447.656   -12.4   -18.7   -24.1
1449.316   -28.2   -27.9     1.5
1450.977    -1.6     9.5    -4.6
1452.637     4.1     7.2    -9.5
1454.297    10.6     9.3     4.7
1455.957    -1.1    -6.0   -15.2
1457.617   -19.4   -28.4   -25.8
1459.277   -25.0   -32.3   -10.1
1460.938    -3.2     8.8   -13.0
1462.598     2.5     7.7   -15.9
1464.258     8.3     9.4     8.1
1465.918    -4.7    -6.9   -15.0
1467.578   -21.4   -36.6   -14.9
1469.238    -1.2   -11.2     7.5
1470.898     0.0     3.5    -7.2
1472.559    -0.3    10.3   -14.0
1474.219    -0.3    11.0     3.7
1475.879   -19.4   -24.6   -27.5
1477.539   -19.3   -31.7   -23.6
1479.199    -6.4   -25.4    15.5
1480.859     1.6     7.5   -11.5
1482.520     0.2    13.0     3.3
1484.180    -1.2    11.5     5.1
1485.840   -21.3    -8.5   -16.7
1487.500   -28.5   -36.3   -22.9
1489.160   -10.9   -27.0     3.6
1490.820    15.0     5.6    -1.0
1492.480    13.0    11.9   -13.8
1494.141   -25.9    -0.3   -17.1
1495.801   -27.6   -12.2   -26.8
1497.461   -18.8   -38.1   -24.7
1499.121     9.7    -7.8    20.9
1500.781    20.7    21.1     4.8
1502.441    19.1    19.3    -5.0
1504.102   -24.1   -15.8   -19.1
1505.762   -29.0   -19.5   -23.3
1507.422   -23.8   -38.6   -11.4
1509.082    18.0     8.3    16.0
1510.742    18.9     8.3    16.7
1512.402    17.9    22.5    -2.5
1514.062   -20.3    -6.0   -11.6
1515.723   -39.8   -40.5   -32.5
1517.383   -21.5   -39.0    -4.3
1519.043    12.4     1.6    12.5
1520.703    22.0    24.2     1.3
1522.363    10.6    20.4     0.3
1524.023    -6.4     3.8    -4.5
1525.684   -35.0   -31.0   -26.0
1527.344   -24.0   -42.1   -10.9
1529.004    12.7    12.9     4.7
1530.664    19.0    23.0     3.6
1532.324    11.4    19.9    -0.4
1533.984   -19.3   -11.1   -20.6
1535.645   -25.3   -37.1   -17.8
1537.305    -9.7   -29.8    -7.1
1538.965     0.8     0.0     1.5
1540.625     7.2    15.8     2.7
1542.285     7.3    16.3    -5.0
1543.945    -5.2     2.4   -11.0
1545.605   -21.5   -36.8   -12.2
1547.266    -7.0   -25.2   -10.4
1548.926    -6.2   -10.0     1.5
1550.586    -3.3    12.4     4.2
1552.246   -10.1    -5.5   -10.2
1553.906    -9.6    -4.3    -9.4
1555.566    -7.0   -27.0    -0.3
1557.227     3.8   -18.7     1.3
1558.887    -1.6   -14.8     4.2
1560.547    -9.0    12.9   -11.6
1562.207   -11.9    -1.8    -1.6
1563.867   -12.9    -8.6    -3.2
1565.527     5.4   -22.0   -19.7
1567.188    -1.5   -16.3     4.3
1568.848    -2.2    -4.8    -6.7
1570.508    -9.8     2.3   -16.5
1572.168   -20.8    10.3   -10.0
1573.828   -11.9   -11.9    -2.7
1575.488     4.9   -15.0   -25.2
1577.148    -3.2   -17.8    22.1
1578.809    -4.3    -9.5     7.1
1580.469    -7.8     9.2   -27.5
1582.129   -18.6     5.6    -5.5
1583.789    -9.6    -8.4    -6.7
1585.449     1.8   -13.0   -30.5
1587.109     8.1   -19.2    24.4
1588.770     7.3     3.0     8.5
1590.430   -15.9     9.9   -28.9
1592.090   -28.3    -8.2    -2.7
1593.750   -11.1    -5.0    -7.8
1595.410     4.8   -24.3    -3.6
1597.070     9.0   -18.4    10.7
1598.730    -4.5    12.8    -7.8
1600.391   -32.4    -1.9   -15.0
1602.051   -15.7    -7.4   -16.0
1603.711    -4.1    -6.8   -18.3
1605.371     0.8   -21.1    -7.8
1607.031    12.8    -6.4    11.1
1608.691    10.6     7.0     3.1
1610.352   -28.6    -5.9    -9.6
1612.012   -18.8    -1.0    -4.7
1613.672    -4.7   -12.0   -18.1
1615.332    -3.0   -26.9    -4.8
1616.992    12.3     1.4    16.1
1618.652    -3.0     4.3   -15.3
1620.312   -10.0     2.3   -22.0
1621.973   -26.8    -1.6    -0.9
1623.633    -1.5   -26.6   -20.2
1625.293     1.1   -27.1   -18.9
1626.953     3.7     5.9     7.9
1628.613   -14.0     4.0   -24.0
1630.273   -20.0     2.2   -15.6
1631.934   -10.7    -5.8    -0.2
1633.594   -10.3   -27.1   -19.7
1635.254    -4.5   -24.4    -6.2
1636.914     8.3    -1.3    15.1
1638.574    -8.4    10.9   -14.9
1640.234    -9.6     6.9   -20.2
1641.895   -14.7    -3.4    -5.0
1643.555   -16.7   -19.5   -15.5
1645.215   -19.1   -27.8   -14.3
1646.875    10.5    -4.7     7.3
1648.535   -13.2     6.5   -14.2
1650.195   -18.3     0.8   -11.0
1651.855   -16.3   -15.0   -12.9
1653.516   -17.3   -23.5   -24.1
1655.176    -9.5   -26.3    -0.3
1656.836    10.6    -3.8     5.7
1658.496     5.2    16.5   -13.5
1660.156   -14.2    -5.2     6.2
1661.816    -7.8    -9.2   -15.0
1663.477   -10.5   -18.2   -19.2
1665.137   -10.9   -24.4    -5.7
1666.797     2.1    -5.4     6.4
1668.457    -1.2    11.1   -18.3
1670.117   -10.5    -2.7    -4.5
1671.777    -9.0    -6.3   -12.7
1673.438   -12.3   -17.7   -15.2
1675.098    -2.8   -12.0     5.2
1676.758     1.2    10.9    -2.4
1678.418    -4.1     3.8   -12.0
1680.078     1.6    -0.3    -7.1
1681.738    -5.9    -6.3   -10.9
1683.398   -16.6   -21.9   -10.4
1685.059    -9.4   -22.4    -1.1
1686.719    -6.0    10.7   -13.5
1688.379   -11.2    -0.4   -11.0
1690.039     0.5    -4.3    -3.0
1691.699    -8.8   -11.9   -11.5
1693.359   -13.8   -18.1     1.1
1695.020   -13.5   -17.5     2.0
1696.680   -11.1    -2.2   -20.5
1698.340    -6.7    -9.2    -9.6

Event #33  ts=2026-09-11 12:10:48.623  [SELECTED]
  t[ns]  u1[mV]  u2[mV]  u3[mV]
  0.000     1.3     3.4    -3.9
  1.660   -26.4   -13.7   -23.7
  3.320    20.6    -4.0    18.5
  4.980     8.0    18.9   -11.1
  6.641   -16.4    -3.6   -15.0
  8.301   -14.4   -12.3     1.5
  9.961   -19.0   -13.5   -19.4
 11.621   -11.7   -22.3    -9.7
 13.281    11.8    -5.6    24.2
 14.941     7.4    11.8   -11.3
 16.602    -9.3     0.4   -21.8
 18.262   -17.1    -4.6     2.9
 19.922   -24.5   -11.8   -20.6
 21.582    -9.0   -27.1    -8.2
 23.242    12.2    16.9    18.2
 24.902     8.1    11.5    -9.6
 26.562    -3.9   -15.5   -21.1
 28.223   -11.8    -6.6     3.1
 29.883   -24.3   -26.0   -24.7
 31.543   -10.6   -28.8   -19.5
 33.203    15.0    -0.1    17.8
 34.863    -7.2   -10.1   -25.1
 36.523    -6.3   -21.3   -16.2
 38.184    -6.5   -17.1   -10.5
 39.844   -23.0   -17.5   -19.5
 41.504    -1.6   -21.5   -12.6
 43.164     9.0    22.4    14.8
 44.824     0.8    14.8    -0.9
 46.484    -5.9   -12.6   -20.2
 48.145   -11.3   -23.3   -15.6
 49.805   -20.3   -14.7   -23.6
 51.465   -19.8   -17.5   -23.8
 53.125     7.1     9.8    12.2
 54.785    -1.3    12.1   -12.6
 56.445    -7.6    -5.9   -24.5
 58.105   -11.3   -21.3     7.4
 59.766   -16.0   -30.4   -20.0
 61.426   -18.0   -24.3   -26.8
 63.086    -3.6     5.3    -7.0
 64.746     5.2    21.2    10.1
 66.406    -9.9   -14.2   -23.5
 68.066   -15.0   -23.1    14.3
 69.727   -16.9   -29.7     0.7
 71.387    -2.7   -14.6   -23.6
 73.047     4.3    11.8     1.1
 74.707    -5.9    26.1     1.7
 76.367    -9.3   -12.1   -17.4
 78.027    -2.1   -32.9     5.8
 79.688   -14.1   -12.8   -21.0
 81.348    -2.8    -3.7    -7.3
 83.008     4.0     5.9    -1.9
 84.668   -14.5    28.3    -7.2
 86.328   -12.4    -5.1   -12.1
 87.988    -3.7   -24.8    -3.5
 89.648    -9.0   -13.5    -7.7
 91.309   -10.1   -12.9   -10.2
 92.969     1.8    22.1     1.5
 94.629   -10.1    28.8   -17.8
 96.289   -16.4   -20.4   -13.9
 97.949    -7.3   -34.1     3.2
 99.609     0.9   -23.2     2.7
101.270    11.4    -3.3    -5.2
102.930     7.2     3.8    -2.4
104.590   -12.8    22.8   -12.1
106.250   -22.8   -20.7   -20.0
107.910    -8.1   -28.9    -1.1
109.570    -3.9   -31.2     5.6
111.230    17.0     8.2    -1.6
112.891     3.2    21.8     0.8
114.551   -19.2     9.1   -17.5
116.211   -25.2   -26.2   -18.7
117.871    -7.5   -21.1     2.4
119.531    -0.4   -15.8    -3.2
121.191     8.7   -11.5    -4.0
122.852    11.6    14.4    13.3
124.512   -19.2     9.9   -19.4
126.172   -23.7   -26.4   -19.9
127.832   -26.2   -32.3    -4.7
129.492    -0.8   -21.6    -4.0
131.152    20.7     6.5    10.3
132.812    -6.2    17.9    -7.3
134.473    -7.3    17.0    -5.3
136.133   -37.2   -18.9   -25.5
137.793    -7.8   -27.4     1.8
139.453   -13.9   -25.8    -6.5
141.113     7.8    -5.4   -14.8
142.773    12.8    14.9    22.6
144.434    -2.2     9.6   -14.4
146.094   -27.7   -21.3   -18.8
147.754    -7.9   -16.9    -1.3
149.414   -15.4   -14.5   -22.9
151.074    -0.1    -6.9    -0.7
152.734    21.3    21.9    17.0
154.395     2.5    10.1   -13.7
156.055   -17.0   -21.0   -14.7
157.715   -25.4   -19.8    -1.5
159.375   -26.4   -16.1   -22.7
161.035     1.7    -7.0     7.9
162.695     0.9    -7.0     7.7
164.355     8.3    24.8     3.6
166.016   -10.4   -16.0   -17.0
167.676   -14.8   -17.5     5.6
169.336   -20.4   -11.4   -23.1
170.996   -29.5   -22.5   -30.5
172.656     6.9     5.4    15.3
174.316    17.1    21.8    10.9
175.977     1.7   -18.4    -5.8
177.637     6.4   -17.1    12.5
179.297   -13.8    -5.7   -10.7
180.957   -23.6   -26.1   -19.1
182.617     2.3     1.2    19.8
184.277     8.3    15.1    -4.9
185.938     7.0    -8.9    -9.7
187.598   -13.9    -5.0     4.7
189.258   -29.2   -16.5   -29.8
190.918   -22.6   -28.6   -26.8
192.578    -1.5    15.6     8.1
194.238     8.3    -4.3   -16.6
195.898     9.1   -12.2    -7.1
197.559   -15.4    -4.7     6.1
199.219   -27.4   -20.5   -25.8
200.879    -5.3   -14.9    -5.2
202.539     3.4    13.6    11.1
204.199    -8.5    10.0    -3.4
205.859    -0.3   -21.5    -8.5
207.520   -25.8   -10.5    -3.2
209.180   -88.9   -30.4   -23.9
210.840  -141.5   -67.6   -14.2
212.500  -154.7   -90.6     8.8
214.160  -143.0   -95.8     6.5
215.820  -113.2  -110.1   -11.4
217.480  -106.5   -94.2    -3.9
219.141  -113.2   -92.5   -21.1
220.801   -79.0   -75.1     2.4
222.461   -42.0   -44.4    11.2
224.121   -21.5   -19.2     3.1
225.781   -32.5   -21.4   -15.0
227.441   -45.9   -38.7    -9.1
229.102   -45.5   -42.7   -20.6
230.762    -9.7   -20.6    -3.7
232.422     3.3     7.5    15.7
234.082    -8.8    -9.5    -9.0
235.742   -15.3   -22.1     0.6
237.402   -15.8   -20.7     2.2
239.062   -31.8   -24.4   -34.2
240.723    -4.8   -15.8    -2.8
242.383     7.2    12.1    14.5
244.043    -5.8     0.5   -15.2
245.703    -3.6   -21.6    -8.2
247.363   -39.6   -20.2   -29.8
249.023   -29.0   -22.3   -13.3
250.684    -1.3   -21.0     9.7
252.344    22.6    21.6     7.9
254.004     2.0     8.6   -13.8
255.664    -8.3   -13.2    -8.4
257.324   -31.8   -24.4   -14.2
258.984   -36.5   -22.2   -31.3
260.645    15.2     3.9    15.1
262.305     8.4    13.6    -8.8
263.965    -2.5     3.4    -8.6
265.625   -11.6   -12.6     4.8
267.285   -26.7   -21.3   -18.4
268.945   -22.0   -27.7   -27.4
270.605    -2.4    -0.3     9.6
272.266     5.4    17.1    12.9
273.926     5.5   -12.6   -11.3
275.586   -12.5    -8.1     0.9
277.246   -35.9   -21.6   -23.5
278.906   -29.1   -33.7   -32.1
280.566     2.2    -9.4     3.8
282.227     1.8    20.4     5.8
283.887    -2.5   -12.6   -19.1
285.547    -9.6    -7.4     4.2
287.207   -30.8   -22.3   -16.0
288.867   -13.2   -28.4   -22.0
290.527    -1.0    -5.2     0.7
292.188     5.2    21.5    13.0
293.848   -10.7    -8.9   -13.4
295.508    -6.7   -22.5     1.5
297.168   -13.4   -19.4    -6.6
298.828   -20.2   -21.9   -26.9
300.488     1.9     9.8    13.1
302.148   -10.2     4.2   -18.2
303.809    -6.0     1.5   -24.1
305.469   -12.8    -5.5   -15.7
307.129    -2.7   -20.0    -3.5
308.789    -3.7   -15.5    -7.5
310.449    -3.9     2.8     4.1
312.109    -9.9     2.6    -0.1
313.770    -2.3     3.1   -21.5
315.430    -2.1    -1.4    14.4
317.090    -8.0   -19.6   -18.0
318.750    -7.3   -23.5   -24.6
320.410     0.9    -5.1     1.4
322.070    -8.7    16.0     1.4
323.730   -13.3   -19.7    -7.0
325.391    -0.3   -10.5    16.8
327.051    -3.9    -4.7    10.3
328.711    -7.7   -11.5   -11.3
330.371    -5.4   -24.3   -19.1
332.031   -22.6    19.2    -2.7
333.691   -22.7    14.3   -15.7
335.352     2.0   -25.1    -6.4
337.012     2.5   -14.6     7.8
338.672    -2.1    -4.9   -12.3
340.332    -8.3   -27.6     1.2
341.992     8.2   -11.6    13.6
343.652    -2.4    19.2   -13.3
345.312   -10.1    -3.3   -15.7
346.973     5.2    -8.7     5.5
348.633     1.6   -14.6   -14.3
350.293    -4.5   -23.2   -13.0
351.953    -3.7   -10.3    -2.4
353.613    -4.0     0.7     3.1
355.273   -14.8    -5.2   -22.9
356.934   -15.2    -4.2   -15.1
358.594    -7.5   -10.6     3.0
360.254    -2.1   -26.7   -10.1
361.914     2.7    -4.4     2.7
363.574   -18.0     1.2   -23.8
365.234   -18.1    -2.0   -17.7
366.895    -8.6    -7.7    -3.6
368.555    -5.1    -8.8    -2.8
370.215    -5.1   -23.0   -14.1
371.875     1.1   -25.2   -14.3
373.535    -4.5    11.0    -1.2
375.195   -13.3     9.2   -16.3
376.855    -8.5    -1.2    -2.5
378.516   -10.9    -5.1    -4.5
380.176   -15.0   -24.0   -15.9
381.836    -4.6   -23.4     3.9
383.496    11.3    -2.6    10.1
385.156    -4.9    16.5   -20.9
386.816   -14.6     9.4   -13.9
388.477   -14.8    -7.0    -0.3
390.137   -19.7   -31.0   -27.2
391.797    13.3   -13.4    13.1
393.457    12.8     8.0    13.4
395.117     4.8    19.6    -8.2
396.777   -16.3    -0.9    -4.0
398.438   -23.6   -17.9   -10.2
400.098   -25.4   -31.2   -26.6
401.758     6.5   -16.7    10.1
403.418    16.7    16.6    21.3
405.078     0.7    16.6   -13.4
406.738   -12.1    -2.8    -0.3
408.398   -26.6    -5.3    -1.2
410.059   -30.2   -39.4   -32.8
411.719    -0.2   -25.3     9.2
413.379    24.1     1.3    15.3
415.039     4.8    27.1    -8.2
416.699   -11.7    -1.9    -3.0
418.359   -18.2   -11.0     0.0
420.020   -36.4   -37.7   -29.9
421.680     2.3   -34.5    -0.9
423.340    13.0   -13.6    22.0
425.000    -1.3    21.1   -15.2
426.660    -8.6    -2.2    -5.5
428.320   -12.2    -7.5    -4.6
429.980   -22.4   -16.5    -8.9
431.641     4.6   -17.8     8.2
433.301    15.5     3.9    23.6
434.961    11.6    19.9    -3.7
436.621    -5.2    -7.5    -9.1
438.281   -15.5    -4.6     6.0
439.941   -21.9   -16.1   -24.3
441.602   -11.1   -34.6    -9.4
443.262     3.1   -25.5    -3.0
444.922     0.9    19.3     6.4
446.582    -1.0   -17.4   -17.4
448.242   -11.6    -7.8    -1.8
449.902   -16.4    -2.5    -5.1
451.562   -23.7   -27.6   -20.0
453.223     1.2   -23.2    -6.5
454.883    12.1    21.0     8.9
456.543   -11.3    -9.4   -14.6
458.203   -13.4   -27.0   -14.3
459.863   -12.9    -8.0   -14.1
461.523   -10.2    -9.2    -8.0
463.184     3.0   -12.5   -14.7
464.844    -0.8    11.3    -2.3
466.504   -19.0    -6.0   -10.8
468.164    -8.8   -24.5    -1.6
469.824    -5.6   -11.8    -5.9
471.484    -8.3    -3.3   -16.1
473.145    -0.7    16.1    15.9
474.805    -2.3    15.1    17.4
476.465    -3.8   -11.5   -19.9
478.125    -8.4   -17.4     0.1
479.785    -9.7   -21.3    -1.0
481.445    -7.8    -6.2   -18.1
483.105     0.8    23.3     6.8
484.766    -5.3     9.9    -5.2
486.426   -10.7   -24.4   -14.5
488.086    -2.2   -26.4     7.6
489.746    -8.2   -16.6    -1.8
491.406   -12.5    -7.7   -10.5
493.066    -1.2     8.0    -7.1
494.727   -10.1    12.5    -8.4
496.387   -12.9   -31.4   -10.9
498.047     0.6   -35.0    11.9
499.707    -5.2    -0.9   -16.3
501.367    -3.2     0.0   -13.0
503.027    -7.4     2.4    -0.7
504.688    -5.4     2.1     2.3
506.348   -18.3     7.4   -14.4
508.008    -1.5   -25.7    -1.2
509.668    12.8   -22.4     9.4
511.328    -8.5    -2.1   -12.7
512.988   -14.8    -5.9   -12.0
514.648   -10.4    -0.3     1.1
516.309   -13.2    -3.0   -23.2
517.969     0.3   -18.7     3.3
519.629     8.2   -11.5    10.6
521.289    -3.8   -10.7   -10.2
522.949    -6.5    -2.2   -12.4
524.609   -15.1     7.0    -3.9
526.270   -16.9   -12.1   -21.6
527.930     2.7   -13.4     1.9
529.590     8.4     5.8    20.6
531.250     5.1    -1.6    -0.6
532.910    -2.1   -20.5   -19.1
534.570   -21.9     8.9    -1.2
536.230   -21.0     2.2    -9.6
537.891    12.2    -4.3    -0.8
539.551     6.8     2.5     8.9
541.211    -8.7   -18.1   -14.2
542.871    -7.2   -12.6    -6.0
544.531   -10.5    -4.1    -2.9
546.191   -14.9     0.0   -26.3
547.852   -10.9     0.7   -10.8
549.512     4.0    -5.1     5.4
551.172    -5.5   -12.0    -8.8
552.832     0.3    -7.8     6.5
554.492     0.5    -8.4     7.0
556.152    -5.9     0.7    -1.7
557.812   -18.4    -0.9   -25.2
559.473     1.1    -6.6    14.6
561.133     3.3   -10.9    -5.6
562.793    -0.9   -13.6    -1.5
564.453    -3.5    -4.3    17.7
566.113    -7.7     0.0    -6.7
567.773   -16.1     2.3   -26.0
569.434    -8.9    -4.5     0.1
571.094    -2.7   -14.7    -4.8
572.754    -8.5   -24.8   -15.4
574.414     0.9    -5.4    16.3
576.074    -6.3    20.3     1.0
577.734    -9.0     7.4   -24.5
579.395    -7.8    -4.1     2.2
581.055   -16.5   -10.1   -11.8
582.715   -15.1   -28.5   -18.5
584.375    -2.7   -27.7     4.6
586.035     2.0    26.2   -13.9
587.695   -15.3    22.9   -20.5
589.355    -6.2   -13.9     8.6
591.016    -3.2   -13.0     6.2
592.676   -11.7   -35.7   -13.1
594.336    -2.6   -30.8    -5.4
595.996     8.0    16.4    12.7
597.656   -12.2     0.7   -24.7
599.316    -4.5   -14.9     3.7
600.977    -5.3   -17.4    -4.7
602.637   -12.9   -23.6   -20.8
604.297    -4.5    -6.5     6.5
605.957    -0.8    13.3     9.0
607.617    -7.4    18.8   -17.2
609.277    -2.6    -8.0     2.2
610.938    -1.5   -10.9    14.1
612.598   -12.4   -36.2   -16.7
614.258    -1.0    -4.3     0.4
615.918    -0.4    -4.6    -0.4
617.578   -12.4    13.5   -24.4
619.238    -4.4    -7.3     6.0
620.898    -3.2   -17.2     2.2
622.559    -1.9   -24.2    -3.2
624.219     2.9   -28.7   -10.4
625.879   -16.5    15.2    -7.8
627.539   -23.9    18.3   -18.0
629.199    -9.5    -6.9   -14.2
630.859    12.4    -7.5    10.3
632.520    -3.1   -19.9    -6.1
634.180    -0.6   -19.7    -2.1
635.840    -3.2   -12.9    -2.9
637.500   -21.0    12.1   -23.9
639.160    -9.4    -0.9    -2.4
640.820     3.0    -5.0     7.4
642.480    -1.8   -16.2   -12.6
644.141     0.0   -17.6     6.4
645.801    -3.3    -2.4     0.2
647.461   -16.0    -2.2   -33.2
649.121   -21.7     1.1   -29.6
650.781    -6.6     4.9    16.5
652.441     0.6    -4.1     2.5
654.102     4.0   -27.5   -14.1
655.762     8.4   -22.5     0.9
657.422   -14.8     9.0    -2.1
659.082   -17.2   -11.8   -23.5
660.742     2.2     7.4     4.8
662.402     0.9    10.8     3.4
664.062    -3.4   -12.9   -15.7
665.723     4.0   -12.4    11.4
667.383   -17.0    -0.6   -16.3
669.043   -20.8     2.6   -26.1
670.703    -2.3    -7.8     2.1
672.363    -6.4    10.9    -6.8
674.023   -19.6    -7.8   -23.1
675.684    -4.2   -25.8     9.6
677.344     3.7    -6.6    -1.9
679.004    -8.2    -5.2   -19.7
680.664    -3.8    -2.0    -9.9
682.324    -4.5     6.4     0.0
683.984   -14.0     4.4   -17.0
685.645   -11.0   -22.0    -2.3
687.305    -3.3    -8.4    14.2
688.965    -6.7    -9.9   -12.1
690.625    -2.2   -16.0   -15.9
692.285     3.1    20.7    17.1
693.945    -6.2    20.1   -10.2
695.605   -22.9   -26.4   -31.3
697.266   -10.6   -20.3     3.1
698.926    -4.2     0.8     4.1
700.586     9.1   -11.6   -10.7
702.246    17.5    20.9     5.8
703.906    -8.6    22.0    -7.2
705.566   -26.0    13.7   -11.1
707.227   -27.1   -35.3   -31.8
708.887   -11.0    -9.8    14.7
710.547    -5.0    -5.8     6.9
712.207     8.6   -10.0    -2.3
713.867    -7.0    16.9     1.2
715.527   -29.6     2.5   -20.3
717.188   -32.2   -23.6   -25.0
718.848    -1.3   -15.9     1.9
720.508     7.4     0.9     4.4
722.168     1.3   -10.6   -10.8
723.828    16.2     3.3    -0.3
725.488   -28.6   -13.5   -31.2
727.148   -23.8   -13.6   -30.1
728.809   -15.6   -10.9    -9.8
730.469     3.6   -11.6   -10.1
732.129     6.6    -0.2     0.1
733.789    14.7    10.2    13.8
735.449    -3.2    -1.7    -4.5
737.109   -23.5   -12.6   -34.0
738.770   -21.6   -12.9    -8.1
740.430   -10.3   -14.0     1.3
742.090     4.7    -5.3   -11.1
743.750    15.0     1.7    -2.9
745.410   -15.3    -6.8   -20.2
747.070   -30.0   -21.2   -27.6
748.730   -19.7   -28.1   -20.0
750.391    -9.1    -9.5     6.7
752.051    -2.1    -1.8   -19.1
753.711     6.7    -1.0   -10.6
755.371     3.2    -8.5    13.1
757.031   -22.3     0.0   -19.3
758.691   -27.9   -17.0   -25.5
760.352     0.1   -19.5     5.0
762.012    -2.2    16.0   -13.7
763.672   -12.0     2.5   -14.3
765.332     4.1    -7.0     4.3
766.992   -10.8    -7.3   -13.7
768.652   -17.9   -17.3   -21.7
770.312   -17.3   -28.1   -10.8
771.973     0.0     8.3     2.7
773.633    -5.8    -1.2   -16.8
775.293    -9.6    -3.0     1.6
776.953   -14.3   -13.5   -16.1
778.613   -16.5   -25.1   -20.6
780.273    -5.0   -15.0    -3.1
781.934     6.4    10.6     7.8
783.594     1.9    12.4    -8.1
785.254   -12.9    -1.8    -1.5
786.914   -19.8   -13.4    -1.0
788.574   -21.5   -19.7   -10.2
790.234     9.3   -18.3   -10.0
791.895     5.7    15.5     5.7
793.555    -2.2     9.7    -3.7
795.215   -12.4   -14.0   -12.0
796.875   -16.6    -8.5    -3.4
798.535   -17.5   -15.5   -18.6
800.195     0.6   -17.4    -1.0
801.855    13.1    -3.0    14.2
803.516    -7.5     2.3   -11.4
805.176   -12.1    -7.3    -9.5
806.836   -15.0    -5.8    -5.1
808.496   -18.8   -12.1   -12.9
810.156    -6.3   -14.2    -7.1
811.816     5.0   -16.3     9.0
813.477    25.3     6.4     5.1
815.137     4.8    13.7   -18.1
816.797   -17.9     4.7   -10.6
818.457   -30.9   -19.7   -20.0
820.117   -21.1   -21.7   -19.8
821.777     0.8   -12.7    11.0
823.438    22.0     2.0    17.5
825.098    12.8    14.0     0.9
826.758   -19.7    -7.5    -2.9
828.418   -17.8    -9.1    -3.3
830.078   -29.9   -25.5   -23.7
831.738     0.9   -22.8    -3.5
833.398    20.3     2.9    18.3
835.059     3.9    13.5   -12.0
836.719    -6.1    -1.9   -13.8
838.379    -9.2    -9.5    -2.2
840.039   -24.5    -6.0   -17.7
841.699   -33.8   -32.3   -25.6
843.359    22.4     4.0    28.7
845.020    24.3    12.6    18.3
846.680     8.5    16.9   -22.1
848.340   -16.5    -5.9    -3.7
850.000   -23.8    -8.1    -7.6
851.660   -23.2    -8.3   -17.5
853.320    -5.4   -40.1   -11.2
854.980    18.3     1.8    22.5
856.641   -12.5    -1.2   -20.9
858.301   -11.6     0.4   -15.2
859.961   -22.0    -6.2     6.4
861.621   -22.3   -18.1   -16.7
863.281   -15.5   -45.5   -22.0
864.941    12.5     4.0    19.1
866.602    -3.8    11.1   -15.7
868.262    -7.9     3.5   -23.3
869.922    -7.1     7.2     4.7
871.582   -16.8     0.7     2.0
873.242   -15.0   -29.4   -25.2
874.902     2.4   -18.4    12.5
876.562    -5.1     8.5    19.1
878.223    -4.4     6.9   -24.8
879.883    -3.8     5.7    -4.8
881.543   -21.5   -25.2    -6.6
883.203    -7.2   -34.0   -10.3
884.863     9.7   -24.0     5.2
886.523     0.1     7.6     6.4
888.184   -20.3     0.0   -26.7
889.844   -10.0    -4.9   -11.9
891.504   -17.1    -6.6     2.0
893.164   -11.0   -16.3    -5.6
894.824    17.5   -19.7    -0.4
896.484    13.4     0.5     1.4
898.145   -19.2     6.8   -18.3
899.805   -20.6     5.2   -20.7
901.465    -9.2    -7.6    -8.5
903.125     4.5   -13.6    -6.8
904.785     9.0   -11.6     1.5
906.445     5.0     2.0     7.5
908.105   -13.3    -3.4   -14.1
909.766   -22.6    -6.7   -18.4
911.426   -19.5     3.0    -2.7
913.086    -1.5   -23.4   -15.6
914.746    20.0    -8.4    17.9
916.406    22.6    -4.5    21.4
918.066   -22.7    -4.1   -33.8
919.727   -25.4   -11.1   -24.4
921.387   -15.2   -12.5     1.1
923.047    -3.3   -16.3   -16.9
924.707     0.8   -18.0   -18.6
926.367    25.3    -2.7    12.1
928.027    -7.9    11.8   -16.2
929.688   -27.6   -11.0   -13.9
931.348   -19.6   -17.9    -1.6
933.008    -4.9    -6.1   -16.9
934.668     6.8   -10.7     4.3
936.328    14.5   -12.7     9.4
937.988     5.3     3.9    -0.6
939.648   -12.4     5.5   -21.4
941.309   -15.5   -15.0    -5.6
942.969   -17.4    -8.4    -5.9
944.629     4.0   -22.4   -14.4
946.289    11.2   -10.1    11.5
947.949     6.7     2.7    17.1
949.609   -19.0    -0.1   -30.6
951.270   -18.4   -10.6    -9.3
952.930    -9.8   -11.2    -4.9
954.590     9.9   -23.0   -14.8
956.250     6.2   -19.3    -8.7
957.910   -14.6    13.1    -6.7
959.570   -22.1   -14.0   -22.4
961.230   -11.0   -19.6   -25.6
962.891    -0.3     9.8     5.4
964.551     9.5   -23.0   -18.8
966.211     2.8   -18.6    -5.0
967.871   -23.8     5.1    -6.2
969.531   -21.1    -1.6   -14.0
971.191    -7.3   -10.0    -3.8
972.852     8.1     4.0     5.3
974.512    -7.3     0.4    -4.6
976.172    -1.3   -19.6   -18.0
977.832     2.9   -11.9     2.1
979.492   -20.3    -8.1   -14.8
981.152   -12.1    -4.5    -7.9
982.812   -11.1    -5.4   -10.9
984.473     5.5     3.5    -2.6
986.133    -2.6    -6.5    -9.0
987.793    -4.2   -14.9     1.7
989.453   -20.1   -16.0   -26.5
991.113   -22.0   -11.0   -22.8
992.773    -6.3     0.6    18.2
994.434     3.4     1.8    13.4
996.094    -3.8    -3.4   -12.3
997.754   -12.6     0.0     6.9
999.414   -17.8   -11.1    -9.1
1001.074   -14.7   -23.8   -30.0
1002.734     3.0   -12.4    -0.8
1004.395    -3.3     6.3   -18.7
1006.055    -7.4   -10.9   -21.8
1007.715    -4.8   -13.3     8.0
1009.375    -5.4   -10.6     2.5
1011.035   -19.0   -14.9   -25.4
1012.695     1.4   -15.4     3.5
1014.355     1.7    17.7    -4.1
1016.016    -6.1     5.7   -18.0
1017.676    -3.7   -19.1    -4.9
1019.336    -7.9    -0.1    -4.1
1020.996   -13.8   -25.7   -13.9
1022.656     4.8   -17.1    12.2
1024.316     7.8     0.8     9.8
1025.977    -5.2     6.7   -17.3
1027.637   -11.5    -7.7     0.9
1029.297   -14.0    -7.2    -5.7
1030.957   -16.7   -13.3   -20.2
1032.617     5.0   -16.1     6.2
1034.277    10.0     4.7    14.7
1035.938    -2.9     0.8   -16.4
1037.598   -17.7    -6.9   -16.6
1039.258   -11.2    -6.5    -3.6
1040.918   -10.5   -14.2   -13.9
1042.578     6.9    -1.8    -1.0
1044.238     3.0     5.0     7.8
1045.898    -3.7    -0.5     0.9
1047.559    -9.4   -13.7   -17.5
1049.219   -12.2    -5.0   -11.9
1050.879   -13.0    -6.7   -13.3
1052.539    -2.3   -14.2   -14.7
1054.199     5.5    -1.1     9.3
1055.859   -14.2    -7.2   -14.2
1057.520    -9.9   -18.6   -17.5
1059.180   -17.9    -0.6   -15.4
1060.840   -19.6    -3.8   -16.6
1062.500   -17.8    -3.2   -13.6
1064.160     7.4    -6.6     8.9
1065.820    -4.3    -2.3   -13.4
1067.480   -12.9    -7.0    -7.0
1069.141    -9.8    -8.9     3.4
1070.801   -12.2    -3.8   -25.5
1072.461     2.2    -1.6     8.1
1074.121    -4.3    -3.4   -11.4
1075.781    -3.6    -2.4   -10.6
1077.441   -13.8   -17.4   -23.4
1079.102    -5.1   -13.0     8.9
1080.762    -6.8    -0.4    -1.6
1082.422   -10.1    -2.5   -27.8
1084.082    -1.2     2.2     4.7
1085.742    -5.1     4.8     4.6
1087.402   -12.2   -28.3   -20.1
1089.062    -8.3   -29.9   -14.4
1090.723    -2.6    10.0    -6.1
1092.383   -12.6     2.2   -29.6
1094.043     0.4    -8.8     2.7
1095.703    -0.5     3.7     2.9
1097.363   -19.6   -21.6   -25.7
1099.023   -12.1   -28.1    -9.2
1100.684     3.8    -2.9    11.8
1102.344    -5.0    -3.4   -12.0
1104.004    -3.0    -2.5    -6.6
1105.664    -9.5     3.5    -9.9
1107.324   -22.1   -29.9   -18.4
1108.984    -0.9   -22.6    17.7
1110.645    12.3     0.9    14.4
1112.305     5.5     6.1   -26.5
1113.965    -6.2     2.1     3.0
1115.625   -10.7     9.0    11.1
1117.285   -23.2   -27.7   -30.7
1118.945    -1.4   -23.2     6.1
1120.605     6.7     7.1    17.5
1122.266    -0.6     7.8   -19.5
1123.926     0.5    -6.1   -13.9
1125.586    -7.7    12.0    10.8
1127.246   -19.1   -29.1   -32.9
1128.906   -15.4   -39.7   -26.0
1130.566     2.7    10.4    18.4
1132.227     3.7    17.2     6.5
1133.887     2.4    -9.8    -4.5
1135.547    -3.8     9.8     5.3
1137.207   -15.9     7.5    -2.8
1138.867   -13.5   -35.0   -19.6
1140.527     3.8    -5.8    11.6
1142.188     2.2     8.2     4.4
1143.848     1.3    -2.0    -5.9
1145.508    -3.2    -3.1    -0.1
1147.168   -14.9   -10.6   -15.2
1148.828    -9.1   -19.7   -10.4
1150.488    -0.1     3.4    -1.5
1152.148    -7.5     1.0   -16.5
1153.809    -5.8    -4.7     6.6
1155.469    -5.3    -3.7     7.8
1157.129     1.3   -13.8   -13.5
1158.789     2.0    -6.6    -8.5
1160.449     0.9    -3.0     3.9
1162.109   -19.9    -7.6   -15.9
1163.770   -11.3    -9.8   -10.1
1165.430     4.1    -3.7    10.9
1167.090     2.7    -7.8   -14.3
1168.750    -2.1    -7.8     4.1
1170.410    -1.9    -7.2     4.0
1172.070   -20.0   -20.0   -23.9
1173.730   -12.0   -19.3   -17.8
1175.391    -1.3     3.2     6.9
1177.051     3.4    -2.1    -7.6
1178.711    13.8   -13.9     2.6
1180.371    -5.1     0.4    -7.5
1182.031   -34.9   -11.4   -27.2
1183.691   -28.9   -24.1   -11.8
1185.352     8.7    -2.1     6.2
1187.012    14.5     6.5     3.7
1188.672    18.5     1.6     6.8
1190.332   -12.1    -5.0   -21.3
1191.992   -39.0   -12.8   -35.0
1193.652   -32.1   -16.3   -24.5
1195.312    -1.0    -3.0     8.4
1196.973    20.9     7.7    -6.5
1198.633    11.8    -3.1     4.8
1200.293    -2.0    -1.9     0.0
1201.953   -30.3   -16.1   -27.3
1203.613   -26.7   -20.5   -17.7
1205.273     6.8    10.5     4.8
1206.934    18.0   -10.3    -1.8
1208.594    24.8    -9.5    -1.9
1210.254   -28.4    -9.5   -18.3
1211.914   -34.1   -30.3   -28.1
1213.574   -13.3    -3.6     0.3
1215.234    -7.2     6.6     9.9
1216.895    16.5    -4.4    -7.1
1218.555    11.0    -9.6    -1.1
1220.215   -28.2   -12.0   -23.7
1221.875   -43.6   -29.7   -34.0
1223.535    -2.1     6.7     6.0
1225.195     7.6    13.7     6.6
1226.855    16.5    -4.5    -1.4
1228.516     3.1    -5.0     9.8
1230.176   -28.9   -21.2   -26.7
1231.836   -32.6   -20.4   -35.9
1233.496   -16.7   -10.1     1.3
1235.156     9.0     7.5     1.0
1236.816     5.9     6.3   -14.0
1238.477     4.2   -13.9    17.4
1240.137   -10.5   -13.7    -3.0
1241.797   -28.1   -12.1   -16.1
1243.457   -25.4   -11.8    -9.7
1245.117     5.2     8.7   -11.3
1246.777     6.1    -4.1   -17.1
1248.438     6.5    -9.8     6.0
1250.098   -19.8   -12.1   -26.8
1251.758   -30.9   -17.5   -28.5
1253.418    -2.8    -9.1     7.2
1255.078     4.4    -1.4     8.8
1256.738     0.3    -6.3   -15.9
1258.398    -4.3    -0.2    -4.0
1260.059    -1.8    -1.6     4.7
1261.719   -16.6   -19.1   -12.0
1263.379   -16.6   -18.2    -6.3
1265.039     1.6    13.0     1.2
1266.699    -3.9   -15.8   -12.3
1268.359     3.7    -8.6     8.7
1270.020   -14.9     2.0   -22.7
1271.680   -14.7   -15.0   -24.0
1273.340    -2.0   -16.6     2.0
1275.000    -6.0     2.4     0.0
1276.660    -5.0    -2.4   -16.4
1278.320     0.5   -15.6   -11.5
1279.980     0.7    10.2     5.0
1281.641   -23.2   -12.8   -26.2
1283.301   -12.2   -15.2    -2.5
1284.961     0.8     3.2     5.3
1286.621     2.5    -5.5   -11.1
1288.281     2.1    -6.8     0.3
1289.941   -10.0     6.1     6.6
1291.602   -27.0   -10.0   -24.0
1293.262   -14.6   -17.8   -11.2
1294.922     5.5     3.7     6.1
1296.582     2.3   -14.3   -14.9
1298.242     0.9     7.9     6.7
1299.902   -22.8    -9.8   -29.1
1301.562   -27.3   -20.8   -31.5
1303.223    -3.8   -18.2    -2.9
1304.883     2.3     2.1     6.9
1306.543    16.8    -1.0    -2.0
1308.203     6.2     6.4     2.4
1309.863   -16.3     2.2   -19.4
1311.523   -30.2   -11.4   -29.6
1313.184     2.9   -12.3     3.6
1314.844     2.5    -3.8    -0.4
1316.504    12.7     6.4    -1.7
1318.164    13.2     9.5    13.9
1319.824   -19.4    -9.1   -25.3
1321.484   -38.8   -32.4   -27.1
1323.145   -14.6   -18.4     7.1
1324.805    -0.6    -2.0     8.6
1326.465    13.5     8.3    -2.1
1328.125    16.4    12.5    12.3
1329.785   -18.7    -1.1    -4.1
1331.445   -33.3   -38.3   -36.3
1333.105    -8.3   -17.0     2.2
1334.766     5.3    13.3   -10.7
1336.426    17.5    17.6     1.7
1338.086    11.8    13.8    16.8
1339.746   -35.5   -48.9   -32.4
1341.406   -31.9   -46.6   -21.2
1343.066    -4.1   -12.6     6.9
1344.727     2.9    23.0   -12.9
1346.387    12.4    18.2    -5.6
1348.047    12.2    12.0    10.1
1349.707     4.8     4.1     0.9
1351.367   -32.0   -50.7   -19.6
1353.027    -4.5   -11.7     6.1
1354.688     3.8    21.8   -22.2
1356.348     2.4    24.8   -20.3
1358.008    -0.6     7.4    12.2
1359.668   -12.7   -47.4    -7.4
1361.328   -11.9   -49.0    -7.8
1362.988     3.7     4.5    13.2
1364.648    -1.2    21.8    -7.8
1366.309    -3.9    13.2     0.5
1367.969    -7.7    10.4     5.7
1369.629   -17.6   -48.4   -26.6
1371.289    -2.0   -35.6    -0.7
1372.949     3.5    -3.3    13.5
1374.609    10.2    32.6    -1.1
1376.270     3.4    18.6    10.8
1377.930   -20.0     2.1    -1.8
1379.590   -26.6   -16.6   -13.0
1381.250    15.8    -9.1    13.2
1382.910     8.2    27.6    12.9
1384.570   -12.2     7.2   -21.1
1386.230   -11.0     1.9   -19.8
1387.891   -20.0   -10.5    -5.5
1389.551   -11.7   -39.3   -22.3
1391.211    21.9     8.6    19.1
1392.871     8.5    28.6    -6.3
1394.531   -12.7     9.4   -26.8
1396.191   -19.7    -8.6   -10.2
1397.852   -23.7   -26.6    -2.8
1399.512    -7.4   -30.8   -26.8
1401.172     8.7    -8.7    -0.7
1402.832    16.0    20.1    15.7
1404.492    -6.5    12.5   -18.2
1406.152   -14.5    -7.5    -8.8
1407.812   -19.2   -33.1   -17.7
1409.473   -20.0   -31.0   -28.9
1411.133     9.6    10.9    25.7
1412.793     8.5    15.5   -11.9
1414.453    -1.2     1.0   -21.7
1416.113    -8.8    -8.9    -1.2
1417.773   -22.5   -22.5    -2.7
1419.434   -16.9   -30.7   -23.2
1421.094    12.6     8.9    11.9
1422.754    15.1    17.8    12.2
1424.414    -4.6   -14.1   -11.9
1426.074    -7.8   -18.4     6.8
1427.734    -7.5   -18.0     4.9
1429.395   -10.5   -17.6   -16.5
1431.055     0.3    -1.5     2.0
1432.715    -0.6    14.9    -1.0
1434.375    -9.1    15.7    -8.7
1436.035     8.0   -15.8     3.8
1437.695   -11.7    -2.9   -16.0
1439.355   -26.8   -10.6   -18.3
1441.016    -9.9    -0.7     2.2
1442.676    -5.7     4.7     3.1
1444.336     9.6    -7.8     0.2
1445.996    -0.7     1.2     2.0
1447.656    -7.3    -4.6    -8.3
1449.316   -17.3   -15.4   -14.8
1450.977   -14.9    -2.3     1.3
1452.637     7.1   -11.4   -12.2
1454.297     9.0    -8.3    -3.3
1455.957    -3.3     6.7     7.8
1457.617   -14.9   -11.7   -19.9
1459.277   -16.2   -17.7   -20.4
1460.938   -13.6    -3.3    -3.0
1462.598   -12.1    -5.1    -5.4
1464.258    12.6    -9.4     4.8
1465.918    12.8     6.2    12.2
1467.578   -15.5    -0.9   -22.9
1469.238   -24.4   -16.3    -9.2
1470.898    -8.6    -9.9    -6.9
1472.559    -4.1    -8.4   -13.3
1474.219    17.8    -4.0     5.3
1475.879    16.9     3.0    11.9
1477.539   -33.8   -14.1   -30.8
1479.199   -32.9   -14.6   -10.2
1480.859    -2.1    -7.9    -5.2
1482.520     1.3    -3.0    -9.4
1484.180    16.4     2.5    23.3
1485.840     6.3     0.5     8.8
1487.500   -31.1   -18.2   -27.1
1489.160   -28.6   -21.7   -12.5
1490.820    -7.5    -6.2    -0.6
1492.480     7.7    -5.9   -13.9
1494.141    20.6     2.7    16.3
1495.801   -13.6    -1.1   -21.2
1497.461   -29.1   -26.3   -29.4
1499.121   -11.5   -14.8     1.7
1500.781    -6.3     5.5    -0.3
1502.441     1.0     4.6   -12.6
1504.102    16.4     5.2    14.4
1505.762   -13.8    -0.1   -23.5
1507.422   -39.6   -31.9   -29.6
1509.082    -5.7    -2.9     6.0
1510.742     1.0     3.6   -19.3
1512.402    20.1    -2.5    13.8
1514.062     6.4     6.8    16.7
1515.723   -20.2    -6.6   -16.7
1517.383   -33.1   -39.8   -33.0
1519.043    -4.0    13.3    -0.1
1520.703    -0.4    14.7    -7.3
1522.363     7.5    -2.5    -8.7
1524.023    -2.6     6.0     0.2
1525.684   -28.0   -40.7   -32.0
1527.344   -23.2   -33.1   -24.6
1529.004   -15.7    -6.1     5.1
1530.664    -3.6     6.7   -14.6
1532.324     6.9     2.1   -11.9
1533.984    10.5     8.2    17.0
1535.645   -15.1   -15.6   -14.7
1537.305   -10.0   -20.7   -15.0
1538.965    -6.3     3.5     7.3
1540.625    -5.4     5.2   -10.0
1542.285    13.4     0.6    -1.6
1543.945     5.6     6.3     8.3
1545.605   -13.3    -5.1    -4.4
1547.266    -2.1   -13.3    -3.0
1548.926    -1.1    -5.8    -0.8
1550.586   -12.2     9.9   -19.7
1552.246    -4.8    -7.1    -0.2
1553.906    -3.6    -6.9     1.2
1555.566   -11.8   -14.9    -6.1
1557.227    -1.0   -13.9     1.0
1558.887    -6.8     5.1   -11.9
1560.547   -13.3     2.3   -20.5
1562.207    -2.3    -0.3     2.7
1563.867    -2.7    -3.8     1.0
1565.527   -10.5   -19.8   -17.4
1567.188    -3.9   -19.3    -6.6
1568.848     0.0     3.4    -1.4
1570.508    -5.8     1.5   -18.0
1572.168    -5.6     2.3     3.7
1573.828   -16.2     1.7    -1.1
1575.488   -16.1   -19.8   -19.0
1577.148     5.7    -9.7    15.9
1578.809    -4.9     4.2   -11.4
1580.469   -11.2     2.2   -22.6
1582.129    -7.1    -0.8    -1.8
1583.789   -14.6    -1.9    -3.6
1585.449    -5.3   -25.9   -17.9
1587.109     6.9   -25.6     1.5
1588.770    -5.5     4.0    -8.5
1590.430   -16.9    -4.3   -17.8
1592.090    -9.6    -8.2    -5.3
1593.750    -4.4     1.9    -0.8
1595.410     5.0   -25.2    11.3
1597.070     0.9   -27.1     9.5
1598.730   -16.2     2.5   -19.8
1600.391   -11.0     0.1   -10.6
1602.051    -7.5     1.8     1.9
1603.711   -16.4    -4.4   -16.1
1605.371     0.8   -23.8     7.5
1607.031     4.5   -18.2    13.5
1608.691    -1.4     3.5    -8.8
1610.352    -6.2    -5.7   -25.7
1612.012   -15.2     8.6     5.5
1613.672   -15.7     7.9     1.0
1615.332   -13.9   -25.1   -16.8
1616.992    10.1   -19.5     0.8
1618.652    -6.9     4.8    -4.5
1620.312    -3.1    -2.8   -15.0
1621.973    -6.7    10.4     0.3
1623.633   -16.3     8.6    -3.0
1625.293   -15.1   -37.9   -23.1
1626.953     8.5    -9.1     8.6
1628.613    -2.0     9.3     5.6
1630.273    -0.9     2.4   -15.2
1631.934    -4.9    11.5     2.5
1633.594   -23.8   -12.0   -14.4
1635.254    -8.8   -32.0   -13.6
1636.914    14.2   -14.7    13.6
1638.574     2.7    12.4   -19.7
1640.234    -6.8    18.5   -10.1
1641.895   -19.7    -7.6    -2.1
1643.555   -16.1   -25.9   -23.7
1645.215    -3.8   -25.1     1.2
1646.875     8.5    -9.2    13.7
1648.535     1.8     6.4   -11.9
1650.195    -7.7    13.9     0.3
1651.855    -9.5     4.4    10.9
1653.516   -15.4   -29.4   -27.4
1655.176    -2.9   -27.5     5.0
1656.836     4.8    -1.9     7.6
1658.496     4.9    13.1   -22.5
1660.156    -9.3     9.5     3.0
1661.816   -20.4   -10.3   -19.8
1663.477   -30.3   -20.7   -28.4
1665.137     0.6   -35.7     1.5
1666.797     4.2    15.4    -7.6
1668.457    -4.7    14.7   -19.9
1670.117    -6.5     7.9     4.7
1671.777   -25.0   -13.1   -20.4
1673.438   -18.3   -38.0   -18.8
1675.098     3.8   -18.0    11.0
1676.758    11.7    23.8    -2.5
1678.418     1.8     8.2   -16.7
1680.078    -6.7    -7.2    -2.4
1681.738   -18.2    -7.4   -14.9
1683.398   -16.9   -24.8   -17.7
1685.059    -8.5   -43.2   -11.8
1686.719   -19.7    -7.5   -15.9
1688.379   -14.1    -9.6   -24.1
1690.039   -17.1   -18.6   -22.7
1691.699   -42.4   -39.1   -43.8
1693.359   -29.3   -42.8   -36.2
1695.020   -18.2   -25.9   -13.2
1696.680    -2.2     3.6     0.9
1698.340    -8.9    -7.2   -18.7

Event #42  ts=2026-09-11 12:10:56.704  [SELECTED]
  t[ns]  u1[mV]  u2[mV]  u3[mV]
  0.000    -3.0   -24.7   -16.0
  1.660   -17.9    -9.1   -16.5
  3.320   -45.4   -31.7   -24.8
  4.980    -7.7   -14.8   -13.4
  6.641    33.9    20.3    23.0
  8.301    28.9    23.6    20.9
  9.961     1.9     7.5    -4.8
 11.621   -22.5   -20.2   -23.5
 13.281   -38.5   -26.3   -18.8
 14.941   -24.8   -18.3    -9.0
 16.602    25.4     3.5     3.1
 18.262    29.4    21.9     8.2
 19.922    -0.2    16.7     2.1
 21.582   -24.0   -18.5   -14.0
 23.242   -28.4   -33.5   -21.7
 24.902   -29.3   -29.9   -19.5
 26.562     6.9     3.1     3.4
 28.223    24.1    23.3     9.4
 29.883    12.9    14.8     0.8
 31.543   -21.2   -20.4   -15.3
 33.203   -27.9   -27.1   -13.8
 34.863   -15.1   -26.0   -10.2
 36.523    -3.4   -14.4   -13.1
 38.184    10.4    25.5    14.5
 39.844     1.4     1.3   -11.2
 41.504    -3.3    -4.3   -12.2
 43.164   -19.0   -19.9     0.3
 44.824   -15.6   -13.6     4.7
 46.484     5.2    -6.6   -16.0
 48.145     0.9    18.0     7.9
 49.805    -1.1    16.6     4.6
 51.465   -14.7   -13.8   -16.8
 53.125   -15.3   -26.1   -19.8
 54.785    -0.1    -3.5     9.0
 56.445     5.2     2.2     1.9
 58.105    -7.0    -1.6    -1.7
 59.766   -19.5    -3.1    -2.4
 61.426   -22.8    -9.4    -9.1
 63.086   -14.8   -20.2   -18.8
 64.746    -2.1   -19.7   -11.0
 66.406     1.2     4.5     7.8
 68.066    -1.1     4.9   -10.6
 69.727   -18.9   -11.2    -9.0
 71.387   -23.8   -14.0   -11.5
 73.047   -19.2   -12.0   -11.9
 74.707     6.7   -11.8     2.0
 76.367    11.1     5.3    11.0
 78.027   -11.9    -7.8   -13.5
 79.688   -22.8   -15.1   -17.8
 81.348   -23.2   -13.7   -16.0
 83.008    -2.4    -9.2    -9.8
 84.668     4.3    -2.1     2.6
 86.328     3.8     0.7     3.1
 87.988    -1.9    -5.8   -12.2
 89.648   -20.7   -10.6    -7.4
 91.309   -18.6   -10.0    -4.8
 92.969     4.3    -4.3    -8.4
 94.629     5.0    -4.2    -9.1
 96.289    -3.4    -0.9     7.1
 97.949    -3.8    -6.2     1.9
 99.609   -10.6   -15.5   -15.8
101.270   -18.1   -10.9   -15.3
102.930   -10.4    -2.1    -3.4
104.590     9.3    -1.1    -3.3
106.250    -5.2    -4.4    -3.6
107.910    -4.0    -4.0    -5.1
109.570   -13.1   -10.7    -6.0
111.230    -7.3   -14.1   -14.9
112.891    -7.3    -3.9   -11.1
114.551    -0.2    10.2     6.1
116.211     2.0    -6.2    -9.4
117.871    -8.7   -20.6   -17.0
119.531   -23.3   -16.2   -10.3
121.191    -8.1    -6.8   -14.3
122.852    -1.3     0.2   -11.9
124.512     4.5     9.3     6.7
126.172     1.2     0.5     5.0
127.832    -7.0   -21.0   -16.6
129.492   -19.7    -2.1    -0.3
131.152    -9.8     4.4    -0.1
132.812     4.6     3.8   -15.3
134.473     9.0     4.5   -12.3
136.133    -2.6    -2.0     7.8
137.793   -11.4   -27.0   -15.3
139.453   -16.2   -17.9   -19.7
141.113   -18.4     1.0    -7.2
142.773     1.2    15.6    -4.9
144.434    11.7    -0.2    -6.8
146.094    -4.2   -16.0     6.0
147.754   -15.4   -19.2   -15.7
149.414   -19.1   -21.7   -27.3
151.074   -13.0    -2.1    -7.9
152.734     1.2    17.2    -2.2
154.395     3.6     7.0    -4.5
156.055     3.6   -11.9     1.5
157.715    -8.2   -24.8    -5.9
159.375   -17.1   -17.8   -17.3
161.035   -12.3    -6.9    -7.2
162.695    -4.8    11.7   -11.1
164.355    -7.4    -1.1    -3.2
166.016    -4.7    -9.1     4.1
167.676    -2.1   -26.9    -6.5
169.336    -4.7   -13.6   -10.9
170.996   -13.1    -2.2    -8.3
172.656   -14.9    11.3   -12.8
174.316    -8.2    11.8   -14.3
175.977     1.9   -13.6     4.4
177.637    -3.6   -18.5     8.9
179.297    -7.5   -20.2   -10.8
180.957    -5.2     2.0    -5.8
182.617    -9.2    14.2    -4.5
184.277    -8.6   -19.5   -16.4
185.938    -3.4   -14.7    -7.5
187.598    -4.9   -14.5    -6.5
189.258    -2.3    -8.3    -0.6
190.918    -5.4   -12.0    -6.9
192.578   -11.5     7.9    -6.5
194.238   -20.5     9.6    -8.0
195.898    -1.2   -17.3   -11.3
197.559     1.1    -5.2    -1.1
199.219    -1.6    -5.5    -1.3
200.879    -2.3    -5.5    -1.2
202.539     2.2    -4.2    -6.0
204.199   -12.5    -4.5   -11.5
205.859   -19.5   -10.5   -14.3
207.520    -5.4    -6.6    -7.0
209.180     0.4    -7.8    -2.6
210.840    -0.8    -8.3    -2.9
212.500    -9.0     2.7     1.4
214.160   -13.0    -0.9     0.1
215.820   -15.0   -24.7   -26.8
217.480   -32.4    -9.8    -2.8
219.141   -96.1   -13.7    -9.9
220.801  -189.0   -35.7   -17.2
222.461  -254.5   -87.9    -1.7
224.121  -246.9  -117.0   -13.8
225.781  -204.2  -133.3   -43.8
227.441  -177.5  -100.2   -22.7
229.102  -173.8  -100.5   -24.1
230.762   -90.0   -87.2   -36.3
232.422   -52.7   -55.2   -10.4
234.082   -54.3   -44.1   -15.9
235.742   -56.5   -37.1   -24.8
237.402   -42.7   -38.0   -21.2
239.062   -31.8   -15.8   -19.8
240.723   -34.9   -17.9   -22.5
242.383   -21.5   -23.0    -7.7
244.043   -10.5   -16.6    -1.6
245.703    -6.6   -15.4     0.7
247.363    -5.0   -22.7    -9.3
249.023   -28.1   -13.6   -21.9
250.684   -38.5    -3.8   -20.5
252.344    -7.7    -9.3     1.0
254.004     0.4   -11.1    -3.2
255.664    -0.5   -11.9     3.4
257.324    -8.7   -11.0     3.2
258.984   -39.7   -19.0   -26.9
260.645   -23.3    -0.5    -5.4
262.305    -9.3    -3.0    -2.7
263.965    -0.9     2.3    -0.2
265.625     5.5    -7.9     6.4
267.285     9.5   -12.0     1.3
268.945   -40.6   -15.4   -20.1
270.605   -40.2   -23.5   -21.1
272.266   -18.6   -10.6    -9.1
273.926     6.0     8.3     2.0
275.586    13.5    -0.6    10.0
277.246     5.1    -5.3     4.6
278.906   -39.0   -30.2   -25.6
280.566   -38.2   -30.3   -27.0
282.227   -23.6    -6.1    -5.1
283.887     6.8     6.7    -4.6
285.547    12.3    10.7     0.0
287.207     3.3     4.6    11.9
288.867   -22.3   -23.1   -14.5
290.527   -38.8   -36.5   -32.0
292.188   -24.1    -0.8     6.8
293.848    13.7    13.1    -8.2
295.508    14.7    11.6    -8.2
297.168   -16.7    -8.8    10.7
298.828   -25.2   -22.6    -1.3
300.488   -30.7   -40.2   -30.1
302.148   -18.8   -17.7    -5.7
303.809     5.0    17.8     2.9
305.469    13.5    17.6   -11.3
307.129    -3.3    -7.0    -3.1
308.789   -22.1   -21.6    -2.0
310.449   -27.4   -36.6   -24.2
312.109    -5.2   -10.8     4.9
313.770     0.6     0.9     5.4
315.430     1.7    15.0   -13.9
317.090    -9.4    -1.1   -11.0
318.750   -17.6   -14.4    -8.5
320.410   -21.2   -29.0    -8.9
322.070    -8.2   -23.4    -9.8
323.730    -2.2     4.2     2.6
325.391    -0.1    19.3    -4.0
327.051    -9.4     2.4   -15.1
328.711   -25.9   -22.0    -7.1
330.371    -8.1   -22.5    -4.2
332.031     6.3     5.2     5.8
333.691     4.9    -0.1     4.0
335.352   -10.0     0.9   -14.9
337.012   -26.5   -10.6   -11.8
338.672   -18.7   -23.7   -12.7
340.332   -13.0   -25.3    -9.7
341.992     3.5    -5.1     7.9
343.652     3.2    10.2     7.6
345.312    -6.7    -2.1   -16.0
346.973   -21.8   -11.4   -13.8
348.633   -15.9   -24.0   -10.4
350.293    -5.6   -24.3   -12.3
351.953     7.1     5.7     3.5
353.613     2.3    15.3     7.5
355.273    -6.0    -5.9   -14.7
356.934   -14.9   -16.8   -19.8
358.594   -27.7   -25.8    -9.7
360.254   -12.5   -19.1    -4.1
361.914     7.7   -11.2    -7.1
363.574     6.5    20.4     0.7
365.234    -4.3    19.9     1.7
366.895   -17.6   -29.0   -21.6
368.555   -18.7   -32.0   -21.8
370.215   -13.8   -13.6     3.4
371.875     1.1     1.6    -3.7
373.535    12.4    13.7    -9.5
375.195    -5.6    11.2     6.3
376.855   -10.5    -3.5     0.8
378.516   -17.1   -42.9   -20.9
380.176   -17.1   -44.2   -19.9
381.836    -9.4     5.0     0.7
383.496    11.1    14.0   -11.0
385.156    13.1    15.3   -10.1
386.816   -11.6   -18.0     3.2
388.477   -13.5   -20.8     0.0
390.137   -18.5   -45.4   -23.1
391.797   -11.3     9.4    -1.8
393.457    -6.2    22.8   -13.4
395.117     5.7     5.3    -3.8
396.777     1.5   -11.5     7.6
398.438    -8.9   -27.2    -6.9
400.098   -18.3   -33.8   -14.3
401.758   -10.8   -24.0    -7.6
403.418    -8.4     5.8    -2.0
405.078    -9.1    21.0   -15.1
406.738     2.5   -10.4     3.5
408.398     2.3   -24.2     0.4
410.059   -13.0   -29.9    -6.0
411.719   -14.3   -23.8    -4.6
413.379   -13.6    15.9   -21.0
415.039   -13.5    22.3   -21.3
416.699    -0.7   -10.3    -0.8
418.359     3.4   -25.3    -3.6
420.020   -10.9   -24.5    -3.0
421.680    -9.5     3.8    -8.9
423.340   -15.4    10.1   -24.8
425.000    -8.0    -7.3     0.0
426.660    -8.6   -12.6     0.1
428.320    -1.8   -20.3    -5.6
429.980     9.1   -20.8    -5.1
431.641   -12.8    16.1    -2.8
433.301   -16.4     7.3   -17.5
434.961   -12.6   -13.6   -22.2
436.621   -10.8    -8.8   -11.3
438.281    -1.5   -20.4    -1.5
439.941     6.8   -24.3     1.1
441.602     8.7     5.6     2.8
443.262   -13.6    18.9    -6.2
444.922   -19.0   -10.9   -22.0
446.582   -16.7   -19.9   -12.6
448.242    -8.7   -24.2    -4.3
449.902    -3.9   -20.3    -2.7
451.562    10.6    10.4     4.9
453.223     1.1    13.7    -6.4
454.883   -21.6    -4.8   -20.8
456.543   -22.0   -16.7   -14.8
458.203    -4.0   -26.4   -12.1
459.863     5.7     3.1     6.2
461.523     6.3    13.0    13.2
463.184    -1.8    -0.7   -11.8
464.844   -26.4   -11.8   -10.1
466.504   -24.7   -15.2    -7.6
468.164    -7.1   -22.9   -15.4
469.824     7.0    -0.4     7.9
471.484    12.0     7.1     9.7
473.145    -2.0     2.7   -13.5
474.805    -1.3    -1.2   -17.8
476.465   -21.1   -16.2   -11.2
478.125   -16.3   -19.8   -15.3
479.785     5.8    -1.6     5.7
481.445     4.2     1.5    10.1
483.105    -2.0     2.0    -7.8
484.766   -21.8   -11.9   -11.8
486.426   -20.3   -12.9   -11.7
488.086   -19.0   -11.6   -12.4
489.746    -8.3    -8.8    -2.6
491.406     6.5     5.9     6.2
493.066     1.4     7.6     0.0
494.727   -14.4   -13.0   -12.5
496.387   -22.2   -12.2   -12.8
498.047   -21.1   -12.7   -14.5
499.707     0.9    -7.8    -2.0
501.367     5.9     3.1    -2.8
503.027     4.1    -1.6    -6.0
504.688    -2.2   -10.2    -9.3
506.348   -22.0    -9.9   -14.0
508.008    -9.0    -7.4   -14.1
509.668     2.3    -1.7     3.9
511.328     3.9    -1.5     2.2
512.988     1.6    -5.0     6.0
514.648   -14.5    -7.7   -15.6
516.309   -18.6    -9.5   -10.8
517.969    -4.8    -5.6    -4.1
519.629     2.6    -5.9    -2.7
521.289    -0.4    -5.4     0.8
522.949    -0.4    -2.7     0.8
524.609    -9.1    -4.3    -9.8
526.270   -19.3   -16.2   -23.2
527.930   -22.2   -10.3   -11.6
529.590     1.9    -3.3    -1.7
531.250     6.8    -3.7    -8.1
532.910    -0.1     1.2     2.1
534.570    -6.1     1.9    -0.3
536.230   -17.0   -21.8   -28.4
537.891   -13.7    -3.7    -0.5
539.551    -5.3    -0.4     6.0
541.211     6.3    -2.2    -3.2
542.871     3.9    -5.9    -5.8
544.531   -10.4    -4.0     0.1
546.191   -23.8   -23.0   -28.2
547.852   -20.7   -22.2   -29.5
549.512     2.4     6.6    11.6
551.172    10.4    -0.1   -14.0
552.832     9.2    -1.5   -14.6
554.492   -11.6    -6.8     3.6
556.152   -21.2   -17.1   -23.4
557.812   -19.3   -22.2   -28.4
559.473   -11.1   -13.1   -11.0
561.133     7.9     6.2    -1.7
562.793     4.0    -7.3    -8.9
564.453   -10.3   -12.9    -5.1
566.113   -25.5   -16.4   -19.9
567.773   -23.3   -15.6   -19.1
569.434    11.3     5.3    -5.2
571.094     2.3     7.8    -1.7
572.754    -2.2     3.0     1.2
574.414   -11.3   -21.6    -9.5
576.074   -17.2   -19.9   -25.0
577.734   -10.4     2.0     3.1
579.395     0.7     5.3     1.7
581.055     9.5     2.4   -14.6
582.715    -8.8    -4.4     4.1
584.375   -20.0   -15.7     0.5
586.035   -16.6   -26.5   -17.9
587.695    -9.8   -27.2   -15.3
589.355     2.3    18.3     5.5
591.016     8.0    15.8   -11.1
592.676    -4.3    -7.9   -10.1
594.336   -22.7   -19.7    -5.1
595.996    -4.4   -30.9   -13.9
597.656    -4.0   -26.9   -12.7
599.316    -0.6    21.4     9.7
600.977    -0.3    26.4    -2.4
602.637    -9.5   -17.2    -9.9
604.297   -16.1   -19.5    -7.1
605.957   -11.6   -26.1    -8.2
607.617     5.1   -17.7   -12.6
609.277     0.5    28.3    -1.0
610.938    -6.0    25.7     0.0
612.598   -13.8   -23.6   -17.8
614.258   -16.2   -30.4   -12.0
615.918   -14.5   -32.3     1.6
617.578     5.5    -0.6    -1.2
619.238     5.4    25.5    -9.8
620.898    -8.6    19.0    -6.9
622.559   -21.3   -16.4    -6.4
624.219   -14.6   -44.6   -13.8
625.879    -7.9   -35.4    -3.6
627.539    -3.7   -10.4    10.0
629.199     6.4    20.0   -21.1
630.859    -9.5    16.3   -15.5
632.520   -24.3   -11.9    -3.3
634.180    -9.3   -47.7   -12.6
635.840     6.2   -27.0     3.6
637.500    -1.9    22.7    -3.2
639.160    -9.5    24.2   -18.4
640.820   -11.3     7.8   -14.4
642.480   -16.1   -14.2    -5.4
644.141    -0.7   -36.6     0.6
645.801     3.5   -33.1     4.3
647.461     4.0     7.3    -1.1
649.121   -11.6    19.0   -14.0
650.781    -8.8   -16.5    -8.2
652.441   -11.9   -20.5   -11.0
654.102   -15.2   -26.9    -7.9
655.762     4.4   -23.2     5.4
657.422    13.5    -5.1    -0.2
659.082   -12.8    24.4   -16.0
660.742   -22.1     2.8   -12.9
662.402    -8.6   -31.0   -21.4
664.062    -1.5   -32.4    -0.4
665.723     9.0   -15.7     6.2
667.383    -2.5    12.5   -15.6
669.043   -18.7    14.0   -15.3
670.703   -18.5     7.4   -13.6
672.363     2.4   -34.0   -10.4
674.023     1.9   -37.1    -9.1
675.684     4.0     3.7     4.0
677.344   -16.0    10.8   -17.4
679.004   -15.8    10.9   -17.0
680.664   -11.4    -7.3    -9.9
682.324   -10.7   -23.2    -8.3
683.984     8.3   -28.7    -2.0
685.645     6.2     3.3     3.0
687.305   -12.5    20.1   -11.1
688.965   -17.0     3.1   -20.0
690.625   -13.8    -7.5    -7.5
692.285    -5.6   -19.7    -1.3
693.945     3.1   -22.1    -7.2
695.605     3.0    -2.3     1.1
697.266   -16.7     8.7   -19.8
698.926   -22.0     2.8   -22.4
700.586   -13.4    -4.7    -1.1
702.246     5.7   -23.9    -4.4
703.906     0.2   -16.5    -7.0
705.566    -9.5     3.3     1.2
707.227   -14.5     4.5   -14.8
708.887   -18.6    -0.5   -16.5
710.547     1.5    -1.6     5.6
712.207     7.1   -10.3     6.9
713.867    -2.1   -21.5   -12.3
715.527   -18.4    -4.9    -1.3
717.188   -25.9    -4.7    -9.5
718.848   -11.7     0.1   -21.4
720.508     3.3    -4.9     0.0
722.168     3.6    -2.9     5.8
723.828   -10.6   -13.6    -2.0
725.488   -17.0    -9.7    -6.4
727.148   -20.6    -6.9   -10.5
728.809   -13.1    -6.2    -9.0
730.469     6.9     6.3     7.4
732.129     9.4     5.2     2.5
733.789    -3.0   -14.6   -10.2
735.449   -16.4   -17.1    -8.5
737.109   -23.3   -14.7   -12.6
738.770   -13.8   -11.2   -11.8
740.430     3.2     2.1    -1.1
742.090     9.6    12.0     1.9
743.750    -6.0    -8.8    -8.7
745.410   -21.1   -20.7    -8.6
747.070   -19.9   -21.5   -10.7
748.730    -3.7   -13.0   -12.5
750.391     2.9     8.0    -1.9
752.051     0.3    10.0    -7.1
753.711     0.9    -7.4   -14.5
755.371   -18.1   -17.3    -8.0
757.031   -14.3   -16.4    -5.9
758.691    -1.7   -11.4    -3.3
760.352     0.0    -0.3    -7.8
762.012    -7.8     7.0    -8.1
763.672    -6.2    -9.2   -10.7
765.332   -10.5   -17.0   -12.4
766.992    -5.1   -10.2     2.9
768.652     0.2    -7.0    -1.9
770.312    -6.1    -0.8   -12.8
771.973   -15.6     0.8   -13.3
773.633   -11.6    -1.4    -7.6
775.293    -4.1   -14.5    -8.6
776.953    -0.9   -12.9    -2.0
778.613    -0.3    -2.0    -2.1
780.273    -3.5   -10.5   -20.7
781.934   -19.8   -13.0   -20.0
783.594   -12.4    -1.8     0.9
785.254     5.3    -2.5    -7.4
786.914     4.2    -3.1     1.8
788.574    -1.7    -3.0    10.2
790.234   -19.4   -16.2   -13.8
791.895    -8.9    -6.9    -5.0
793.555    -8.1    -1.9    -3.6
795.215     0.9     0.0   -13.1
796.875    -0.6    -8.3     0.6
798.535    -3.6    -9.0     9.3
800.195   -13.1   -18.3   -16.9
801.855    -7.9   -16.6   -18.7
803.516    -8.6    -1.3    -6.1
805.176    -6.5    12.3    -7.0
806.836     2.3    -3.0    -7.0
808.496     0.6    -8.4     3.3
810.156    -5.5   -19.5    -2.8
811.816   -11.9   -19.0    -8.1
813.477    -7.1   -15.7    -4.0
815.137    -1.8     9.1   -16.8
816.797    -9.2    -4.6     4.2
818.457    -5.0   -13.9     5.2
820.117     0.2   -26.1    -6.2
821.777    -6.6   -16.6    -1.2
823.438    -7.2    -3.6     4.2
825.098   -12.5     5.9   -25.5
826.758   -17.4     0.9   -21.6
828.418   -10.8   -12.7     8.8
830.078    12.3   -19.3    -4.7
831.738     8.6    -8.2     5.2
833.398     2.9     0.5     5.2
835.059   -23.9     5.6   -23.6
836.719   -20.0   -16.3   -23.6
838.379    -7.6    -8.8     5.1
840.039    11.2    -4.7     3.8
841.699    15.0   -17.4     0.7
843.359   -11.3     8.1    -6.8
845.020   -32.4     1.6   -20.7
846.680   -21.7   -25.8   -28.1
848.340     1.8    -2.1     8.6
850.000     9.5     4.1    14.6
851.660    19.8    -7.6     2.7
853.320     9.7    -4.9    -6.2
854.980   -39.9   -14.8   -25.4
856.641   -37.0   -21.5   -22.9
858.301   -13.7   -20.9    -7.5
859.961    19.3     8.7     7.5
861.621     9.2     8.9     1.3
863.281     5.6     6.0    -2.0
864.941   -35.4   -28.7   -26.9
866.602   -29.6   -14.7   -12.3
868.262     8.3    -0.7     0.3
869.922    23.3     1.3    -1.4
871.582    15.9    11.0     6.2
873.242     4.4     8.7    12.1
874.902   -31.4   -33.2   -35.2
876.562   -30.6   -32.0   -32.9
878.223    -4.0    -1.0     4.1
879.883    16.7     6.6    -5.5
881.543    11.1     5.6    -2.2
883.203   -15.4    -5.2     0.0
884.863   -24.5   -26.5   -26.3
886.523   -18.0   -31.1   -30.0
888.184    -8.3   -18.7    -6.6
889.844    11.7    13.5     6.4
891.504     7.8     3.8    -5.3
893.164   -15.7   -18.1   -17.3
894.824   -26.4   -23.2   -21.6
896.484   -17.4   -26.4    -4.6
898.145    10.6    -2.9     3.8
899.805    16.7    22.6    -1.6
901.465    -6.1     5.3    -3.0
903.125   -18.1   -21.8   -13.3
904.785   -10.8   -21.5    -4.9
906.445     9.3     1.4     8.3
908.105    16.4     8.8     3.7
909.766     8.3    13.7    -1.4
911.426    -6.5     0.0    -2.5
913.086   -31.3   -32.6   -24.8
914.746   -22.3   -34.4   -20.4
916.406    -7.4   -25.1    -8.1
918.066    16.3    27.5     9.7
919.727    12.3    17.1    -2.9
921.387   -13.8   -15.3   -13.3
923.047   -29.2   -24.4   -18.7
924.707   -30.2   -34.1   -19.1
926.367    10.1     2.1     4.1
928.027    15.8    13.2     5.3
929.688     9.3    13.3     0.7
931.348   -16.1   -20.0   -13.2
933.008   -29.6   -30.0   -20.7
934.668   -28.7   -32.1   -20.7
936.328     9.9    12.6     6.5
937.988    17.3    26.9    10.4
939.648     1.0     7.9    -7.1
941.309   -15.2   -22.5    -4.9
942.969   -21.1   -32.7   -11.7
944.629   -16.5   -23.0   -24.6
946.289    -5.2     6.0    -2.1
947.949     7.6    23.5    10.5
949.609     2.2    -8.2   -18.4
951.270   -16.0   -23.9    -2.2
952.930   -21.3   -27.9    -2.3
954.590   -15.6   -20.0   -20.3
956.250     1.3    20.3    10.8
957.910     1.8     5.2    -9.8
959.570     0.5     6.1    -8.7
961.230    -9.6   -26.0   -15.6
962.891   -18.5   -19.4    -4.1
964.551   -18.5   -15.8    -9.7
966.211    -0.6     3.1   -11.2
967.871     0.6    18.4     3.5
969.531    -6.4    -1.4    -6.8
971.191   -17.7   -31.5    -5.9
972.852    -6.6   -14.7    -5.6
974.512    -0.7     2.2    -5.7
976.172    -2.0     8.9    -2.0
977.832    -8.4     8.7    -4.3
979.492    -6.1    -6.0   -10.0
981.152    -6.0   -20.8    -5.9
982.812    -6.9   -20.1    -5.7
984.473    -6.2   -10.7   -12.7
986.133    -7.9     7.9     3.7
987.793    -8.9     8.5     2.9
989.453     0.1     2.6    -9.9
991.113    -4.3   -11.2    -9.5
992.773   -15.0   -14.8    -0.6
994.434    -5.3   -14.1   -10.4
996.094    -2.6   -12.2   -14.2
997.754    -5.7     4.7    -4.5
999.414    -6.9     7.5    -1.6
1001.074     0.0   -11.9   -10.8
1002.734    -6.1   -13.8    -3.1
1004.395    -8.3    -8.6    -3.9
1006.055    -7.9   -13.5    -8.3
1007.715    -8.9    -1.9    -6.9
1009.375    -7.8     5.3    -2.8
1011.035     1.0    -7.4    -4.7
1012.695    -5.1    -8.0    -5.6
1014.355   -16.3   -11.2    -8.4
1016.016   -14.1   -17.8    -9.0
1017.676    -7.6    -2.5    -9.0
1019.336     5.9     9.9    -4.3
1020.996     4.9     0.0    -6.5
1022.656    -9.9   -17.8   -12.5
1024.316   -21.1   -19.4    -3.5
1025.977    -5.9   -11.1    -6.5
1027.637     2.8    -4.6   -13.3
1029.297    -1.3     3.8    -7.4
1030.957    -1.9     7.0     1.2
1032.617    -8.2   -14.2   -10.8
1034.277   -14.4   -30.8   -15.4
1035.938   -16.2   -11.7    -0.3
1037.598    -3.7     2.2    -7.9
1039.258     2.4    -0.4   -13.1
1040.918     4.8     2.5    -3.4
1042.578    -4.7    -1.9    -6.2
1044.238   -21.7   -26.2   -21.5
1045.898   -17.8   -18.3    -2.6
1047.559    -8.7    -2.9     1.6
1049.219     0.0     5.3    -3.8
1050.879    11.0     3.9    -6.2
1052.539   -13.8   -10.6   -10.5
1054.199   -22.0   -19.7   -17.0
1055.859   -16.6   -17.1    -6.2
1057.520     1.4     3.5    -4.8
1059.180     5.0    13.5    -5.1
1060.840     0.9    -9.0    -1.7
1062.500     1.6    -9.4    -1.7
1064.160   -21.6   -19.2   -14.6
1065.820   -15.3   -11.4    -2.7
1067.480     0.0     5.4   -15.4
1069.141     4.5    10.6    -3.5
1070.801     5.6    -1.9     6.6
1072.461   -12.5   -21.6   -25.4
1074.121   -23.6   -16.0    -8.4
1075.781   -23.0    -9.7     0.0
1077.441     1.4     5.0    -9.7
1079.102    12.0     2.5    -6.4
1080.762    12.5    -0.1     3.6
1082.422    -3.5    -5.5    -5.2
1084.082   -22.1   -27.0   -18.6
1085.742   -18.6    -1.4    -6.2
1087.402    -0.7     6.4    -4.0
1089.062     9.2    -1.1    -3.5
1090.723    12.7    -6.9    -0.7
1092.383   -13.3    -9.4    -5.4
1094.043   -14.6   -27.1   -17.2
1095.703   -14.9   -10.9   -11.2
1097.363   -10.7     8.3    -4.0
1099.023     5.4    -1.9    -5.0
1100.684     7.5    -4.9     3.0
1102.344    -8.6   -13.2   -11.8
1104.004   -17.3   -16.6   -14.7
1105.664   -14.7    -6.1   -11.3
1107.324    -7.2    -9.4   -10.8
1108.984     4.7    -3.1    -3.6
1110.645     7.0     0.4     6.1
1112.305    -0.4   -13.8   -20.5
1113.965   -23.2   -11.5    -6.5
1115.625   -21.7    -4.4    -1.6
1117.285   -11.2    -5.9    -5.1
1118.945     2.8    -4.0    -9.1
1120.605    -0.5     0.4     2.5
1122.266    -2.3    -5.2    -5.3
1123.926    -6.5   -12.5   -17.1
1125.586   -16.5    -5.6    -8.8
1127.246    -7.2   -10.9   -14.1
1128.906    -7.5   -12.2   -11.8
1130.566     1.9    -3.0    -0.1
1132.227    -2.3    -3.3    -6.3
1133.887     1.6    -3.8    -8.8
1135.547   -11.2    -5.0    -5.5
1137.207    -9.7    -5.9    -9.6
1138.867    -1.0   -11.4    -6.5
1140.527     1.8    -6.3    -5.2
1142.188    -9.7    -1.2    -9.0
1143.848    -6.8    -4.3    -4.7
1145.508    -3.6    -9.5    -7.1
1147.168    -2.8    -2.1    -9.8
1148.828    -6.9   -11.6    -5.1
1150.488    -3.0   -12.5    -4.8
1152.148    -6.7    -8.7    -7.5
1153.809    -3.4    -2.5    -7.1
1155.469    -3.4    -2.8    -5.4
1157.129    -3.0    -2.8    -4.7
1158.789    -3.3    -6.5    -1.4
1160.449    -8.9    -9.4    -5.7
1162.109   -10.4    -8.7    -7.8
1163.770   -17.6   -15.5    -9.9
1165.430    -5.6    -3.1    -6.8
1167.090    -5.5    -1.9    -5.1
1168.750    -3.1    -7.7    -3.9
1170.410     2.2    -7.7    -5.7
1172.070   -16.4   -12.5    -9.7
1173.730   -16.3   -16.8   -11.8
1175.391    -7.6   -13.9   -10.8
1177.051    -2.8    -4.0    -4.6
1178.711     1.5     1.5     2.2
1180.371     2.0     1.9    -6.0
1182.031    -1.2     0.8    -5.5
1183.691   -22.2   -22.6   -16.7
1185.352   -17.0   -11.4    -0.3
1187.012     7.8    -4.0    -2.7
1188.672     5.5     4.1    -2.3
1190.332    -2.8     8.4     4.2
1191.992   -16.4    -9.3    -9.2
1193.652   -22.3   -24.5   -25.9
1195.312   -15.8   -16.9   -10.7
1196.973   -10.3    -6.8     9.0
1198.633    17.5    -0.6   -11.5
1200.293     2.6     1.3    -7.9
1201.953   -19.6    -0.8     1.0
1203.613   -18.6    -8.9    -8.6
1205.273   -10.8   -20.8   -21.4
1206.934    -2.6    -8.5     3.0
1208.594    11.2     6.1    13.1
1210.254    12.2    -2.3   -12.5
1211.914    -0.9    -4.1   -15.4
1213.574   -27.6    -7.9   -11.6
1215.234   -18.2   -19.6   -16.8
1216.895    16.2    -2.4    11.9
1218.555    17.9     4.2    12.2
1220.215    16.1     1.6    -0.7
1221.875   -20.9   -12.5   -10.6
1223.535   -31.1   -10.2   -22.7
1225.195   -19.4   -10.6   -22.7
1226.855    11.8    -5.0     9.6
1228.516    25.7     4.5    11.5
1230.176    10.5     0.9    -3.3
1231.836   -23.9   -18.3   -15.9
1233.496   -35.0   -19.1   -26.3
1235.156   -17.3    -7.9   -14.7
1236.816     7.6     4.1    13.6
1238.477    24.4     4.8    14.7
1240.137    18.8    -2.0    -6.9
1241.797   -30.8   -14.6   -13.7
1243.457   -39.5   -17.0   -16.7
1245.117   -14.9   -17.8   -26.4
1246.777     5.3     1.4    12.0
1248.438    21.7    11.1    18.8
1250.098    14.9    -3.9    -7.1
1251.758   -15.1   -18.7   -14.8
1253.418   -43.0   -17.0   -17.3
1255.078   -38.5   -13.7   -18.1
1256.738    10.5     2.3     3.9
1258.398    19.0    16.6    15.7
1260.059    15.2    18.8    14.4
1261.719    -5.7   -22.8   -17.4
1263.379   -25.7   -23.6   -20.5
1265.039   -30.4   -12.6   -13.8
1266.699     1.0    -6.1    -9.2
1268.359    11.3    -0.3    -4.6
1270.020    11.0    18.3     5.1
1271.680   -12.8   -17.9   -14.8
1273.340   -17.4   -24.7   -16.3
1275.000   -22.9   -25.7   -15.6
1276.660   -13.6   -13.7    -7.9
1278.320     3.8     4.7    -1.4
1279.980     8.8    10.7    -2.5
1281.641    -2.2    -3.0   -10.1
1283.301   -13.3   -12.2    -8.2
1284.961    -9.8   -25.3   -11.7
1286.621    -9.1   -21.2   -10.2
1288.281    -1.1    -7.9    -3.6
1289.941     1.0    14.3    -3.5
1291.602   -10.1     1.7   -18.3
1293.262   -17.4    -8.3    -6.3
1294.922    -9.7   -27.7    -6.4
1296.582     3.0   -20.8    -9.5
1298.242    -1.0    11.9    -1.3
1299.902    -1.2    13.7    -2.9
1301.562   -15.4     3.0   -20.0
1303.223   -15.6   -12.4    -6.0
1304.883   -10.5   -14.5    -5.0
1306.543     3.9   -22.4    -1.3
1308.203     7.1     0.1     1.5
1309.863   -12.0    15.9   -17.8
1311.523   -23.4     2.1   -16.5
1313.184    -9.5   -18.7   -10.4
1314.844    -3.1   -20.0    -2.4
1316.504    -1.8   -21.6    -1.7
1318.164    11.1   -10.9     6.8
1319.824    -8.0    10.1   -20.0
1321.484   -21.2     3.7    -8.0
1323.145   -17.4   -12.3   -12.9
1324.805    -0.5   -26.2    -4.6
1326.465    -1.7   -25.5    -8.5
1328.125     9.4    -6.7    12.8
1329.785     9.7    -2.8    11.8
1331.445   -20.9     6.9   -23.7
1333.105   -18.9     1.9   -11.2
1334.766   -14.6    -6.2    -4.4
1336.426    -3.2   -28.3    -3.7
1338.086    11.6   -20.8     5.4
1339.746     5.8    -8.0     4.0
1341.406   -13.4     4.4   -17.0
1343.066    -9.5    -3.3   -19.1
1344.727   -13.6    -7.8   -10.4
1346.387    -8.4   -28.6    -4.4
1348.047    14.5   -13.7     3.0
1349.707     7.2     2.1     4.9
1351.367   -16.0     1.9   -14.2
1353.027    -9.7     3.5    -2.9
1354.688   -11.0   -16.1    -9.6
1356.348    -2.9   -27.2   -15.2
1358.008    -4.9   -18.4    -0.1
1359.668     0.2     5.7    -2.1
1361.328    -8.3     2.5   -13.7
1362.988    -7.8     5.1    -3.8
1364.648    -9.4   -23.6   -16.6
1366.309    -7.5   -29.6   -15.8
1367.969    -0.6    -7.0     9.5
1369.629    -0.9     6.0     1.0
1371.289    -3.8     8.4   -19.3
1372.949   -13.4     3.9    -8.9
1374.609    -5.3    -8.2     3.4
1376.270    -3.4   -24.0   -16.6
1377.930   -13.6     1.6     2.2
1379.590   -12.9     1.4     3.3
1381.250   -14.7     9.2    -4.2
1382.910    -0.2     1.3   -12.2
1384.570    -8.1   -11.0     0.3
1386.230   -12.0   -18.6    -8.4
1387.891    -5.8   -15.0    -3.2
1389.551    -9.3     2.0    -0.6
1391.211   -12.6    11.4    -8.0
1392.871   -14.2     4.5   -11.7
1394.531    -6.1    -8.2    -3.4
1396.191    -6.6   -18.4    -1.0
1397.852    -4.1   -20.0    -5.6
1399.512   -11.0    -1.7    -7.8
1401.172   -12.4    10.2    -8.5
1402.832   -11.6     6.2   -11.0
1404.492    -7.1   -12.7    -7.2
1406.152    13.5   -10.0     7.8
1407.812    13.4    -7.3     8.3
1409.473    -3.1    -9.6    -1.1
1411.133   -15.4    -0.1    -9.4
1412.793   -10.2    -0.8   -19.4
1414.453   -10.2    -6.8    -3.6
1416.113   -14.7   -11.5    -0.2
1417.773     7.5   -21.7    -8.8
1419.434    -1.0   -14.9    -7.4
1421.094   -12.0     4.8    -2.0
1422.754    -8.8    -3.2   -17.3
1424.414    -5.8   -12.3   -12.7
1426.074    -1.3   -13.7     1.2
1427.734     4.4   -12.0     3.2
1429.395     1.3    -8.0    -9.3
1431.055    -8.7    -1.3    -5.5
1432.715   -14.5     5.3    -9.9
1434.375    -8.8   -14.7   -18.1
1436.035    -8.8   -18.7   -13.1
1437.695     2.5    -8.3     5.7
1439.355     2.6   -10.1    -9.9
1441.016     3.1   -10.6    -9.8
1442.676   -14.2     2.8   -12.6
1444.336    -7.6    -6.9   -16.7
1445.996     2.7   -15.2   -13.4
1447.656    -4.1   -14.0    -9.1
1449.316    -0.5    -3.4     9.2
1450.977    -1.4    -8.2   -17.9
1452.637    -9.2   -10.9   -17.9
1454.297    -9.0     3.5    -4.7
1455.957    -9.4    -5.1   -10.2
1457.617    -2.1   -12.0   -10.5
1459.277    -8.0    -2.4    12.2
1460.938    -3.4    -2.9     5.9
1462.598    -5.1   -12.3   -19.1
1464.258    -4.0    -4.8    -7.9
1465.918   -13.5     1.2     2.8
1467.578    -8.8    -1.6   -19.5
1469.238    -2.1   -10.0    -3.6
1470.898     1.2    -2.9     3.0
1472.559    -2.8   -11.7    -6.4
1474.219     3.7   -11.7    -2.5
1475.879    -9.7    -3.6   -10.1
1477.539   -18.4    -0.3   -21.1
1479.199   -21.3    -6.8   -23.6
1480.859   -17.0   -13.3    -6.7
1482.520     8.7    -8.0     1.2
1484.180     5.3    -4.7     4.5
1485.840    -6.6    -9.4   -21.8
1487.500   -14.5    -7.9   -23.0
1489.160   -30.1    -7.0   -22.3
1490.820    -8.2    -8.7     0.7
1492.480    18.6    -6.9    -5.5
1494.141    24.5    -2.2     2.2
1495.801     3.1     2.9    13.4
1497.461   -26.4   -14.0   -27.7
1499.121   -36.0   -23.3   -32.2
1500.781   -21.4   -10.9    -6.6
1502.441     8.6     3.9     1.4
1504.102    24.6     2.2     1.3
1505.762    27.3    -1.3     9.2
1507.422   -20.1    -0.5    -8.4
1509.082   -36.4   -14.3   -26.2
1510.742   -32.0   -28.9   -28.1
1512.402    -3.1     4.8     5.8
1514.062    22.3    15.1    14.2
1515.723    37.5     5.5    11.8
1517.383    -2.1     4.0    -1.8
1519.043   -31.9    -4.4   -16.6
1520.703   -53.0   -40.8   -36.6
1522.363   -13.4   -21.7   -15.2
1524.023    20.9    11.8    13.5
1525.684    32.8    22.3    16.6
1527.344     7.5     8.5    -1.0
1529.004   -20.3   -13.6   -16.5
1530.664   -41.0   -27.7   -24.6
1532.324   -51.5   -45.2   -33.4
1533.984     4.2    -4.6     1.6
1535.645    25.4    18.4    11.0
1537.305    31.3    26.9    12.2
1538.965   -16.8   -15.2   -17.1
1540.625   -38.0   -37.0   -29.9
1542.285   -44.6   -44.8   -26.9
1543.945    -8.1   -15.5    -4.0
1545.605    24.0    12.2     2.0
1547.266    27.1    24.0    -1.3
1548.926    18.6    33.2     7.7
1550.586   -36.3   -47.9   -30.5
1552.246   -31.5   -48.0   -18.7
1553.906   -20.8   -29.6    -2.0
1555.566    13.9    16.0    -0.3
1557.227     9.5    23.0    -1.5
1558.887     9.1    20.1     1.8
1560.547   -20.7    -9.8   -15.9
1562.207   -23.6   -44.3    -8.0
1563.867    -9.2   -38.2    -3.0
1565.527     3.1     7.3    -7.1
1567.188     5.4    20.3    -5.1
1568.848     0.7    15.6    -4.9
1570.508   -23.7   -23.2   -20.0
1572.168   -23.6   -31.5    -9.6
1573.828    -9.4   -35.6    -5.1
1575.488     3.2   -18.8     0.5
1577.148     0.4    22.6    -4.9
1578.809     0.6    22.1    -2.2
1580.469   -15.5     0.1   -13.9
1582.129   -26.0   -27.5   -18.2
1583.789   -13.1   -37.3    -7.9
1585.449     5.8    -8.5    -0.8
1587.109     2.7    15.4    -4.6
1588.770    -4.1    16.8    -7.5
1590.430   -16.6     2.3   -15.0
1592.090   -23.4   -28.3   -12.1
1593.750    -6.9   -38.5    -6.2
1595.410     4.8   -15.3     2.6
1597.070     4.5    12.9    -2.9
1598.730    -4.1    11.9    -9.9
1600.391   -22.5   -14.3   -17.4
1602.051   -14.8   -38.3   -14.2
1603.711    -4.5   -32.8    -6.8
1605.371     4.8    -4.2     5.6
1607.031     4.3    12.6    -9.2
1608.691    -5.8     9.1   -13.8
1610.352   -10.9    -4.9    -7.5
1612.012    -9.2   -30.1   -14.6
1613.672   -12.5   -33.0   -14.1
1615.332     2.8    -6.8     6.8
1616.992    -4.4     6.1   -11.6
1618.652   -10.0    10.2   -20.6
1620.312    -7.6     3.3    -0.7
1621.973    -1.4   -27.3   -12.2
1623.633    -6.7   -30.0   -15.2
1625.293    -6.7   -12.1     5.4
1626.953    -6.7     1.1     0.9
1628.613    -4.5     3.5   -21.6
1630.273    -5.2     4.8     8.2
1631.934    -8.0     2.1     9.7
1633.594    -0.2    -7.3     4.6
1635.254   -11.9   -25.4   -10.0
1636.914    -8.3   -19.3    -5.0
1638.574   -18.9     1.4   -13.7
1640.234   -11.0     3.4   -19.6
1641.895    -5.5     0.5    -8.4
1643.555     0.2    -9.4    -0.5
1645.215    -3.4   -17.8    -6.3
1646.875    -6.5   -23.4    -6.1
1648.535   -12.8   -11.1   -12.3
1650.195   -19.0    -2.8   -15.7
1651.855    -0.6     4.7     0.5
1653.516     5.1     7.8     3.2
1655.176    11.2   -12.5    -9.9
1656.836   -19.5   -18.6    -7.5
1658.496   -24.5   -14.7    -5.3
1660.156   -10.9    -4.3   -18.1
1661.816    -5.2     2.5   -15.2
1663.477    -0.9     5.2    -1.3
1665.137     2.7     1.5    -1.0
1666.797    -4.3   -16.2   -10.8
1668.457   -24.5   -20.7    -5.2
1670.117   -17.0   -19.5   -10.3
1671.777    -7.9    -4.0   -16.0
1673.438    -3.4     8.5    -3.6
1675.098     2.7     9.3    -0.9
1676.758     0.7     0.5     1.0
1678.418    -8.3   -26.1   -10.9
1680.078   -25.1   -18.5    -2.8
1681.738     5.5     0.9   -13.8
1683.398     2.3     0.7   -13.4
1685.059    -1.9     4.6    -3.7
1686.719   -14.1    -2.9    -5.8
1688.379   -14.9   -25.7   -21.3
1690.039   -10.5   -19.8    -4.8
1691.699    -0.8    12.8     4.0
1693.359     1.8    13.8     1.2
1695.020     0.1    -0.2   -16.9
1696.680    -8.7    -0.4   -12.8
1698.340   -20.9   -13.9    -9.1

Event #45  ts=2026-09-11 12:11:00.278  [SELECTED]
  t[ns]  u1[mV]  u2[mV]  u3[mV]
  0.000   -16.3   -23.9   -28.5
  1.660     4.8   -16.8     0.0
  3.320    -3.5   -19.6    -4.2
  4.980    -9.1    -5.9    -1.2
  6.641   -24.5     3.9   -33.7
  8.301   -18.2    -2.7   -15.5
  9.961    -4.8   -13.0    11.1
 11.621    14.9   -11.4     4.2
 13.281    10.7    -6.0    -4.1
 14.941     3.9    -1.0    -1.2
 16.602   -17.2    -6.5   -15.4
 18.262   -15.5   -14.3    -6.6
 19.922   -11.7    -2.3     5.8
 21.582    -2.2     7.7     1.0
 23.242    22.1    -6.2    -2.2
 24.902    -5.7   -11.8     3.9
 26.562   -15.7   -10.6    -5.5
 28.223   -40.3   -15.6   -29.2
 29.883   -11.9    -7.7   -20.8
 31.543     7.9    12.4     3.1
 33.203    20.9     9.9    18.1
 34.863    22.7    -1.1    13.7
 36.523    -7.0   -10.1    -6.8
 38.184   -28.2   -19.8   -24.1
 39.844   -22.2   -19.4   -22.2
 41.504    -2.0     0.9     0.5
 43.164     1.0    10.1     8.3
 44.824    12.2     0.1    -1.0
 46.484    10.9    -3.4    -3.0
 48.145   -16.8   -15.5    -6.1
 49.805   -27.6   -26.4   -22.3
 51.465   -24.0   -12.3   -14.1
 53.125    -2.0     2.7    -3.7
 54.785    18.2     4.3    -5.6
 56.445     4.3     7.5     4.9
 58.105    -5.8    -7.6     4.6
 59.766   -21.5   -32.8   -29.2
 61.426   -15.9   -19.0   -22.6
 63.086   -12.5    10.2    11.9
 64.746     2.3     1.4   -18.2
 66.406    -3.8     0.0     1.9
 68.066    -7.7   -21.5    -3.4
 69.727    -3.6   -19.8   -19.4
 71.387   -10.9   -16.8   -23.0
 73.047   -16.5     3.0     6.4
 74.707    -6.1    -7.8   -26.5
 76.367    -1.1    -8.5   -14.5
 78.027    -8.0   -11.5    -6.3
 79.688   -10.0   -10.3   -20.4
 81.348    -7.6   -10.9   -17.7
 83.008    -2.6    -7.5     1.1
 84.668   -11.2     3.7   -11.5
 86.328   -14.1     4.1   -15.3
 87.988    -5.7   -13.2    -0.4
 89.648    -1.7   -10.3   -12.3
 91.309    -0.6    -9.3    -1.6
 92.969    -4.3    -8.7    -1.1
 94.629   -10.6     2.7    -9.3
 96.289   -10.0   -12.2   -13.0
 97.949    -2.4   -10.9     2.4
 99.609    -2.6   -10.7     3.0
101.270    -3.9   -10.8    -7.4
102.930    -4.0    -1.6    -4.1
104.590    -8.2    -4.2    -8.1
106.250     0.8    -4.8    -7.6
107.910    -2.9   -10.5    -8.0
109.570   -13.5    -8.2    -4.6
111.230    -2.1   -16.1   -19.2
112.891     2.1   -14.7   -15.9
114.551    -7.0     2.1    -1.6
116.211   -14.5     1.8     7.8
117.871    -6.6    -7.3    -9.3
119.531    -9.8    -3.9    -4.6
121.191    -9.3    -0.6     1.4
122.852   -11.9   -13.6    -9.1
124.512    -4.8   -14.4   -11.5
126.172    -8.0     2.0    -0.8
127.832    -0.5    -2.1    -7.7
129.492     5.5    -6.2    -5.2
131.152    -4.9    -7.0     6.0
132.812   -16.8   -11.5    -5.3
134.473   -15.2   -15.3   -21.9
136.133     1.2    -3.7    -7.7
137.793    -3.8     1.5    -0.2
139.453     6.0    11.9    13.8
141.113     3.8   -11.4    -8.9
142.773   -12.4   -17.1   -17.1
144.434    -9.7   -18.5   -18.7
146.094   -18.4    -8.5     0.0
147.754    -9.9    -9.5   -21.8
149.414    10.7     6.6    19.0
151.074    13.6    -0.6     8.6
152.734   -12.2   -22.9   -24.0
154.395   -19.7   -25.6   -28.4
156.055   -32.9   -10.8    -7.5
157.715    -9.0     0.2   -14.4
159.375     6.5     7.0    -1.6
161.035    21.7    10.2    13.0
162.695     1.1    -9.8    -6.0
164.355   -21.4   -22.5   -21.3
166.016   -26.0   -27.0   -15.4
167.676   -23.5     5.6    -7.3
169.336   -11.7     4.3   -16.8
170.996    22.0     1.3    12.3
172.656    -3.6    -9.8    -3.4
174.316   -29.1   -32.7   -18.0
175.977   -19.9   -26.0   -11.3
177.637   -16.8     2.8    -8.0
179.297    -5.8    13.3   -18.4
180.957    15.2     6.0    16.0
182.617    10.9    -8.4     3.0
184.277   -16.0   -24.2   -23.8
185.938   -25.8   -23.9   -10.1
187.598   -18.2    -1.8     1.5
189.258    -4.0    11.0   -18.2
190.918     7.8     6.2    -8.4
192.578    14.1     4.7     8.7
194.238    -9.3   -22.4   -20.1
195.898   -22.0   -27.3   -13.4
197.559   -18.9   -14.8    -2.9
199.219    -5.1     6.8    -9.8
200.879     2.6     3.5   -14.6
202.539     5.1    10.1     7.6
204.199    -5.2     0.0    -1.9
205.859   -13.4   -30.0   -16.3
207.520   -13.2    -3.0     2.0
209.180   -13.9     1.5     3.3
210.840     0.6    -4.2   -10.9
212.500    -3.5    -6.5    -6.8
214.160   -58.0   -11.0     3.9
215.820  -279.5  -111.6   -17.7
217.480  -343.5  -134.6   -18.0
219.141  -499.9  -176.5    -1.3
220.801  -499.9  -188.1    -3.4
222.461  -464.3  -183.0   -13.3
224.121  -410.6  -162.8   -11.9
225.781  -351.5  -126.6   -14.8
227.441  -286.4   -95.2     1.0
229.102  -242.0   -78.5     6.9
230.762  -159.6   -77.7    -7.3
232.422  -127.4   -68.4   -14.9
234.082  -116.2   -20.8     5.1
235.742   -85.8   -28.8   -19.5
237.402   -53.6   -25.6    -9.7
239.062   -54.7   -23.6     2.4
240.723   -49.1   -22.1     2.7
242.383   -31.0   -21.8   -15.4
244.043   -30.9   -13.7    -9.3
245.703   -42.9   -22.9   -22.8
247.363   -22.2   -20.4     5.2
249.023   -21.6   -21.9     8.5
250.684   -24.9   -19.2   -10.7
252.344   -19.3   -14.6   -14.4
254.004   -14.8    -7.2    -1.6
255.664   -33.7    -6.5   -17.8
257.324   -19.9   -13.0     0.1
258.984   -17.3   -15.9     2.2
260.645   -11.8   -10.6    -3.2
262.305   -13.0    -6.4     1.7
263.965   -21.7   -18.8   -15.9
265.625   -29.9   -13.8   -21.7
267.285   -34.4   -12.7   -16.1
268.945   -15.2    -6.4     5.0
270.605    -6.0   -10.9    -5.9
272.266    -7.4    -9.8    -3.5
273.926   -23.2    -4.9    -0.8
275.586   -22.0    -5.0     0.0
277.246   -20.3   -16.3   -24.7
278.906   -18.3    -8.4     2.3
280.566   -22.1    -1.4     1.6
282.227    -3.2   -15.7    -6.4
283.887    -2.4    -9.2    -3.1
285.547   -23.5     2.9    -6.4
287.207   -32.9   -11.7   -15.0
288.867   -16.5   -20.3   -10.9
290.527   -15.4    -5.1     0.2
292.188   -11.6    -4.1    -2.2
293.848     0.4    -8.0    -5.0
295.508    -6.7     4.1    -2.4
297.168   -30.3   -25.7   -16.1
298.828   -23.3   -24.1   -15.8
300.488   -12.6   -10.4    -5.2
302.148   -10.1    -4.6    -2.6
303.809    -4.7     4.1    -3.0
305.469   -11.7    -3.1    -5.1
307.129   -23.2   -19.2   -12.4
308.789   -22.8   -24.2    -7.5
310.449   -13.8   -13.0    -6.6
312.109    -6.3    -9.4   -13.0
313.770    -2.2    12.5    14.7
315.430    -5.8    -8.8    -4.4
317.090   -15.5   -25.0   -25.0
318.750   -26.2   -14.8   -11.3
320.410   -16.3    -9.3    -2.6
322.070    -9.7   -15.6   -15.5
323.730     4.5     3.5    -5.7
325.391    -4.5    10.8    20.9
327.051   -19.5   -19.6   -20.9
328.711   -24.1   -26.5   -24.0
330.371   -18.4   -10.2     8.7
332.031     1.2    -1.9   -16.5
333.691     0.4    -5.8   -15.4
335.352    -8.6     0.8     8.4
337.012   -21.5   -16.6   -20.4
338.672   -24.2   -27.2   -22.5
340.332   -11.2   -12.8     1.4
341.992   -12.3    -1.9    -2.4
343.652     0.6     0.0    -4.4
345.312    -0.6    -6.0     4.9
346.973   -16.6    -6.7   -10.3
348.633   -18.6   -29.0   -16.1
350.293   -15.0   -26.1    -7.6
351.953    -0.5     7.7    -7.9
353.613     0.4     5.3     0.0
355.273     0.0     5.1     0.7
356.934   -11.8    -6.6    -2.8
358.594   -26.9   -30.2   -15.5
360.254   -23.5   -17.7    -1.3
361.914    -7.5    -0.9     3.9
363.574     8.3    15.4    -3.3
365.234   -14.3     2.4     1.8
366.895   -25.4   -43.7   -20.9
368.555   -25.5   -42.8   -20.7
370.215   -26.1   -35.7   -17.4
371.875    -9.6     9.4    10.6
373.535     7.8    15.9    -5.4
375.195     9.1     0.6   -13.6
376.855   -12.4     0.4    -0.4
378.516   -26.1   -20.0    -7.1
380.176   -18.9   -39.6   -21.4
381.836   -13.8   -30.5   -15.9
383.496     2.3    24.5     3.9
385.156    11.5    12.3    -4.4
386.816    -3.8    -3.6    -8.4
388.477   -25.3   -18.3    -8.3
390.137   -25.9   -37.6   -14.8
391.797   -15.9   -27.9   -11.0
393.457    -7.3     2.7    -4.8
395.117     8.7    15.5    -0.9
396.777    10.6    11.3    -0.7
398.438   -18.5   -26.8   -16.5
400.098   -29.7   -36.0   -10.0
401.758   -16.0   -19.2    -9.4
403.418    -4.9     2.1    -9.0
405.078     8.9    25.7    -0.4
406.738    -0.5    11.2    -4.3
408.398   -10.4   -11.7   -16.7
410.059   -23.9   -39.1    -8.8
411.719   -17.6   -16.8    -4.5
413.379    -6.5    -5.8   -14.6
415.039     5.2    16.2    -4.9
416.699     3.4    22.7     8.7
418.359   -11.1    -2.3   -11.1
420.020   -15.3   -35.8    -5.6
421.680   -18.1   -30.7    -2.5
423.340   -10.7    -2.3   -16.6
425.000    -0.7     3.8    -7.7
426.660     4.8    12.8    -2.2
428.320   -11.9    -7.4   -23.7
429.980   -20.8   -25.7   -25.3
431.641   -17.6   -26.8     5.0
433.301    -5.3    -9.0   -13.5
434.961     2.0     6.0    -6.3
436.621     0.4    12.5    -0.2
438.281   -16.4   -12.9   -27.4
439.941   -25.8   -39.9   -23.8
441.602   -14.5   -23.6    10.8
443.262     0.9     0.2   -13.0
444.922     6.9     7.6   -12.0
446.582   -13.2     5.6    -1.0
448.242   -13.5     5.9    -1.8
449.902   -26.7   -41.6   -27.3
451.562   -18.0   -19.0     5.3
453.223   -12.9    -3.0     2.4
454.883    17.9    10.4    -2.9
456.543     8.0    14.1     2.9
458.203   -21.8   -10.7   -15.9
459.863   -32.1   -44.7   -36.0
461.523   -11.3   -16.6    -2.6
463.184   -11.4   -16.2    -2.8
464.844    25.3    21.7     2.7
466.504    11.7    15.4    -4.9
468.164   -28.9   -24.5   -25.8
469.824   -36.9   -44.7   -31.1
471.484   -23.8   -18.3     0.0
473.145    11.9     8.1     6.6
474.805    20.1    22.9     1.1
476.465     7.5    17.2     0.8
478.125   -22.7   -19.9   -19.0
479.785   -36.2   -44.1   -23.8
481.445   -27.9   -32.2   -11.0
483.105    10.7     2.5     0.8
484.766    26.5    18.3    -0.6
486.426    22.5    26.9    13.0
488.086   -16.9    -7.8   -12.5
489.746   -32.5   -43.4   -34.8
491.406   -27.6   -29.5    -1.8
493.066    -3.5   -11.6     4.2
494.727    17.6    15.6    -2.5
496.387     9.2    25.7     6.6
498.047   -30.2   -33.6   -35.9
499.707   -15.3   -36.5    -4.3
501.367   -24.0   -43.8    -5.8
503.027    14.7    20.0    -3.4
504.688    14.6    22.2     4.4
506.348    -9.6     2.3    -8.5
508.008   -18.0    -6.1   -24.7
509.668   -24.9   -40.2    -9.4
511.328    -7.2   -32.1     0.1
512.988    13.5    21.8     3.7
514.648    11.3    23.2     3.8
516.309   -22.4   -12.7   -30.6
517.969   -24.1   -22.1   -26.7
519.629    -9.9   -32.4     1.6
521.289    -2.8   -19.1     3.8
522.949    16.3    12.9     3.3
524.609    11.8    16.4     1.8
526.270   -19.7    11.9   -13.2
527.930   -23.5   -28.6   -28.3
529.590   -11.3   -31.2    -7.2
531.250     8.1    -1.4    15.1
532.910    14.1     3.6     7.5
534.570   -11.0     6.0   -12.2
536.230   -15.1     5.5   -13.8
537.891   -22.6   -29.8   -19.6
539.551     0.0   -23.8    -5.9
541.211     9.3    -0.4    12.4
542.871    17.0     7.8    -2.7
544.531     2.1    -1.6   -14.9
546.191   -24.3    -2.3   -16.0
547.852   -29.3   -10.2   -17.3
549.512    -7.4   -21.2   -14.3
551.172    12.5     2.5     8.2
552.832    10.9    -0.1    11.0
554.492    -4.4    -3.8    -9.1
556.152   -10.1    -7.7   -12.5
557.812   -28.7   -15.4   -24.2
559.473    -9.4    -5.2     3.1
561.133    11.1    -6.3     1.5
562.793    10.7     1.5    -4.2
564.453    -2.8     3.6     5.6
566.113   -14.3   -12.0   -16.3
567.773   -22.0   -20.3   -32.1
569.434   -16.3    -8.0   -14.6
571.094    -4.7     5.4    15.3
572.754     7.7   -12.3   -12.8
574.414    -6.5    -3.8     7.2
576.074   -16.2    -5.4     3.0
577.734   -11.1   -16.3   -30.2
579.395    -4.3   -11.4   -21.0
581.055   -10.2     4.3     4.5
582.715   -11.8    -1.7   -10.2
584.375     0.5   -19.0    -1.4
586.035    -2.6    -5.0     7.6
587.695    -7.8    -7.8   -25.0
589.355    -5.4    -8.9    -1.8
591.016    -8.5     2.0    -8.2
592.676    -1.5   -17.6   -10.1
594.336    -2.6   -17.5    -1.6
595.996     1.0     1.3     0.5
597.656    -5.4    -4.4   -14.8
599.316    -6.8    -6.5     1.3
600.977    -6.2    -3.7   -15.4
602.637    -9.0    -8.9   -24.1
604.297    -8.1   -12.4    -7.5
605.957     5.0    -2.7    -8.0
607.617     4.2    -8.2    -9.4
609.277    -7.9    -9.0   -11.0
610.938   -19.5    -3.2    -7.2
612.598    -9.3   -13.5   -23.3
614.258    -6.4    -9.6    -4.7
615.918     4.5     3.7    10.6
617.578     3.6    -2.2    -6.3
619.238   -14.3    -9.9    -2.1
620.898   -19.0    -5.6    -3.9
622.559   -13.5    -8.6   -13.0
624.219     2.5    -8.2   -13.8
625.879    -4.7    13.5     8.0
627.539    -5.8   -20.9   -19.3
629.199    -4.7   -24.8   -14.3
630.859   -12.0    -7.2     1.4
632.520     0.0    -1.9   -14.0
634.180    -0.4     0.4    -6.2
635.840    -3.5     6.9     5.7
637.500    -9.5   -23.7   -11.7
639.160    -9.2   -27.2   -13.2
640.820    -8.4   -10.0    -5.7
642.480    -6.8    -5.7    -7.0
644.141     1.9     7.5    -8.0
645.801    -6.7     0.8    -6.8
647.461   -15.2   -21.7   -12.9
649.121   -14.8   -21.2    -7.6
650.781    -3.7   -15.4    -5.0
652.441    -0.6    15.9     0.0
654.102     1.0    15.8     0.0
655.762   -11.5     1.6    -9.8
657.422   -18.8   -13.3   -19.3
659.082   -11.1   -19.4     4.8
660.742    -3.9   -15.4    -1.0
662.402    14.3    11.8     1.4
664.062    -4.5    16.4     3.1
665.723   -23.1     3.5   -12.7
667.383   -27.9   -28.5   -16.0
669.043     0.2   -11.2    -6.8
670.703    10.0    -5.7   -10.1
672.363    11.1     8.4    -1.9
674.023   -13.5    -0.4   -18.6
675.684   -25.9   -23.2   -35.1
677.344   -14.4   -23.4     1.5
679.004   -11.0   -21.6    -0.6
680.664    10.3     4.0     1.2
682.324    12.7    14.5    12.0
683.984   -21.7    -5.4   -24.2
685.645   -34.6   -28.5   -25.0
687.305   -21.4   -28.1     1.4
688.965    -5.4    -7.1    10.1
690.625    17.2     9.4    -3.6
692.285    14.3    18.0    11.2
693.945    -5.2     5.5    -2.1
695.605   -30.7   -26.4   -25.0
697.266   -26.8   -36.0   -21.6
698.926    -9.1    -3.1     2.1
700.586    17.9    11.8    -2.0
702.246    17.9     8.2    -6.2
703.906   -20.2    -9.3   -13.9
705.566   -24.1   -40.1   -16.6
707.227   -15.8   -25.3   -10.5
708.887   -13.0    -4.6    -8.3
710.547     4.0    17.4     5.8
712.207    14.5     9.8     3.1
713.867   -10.2   -17.9    -8.1
715.527   -16.3   -21.1   -14.6
717.188   -12.6   -16.4    -5.5
718.848    -4.9     3.2    -5.6
720.508    -4.3     4.7    -4.2
722.168     7.3    17.0     2.5
723.828    -2.9   -14.4    -5.0
725.488    -9.3   -32.7   -11.8
727.148   -15.6   -27.6   -11.0
728.809    -6.1    -0.3   -16.5
730.469     1.4     6.6   -18.1
732.129     0.2    14.7     7.4
733.789    -5.8   -20.9    -8.3
735.449    -5.9   -25.4   -13.3
737.109   -16.7     4.2     4.8
738.770   -12.1    -0.6   -20.8
740.430   -11.8    -6.6   -30.7
742.090     1.8     1.1    10.7
743.750    -1.2    -8.0    -5.0
745.410    -2.5   -19.3   -10.0
747.070    -7.7   -13.2     1.6
748.730   -18.0     2.1   -16.3
750.391    -5.7    -5.3    -9.5
752.051     1.9    -9.5    -0.5
753.711     3.9    -7.1    -8.7
755.371     0.7    -6.0    -5.2
757.031     0.9   -13.9    -7.5
758.691   -13.7    -6.8   -20.8
760.352   -18.9    -8.1    -7.8
762.012    -6.3    -5.5    -6.1
763.672     8.6    -6.9    -9.9
765.332     1.5    -5.5    -4.7
766.992    -5.7    -4.8    -2.7
768.652    -9.3    -9.7   -20.2
770.312   -15.9   -14.9   -10.6
771.973   -10.7    -4.9     0.4
773.633    11.3    -6.6    -9.9
775.293     8.3   -10.3    -9.9
776.953   -19.1     2.0     1.7
778.613   -17.0    -8.7   -14.2
780.273    -8.6    -6.7    -7.0
781.934     0.1     1.2    -1.6
783.594    -6.6     2.0    -7.7
785.254    -6.7   -15.2   -18.1
786.914   -12.6     0.4     7.9
788.574     9.4    -9.7   -12.3
790.234    -1.3    -1.8   -10.2
791.895   -12.7     1.5     1.2
793.555   -16.9    -5.4    -2.1
795.215   -14.5   -14.8   -13.9
796.875    -1.0    -5.0    -2.2
798.535     2.7     2.8    -3.4
800.195    -1.0     3.5    -3.0
801.855   -10.0    -7.1   -16.8
803.516   -17.2    -9.4   -19.8
805.176    -5.3   -17.5    -2.9
806.836     7.4   -14.5   -10.1
808.496     8.4     4.4    -0.2
810.156    -0.4    15.6     6.5
811.816   -18.5   -17.2   -21.6
813.477   -17.2   -21.0   -16.4
815.137   -16.3   -18.1    -1.1
816.797     7.4    -1.8    -9.9
818.457     7.5    17.1     7.6
820.117    -3.7    20.8     7.7
821.777   -20.0    -2.3   -15.4
823.438   -12.1   -35.8   -21.3
825.098    -8.1   -28.7     1.0
826.758    -3.2    -5.0    -2.8
828.418    11.9     5.8    -8.5
830.078    -5.9    15.7   -14.1
831.738   -20.1     0.5   -17.8
833.398   -14.0   -36.4   -14.3
835.059     1.8   -17.2    10.4
836.719     0.0    -2.5   -10.6
838.379     0.1     4.2   -17.6
840.039   -11.9     1.1   -19.2
841.699   -15.2    -0.9   -17.6
843.359    -4.7   -25.7     3.8
845.020     8.9    -6.6    -4.1
846.680     9.4    -6.0    -3.0
848.340    -8.8     2.2   -13.6
850.000   -18.5     8.4   -10.9
851.660    -3.2   -18.9   -19.1
853.320     7.2   -20.8     7.0
854.980     8.4    -7.8    16.2
856.641     1.9    -2.8   -13.6
858.301    -8.7    -3.7   -23.3
859.961   -22.8     7.2   -12.8
861.621    -7.1   -20.4   -18.4
863.281     6.8   -25.9    -6.9
864.941     5.2     6.9     0.5
866.602    -0.5     4.2    -1.3
868.262    -8.0    -4.2   -15.5
869.922   -24.7     2.1    -7.8
871.582    -7.3   -25.2   -18.6
873.242    14.7   -19.9     4.6
874.902    11.2     8.2    14.0
876.562    -3.1     4.1    -6.4
878.223    -9.9    -2.5   -16.0
879.883   -18.0    -4.4   -10.8
881.543   -13.3   -26.6   -15.9
883.203    10.4   -16.6    -2.5
884.863    15.6    -1.9     7.7
886.523     4.6    12.1     1.0
888.184   -23.2    -6.4    -9.9
889.844   -22.5    -5.5   -12.0
891.504     4.0   -15.6     1.2
893.164     8.9    -0.6    13.1
894.824     7.3     0.5     9.1
896.484    -5.4    -1.1   -19.5
898.145   -14.5    -2.7    -1.4
899.805   -12.8    -5.7    -0.8
901.465    -1.3   -24.9   -14.6
903.125     3.6   -11.9    -4.1
904.785    -6.1     3.9     2.3
906.445   -10.6     3.9   -12.1
908.105   -10.0     0.4   -11.7
909.766   -13.5    -4.8    -7.3
911.426    -1.5   -17.0    -9.4
913.086     5.0   -11.4     5.7
914.746    -6.8    -4.2    -6.0
916.406   -18.7     3.2   -18.7
918.066    -8.9    -0.9    -1.6
919.727     1.6    -9.8    -6.0
921.387     0.0    -6.6    -0.6
923.047     1.2   -10.7     1.3
924.707    -8.4    -7.7   -18.7
926.367   -17.2    -4.1   -16.2
928.027    -9.8    -0.2     4.1
929.688     5.6    -5.3    -7.9
931.348     7.8   -11.5     3.5
933.008    -9.0    -7.7    -2.0
934.668   -16.2    -6.6   -21.9
936.328   -12.0    -6.6   -10.6
937.988    -2.1     2.3     1.0
939.648     2.5    -5.9    -5.5
941.309     4.0   -17.6    -8.8
942.969   -11.5    -3.7    -2.4
944.629   -19.7     0.1    -7.5
946.289     2.9    -3.9    -7.0
947.949    -0.1     6.0     0.2
949.609    -5.2    -7.5    -3.8
951.270    -3.1   -20.7    -9.7
952.930   -11.1    -3.9    -2.5
954.590    -6.6    -1.9   -13.0
956.250    -4.7    -4.8   -13.3
957.910     0.8     4.6     2.1
959.570    -2.2   -18.2   -12.0
961.230    -7.8   -17.9   -13.7
962.891   -11.8    -2.6   -14.1
964.551    -2.8     4.8    -7.6
966.211     3.8    10.4     5.1
967.871     5.1   -10.3    -5.6
969.531   -13.4   -17.9   -21.1
971.191   -16.7    -3.1     2.9
972.852   -14.0   -10.2    -2.6
974.512    -0.2    -0.6   -15.9
976.172     0.4     6.7     3.2
977.832     2.1     6.8     9.9
979.492     0.0   -23.0   -20.6
981.152    -8.6   -24.8   -18.1
982.812   -23.2   -13.2    -0.8
984.473    11.1     8.1    -7.0
986.133    10.5     8.0     2.1
987.793     9.7     5.2    11.0
989.453    -2.6   -18.4   -17.3
991.113    -9.6   -28.2   -13.4
992.773   -26.1   -16.4   -10.3
994.434   -19.1     1.7   -20.1
996.094    11.6    -3.0     2.1
997.754    16.4     8.6    10.1
999.414    -2.9   -14.1    -9.2
1001.074   -10.6   -24.5    -5.7
1002.734   -30.7   -18.6   -18.4
1004.395   -10.7     5.1   -15.7
1006.055     5.7     5.9     7.3
1007.715    16.3     4.4     5.0
1009.375     3.4   -10.8    -9.5
1011.035   -18.7   -21.5    -6.0
1012.695   -19.1   -12.1   -15.7
1014.355   -13.4    -7.5   -19.3
1016.016    17.0    20.4    15.1
1017.676    15.1    18.4    11.2
1019.336     5.0   -18.3   -10.5
1020.996   -12.3   -31.3    -8.7
1022.656   -25.2   -11.5   -18.8
1024.316   -18.0   -13.9   -24.4
1025.977     1.8     7.5    -6.6
1027.637    10.5     0.5    -1.3
1029.297    -0.3   -27.0   -16.4
1030.957    -1.8   -30.1   -17.6
1032.617   -23.8   -12.6    -9.8
1034.277    -5.8    -2.7   -16.3
1035.938    10.6    16.8     1.6
1037.598     6.8    18.3     6.2
1039.258     0.8    -4.4    -4.0
1040.918    -9.9   -14.7    -5.9
1042.578   -18.2   -18.6   -21.4
1044.238   -18.9   -16.0   -19.0
1045.898    -0.7     7.1    -5.0
1047.559     6.0    12.0    -3.0
1049.219     2.6     4.0    -2.9
1050.879    -3.1   -21.3    -5.0
1052.539   -16.4   -31.3   -12.5
1054.199   -14.5   -32.5   -16.3
1055.859    -9.7    -4.4    -9.3
1057.520     4.2    18.1    -3.7
1059.180     0.5     4.7    -7.5
1060.840    -8.0   -16.5     1.0
1062.500   -14.9   -25.2     1.3
1064.160    -9.5   -30.0   -17.9
1065.820    -0.8     0.3     3.7
1067.480    -6.8    20.4    -1.0
1069.141   -10.4     6.8   -12.4
1070.801    -5.3    -6.8    -1.9
1072.461    -7.6   -33.0   -11.8
1074.121    -0.4   -16.4    -0.9
1075.781     1.7    -1.5     8.5
1077.441   -10.0    18.9   -18.3
1079.102   -13.0     7.7   -21.4
1080.762    -4.2   -17.6     3.2
1082.422    -2.6   -24.1    -3.9
1084.082     0.8   -29.2   -11.9
1085.742    -2.8     2.2    -0.5
1087.402    -8.5    12.3   -22.1
1089.062   -10.9     4.6   -12.6
1090.723    -4.7    -9.9     0.2
1092.383    -0.4   -21.7    -4.7
1094.043     8.9   -19.6     7.2
1095.703     9.1   -16.6     6.6
1097.363   -12.2    13.4   -19.5
1099.023   -19.6     0.4   -23.3
1100.684    -7.4    -7.2     6.2
1102.344    -5.7    -9.0     7.5
1104.004    14.4   -19.5    -3.3
1105.664     1.3    -6.7     5.4
1107.324   -21.5     8.3   -11.7
1108.984   -20.7   -10.3   -21.8
1110.645    -2.6    -5.6    -1.8
1112.305     2.5    -5.2     0.9
1113.965     9.3   -18.0    -0.8
1115.625     2.9   -14.3    -1.0
1117.285   -16.3     5.7   -15.4
1118.945   -14.3    -9.9   -20.2
1120.605    -9.8   -10.6   -11.6
1122.266    -5.1    -9.0     2.1
1123.926     9.4    -6.7     1.7
1125.586    -9.7     6.9    -4.8
1127.246    -9.7     5.9    -4.8
1128.906   -24.2   -12.1   -27.0
1130.566    -6.7    -8.5     1.6
1132.227    -5.1   -13.1    -2.9
1133.887    10.3   -11.5    -7.8
1135.547     0.8     8.8    10.3
1137.207   -14.3    -4.0    -9.4
1138.867   -15.6   -13.1   -18.1
1140.527    -3.0    -8.2     4.3
1142.188     1.0   -17.7   -20.6
1143.848     3.0    -3.1    -8.6
1145.508    -2.7    14.0    12.0
1147.168    -6.6    -0.8   -10.7
1148.828    -5.1   -14.2   -19.1
1150.488    -9.8   -11.3    -0.9
1152.148   -11.0   -14.4    -9.8
1153.809    -2.8    -6.1    -5.6
1155.469    -3.5    -5.9    -6.8
1157.129    -9.3     8.8    -2.1
1158.789    -0.9    -3.0   -10.1
1160.449    -7.0   -17.4     2.4
1162.109    -7.7   -16.0   -16.7
1163.770   -13.8   -11.6   -15.4
1165.430    -5.1    -5.4    -4.4
1167.090     0.8     2.1    -4.3
1168.750     2.5    -2.7    -1.5
1170.410     5.9   -13.9    -2.4
1172.070    -4.7   -18.2   -13.0
1173.730   -12.9   -13.8    -7.1
1175.391   -10.6    -5.6    -8.8
1177.051     0.0     3.2   -12.8
1178.711     8.3     0.1    -0.9
1180.371    -5.7    -8.8     1.2
1182.031    -6.3   -15.6    -7.6
1183.691   -10.5   -23.8   -12.9
1185.352   -17.7     4.3    -5.1
1187.012     1.3    -0.7   -13.2
1188.672     7.3    -5.4    -9.5
1190.332    -3.5     1.4     7.6
1191.992    -4.6   -13.1    -0.6
1193.652   -15.0   -15.7   -13.3
1195.312   -19.5    -1.5    -7.3
1196.973   -11.9    -1.5    -5.1
1198.633     8.9    -5.3    -9.9
1200.293    -1.1     3.3     5.3
1201.953   -10.1    -6.8    -1.9
1203.613    -2.7   -17.4   -11.8
1205.273   -15.1    -9.3    -5.5
1206.934   -13.6    -5.8    -9.4
1208.594   -11.7     2.0    -6.9
1210.254     6.1    -3.7    -6.4
1211.914    -5.7   -10.1    -5.6
1213.574    -5.9    -6.3     1.9
1215.234    -4.0    -6.1     9.0
1216.895    -5.6   -11.1    -2.9
1218.555    -9.3    -5.9   -17.9
1220.215    -5.4    -7.2   -12.0
1221.875    -4.4    -9.0   -12.4
1223.535    -6.1     0.1     4.4
1225.195     1.3    -2.1     3.6
1226.855    -2.3   -15.6   -24.2
1228.516   -12.0   -10.0     0.1
1230.176   -13.2    -8.3     0.8
1231.836    -5.8    -6.2   -24.9
1233.496     0.0    -1.7    -3.9
1235.156     1.6    -3.2     5.4
1236.816    -4.9   -11.6   -10.7
1238.477    -7.4   -18.2    -5.6
1240.137   -23.2    -4.8   -18.5
1241.797   -11.7    -9.0   -24.1
1243.457    -0.1    -2.5     3.8
1245.117    10.0     6.6     7.1
1246.777     6.9    -7.9    -9.7
1248.438     2.5   -16.1    -8.6
1250.098   -17.0   -13.9    -1.1
1251.758   -24.0    -9.7   -32.4
1253.418     0.0     3.2     2.4
1255.078    15.3     8.5     0.0
1256.738    12.6     1.9    -7.1
1258.398     2.7   -17.4    -1.5
1260.059   -16.7   -14.7    -6.5
1261.719   -23.6   -13.9   -30.6
1263.379   -13.5    -2.8    -7.9
1265.039    10.2    14.7     9.9
1266.699    15.8    -7.0     0.6
1268.359    -2.6   -14.9    -0.2
1270.020   -23.4    -9.0    -8.5
1271.680   -23.4   -16.5   -26.3
1273.340   -16.7   -10.1   -18.5
1275.000     3.4    12.9     8.4
1276.660    17.4    -4.3     0.6
1278.320     3.0    -8.4    -4.7
1279.980   -23.1   -10.2    -4.9
1281.641   -20.3   -22.1   -25.1
1283.301   -12.9   -12.8   -17.2
1284.961    -4.7     4.1    -5.4
1286.621     6.3    -0.2    -0.3
1288.281     7.3   -11.5     3.7
1289.941    -1.3    -9.7    -2.5
1291.602   -15.9   -12.8   -12.1
1293.262   -12.1    -1.7   -12.3
1294.922    -4.1    -0.1    -3.1
1296.582    -2.7    -4.2    -6.6
1298.242     7.0    -7.3    -2.7
1299.902    -2.4    -6.5     0.0
1301.562    -6.3    -8.4    -4.1
1303.223   -12.2    -6.5    -8.2
1304.883   -14.4    -3.1    -6.5
1306.543    -2.3    -4.2   -14.5
1308.203     3.7    -2.1    -0.1
1309.863    -3.7   -11.6    -7.4
1311.523    -3.0   -11.8   -12.5
1313.184    -5.9    -7.5    -8.1
1314.844   -11.1    -1.7    -4.5
1316.504    -6.1    -3.0    -9.1
1318.164    -3.0    -2.7     2.8
1319.824    -3.3   -12.3    -2.1
1321.484     2.7   -14.9    -4.0
1323.145     0.8   -10.0    -4.0
1324.805   -16.7    -7.7   -16.3
1326.465   -17.6   -11.4   -22.4
1328.125    -3.7    -7.5     7.9
1329.785     0.6    -8.1     5.4
1331.445     0.1    -8.3   -12.7
1333.105    -5.1    -6.6     2.3
1334.766    -4.6    -5.5     5.2
1336.426   -14.3    -6.8   -19.7
1338.086    -7.9    -5.3   -13.8
1339.746    -1.3    -3.6     5.1
1341.406     2.0    -8.9   -10.6
1343.066    -0.4   -17.1    -4.5
1344.727    -5.8    -1.1     4.6
1346.387   -13.7    -3.4    -7.2
1348.047    -6.6    -9.9   -15.3
1349.707     0.1    -9.7    -3.6
1351.367    -6.1    -5.9    -6.9
1353.027    -2.6   -18.0   -14.1
1354.688    -2.9    -6.7    -3.4
1356.348   -10.7    -3.2   -12.9
1358.008    -6.2   -10.3   -14.2
1359.668     6.0     1.9     3.0
1361.328    -2.5     6.1     5.1
1362.988    -4.8   -17.4   -11.5
1364.648    -5.6   -21.4   -12.4
1366.309   -15.4    -1.1    -5.5
1367.969   -12.8    -1.5    -5.9
1369.629     7.0    -0.5    -2.4
1371.289    12.3     5.6     1.9
1372.949    -4.3   -12.6   -12.0
1374.609   -11.5   -19.3   -14.7
1376.270   -17.2   -16.2    -9.7
1377.930   -12.6   -14.9   -14.5
1379.590    -1.2     1.8    -8.3
1381.250     9.0    18.3    10.7
1382.910    -0.6   -18.4   -20.1
1384.570   -23.9   -13.6    -4.3
1386.230   -25.5   -15.5    -4.2
1387.891   -15.5   -21.2   -16.4
1389.551    11.9    14.9     5.8
1391.211     6.6    13.5    10.6
1392.871     2.6    -8.4   -22.6
1394.531   -18.6   -20.4   -12.1
1396.191   -24.8   -18.6     0.7
1397.852   -12.6   -14.8   -20.8
1399.512    18.9    14.4     7.9
1401.172    15.4    22.2    16.4
1402.832   -12.6    -8.6   -20.8
1404.492   -20.1   -37.1   -19.5
1406.152   -24.6   -30.7    -6.6
1407.812   -11.1    -7.8   -10.9
1409.473    18.4     7.0     4.3
1411.133    18.3    12.6     7.3
1412.793    -8.9     2.9   -16.6
1414.453   -22.0   -30.6   -11.9
1416.113   -20.4   -38.6   -13.7
1417.773    -8.2    -3.5   -12.0
1419.434     8.5    11.1     1.8
1421.094    14.0     8.6     5.9
1422.754    11.1    11.5    -0.9
1424.414   -27.2   -28.8   -12.8
1426.074   -27.4   -34.3   -10.7
1427.734   -11.6   -15.0    -7.0
1429.395    11.2     9.8     3.3
1431.055     8.5    21.7     5.5
1432.715    -4.1     1.9   -10.1
1434.375   -16.7   -30.1   -24.6
1436.035   -21.2   -29.7   -16.6
1437.695   -11.4    -6.1     2.8
1439.355    14.4     5.5    -4.7
1441.016     2.5    19.6     3.2
1442.676    -4.1    18.5     4.2
1444.336   -13.3   -16.0   -18.4
1445.996   -14.7   -32.0   -22.6
1447.656   -13.6   -11.1    -0.7
1449.316     3.9    -0.6     2.3
1450.977    12.3     3.6    -5.6
1452.637   -13.6    -3.7    -8.0
1454.297   -21.2   -14.9   -17.7
1455.957   -16.3   -19.4   -22.2
1457.617    -2.2   -11.8    -2.8
1459.277    -3.2     2.4     1.1
1460.938     1.0     3.4    -0.8
1462.598    -8.6   -12.2   -15.1
1464.258   -17.3   -14.4   -16.3
1465.918    -8.0   -10.7    -5.3
1467.578    -6.4   -10.8    -4.8
1469.238     3.6    -0.7    -7.1
1470.898    -7.7     3.8     7.8
1472.559   -11.0   -10.4    -6.1
1474.219   -10.1   -19.8   -26.7
1475.879    -1.1     1.2    11.0
1477.539     2.2     1.1    -2.8
1479.199    -2.7    -1.6    -6.6
1480.859    -7.0    -2.2     8.0
1482.520   -11.9   -14.2    -4.9
1484.180   -14.1   -18.0   -19.9
1485.840     1.1   -12.3    -6.3
1487.500     1.1    12.3     0.4
1489.160    -5.3   -10.0    -7.1
1490.820    -5.9   -15.9     5.1
1492.480   -13.8   -20.4   -21.3
1494.141   -11.6   -19.1   -19.5
1495.801    -0.2    -4.6     0.0
1497.461     0.6     2.5     5.6
1499.121    -6.1    10.1   -16.0
1500.781    -6.9   -15.1    -5.3
1502.441    -1.2   -13.0    10.4
1504.102    -9.0    -8.8   -17.6
1505.762   -10.4   -10.8   -13.5
1507.422    -7.2    -4.6    -3.6
1509.082    -6.7     0.9   -17.4
1510.742    -6.6   -17.8   -10.0
1512.402    -6.8   -11.3     8.8
1514.062    -3.0    -8.9   -12.5
1515.723     4.3    -4.3    -8.6
1517.383    -3.2     2.4     3.0
1519.043   -19.4    -7.1   -17.5
1520.703    -4.9   -20.5   -11.5
1522.363     4.1    -0.5     8.0
1524.023     5.8     0.7    -1.6
1525.684    -0.4    -5.2   -12.5
1527.344   -15.6    -3.9    -3.4
1529.004   -18.1   -13.4   -13.1
1530.664     0.0   -13.2    -7.8
1532.324     7.4     9.1     8.8
1533.984     3.9     4.1    -2.1
1535.645    -3.1    -8.7   -14.9
1537.305   -15.6    -9.2    -8.9
1538.965   -21.2   -26.1   -17.0
1540.625    -8.5   -24.7   -15.2
1542.285    13.5     1.4     8.1
1543.945    10.5    12.8     1.9
1545.605   -17.8    -8.4   -13.0
1547.266   -16.7    -8.4   -12.4
1548.926   -25.3   -15.6    -9.6
1550.586   -18.0   -33.9   -14.5
1552.246    14.2    10.3    15.2
1553.906    14.1    19.2     3.3
1555.566    -9.7    -3.0   -13.2
1557.227   -21.6   -11.7    -5.7
1558.887   -26.7   -26.0    -7.7
1560.547   -17.5   -36.1   -17.6
1562.207     6.0    -5.9     3.6
1563.867    17.3    22.3     7.4
1565.527     5.6     6.1   -18.4
1567.188   -26.4   -12.7    -8.8
1568.848   -29.1   -25.5    -8.7
1570.508    -9.2   -24.9   -11.9
1572.168    12.5     1.5    10.7
1573.828    11.2    17.5    -3.7
1575.488    -4.5    13.2   -12.0
1577.148   -18.3    -7.9   -12.1
1578.809   -21.7   -35.5   -18.7
1580.469   -11.2   -15.9   -10.1
1582.129    18.4    10.4    18.7
1583.789    22.3    12.9    12.3
1585.449   -18.3    -9.0   -14.5
1587.109   -27.1   -15.3    -8.2
1588.770   -26.0   -26.7   -18.3
1590.430    13.0     1.7     0.7
1592.090    22.1    20.4    18.5
1593.750     4.2    12.2    -0.8
1595.410    -7.2    -9.1   -23.6
1597.070   -35.6   -32.0   -14.3
1598.730   -32.6   -23.6   -12.2
1600.391    -4.7    -5.0   -17.8
1602.051    22.5    23.0    12.0
1603.711    16.3    28.0    12.2
1605.371   -13.7   -18.3   -13.1
1607.031   -36.3   -43.4   -22.2
1608.691   -35.4   -43.0   -23.2
1610.352    -3.1     4.3   -11.0
1612.012    30.2    29.0     3.9
1613.672    -0.3    12.0     7.5
1615.332    -9.0    -6.0    -2.8
1616.992   -24.7   -44.7   -22.7
1618.652   -23.3   -21.1   -14.2
1620.312   -20.2    -8.9    -5.6
1621.973    10.2    21.4    -8.7
1623.633    17.1    22.8     8.2
1625.293    -8.1   -23.7   -16.1
1626.953   -22.0   -42.9   -11.1
1628.613   -24.9   -40.8   -15.3
1630.273   -15.4   -11.6   -12.4
1631.934     5.7    40.2     2.0
1633.594    10.5    35.2    10.9
1635.254     5.9    -9.9   -14.2
1636.914   -12.1   -31.0    -1.5
1638.574   -21.7   -30.3     0.3
1640.234    -8.9   -15.7   -32.6
1641.895    -5.6    10.3   -22.9
1643.555     3.6    33.9    15.5
1645.215     7.9     8.5    -1.3
1646.875     5.2   -29.5   -29.2
1648.535    -3.3   -32.2    -9.7
1650.195   -20.6   -20.6     3.5
1651.855    -5.7    -0.6   -19.7
1653.516     1.5    20.3     5.8
1655.176     0.3    20.1     6.0
1656.836    -1.8    -3.0   -14.3
1658.496    -1.2   -29.6     7.6
1660.156   -13.2   -14.4   -11.9
1661.816   -16.8    -5.9   -14.5
1663.477    -1.5     1.0   -12.4
1665.137     2.2    15.4    -5.2
1666.797    -4.5     6.8   -11.5
1668.457    -7.4   -25.5    -5.0
1670.117    -6.1   -22.0    -2.2
1671.777    -7.7   -14.0   -11.0
1673.438    -6.7    -1.2    -6.3
1675.098     0.4     9.0    -4.6
1676.758    -1.1     6.2   -10.3
1678.418    -7.7   -16.1    -5.9
1680.078   -10.1   -16.8    -2.4
1681.738    -8.5   -13.1   -11.0
1683.398    -2.1   -13.1   -16.5
1685.059     0.4    10.2     7.7
1686.719     1.1    11.4     2.8
1688.379    -3.1   -13.3   -23.6
1690.039   -21.3   -16.6    -8.1
1691.699   -16.7   -11.9     4.4
1693.359     4.8   -15.6    -7.4
1695.020    12.8    16.7    11.3
1696.680     7.4    23.6    10.6
1698.340     0.1    10.0    -4.0

Event #53  ts=2026-09-11 12:11:04.613  [SELECTED]
  t[ns]  u1[mV]  u2[mV]  u3[mV]
  0.000   -28.0    -4.7   -19.3
  1.660    -1.9    -4.8    -6.7
  3.320    -5.9   -10.8     4.3
  4.980    -8.7   -18.9    -6.2
  6.641    -2.0    -3.4    -3.8
  8.301    -6.2    15.9     0.8
  9.961    -8.6    10.3   -16.6
 11.621    -3.4    -8.7   -10.7
 13.281   -11.5   -22.4    -2.8
 14.941    -1.6   -15.4    -4.0
 16.602     8.3   -13.3    -5.9
 18.262     6.4    15.7    -2.7
 19.922    -1.3    18.9    -4.7
 21.582   -13.9    -7.5   -11.8
 23.242   -13.5   -20.4    -5.4
 24.902   -12.4   -24.1    -6.9
 26.562     2.6   -20.6    -6.0
 28.223    12.1    15.9     1.4
 29.883     0.2    25.8    -9.4
 31.543   -16.6   -18.3   -14.4
 33.203   -11.2   -27.1    -9.9
 34.863   -17.2   -29.5   -11.0
 36.523     4.3   -10.9     5.0
 38.184     3.6    21.6    -3.9
 39.844    -4.4    13.7   -18.0
 41.504    -9.6     4.6   -14.7
 43.164   -17.8   -13.6    -1.6
 44.824   -10.6   -36.9   -10.6
 46.484    -4.2   -29.1    -9.5
 48.145     3.7    23.4     9.9
 49.805    -1.7     6.3   -20.1
 51.465    -8.1    -3.8   -21.0
 53.125   -12.0   -13.9     2.3
 54.785   -14.3   -32.5   -14.0
 56.445    -4.6   -31.0   -13.4
 58.105     2.9    17.5     9.2
 59.766    -4.3    22.0     3.8
 61.426   -12.3    -4.7   -17.8
 63.086    -6.8   -15.3    -7.5
 64.746    -8.6   -22.1    -6.5
 66.406    -2.2   -13.9    -6.2
 68.066    -2.0    -1.3     2.2
 69.727    -7.7     4.2   -20.9
 71.387    -9.7    -3.8   -12.4
 73.047    -9.2    -3.7   -11.3
 74.707    -8.5   -11.9     2.0
 76.367     1.8   -18.2   -13.7
 78.027    -5.1    -4.0     0.1
 79.688    -3.8     9.7     2.2
 81.348    -9.0    -7.0   -20.5
 83.008    -1.9    -6.7     8.4
 84.668    -5.5   -13.1   -11.6
 86.328    -5.6   -12.6   -10.8
 87.988    -9.0   -11.0   -10.7
 89.648   -16.2    -2.6     0.2
 91.309    -9.2    -6.3   -10.8
 92.969    -4.3   -10.7   -13.0
 94.629     1.9     0.8     9.6
 96.289     1.3    -1.6    -6.4
 97.949   -10.5    -9.7   -12.4
 99.609   -10.0    -8.8   -11.6
101.270   -10.7   -12.0    -6.0
102.930     6.0    -9.3   -10.5
104.590     3.8     7.9     6.1
106.250    -7.7     5.7    -8.8
107.910   -11.9   -13.5   -17.9
109.570   -14.1   -16.3    -8.1
111.230   -17.9    -7.6    -0.8
112.891    13.7    -9.1     0.4
114.551    14.7    -3.9    -1.0
116.211    -6.6    10.4    -9.9
117.871   -29.8   -13.2    -5.8
119.531   -17.1   -25.3    -6.4
121.191    -4.8   -20.5    -7.6
122.852     8.6    -8.1     1.0
124.512     5.3    10.9    10.8
126.172    -2.1     9.4    -6.6
127.832   -19.2    -5.2   -23.4
129.492   -22.4   -15.0    -9.6
131.152    -8.9   -15.7     1.9
132.812    15.3   -16.5     6.3
134.473    17.9     0.0     0.2
136.133    -9.8    17.9   -10.9
137.793   -25.9   -14.6   -21.1
139.453   -24.2   -22.8   -18.0
141.113    -4.4   -13.6     5.3
142.773     7.6   -19.0     3.5
144.434     6.4    12.8    -3.1
146.094   -11.5     4.9   -16.6
147.754   -28.4    -4.3   -23.5
149.414   -25.7   -15.6   -11.5
151.074     0.0   -13.0    -0.2
152.734     6.8   -15.0     8.7
154.395     3.4     5.2     2.0
156.055   -14.0     0.8   -21.2
157.715   -26.2   -10.7   -33.8
159.375   -22.6    -8.2    -5.6
161.035    12.8   -13.3    -0.3
162.695    16.7   -10.6    -5.6
164.355    -6.8     2.9    -0.6
166.016    -7.7     1.7    -3.2
167.676   -28.2   -15.4   -32.8
169.336   -14.7    -3.4     5.3
170.996    -4.6     0.6    14.0
172.656    16.8    -5.8    -9.8
174.316     7.0     1.0    14.0
175.977   -31.0   -18.2   -20.1
177.637   -30.2   -21.9   -31.8
179.297     0.4     1.8     4.8
180.957     2.8     3.2     5.4
182.617     4.8    -4.4     9.3
184.277     1.0   -12.0     6.3
185.938   -33.1   -21.7   -31.3
187.598   -31.9   -21.8   -27.7
189.258     4.9    -4.4     5.5
190.918    16.2    18.7     0.0
192.578     4.2     7.0     4.0
194.238    -8.4   -13.2     0.3
195.898   -26.4   -24.3   -21.5
197.559   -18.8   -20.5   -11.0
199.219    -9.1   -14.8    -3.6
200.879    17.8    18.0    -4.0
202.539     5.8    10.1    -5.4
204.199    -7.7    -2.6    -1.0
205.859   -25.6   -18.5   -12.9
207.520   -17.2   -32.4   -23.4
209.180    -4.6    -1.5     5.3
210.840     6.4    23.8    10.9
212.500    15.5     7.9   -10.4
214.160   -18.0   -11.7    -8.3
215.820   -36.6   -37.0   -19.5
217.480   -39.3   -32.8    -3.2
219.141   -34.8   -37.5   -10.5
220.801   -96.0   -77.3   -29.7
222.461  -110.4  -121.7   -33.6
224.121  -130.4  -126.8   -21.5
225.781  -137.8  -128.9   -25.7
227.441   -87.2  -109.4   -31.6
229.102   -50.7   -77.3   -10.5
230.762   -30.9   -33.2   -20.6
232.422   -43.6   -37.2   -25.5
234.082   -50.2   -52.2   -20.6
235.742   -40.2   -49.6   -22.4
237.402    -1.0   -15.0     8.8
239.062     1.7    -3.1    16.6
240.723    -7.7    -8.2   -14.8
242.383   -16.4   -10.9   -15.1
244.043   -29.0   -20.3   -11.6
245.703   -24.3   -24.3   -19.6
247.363    -7.8   -16.3    -3.6
249.023     6.1     7.0     6.7
250.684     0.3     3.6    -8.3
252.344   -18.2   -12.5    -9.2
254.004   -18.6   -11.2    -5.9
255.664   -20.4   -21.0   -19.9
257.324    -3.0   -18.4    -6.0
258.984     2.2     3.5    13.1
260.645     7.0     0.4    -8.1
262.305    -6.8    -9.8   -13.2
263.965   -27.2    -5.4    -5.5
265.625   -30.9   -11.3   -11.0
267.285    -5.4   -27.5   -12.7
268.945     1.8    19.9     5.6
270.605     0.4    19.9     7.7
272.266    -6.8    -8.6   -12.0
273.926   -11.2    -9.5   -12.8
275.586   -27.7   -22.3   -17.6
277.246    -5.6   -25.1     0.4
278.906     3.5    -2.1     2.9
280.566    -5.8    20.0    -4.5
282.227    -2.7     6.6    -4.8
283.887    -8.3   -14.5   -12.0
285.547   -17.6   -30.1   -16.5
287.207   -21.0   -23.4    -5.4
288.867   -13.4   -16.5     1.9
290.527     1.6     7.5   -15.0
292.188    -1.1    15.9    -3.5
293.848    -4.6     3.3     0.3
295.508   -15.9   -30.1   -13.8
297.168   -13.4   -37.2   -11.1
298.828   -13.0    -8.4    -7.8
300.488   -10.7     0.8   -10.6
302.148     0.0    17.5     0.9
303.809    -0.8    16.1     3.5
305.469   -10.7   -32.2   -11.8
307.129   -12.7   -30.8    -3.1
308.789   -14.0     7.5    -4.9
310.449    -7.8    11.7    -8.1
312.109    -1.4    10.3    -5.4
313.770    -0.4    -3.7    -0.4
315.430     0.5   -26.8    -2.0
317.090    -9.5   -24.5    -4.5
318.750   -15.2    -4.5   -11.0
320.410   -18.8     7.6   -20.0
322.070    -9.4    16.4   -11.7
323.730     3.9    -2.7     1.6
325.391     5.6   -28.3   -10.5
327.051    -1.3   -27.8     1.4
328.711   -14.1   -12.3     4.9
330.371   -22.4    -2.6   -24.2
332.031   -10.6    14.7    -4.7
333.691    -5.0    -4.3    -0.1
335.352     7.8   -13.3    -5.7
337.012    -0.2   -11.2     6.3
338.672    -9.9    -8.7    14.1
340.332   -16.2   -11.1   -21.5
341.992   -15.7    -1.3   -16.9
343.652    -6.4    -3.6    -1.2
345.312     8.2   -17.3    -9.6
346.973     5.4   -10.1     3.9
348.633    -3.8    -3.5     3.6
350.293   -19.8   -12.3   -12.7
351.953    -9.7    -7.4    -6.0
353.613    -6.1    -3.7    -8.9
355.273     2.4    -7.6   -11.7
356.934    -3.6   -15.2    -4.9
358.594    -7.9    -6.2    -1.6
360.254   -17.1    -6.4    -1.5
361.914   -11.2    -8.9    -0.8
363.574     3.4    -5.7   -16.3
365.234    -4.3    -2.0    -6.2
366.895    -5.2    -3.1    -8.8
368.555    -7.9    -6.1    -9.0
370.215    -2.3   -10.9     4.5
371.875    -3.1   -11.7     5.2
373.535    -3.4    -3.0    -3.8
375.195    -0.5    -2.8   -13.7
376.855   -15.9     0.2   -15.9
378.516   -23.3     2.3    -1.8
380.176     6.2   -21.7    -5.2
381.836    12.6   -12.3    -0.9
383.496     7.8     3.3    12.0
385.156   -18.6    -4.9   -20.4
386.816   -26.0    -6.7    -1.5
388.477   -20.5    -8.0    -2.0
390.137    -4.0   -14.2    -1.2
391.797    12.5     0.0     7.8
393.457     3.3     6.9    -0.1
395.117   -25.8    -2.2   -27.6
396.777   -32.9    -5.1   -22.1
398.438   -26.6   -20.9   -13.8
400.098     3.3   -10.1     7.8
401.758    22.6     6.0    18.4
403.418     2.6    -0.2    -8.5
405.078   -26.7    -3.6   -21.5
406.738   -41.0   -15.6   -22.2
408.398   -25.3   -21.2   -28.2
410.059     8.9    -6.2    14.5
411.719    22.6     4.0    28.0
413.379    20.9     4.5    -6.0
415.039   -17.3    -4.4   -20.9
416.699   -41.6   -14.4   -10.8
418.359   -14.4   -20.6   -16.0
420.020     8.0    -7.9    -1.7
421.680    20.8    12.6    14.0
423.340    -2.4    -6.7   -15.3
425.000   -20.8   -17.1   -13.1
426.660   -32.9   -19.8   -17.2
428.320   -33.6   -16.2   -26.0
429.980     6.5   -10.8     8.1
431.641    19.1    12.2     8.3
433.301    12.8    15.0     5.5
434.961   -19.1   -25.3   -15.1
436.621   -23.3   -14.6   -20.1
438.281   -23.2   -13.0   -19.5
439.941     8.7    -1.2     6.4
441.602    14.1    11.3     2.5
443.262     2.0     1.6    -7.8
444.922   -15.5    -9.9    -9.0
446.582   -14.6   -13.3   -19.2
448.242    -3.3    -7.5    -4.9
449.902     5.9     2.0    12.4
451.562     0.7     1.0   -10.9
453.223    -2.9    -4.8   -15.0
454.883   -17.5    -8.7    -0.2
456.543    -2.2   -11.6   -13.5
458.203     2.2   -11.0   -14.8
459.863     1.0    15.5    11.6
461.523   -11.1     3.2    -4.6
463.184   -13.8   -23.0   -16.3
464.844   -17.4   -11.3    -0.7
466.504    -5.2    -6.9    -4.6
468.164    11.0    -7.0    -9.7
469.824     7.7     3.2     4.4
471.484   -11.4    10.5     2.5
473.145   -24.7   -17.0   -23.8
474.805   -10.1   -16.6    -0.9
476.465    -1.3    -0.7     9.6
478.125     2.7    -1.5    -7.3
479.785     0.8     3.7    -1.3
481.445   -20.7   -16.3   -24.1
483.105   -22.7   -19.4   -27.0
484.766    -5.7   -15.0    -0.8
486.426     7.9    -2.3     1.7
488.086     3.2     8.6     2.4
489.746    -2.4     6.9     6.0
491.406   -19.8   -17.6   -25.8
493.066   -18.0   -16.8   -20.7
494.727    -4.5    -4.4     4.7
496.387     4.6    -0.4     2.0
498.047     4.0     0.1     4.4
499.707    -7.2     3.1     4.5
501.367   -19.9   -16.7   -18.0
503.027   -12.2   -11.1    -8.5
504.688    -3.4     4.7     5.1
506.348     9.4    -5.0    -9.1
508.008     4.3    -2.1     1.1
509.668   -15.6    -1.5    -5.3
511.328   -22.0   -14.3   -19.4
512.988   -11.7   -19.7   -23.6
514.648    -1.9     3.1     3.1
516.309    -2.6     0.8    -2.6
517.969     3.5    -5.1    -3.7
519.629   -16.5    -6.2    -5.1
521.289   -18.4   -10.9   -10.6
522.949    -9.0   -12.2    -5.1
524.609    -4.1    -2.8    -4.8
526.270    -0.7    -0.9    -5.0
527.930     3.4    -0.9    -0.7
529.590    -9.7    -5.4   -12.0
531.250   -10.7   -10.5    -6.4
532.910   -12.6   -17.4    -7.0
534.570    -2.9    -3.1   -12.0
536.230     5.3     6.6     1.2
537.891     1.6     9.5    -2.6
539.551    -2.2     0.8    -9.1
541.211    -4.8   -15.4    -7.5
542.871   -14.2   -16.8    -3.1
544.531   -17.4   -14.0    -8.2
546.191    -2.7    -3.5    -3.6
547.852     8.6    14.6    -3.2
549.512    -2.0     6.5    -2.2
551.172    -6.1   -18.8    -9.3
552.832   -23.1   -21.2    -9.1
554.492   -18.8   -12.9    -9.5
556.152    -9.6   -10.6   -12.3
557.812     9.3    17.5     1.3
559.473     4.8    14.0    -0.9
561.133    -6.8   -18.2   -11.2
562.793   -16.6   -28.7   -14.8
564.453   -15.9   -27.9   -14.4
566.113   -13.3    -4.9   -12.5
567.773     7.6    23.0     7.4
569.434     5.6    -9.3   -18.0
571.094   -10.0   -19.1   -13.5
572.754   -26.0   -25.6     1.0
574.414   -17.4   -28.3   -16.8
576.074    -3.5    -2.5   -14.6
577.734     7.3    26.1    12.0
579.395     4.9     1.5   -11.8
581.055    -7.7   -13.0   -12.0
582.715   -21.7   -30.0    -0.2
584.375   -19.1   -26.0   -15.6
586.035    -2.1     1.3   -12.2
587.695     9.0    24.6     9.4
589.355    -4.9     4.2   -14.9
591.016   -20.0   -31.7   -12.7
592.676   -20.1   -40.4    -5.3
594.336   -14.0   -16.2   -12.1
595.996    13.1    18.4     5.3
597.656    10.2    22.4    12.3
599.316   -12.5    -0.7   -17.5
600.977   -22.1   -33.7   -12.8
602.637   -25.2   -40.5    -4.9
604.297   -10.5   -17.1   -12.8
605.957    14.2    23.3     4.6
607.617    13.9    24.3    13.5
609.277   -25.9   -32.9   -17.5
610.938   -25.3   -40.0   -14.1
612.598   -27.4   -37.3    -5.3
614.258     3.1    -5.4     0.9
615.918    13.5    31.6    13.6
617.578    10.0    32.3     8.8
619.238    -8.8    -8.5   -17.4
620.898   -25.9   -48.8   -24.4
622.559   -18.1   -23.7     3.2
624.219    -8.0   -12.7     0.1
625.879    18.8    12.7    -1.6
627.539    13.3    33.0     5.1
629.199   -15.1   -10.5   -14.2
630.859   -25.7   -51.2   -26.4
632.520   -25.4   -35.5    -7.4
634.180    -6.4    -4.3     1.8
635.840    16.3    19.3    -1.7
637.500     7.4    22.8     0.8
639.160   -14.4    -4.5    -9.5
640.820   -23.6   -46.6   -19.2
642.480   -14.5   -32.7    -8.5
644.141    -0.7     4.2    -2.5
645.801    10.0    28.9     0.7
647.461     8.7    21.0    -2.6
649.121   -22.3   -22.9   -20.2
650.781   -30.1   -40.1   -11.4
652.441    -6.2   -23.7    -6.7
654.102     9.1    12.8    -5.8
655.762     6.0    28.6     7.5
657.422    -1.0     6.5    -9.5
659.082   -10.1   -18.8   -16.2
660.742   -15.9   -31.8     2.4
662.402   -14.3   -24.9    -3.3
664.062     0.5     8.3    -8.8
665.723    -2.9    22.9     3.4
667.383    -8.2     7.3    -8.0
669.043    -4.3   -28.5   -14.3
670.703    -9.4   -21.7     0.1
672.363   -11.7    -1.2    -8.5
674.023    -5.3    -0.5    -6.9
675.684     1.3     7.6    -7.0
677.344   -12.0    -6.5    -6.1
679.004    -9.3   -14.2    -7.1
680.664    -9.1   -11.5    -5.8
682.324    -6.3    -1.3    -2.9
683.984    -3.4     2.4     1.7
685.645    -2.6     5.6   -14.2
687.305   -12.1    -4.2   -10.7
688.965    -9.0   -20.7    -1.2
690.625     0.6   -16.6    -4.7
692.285    -9.1    -3.0    -9.5
693.945    -7.0     4.5    -1.1
695.605    -7.8     9.4     3.3
697.266     0.4   -13.4   -20.6
698.926     2.3   -18.5   -14.7
700.586    -7.7    -4.7     4.6
702.246    -4.3    -9.8   -15.8
703.906    -1.2    -0.6    -7.7
705.566    -4.4    10.6     2.3
707.227    -5.0   -13.5   -12.6
708.887    -3.7   -25.8   -16.6
710.547   -12.5    -7.7    -3.5
712.207   -18.6    -9.7   -11.3
713.867     4.2     4.0    -0.5
715.527     2.7    10.7     4.2
717.188    -8.2   -10.3   -11.4
718.848    -8.1   -20.6   -10.8
720.508   -11.2   -11.7    -2.6
722.168   -20.4   -19.0   -22.5
723.828    -4.2    -2.9    -3.7
725.488    12.0    18.0     9.0
727.148     4.7     5.2    -2.1
728.809   -11.0   -20.8    -4.5
730.469   -22.2   -22.9   -12.0
732.129   -22.2   -17.4   -25.3
733.789     6.6    11.2     9.8
735.449    16.5    15.9    14.0
737.109     5.7     2.1   -13.6
738.770   -10.9    -7.5   -12.0
740.430   -28.4   -35.6   -18.1
742.090   -20.1   -33.2   -24.7
743.750    -4.2    -8.7   -13.2
745.410    14.0    17.1    -1.6
747.070     5.5    -2.4   -12.1
748.730     1.7    -9.1   -12.5
750.391   -33.3   -32.0   -15.7
752.051   -13.9   -28.4   -24.2
753.711    13.5    11.8     6.9
755.371    12.5    28.6    13.7
757.031     6.0    20.3    -8.3
758.691     0.0     8.3   -12.2
760.352   -34.5   -38.2   -20.7
762.012   -33.1   -36.4   -18.8
763.672     0.4    -8.6    -3.4
765.332    17.6    29.5    -0.7
766.992     7.8    27.1    -8.4
768.652   -20.4   -12.8   -13.8
770.312   -25.8   -39.7    -7.8
771.973   -24.2   -43.0   -12.1
773.633    -3.0   -18.7     0.3
775.293    18.6    18.9     1.2
776.953    -0.5    22.4   -12.5
778.613   -27.2   -18.0   -13.8
780.273   -28.3   -32.4   -12.7
781.934    -7.9   -30.3     0.8
783.594    20.3    -9.6     2.4
785.254    16.8    18.2     0.6
786.914   -11.4    19.3   -10.9
788.574   -24.4    -4.5   -18.6
790.234    -8.4   -33.8     0.0
791.895    15.8   -18.8    10.9
793.555    26.0    -2.0    12.3
795.215     3.5    29.7    -3.8
796.875   -16.1    14.5   -16.9
798.535   -30.4   -31.1   -15.7
800.195   -21.6   -35.0    -4.4
801.855    -4.8   -32.6     3.7
803.516    25.6    22.2    11.7
805.176    11.9    27.3     0.2
806.836   -24.0    -6.5   -25.4
808.496   -34.0   -23.2   -18.2
810.156   -28.8   -39.0   -14.8
811.816    13.6    -9.6     1.7
813.477    16.2     0.3     3.9
815.137    15.9    22.4     9.2
816.797   -18.3    -9.1   -29.3
818.457   -38.8   -24.4   -15.2
820.117   -40.3   -32.3    -5.8
821.777    18.4    -3.4    -6.6
823.438    24.9    22.6    13.4
825.098     8.6    21.4     4.8
826.758   -14.7   -14.0   -25.9
828.418   -28.7   -33.7   -11.6
830.078   -21.9   -33.6   -10.4
831.738    -0.2    -8.8   -10.5
833.398    17.0    18.9     9.9
835.059    -2.6    20.6    -0.8
836.719   -17.2   -23.0   -19.7
838.379   -23.3   -36.8    -8.6
840.039   -17.2   -36.2    -9.8
841.699     5.6    11.1    -2.6
843.359     8.8    18.0    -0.6
845.020     7.3    17.5    -0.4
846.680   -17.2    -5.0   -11.0
848.340   -16.0   -44.8    -9.0
850.000   -14.2   -39.8    -7.9
851.660    -3.5    -6.8   -15.8
853.320     6.0    22.2     2.0
854.980     0.2    17.0    -6.9
856.641    -9.8   -26.1    -9.9
858.301   -13.1   -29.5    -0.8
859.961     0.7   -10.0   -10.9
861.621    -2.4    -2.6   -11.0
863.281    -9.0    26.1    -3.7
864.941    -9.3    16.2    -9.2
866.602    -2.9   -22.3   -12.1
868.262    -7.2   -33.2     0.0
869.922    -7.7   -18.3     2.1
871.582    -1.3    -1.8   -18.0
873.242    -2.5    -2.9   -17.9
874.902    -8.5    27.1     1.6
876.562    -4.7   -15.3   -16.8
878.223    -3.3   -25.1    -0.3
879.883    -8.4   -14.6    -0.9
881.543    -9.4   -11.7    -1.8
883.203    -2.5     9.2    -7.9
884.863     4.3    19.6    -8.3
886.523   -18.4   -11.9    -9.1
888.184    -9.6   -24.7   -10.6
889.844    -7.4   -25.3     2.2
891.504    -4.9    -8.2   -14.9
893.164    -1.1     9.1    -5.2
894.824     4.4     6.8   -10.1
896.484    -5.8    -2.3   -11.5
898.145   -14.4   -22.2    -2.4
899.805    -9.0   -25.2    -8.4
901.465    -5.0   -13.2   -13.1
903.125    -0.8    11.7     7.8
904.785     2.3     8.5   -14.6
906.445    -2.9    -2.1   -21.1
908.105   -20.0   -18.8     3.1
909.766   -22.2   -24.9   -10.5
911.426     2.9    -6.6    -3.3
913.086     4.9     9.1     9.8
914.746     6.1    14.3    -0.1
916.406    -5.8    -9.7   -17.5
918.066   -21.9   -13.5    -9.2
919.727   -29.4   -14.2    -7.1
921.387    -3.1   -18.6    -4.6
923.047    13.5     1.1     4.0
924.707    12.3    14.4    -0.3
926.367   -10.2    10.8    -8.8
928.027   -15.0   -14.2   -17.4
929.688   -15.0   -18.7   -12.5
931.348    -1.7   -14.1     0.8
933.008     7.4    -2.8     7.1
934.668     9.3     5.3     3.1
936.328    -5.3     6.0    -9.9
937.988   -21.4   -13.4   -14.3
939.648   -21.3   -17.1   -19.9
941.309    -6.5   -14.4     1.9
942.969     7.8     4.9     8.7
944.629     4.5     5.8    -8.5
946.289   -14.9     0.7   -13.1
947.949   -17.5     0.2    -9.7
949.609   -17.2   -25.9   -15.5
951.270    -0.6   -19.0    -2.3
952.930    12.9    13.6     7.6
954.590    -1.5     9.7    -4.4
956.250   -13.8   -10.1    -9.8
957.910   -17.5   -13.7    -7.3
959.570    -8.5   -21.8   -12.6
961.230    -4.4   -14.0    -4.0
962.891     4.0    11.4     4.8
964.551     0.5     4.1    -7.8
966.211    -4.1    -5.2   -12.6
967.871   -15.9    -8.9    -3.4
969.531   -12.4   -16.2   -15.1
971.191     8.5    -5.0    -1.4
972.852    -6.9     9.6    -3.1
974.512   -10.3     3.5   -13.4
976.172   -11.5    -7.3   -24.1
977.832    -7.3    -9.3     3.7
979.492    -0.2   -14.5    -1.9
981.152     0.4    -5.5    -5.7
982.812    -8.3     8.5    -1.7
984.473    -8.0    -5.5   -20.3
986.133   -10.0    -6.7    -1.7
987.793    -2.0   -11.9     5.9
989.453     0.7   -18.1    -4.4
991.113     0.6    -7.2    -9.2
992.773   -13.2     4.5     1.0
994.434   -12.7    -5.6   -21.1
996.094    -4.3    -7.3    -3.4
997.754    -2.9    -5.0     7.4
999.414     5.0    -5.6    -2.8
1001.074     4.3   -10.4     0.3
1002.734    -5.8   -11.5    -2.9
1004.395   -19.7    -1.3   -23.8
1006.055    -4.9    -1.4     0.0
1007.715     2.3   -10.1     9.1
1009.375     6.3    -6.6     0.4
1011.035    -8.6    -8.6    -2.8
1012.695   -22.2    -5.7   -13.0
1014.355   -20.8    -6.0   -17.9
1016.016   -16.2    -6.5   -15.3
1017.676     5.0     2.1    -0.6
1019.336     9.2     4.0    -0.9
1020.996    -6.3   -18.1    -8.6
1022.656   -12.3   -17.0    -8.9
1024.316   -19.9    -5.7   -16.6
1025.977    -9.9    -3.9    -7.9
1027.637     4.1     8.7    -1.4
1029.297    10.4    -0.6     0.0
1030.957     7.2   -10.7    -4.5
1032.617   -11.1   -12.3    -3.0
1034.277   -14.9   -16.7   -19.8
1035.938   -10.1    -7.3   -14.8
1037.598    -3.2    15.7     6.5
1039.258     4.0     7.8    12.0
1040.918     8.0    -4.3     1.2
1042.578   -13.4   -12.1    -6.3
1044.238   -17.9    -9.0    -6.2
1045.898   -11.5    -9.9   -12.9
1047.559    -7.8    -8.9   -11.5
1049.219    -1.7     6.7    -2.3
1050.879     3.3    -5.0    -6.5
1052.539     2.7    -4.7    -4.6
1054.199    -4.4   -14.3    -6.1
1055.859   -10.3    -7.3   -16.1
1057.520   -13.7     1.0    -4.8
1059.180    -1.4    -2.2    -8.0
1060.840    -1.1    -8.3   -16.9
1062.500    -3.1    -2.4    -3.8
1064.160    -2.8    -2.6     6.6
1065.820    -3.0   -11.0   -14.6
1067.480    -7.5    -5.3   -13.3
1069.141   -15.2    -6.3    -5.6
1070.801    -2.8    -8.2   -15.2
1072.461     1.0    -1.9     3.1
1074.121    -4.2    -4.7   -13.6
1075.781    -3.2    -4.8   -16.6
1077.441    -3.2    -5.6     0.3
1079.102    -9.8    -5.9    -0.1
1080.762   -10.0    -5.9   -18.9
1082.422    -3.7    -8.1   -19.1
1084.082    -5.4    -2.0    -1.8
1085.742    -7.0     2.7    -8.3
1087.402    -2.8   -12.9    -1.1
1089.062     2.2   -14.1     0.7
1090.723   -11.8     1.2   -13.2
1092.383   -11.6    -7.7    -7.3
1094.043    -3.3   -14.0    -4.8
1095.703   -10.2     2.2   -10.0
1097.363   -11.5    -1.2    -2.4
1099.023    -1.0   -16.0    -0.6
1100.684    -1.2    -3.5   -14.2
1102.344   -10.9    -4.3    -3.1
1104.004    -9.8    -3.6    -4.8
1105.664    -7.1    -0.8   -13.3
1107.324    -5.5   -11.8    -1.3
1108.984    -5.3    -9.2     3.7
1110.645     1.0    -6.9    -7.9
1112.305    -1.7     3.3    -5.8
1113.965   -14.0    12.8    -1.2
1115.625   -12.7    -8.2   -14.3
1117.285    -1.7   -21.7    -5.1
1118.945     0.1     0.0    11.2
1120.605     3.8    -4.5    -8.4
1122.266     1.4    -4.9   -16.6
1123.926    -9.2     8.5    -6.8
1125.586   -18.1    -0.7    -6.4
1127.246    -0.6   -29.6   -11.1
1128.906    -0.1   -20.5    -0.2
1130.566    -2.6     1.9    -2.9
1132.227    -3.8     0.5   -13.6
1133.887     0.2     5.4    -8.7
1135.547   -14.2    -5.4   -10.8
1137.207   -17.0   -19.7   -12.1
1138.867    -0.1   -17.2     7.5
1140.527     4.4   -11.6     8.6
1142.188    -7.6     6.4   -16.0
1143.848    -4.9    11.8    -5.8
1145.508    -9.4     9.2     0.9
1147.168    -6.8   -22.8   -11.5
1148.828    -3.1   -22.7     2.3
1150.488    -3.4   -10.0     2.1
1152.148    -1.8     3.3   -20.6
1153.809   -10.2     5.2   -19.9
1155.469    -8.4     8.1     2.7
1157.129     1.8   -18.2   -10.0
1158.789    -3.2   -15.4     5.5
1160.449    -7.0   -15.7     5.9
1162.109   -10.2   -10.3   -15.4
1163.770    -8.7    -0.3   -19.4
1165.430   -13.2    10.8    -4.3
1167.090    -4.6    -2.1    -7.5
1168.750     7.2   -15.1    -5.5
1170.410   -11.2   -10.8    -1.0
1172.070   -16.7   -12.2    -7.9
1173.730   -20.0   -11.4   -21.5
1175.391   -12.9     7.9    -8.7
1177.051    -4.0     9.4    -3.6
1178.711    14.5    -9.9    -0.3
1180.371    -3.2   -16.3    -1.0
1182.031   -17.4   -14.2   -12.2
1183.691   -15.0   -11.9   -16.0
1185.352   -12.8   -11.0   -15.2
1187.012    -3.7     8.2    -8.8
1188.672     3.9     6.6     6.0
1190.332     3.2   -12.6     0.8
1191.992   -11.8   -22.9   -12.7
1193.652   -14.9    -8.7   -10.1
1195.312   -10.1     0.0   -15.3
1196.973     3.8     8.9    -6.8
1198.633     8.0     0.1     4.1
1200.293    -1.5   -10.5    -1.6
1201.953    -5.0   -18.9   -11.4
1203.613   -12.0   -18.7    -6.2
1205.273    -8.2     1.6   -10.8
1206.934    -4.2     6.1    -5.6
1208.594     3.8     2.2    -0.4
1210.254   -11.6   -12.7    -8.4
1211.914    -8.6   -10.1    -7.2
1213.574    -7.3   -24.5    -7.2
1215.234    -7.2   -22.5    -5.3
1216.895    -5.0     7.2    -5.1
1218.555    -1.0     1.6   -11.0
1220.215    -3.9    -1.7    -4.2
1221.875   -11.4   -16.2   -10.5
1223.535    -9.6   -27.2   -11.2
1225.195    -0.7   -19.3    -4.5
1226.855    -1.5     7.6    -7.5
1228.516   -11.0    -0.1   -22.5
1230.176   -13.4    -0.3    -2.2
1231.836    -8.2   -18.7    -5.3
1233.496     0.1   -19.7   -12.5
1235.156     0.1    -4.2     0.4
1236.816     1.0     3.5    -8.7
1238.477    -8.5     2.7   -18.2
1240.137   -10.7    -6.5    -2.1
1241.797   -16.8   -13.0     2.4
1243.457    -5.6   -24.0   -21.9
1245.117     0.2    -0.7    15.8
1246.777     0.0     7.2     4.9
1248.438    -3.0     3.6   -13.4
1250.098   -16.5   -17.2    -4.6
1251.758   -18.2   -22.5   -18.1
1253.418    -4.2   -17.1   -10.4
1255.078     5.2    -5.1     5.0
1256.738     0.0    15.3   -10.9
1258.398    -4.4     8.1   -14.7
1260.059    -9.7   -13.9    -5.3
1261.719   -18.5   -18.0    -8.7
1263.379    -1.2   -10.3    -2.5
1265.039    -0.9   -10.9    -2.1
1266.699     1.6    -1.7    -4.1
1268.359    -5.8    12.3    -8.6
1270.020    -3.8    -9.6    -3.6
1271.680    -2.0   -14.5   -15.0
1273.340    -6.7    -9.8    -3.6
1275.000    -8.8    -7.4    -1.0
1276.660   -10.5     0.5    -8.2
1278.320    -5.9     3.3   -14.9
1279.980    -1.5    -6.9    -5.9
1281.641    -8.0     0.6    -1.0
1283.301    -0.8   -13.4   -11.3
1284.961    -6.0   -14.2    -7.7
1286.621   -14.5     0.4    -4.7
1288.281   -16.7     2.1    -8.4
1289.941    -2.5   -13.0   -11.8
1291.602     3.0     3.7    10.5
1293.262    -1.1    -5.9    -1.2
1294.922     0.0   -20.7   -15.6
1296.582   -21.1    -4.4    -8.0
1298.242   -19.9    -3.7    -9.0
1299.902     2.6   -10.3    -8.9
1301.562     7.9    -4.7    -4.8
1303.223    -2.4    -2.7    -7.1
1304.883   -10.7    -5.9   -13.1
1306.543   -15.2   -11.1    -9.6
1308.203   -14.9   -11.8   -19.0
1309.863    -5.4     2.0    -3.7
1311.523    10.8     3.8    10.0
1313.184    16.5     1.6     5.1
1314.844   -15.3    -7.0    -8.3
1316.504   -20.1   -10.8    -8.9
1318.164   -18.7   -18.6   -14.0
1319.824    -1.6     0.4    -3.6
1321.484     0.1     7.2     5.2
1323.145     5.6     3.9    -7.1
1324.805   -10.8    -8.7    -1.4
1326.465    -9.4    -8.8    -2.6
1328.125   -18.8   -18.3   -21.5
1329.785     3.9    -0.8    -0.4
1331.445     6.2    11.3     8.6
1333.105     2.4    11.8    -2.4
1334.766    -0.7    -6.2   -12.8
1336.426   -18.7   -16.6    -7.6
1338.086   -24.9   -16.2    -9.0
1339.746    -9.0   -12.9    -7.4
1341.406     9.4     5.7     0.0
1343.066    -1.5    14.9    -7.0
1344.727   -12.5   -12.9    -7.9
1346.387   -12.5   -20.7   -12.7
1348.047   -16.1   -15.2   -14.8
1349.707    -2.8   -10.0    -0.1
1351.367     4.0    -7.1     2.7
1353.027     6.5     8.9    -9.7
1354.688   -15.8    -2.0    -8.8
1356.348   -12.8   -12.1    -7.3
1358.008   -10.9   -22.5   -13.5
1359.668    -2.9   -15.4    -5.6
1361.328     4.6     6.0     7.5
1362.988     5.2     8.9     0.6
1364.648    -1.7    -3.2   -20.0
1366.309   -13.0    -5.6   -15.5
1367.969   -18.7    -6.3    -9.5
1369.629     1.5   -25.0    -9.1
1371.289    12.2    12.0    18.8
1372.949    12.3    16.2    16.3
1374.609    -3.0     4.8   -18.7
1376.270   -19.5   -11.5   -16.9
1377.930   -22.0    -5.1    -0.7
1379.590   -14.0    -8.8    -6.3
1381.250    12.6   -18.4    -4.4
1382.910    12.1    13.2    12.3
1384.570    -6.8    -0.2    -5.2
1386.230   -23.3   -16.9   -26.4
1387.891   -19.9    -4.8   -10.6
1389.551   -14.6    -3.7    -8.7
1391.211    -1.4   -15.0    -5.3
1392.871    14.2    -3.7    17.5
1394.531    11.7     1.4    12.2
1396.191   -15.6   -12.2   -25.8
1397.852   -27.0    -6.2   -16.6
1399.512   -21.1    -2.3    -8.6
1401.172    -1.4    -5.4   -10.3
1402.832    20.1     4.0    16.2
1404.492    10.9     0.6    16.5
1406.152    -7.4   -15.4   -18.3
1407.812   -28.9   -13.4   -22.0
1409.473   -26.1     0.7    -2.7
1411.133     0.3     2.4   -14.2
1412.793    17.1     1.9    11.9
1414.453     4.4    -4.6    21.5
1416.113     2.2    -7.6     9.6
1417.773   -17.7   -22.8   -25.6
1419.434   -21.2    -8.0   -16.8
1421.094   -15.4     5.1    -6.2
1422.754    -2.1     9.2    -6.4
1424.414    13.0    -5.5     9.7
1426.074    -3.4   -10.1     6.7
1427.734    -9.7   -20.4   -14.8
1429.395   -17.1   -17.5   -24.1
1431.055   -18.0    -0.9   -14.0
1432.715   -13.9    11.2   -12.0
1434.375     1.8    12.5     1.1
1436.035     0.2   -19.6    -7.0
1437.695   -10.6   -18.9    -6.2
1439.355   -19.5   -25.1    -8.8
1441.016   -13.6    -0.8   -19.1
1442.676     1.5    19.4    -0.9
1444.336     4.1    13.9     6.7
1445.996     3.1    -4.6    -0.5
1447.656   -17.4   -21.1    -7.7
1449.316   -15.3   -26.8    -5.5
1450.977    -9.3   -12.7   -12.2
1452.637   -12.0     0.4    -9.8
1454.297     4.4    13.4    -6.7
1455.957   -10.1    -5.4    -5.8
1457.617   -19.9   -15.5    -5.9
1459.277    -9.3   -27.7    -8.1
1460.938    -4.9   -25.8    -7.4
1462.598    -4.0    10.8    -3.6
1464.258    -3.2    10.9     1.5
1465.918    -3.0     3.7    -9.1
1467.578   -12.6     0.1   -12.1
1469.238   -12.4   -19.0   -14.6
1470.898    -2.1   -22.6    -7.6
1472.559     2.0     0.8     4.2
1474.219    -0.5     2.7    -2.9
1475.879    -5.5     6.6    -9.9
1477.539   -16.5     0.0   -12.7
1479.199   -14.6   -18.2   -15.2
1480.859   -15.0   -24.7   -14.2
1482.520     5.2    -6.3    11.8
1484.180    11.9    -3.5    -8.0
1485.840   -12.7     7.8    -6.7
1487.500   -18.1   -13.0   -12.0
1489.160   -19.2   -21.6   -23.5
1490.820   -12.4   -13.0   -13.2
1492.480     4.7    -1.5    15.9
1494.141     7.8     0.0    12.2
1495.801    -2.7     5.1    -4.2
1497.461   -19.3    -3.7     0.2
1499.121   -21.4    -6.2    -8.3
1500.781   -10.3   -17.6   -27.3
1502.441    -5.4   -11.2     8.6
1504.102    -2.6    -8.2    11.1
1505.762     6.0     1.3   -10.7
1507.422    -2.6    -2.5    -1.4
1509.082   -19.8    -3.3   -11.5
1510.742   -20.4    -9.3   -18.1
1512.402   -11.8   -20.7    -7.2
1514.062     3.8     3.3    -0.1
1515.723     4.8     3.1    -0.7
1517.383     4.7     2.5     3.3
1519.043     1.0    -4.9    -4.8
1520.703   -22.6    -3.2   -10.5
1522.363   -20.1   -15.2    -9.3
1524.023   -13.7   -24.2    -9.2
1525.684    -3.4    -3.7    -9.3
1527.344     4.6     5.6     1.7
1529.004     5.7     6.7    -4.7
1530.664     0.8     0.3   -15.6
1532.324    -7.6   -15.9   -15.7
1533.984   -19.1   -19.5    -7.7
1535.645   -16.0   -13.6   -10.1
1537.305     4.3    -9.1    -7.9
1538.965     3.3    -3.3    -4.6
1540.625     8.1    21.1    -0.5
1542.285    -2.7   -19.7   -17.3
1543.945   -20.1   -28.4   -10.9
1545.605   -24.4   -16.6    -5.4
1547.266   -10.0   -14.0   -14.7
1548.926    11.7    -3.6   -17.8
1550.586    12.8    23.0     1.8
1552.246    -3.1    18.1     5.2
1553.906   -10.7   -34.0   -15.3
1555.566    -9.2   -28.9    -8.5
1557.227   -17.5   -20.0   -12.5
1558.887   -10.8    -8.4   -21.9
1560.547    10.5    23.9     0.0
1562.207     3.5    27.3    11.6
1563.867    -5.9    -4.4   -13.0
1565.527   -13.9   -25.3    -7.9
1567.188   -10.8   -13.6   -18.8
1568.848   -13.5    -2.4   -16.3
1570.508     0.4    16.6    -3.7
1572.168     1.1    15.0     3.4
1573.828    -2.0     0.8   -15.1
1575.488   -11.1   -20.8     2.5
1577.148    -9.3   -28.4    -5.1
1578.809    -7.1   -19.5   -13.9
1580.469    -5.0    17.7    -3.5
1582.129    -4.0    20.1     1.4
1583.789    -4.9     7.5   -14.9
1585.449    -4.1   -24.0    -9.4
1587.109    -6.9   -19.0     6.7
1588.770    -1.6   -11.2    -3.2
1590.430    -4.2     5.5    -8.6
1592.090   -21.3    12.0    -7.3
1593.750   -18.5    -1.6   -12.9
1595.410    -0.6   -32.7   -13.9
1597.070     3.1   -22.1     2.5
1598.730    -2.9     1.9     0.5
1600.391    -3.2     3.1    -4.8
1602.051    -7.9     9.0   -15.7
1603.711   -16.8     4.0   -17.3
1605.371   -12.8   -20.7    -8.4
1607.031     0.4   -24.4    -2.3
1608.691     1.1    -6.7    -0.4
1610.352    -1.5     5.0     5.3
1612.012    -7.8     2.0   -14.0
1613.672   -17.7   -14.7   -18.1
1615.332   -13.9   -19.9   -13.3
1616.992    -1.5   -15.7     4.9
1618.652     3.1    -8.8    -6.3
1620.312     1.1     4.4    -5.5
1621.973    -8.2     7.8     0.6
1623.633   -10.6   -14.7   -15.7
1625.293    -4.6   -18.0   -10.0
1626.953    -6.9   -16.0    -4.6
1628.613    -2.2    -6.8   -14.6
1630.273    -3.1    -6.9   -11.1
1631.934    -9.1     3.7    -1.9
1633.594    -8.5    -9.6   -11.3
1635.254    -3.0   -17.3   -16.7
1636.914     2.0   -12.3     2.1
1638.574   -11.3     4.2    -6.3
1640.234   -17.4   -10.1   -15.4
1641.895    -8.9   -10.2   -11.6
1643.555    -2.0    -5.2    -2.7
1645.215     3.9   -14.5    -7.5
1646.875     6.4   -16.2    -8.6
1648.535    -2.6     0.3     1.5
1650.195   -10.6     4.0   -12.0
1651.855   -21.2   -12.4   -19.5
1653.516    -5.2    -8.7     4.8
1655.176     8.0   -12.1    -3.2
1656.836    12.3    -6.4    -5.5
1658.496    10.2     8.9     5.8
1660.156   -24.6    -3.6   -20.9
1661.816   -30.8   -23.3   -35.6
1663.477    -3.7   -14.8    17.1
1665.137    24.4    -4.8    -0.5
1666.797    27.1    -3.6    -4.2
1668.457    -3.3    13.7     1.4
1670.117   -32.6    -9.7   -21.0
1671.777   -33.1   -17.7   -37.9
1673.438   -12.4   -14.0    11.3
1675.098    28.9     4.3    -7.8
1676.758    29.0    10.1    -3.2
1678.418   -16.0     9.7     2.3
1680.078   -25.0     1.4   -12.6
1681.738   -37.0   -27.7   -31.9
1683.398   -23.5   -30.7   -16.7
1685.059     2.2   -12.6    11.8
1686.719    25.5    11.7     1.0
1688.379    19.2    13.0    -2.9
1690.039   -23.6    -0.7   -16.9
1691.699   -34.2   -24.2   -17.0
1693.359   -33.4   -23.0   -17.5
1695.020     1.7   -16.2     5.8
1696.680    22.6    15.5     5.8
1698.340     9.7    14.5    -2.1

Event #60  ts=2026-09-11 12:11:13.018  [SELECTED]
  t[ns]  u1[mV]  u2[mV]  u3[mV]
  0.000    -8.5   -19.1   -17.9
  1.660   -18.6   -21.8   -23.0
  3.320    -7.2   -23.9    -9.8
  4.980     2.5    -0.9    11.7
  6.641    12.8     6.2   -11.9
  8.301     8.4    -3.0   -11.8
  9.961   -10.3    -0.4    -1.0
 11.621   -29.8    -9.0   -19.4
 13.281   -16.1   -14.2   -25.5
 14.941     5.9    -9.0     6.5
 16.602     6.6    -7.1    -9.7
 18.262     7.8    -6.2    -9.7
 19.922   -15.2    -3.3   -15.7
 21.582   -31.0    -4.6   -11.7
 23.242   -32.2   -20.0   -20.1
 24.902     0.5   -21.1    -4.3
 26.562    14.1     5.6    13.7
 28.223     9.5     2.7    -5.2
 29.883   -20.3    -8.8   -16.5
 31.543   -34.2   -15.9    -9.2
 33.203   -32.1   -24.3   -21.3
 34.863     7.0   -11.2    -2.2
 36.523    17.5     7.2     9.8
 38.184     5.7     9.9    -3.1
 39.844   -15.0    -1.0   -11.8
 41.504   -23.0   -23.5   -17.6
 43.164   -11.8   -22.5   -18.3
 44.824     0.0   -11.1     5.2
 46.484    12.7     4.8     6.0
 48.145     3.8    16.2    -4.3
 49.805   -10.3     0.7    -5.1
 51.465   -28.4   -30.4   -24.8
 53.125   -27.3   -28.1   -18.4
 54.785    -2.5    -2.4     8.5
 56.445    12.4     6.8    -1.2
 58.105    19.0    21.0   -12.4
 59.766   -29.2   -14.9   -12.7
 61.426   -30.2   -34.0   -17.7
 63.086   -22.8   -37.4   -19.0
 64.746     3.0     1.4    -2.5
 66.406     8.1    28.9   -10.7
 68.066     2.9    10.7    -1.0
 69.727   -15.0    -2.8     2.6
 71.387   -20.3   -16.6   -13.0
 73.047   -21.0   -27.0    -8.4
 74.707    -0.5    -0.8   -10.8
 76.367    -4.1     2.5    -8.5
 78.027    -1.0    28.6    -4.3
 79.688    -7.6    -9.3   -19.1
 81.348   -14.4   -25.0   -14.8
 83.008    -3.2   -34.1     5.7
 84.668    -4.2   -14.5     2.9
 86.328     3.0    -5.9    -4.3
 87.988     0.3    21.6   -16.4
 89.648   -15.3    14.2    -0.9
 91.309   -17.0   -32.7   -10.5
 92.969    11.7   -36.1     0.5
 94.629     8.9   -20.9    10.0
 96.289    -3.0    18.5    -7.0
 97.949   -22.4     7.9   -22.5
 99.609   -30.0    -2.3   -15.8
101.270   -15.5   -26.0    -5.8
102.930     8.5   -33.2     3.7
104.590     5.2    12.4    -1.4
106.250   -12.0    11.3   -25.4
107.910   -31.9     0.1   -20.3
109.570   -19.2    -1.0   -14.6
111.230    -4.1   -14.9    -9.2
112.891     8.2   -13.1    15.5
114.551    17.0     4.9    12.7
116.211     3.8     4.9     0.9
117.871   -21.1     2.8   -28.0
119.531   -27.1   -11.4   -17.2
121.191   -14.6   -26.1    -6.8
122.852     3.6   -18.8    13.4
124.512     8.6    -0.8    25.6
126.172   -11.2     4.6   -15.1
127.832   -15.3     3.0   -21.9
129.492   -35.4   -13.8    -9.0
131.152    -3.8   -17.0   -18.2
132.812     7.3    -6.7     8.2
134.473    23.4     1.7     7.4
136.133   -18.1    -1.4   -17.9
137.793   -17.1    -5.4   -19.0
139.453   -21.3   -12.6    -0.8
141.113     4.5   -12.3   -17.6
142.773     5.6    -7.3     1.0
144.434    -7.3    -0.1    12.3
146.094   -20.1    -3.2   -11.7
147.754   -10.3   -10.8   -17.1
149.414    -8.3    -5.1     1.1
151.074    -2.0    -8.9   -11.3
152.734     7.6    -9.2   -11.6
154.395    -6.2    -3.2    -1.6
156.055   -12.2    -8.1   -19.5
157.715     3.0    -1.6     2.1
159.375     3.8    -3.5    -0.1
161.035    -0.5   -10.4   -11.0
162.695    -8.3    -5.9     5.6
164.355    -7.0    -6.2    -1.9
166.016   -20.6    -3.9   -28.7
167.676    -2.1    -7.3    -1.3
169.336    10.6     5.6    15.0
170.996    16.8   -10.9   -17.5
172.656   -17.5    -4.4    -4.5
174.316   -30.5    -8.3   -19.2
175.977   -15.9   -17.9   -27.0
177.637     7.8     0.0     4.0
179.297     7.1    12.0    20.5
180.957     3.9    -6.9    -2.6
182.617    -4.3   -23.5   -19.2
184.277   -24.4   -11.7   -16.7
185.938   -14.4    -3.8   -17.7
187.598   -15.2    -4.0   -18.5
189.258     7.1    -2.7     3.7
190.918     6.3     1.2    14.0
192.578    -6.6   -21.2   -15.7
194.238   -22.7   -13.8   -19.9
195.898   -23.9   -13.2   -19.0
197.559   -10.9     4.6    -1.9
199.219     7.1     8.1     2.7
200.879     1.6   -11.9     1.7
202.539    -0.2   -12.1    -5.8
204.199   -22.3   -14.6   -11.1
205.859   -17.3   -10.1   -18.3
207.520    -8.7     4.8    -4.0
209.180   -36.4   -36.9     6.5
210.840  -103.3  -159.5   -10.6
212.500  -163.8  -234.4   -11.8
214.160  -188.9  -224.3    -3.7
215.820  -194.6  -195.5   -13.7
217.480  -124.5  -123.8    -5.8
219.141   -97.3  -110.3    -3.7
220.801   -78.7  -106.1    -7.8
222.461   -59.5   -82.6    -3.1
224.121   -47.6   -50.4    -2.9
225.781   -32.4   -24.0   -13.6
227.441   -25.7   -25.6    -6.0
229.102   -28.2   -28.7    -7.2
230.762   -29.6   -29.6    -7.9
232.422   -16.0   -37.7     1.7
234.082    -9.4   -29.3   -10.8
235.742   -14.6     1.0    -9.7
237.402   -21.9    -2.1    -1.1
239.062   -12.0   -10.7   -12.1
240.723   -29.9   -34.9   -21.8
242.383   -10.9   -18.1    14.6
244.043     4.2    -0.5   -13.3
245.703     2.5     1.1   -11.2
247.363    -7.9     3.2     0.7
249.023   -18.2    -6.5    -4.2
250.684   -19.2   -24.0   -26.3
252.344    -6.3   -14.4    15.2
254.004     1.0    -4.5     9.6
255.664    -0.9    -4.7   -19.2
257.324   -21.6    -5.7     0.9
258.984   -31.3   -18.3   -10.3
260.645    -5.0   -32.2   -17.8
262.305    -7.0   -31.5   -13.2
263.965    -1.6     8.2     6.2
265.625   -10.7    -7.7   -12.8
267.285   -26.0   -18.4    -4.5
268.945   -31.5   -11.9    -1.6
270.605   -15.8   -18.3   -11.5
272.266    -0.4    -3.0     4.7
273.926    -4.3     4.1    -2.3
275.586   -11.9    -7.0   -13.2
277.246   -17.4   -17.8    -8.5
278.906   -20.0   -17.6    -6.5
280.566   -10.7   -17.2   -13.5
282.227    -9.6    -5.7    -2.4
283.887     6.5     1.6     2.5
285.547   -10.8    -5.3   -24.5
287.207   -22.0   -17.2     4.3
288.867   -11.8   -20.9     0.0
290.527    -3.2   -19.5   -12.3
292.188     3.0     3.1     5.1
293.848   -10.4    -5.4    -5.6
295.508   -19.5   -12.8   -22.1
297.168   -14.7   -11.1    -0.4
298.828    -6.4   -10.0     3.3
300.488     1.7    -3.7   -11.7
302.148   -17.0    -2.1     5.1
303.809   -14.6    -8.6    -6.4
305.469   -17.0   -11.7   -18.9
307.129     1.1    -5.2     1.8
308.789    -4.4    -1.5    -3.6
310.449    -1.6   -14.4    -2.3
312.109   -14.5   -16.3     0.0
313.770   -13.1   -11.6   -24.0
315.430   -13.7    -9.0   -14.7
317.090    -3.2    -8.9    -2.4
318.750    -7.3     6.5     0.4
320.410    -3.0   -11.6    -2.9
322.070    -8.8   -23.4    -3.6
323.730   -22.8   -16.2   -12.2
325.391    -1.1    -7.1    -5.9
327.051     1.6    12.2     3.7
328.711     1.4    13.8     0.2
330.371     1.5     7.3    -0.9
332.031   -19.4   -23.4    -7.3
333.691   -20.3   -25.0   -10.4
335.352     1.0     1.4    -4.2
337.012     0.4     6.8     0.3
338.672     4.8    13.2    -7.0
340.332    -7.5   -12.7    -7.0
341.992   -18.4   -26.2    -6.6
343.652   -14.3   -27.4   -16.2
345.312    -4.4   -13.4   -17.0
346.973     1.7    13.1    -0.4
348.633   -11.5     0.1    -5.1
350.293   -10.3   -16.1    -5.5
351.953   -13.6   -30.0    -3.0
353.613   -14.1   -23.6    -4.4
355.273   -11.3   -15.6   -11.7
356.934     3.5    17.7     6.5
358.594     3.8    19.4     0.5
360.254   -13.1   -13.6   -15.8
361.914   -15.4   -23.3    -9.3
363.574   -18.4   -31.7    -9.1
365.234    -1.7    -5.6    -4.3
366.895     1.3    -1.6    -6.2
368.555     0.4    13.0    -1.9
370.215   -10.0    -4.5   -23.6
371.875   -23.6   -26.3    -7.1
373.535   -15.8   -27.5    -7.7
375.195     0.8   -16.8   -13.8
376.855    10.9     0.0    -5.4
378.516    11.4    18.1     7.8
380.176   -19.0     0.8   -10.6
381.836   -18.1   -11.6   -21.2
383.496   -16.1   -27.2     3.5
385.156    -7.2   -16.8    -6.4
386.816     8.1     8.8    -7.0
388.477    -9.5     5.1   -12.0
390.137   -18.3    -4.4    -8.5
391.797   -11.1   -27.8   -14.6
393.457    -6.7   -29.6    -8.4
395.117   -11.8   -20.1   -16.3
396.777    -3.2    -8.6   -20.1
398.438     8.6    20.1     2.3
400.098    -1.1     9.8   -11.9
401.758   -15.2   -17.2    -8.1
403.418    -9.2   -21.1    -5.1
405.078    -8.5   -20.6   -22.7
406.738    -9.1    -6.8   -22.3
408.398    -1.6    16.3     5.5
410.059    -4.1     7.9    -8.0
411.719    -8.1    -7.6   -17.6
413.379    -9.6   -19.3     2.6
415.039    -6.4   -19.4   -24.3
416.699   -10.8    -4.7   -17.5
418.359   -12.0     9.0    -0.2
420.020   -14.5    14.0     2.1
421.680     9.1   -16.8   -17.4
423.340     1.6   -11.5    14.0
425.000    -6.9    -5.2     0.7
426.660   -15.8   -20.3   -29.7
428.320   -18.8    -4.8    -8.5
429.980   -16.2    11.9     2.1
431.641    19.9   -12.0   -14.0
433.301    19.2   -13.2    -3.2
434.961   -12.5    -2.5    10.2
436.621   -19.1   -19.9   -27.7
438.281   -25.2   -20.2   -24.9
439.941   -16.3    -1.2    -7.9
441.602    11.2    -1.4    -6.7
443.262    10.0     0.3     2.5
444.922     5.3    -2.7     6.5
446.582   -21.6   -16.8    -8.6
448.242   -27.5   -19.5   -31.1
449.902   -18.0    -7.6    -9.7
451.562     4.2    -1.3     0.5
453.223    18.7     8.7     1.8
454.883    18.4    13.5     8.7
456.543   -25.6   -21.6   -22.5
458.203   -35.4   -20.0   -23.4
459.863   -36.2   -13.8    -5.5
461.523    10.1    -0.1    -9.9
463.184    16.9    14.4     1.1
464.844     1.7     6.5    14.4
466.504   -12.8   -19.6   -20.3
468.164   -25.1   -20.4   -18.2
469.824   -20.7   -16.0    -8.0
471.484     6.8     6.1    -8.0
473.145    16.7     9.5     3.8
474.805    10.4     6.2     8.4
476.465    -5.9    -8.8    -9.1
478.125   -13.2   -11.9   -19.7
479.785   -20.1   -23.4    -5.6
481.445    -9.3    -6.0   -13.0
483.105     3.3     8.1    -5.4
484.766     1.2     0.3    -4.9
486.426    -6.2    -4.2   -17.1
488.086   -19.6    -8.4   -22.0
489.746   -18.5   -22.6    -1.7
491.406    -5.4   -10.8   -11.9
493.066     8.7    11.1    -2.0
494.727     3.8    -1.7    -4.1
496.387   -12.4   -15.3   -29.0
498.047   -27.2   -23.1    -0.6
499.707   -22.8   -21.4    -0.7
501.367    -1.2    -5.2    -5.3
503.027    13.8     7.7    -4.7
504.688     0.1     8.1     5.4
506.348   -24.8   -15.1   -17.7
508.008   -17.5   -27.0   -11.7
509.668   -10.7    -9.3     1.2
511.328     7.9     8.9    -4.4
512.988    11.1    10.8     4.9
514.648     0.0     8.0     2.2
516.309   -11.4     3.2    -3.3
517.969   -26.8   -36.5   -23.2
519.629    -9.7    -9.9    -1.9
521.289    12.9    12.7    -9.7
522.949    14.2     8.6   -10.2
524.609   -10.3    -2.9     0.6
526.270    -9.4     0.2     5.2
527.930   -26.9   -41.4   -23.3
529.590   -20.9   -41.1   -25.3
531.250    -3.8     0.7     6.5
532.910     8.6    20.3   -13.9
534.570     5.1    16.0    -3.6
536.230    -9.5   -10.5    -0.1
537.891   -17.5   -39.3   -23.4
539.551   -21.6   -39.0   -19.9
541.211     3.1     5.3    -2.1
542.871     3.5    17.9   -22.4
544.531    -3.0    17.1    -3.0
546.191   -10.5    -7.2     9.2
547.852    -8.9   -37.0   -21.6
549.512    -5.9   -34.8   -17.3
551.172    -8.3     0.6    -0.6
552.832    -1.5    16.8   -20.4
554.492    -5.3    14.1     4.0
556.152    -2.8     3.1     0.4
557.812   -15.3   -28.7    -8.5
559.473    -5.0   -34.0     4.0
561.133    -5.7    -5.0     6.8
562.793    -8.9    19.6   -20.5
564.453   -10.8    10.2     1.6
566.113   -11.9    -7.9    -2.0
567.773    -1.9   -36.4   -11.7
569.434     8.2   -35.1    -2.4
571.094    -4.1     8.6   -10.1
572.754   -15.1    15.1   -19.5
574.414   -11.6     6.1   -13.2
576.074   -12.3    -1.7    -4.6
577.734     4.1   -28.6     2.7
579.395     4.6   -29.3     3.6
581.055     1.5   -19.5    12.5
582.715    -5.5     3.1   -16.2
584.375   -12.6     5.3   -12.7
586.035   -12.1     4.9    -7.7
587.695     3.5   -23.0   -12.9
589.355     3.7   -32.0    -1.5
591.016    -3.8   -17.3     9.2
592.676   -11.9     3.4     1.5
594.336    -1.9     3.9   -20.3
595.996   -11.8     2.7   -10.1
597.656   -17.3    -6.7    -9.6
599.316    -4.5   -24.9     0.2
600.977    -6.2   -13.8     6.0
602.637    -8.3     2.6     4.4
604.297    -4.8    -0.7    -9.6
605.957   -12.8    -2.4    -9.6
607.617   -18.6    -2.9    -5.6
609.277   -15.8   -13.3    -6.8
610.938   -10.3   -15.5     1.2
612.598   -12.0    -9.3     1.8
614.258     3.5    -1.3    -5.3
615.918    -3.4    -1.3    -1.4
617.578    -6.8    -7.0   -20.5
619.238   -17.7    -9.4   -16.5
620.898   -15.7   -11.7    -8.9
622.559     4.4   -12.8    -4.8
624.219    14.4    -4.0    -6.9
625.879    -1.3     5.2    -2.2
627.539    -5.0    -0.6   -13.6
629.199    -8.9   -11.6   -20.3
630.859   -22.6    -8.6    -8.8
632.520   -14.9    -3.7    -4.9
634.180    21.7    -8.3     0.0
635.840     7.9    -4.9    14.3
637.500    -7.9    -3.0   -16.4
639.160   -17.2    -7.2   -21.7
640.820   -18.2    -8.2   -22.3
642.480   -11.8    -7.9   -14.1
644.141    11.6    -9.0     5.2
645.801    27.2     0.2     8.1
647.461     5.0    -5.5     6.4
649.121   -16.1    -3.6   -32.3
650.781   -23.3   -15.6    -7.9
652.441   -16.9   -14.4   -15.5
654.102    -3.8    -7.6    -7.1
655.762    17.2     5.6    20.1
657.422     1.8    -7.7   -19.4
659.082   -28.5    -5.3   -17.0
660.742   -33.9    -9.2    -4.1
662.402   -14.3   -10.3   -14.2
664.062     3.4    -9.8   -10.6
665.723     3.0    -2.0    13.6
667.383    11.6     1.8     6.9
669.043   -14.1   -14.3   -25.8
670.703   -14.6    -8.1    -8.3
672.363   -21.3    -2.4    -6.0
674.023     0.0    -7.5   -23.7
675.684     6.6    -6.2    14.3
677.344    -2.7     8.6    22.0
679.004   -12.8    -0.8    -2.7
680.664   -19.7   -18.2   -22.3
682.324   -12.7   -14.3   -12.7
683.984    -2.5    -1.2   -10.1
685.645    14.1    -7.9    -6.8
687.305    15.5     1.6    -6.3
688.965    -8.2    12.0     3.8
690.625   -14.2   -29.0   -28.2
692.285   -16.8   -11.1     2.0
693.945    -3.7    -3.4    -0.1
695.605     4.1     2.3    -2.6
697.266     4.6     2.3    -5.4
698.926    -4.4    -1.8    -0.7
700.586   -23.4   -19.3   -21.3
702.246   -17.5   -16.4   -14.3
703.906    -7.3    -7.5     6.6
705.566     7.8    -2.3    -8.3
707.227    -5.2     8.5    -2.2
708.887    -9.7     4.1     6.6
710.547    -7.8   -22.6   -21.7
712.207   -12.5   -12.1    -3.3
713.867    -7.8    -3.4    12.8
715.527     5.8    -4.1     5.0
717.188     4.1     6.7    -7.5
718.848    -7.2    -0.4    -2.8
720.508   -15.2   -13.0   -13.9
722.168    -9.9   -17.6   -20.9
723.828    -6.1    -7.7    10.3
725.488     0.0    -3.0     0.8
727.148     5.6    -0.3   -11.5
728.809    -1.2    -2.5     0.1
730.469   -12.2    -2.3     0.4
732.129   -21.5   -10.3   -18.9
733.789    -0.8   -16.8     2.8
735.449     4.1    -1.9     8.5
737.109    -0.2     4.9    -3.0
738.770     4.5    -7.8     5.2
740.430    -7.0   -11.2    -3.5
742.090   -17.1    -8.0   -12.6
743.750   -12.1   -17.7    -9.8
745.410    -8.7   -12.7    -4.9
747.070    -0.9     4.8    -5.2
748.730    -5.9     4.0    -8.1
750.391    -3.7   -11.0   -19.9
752.051   -14.9   -13.4   -16.2
753.711   -21.5   -17.9   -12.3
755.371   -10.4    -8.7    -9.0
757.031     4.5     6.1   -14.6
758.691    -2.7     1.7    -5.9
760.352    -2.1     2.5    11.3
762.012   -13.7   -18.6   -13.3
763.672    -8.5   -25.7   -23.1
765.332   -10.8    -2.7     0.7
766.992   -14.2     7.3    -5.4
768.652    -1.4    -5.3   -18.5
770.312     7.6     4.2    -2.0
771.973    -6.4     1.5     9.3
773.633    -1.2   -15.6   -16.0
775.293    -7.0   -22.6    -6.3
776.953   -21.2     0.2   -14.4
778.613   -23.4    -1.2   -19.0
780.273    -5.7    -2.1    -2.6
781.934    11.2     6.5     8.7
783.594     9.6    -1.4     4.0
785.254   -13.3   -19.1   -14.2
786.914   -11.9    -6.9   -10.4
788.574   -17.1    -8.2   -11.4
790.234    -5.8    -1.8   -24.5
791.895    -0.3     8.3    12.4
793.555     4.8     3.0     5.2
795.215    -1.4    -9.2    -7.7
796.875    -9.4   -19.1     0.7
798.535   -24.8   -19.8   -15.2
800.195    -6.0     5.5    -5.2
801.855     8.3     9.0     1.6
803.516     4.2     8.1     6.9
805.176     2.9    -7.2   -12.5
806.836    -7.3   -12.8     8.0
808.496   -16.2   -19.2    -2.6
810.156   -14.3    -4.7   -16.3
811.816     7.5    17.1    10.5
813.477     3.4    20.0    10.3
815.137     3.9    -1.1    -5.6
816.797    -6.1   -18.9     2.4
818.457   -14.7   -18.7     9.7
820.117   -21.8   -18.4   -23.8
821.777     7.1    10.5    -1.8
823.438     1.7    19.7     1.9
825.098     3.4     7.7   -14.6
826.758    -0.6   -13.4    -6.2
828.418    -8.0   -24.0   -11.0
830.078   -13.5   -10.1   -12.3
831.738   -13.4   -10.7   -10.0
833.398   -12.0     7.1     4.7
835.059    -4.1     2.5   -24.7
836.719     4.2    -5.9   -22.2
838.379    -7.4   -20.0     6.4
840.039    -9.9   -19.3    -1.7
841.699    -7.7   -22.0   -23.3
843.359    -2.9    16.9     7.4
845.020    -9.6    19.4    -5.8
846.680    -8.0    -5.9   -26.5
848.340    -4.5   -23.2   -10.1
850.000    -5.0   -21.7     2.6
851.660     2.4   -13.9    -8.4
853.320     2.0    -9.2   -10.5
854.980    -5.2    17.8     1.4
856.641   -17.9    -1.4   -20.3
858.301   -10.6   -17.8   -14.6
859.961    -7.6   -16.0    -0.2
861.621    -4.2    -7.0     3.8
863.281     4.2    -7.7    -4.2
864.941     1.9     2.6    -3.7
866.602    -9.7    10.6    -4.8
868.262   -17.6   -19.2   -18.6
869.922   -16.1   -26.1   -18.7
871.582   -12.6   -18.2   -10.4
873.242     4.7    -5.4    -0.5
874.902    12.8     6.4     7.0
876.562     6.4    10.8     4.4
878.223   -14.7   -10.4   -17.4
879.883   -25.6   -14.1   -14.3
881.543    -1.5   -19.2    -9.7
883.203     0.1   -15.5   -12.6
884.863    18.1    13.4     8.0
886.523     6.6    15.7    13.4
888.184    -5.4    -5.5   -14.0
889.844   -20.0   -14.4   -17.3
891.504   -27.5   -12.2    -1.2
893.164   -15.0   -14.7    -9.9
894.824    13.1     0.9     0.0
896.484    19.1    11.2    15.7
898.145    -0.4     8.9     5.1
899.805   -15.3   -12.3   -21.9
901.465   -15.5   -15.0   -13.7
903.125   -26.8   -16.6   -13.7
904.785     4.9    -1.8     4.4
906.445    13.1    -1.1     2.6
908.105     1.7     1.8   -10.7
909.766    -8.7     0.1   -13.3
911.426   -10.8   -10.9    -6.7
913.086   -15.4   -14.9   -23.2
914.746   -12.1    -4.0    -0.5
916.406    12.3    -1.6    13.5
918.066    11.6    -1.5   -13.4
919.727   -10.4     2.8   -15.2
921.387   -17.4    -3.1     4.7
923.047   -19.9   -18.9   -18.2
924.707   -21.6   -20.4   -26.0
926.367    13.7     7.9    19.1
928.027    -2.0    -3.4   -18.8
929.688    -2.8    -7.1   -29.1
931.348   -22.8    -5.4     2.3
933.008   -21.5    -3.5     2.0
934.668     4.1   -20.2   -22.5
936.328     6.8   -17.0    -4.8
937.988    -1.3    12.2     6.6
939.648    -7.5   -14.5   -31.3
941.309   -12.8   -16.8   -25.2
942.969   -12.5    -1.1    -4.2
944.629   -13.7    -2.3     0.7
946.289    15.3   -16.4    -9.7
947.949    -3.2    14.5    12.0
949.609    -5.3    12.3    -4.1
951.270   -23.6   -20.5   -28.0
952.930   -16.7   -16.1   -11.1
954.590    -6.7    -5.3     5.5
956.250     9.0    -5.4    -7.0
957.910     1.4     8.1    13.0
959.570   -17.4    -2.2    -9.7
961.230   -20.0   -14.2   -34.9
962.891   -32.3   -21.5   -24.9
964.551   -18.6   -21.0    -9.3
966.211    11.1    -2.4   -11.1
967.871    11.0    20.2    18.8
969.531    -4.7    -3.2    -2.7
971.191   -18.2   -18.2   -26.5
972.852   -32.0   -17.6   -24.9
974.512   -14.9   -16.3    -1.8
976.172     3.0    -4.5    -9.4
977.832    11.3    20.4    26.6
979.492    -9.4    -7.3   -23.6
981.152   -14.2   -10.7   -29.3
982.812   -29.0   -30.9    -7.3
984.473   -16.7    -9.8     4.1
986.133    -7.1    -9.0    -8.5
987.793    24.1    16.3     9.4
989.453   -23.7   -10.9   -27.9
991.113   -25.8   -22.2   -25.4
992.773   -21.6   -33.4     0.0
994.434   -17.3   -27.8   -11.5
996.094     4.8    14.3    -0.6
997.754    16.7    19.8     4.6
999.414    10.0    17.1     9.9
1001.074   -18.4    -9.0   -26.1
1002.734   -24.7   -37.5   -20.4
1004.395   -12.1   -27.6    -1.3
1006.055     6.4    14.7    -1.6
1007.715     6.6    13.7    -3.9
1009.375     2.7    21.4     7.3
1011.035   -17.0   -20.2   -24.2
1012.695   -18.4   -36.6   -20.0
1014.355   -15.2   -20.8     2.4
1016.016     2.4     1.5    -6.1
1017.676    10.2    11.6    -5.6
1019.336     6.0    23.0     5.2
1020.996   -17.3   -18.9   -22.5
1022.656   -20.1   -35.4   -20.2
1024.316   -19.5   -26.0     2.3
1025.977    -0.4    -4.0    -1.7
1027.637    15.7     6.8    -9.3
1029.297   -18.1     9.1   -11.2
1030.957   -22.6    -9.1   -18.4
1032.617   -12.9   -40.8   -15.0
1034.277    -8.5   -37.3    -7.2
1035.938    -1.8    -1.3     0.3
1037.598     0.6    13.8    -7.0
1039.258    -2.8    11.5    -1.2
1040.918   -13.1    -3.0   -11.8
1042.578   -13.5   -35.7   -14.6
1044.238    -7.5   -29.2     0.7
1045.898     0.1     5.3   -11.5
1047.559     4.2    13.2    -4.3
1049.219     3.9    16.7     2.1
1050.879   -11.6    -6.4   -15.6
1052.539   -12.1   -30.2   -13.2
1054.199    -9.8   -24.0     3.1
1055.859   -10.3   -11.5    -2.6
1057.520     1.1     4.1   -12.5
1059.180     6.0    18.5     0.7
1060.840    -4.9     8.1     0.1
1062.500   -10.0   -27.1   -21.7
1064.160   -10.7   -15.3     4.9
1065.820   -12.6   -10.0     2.7
1067.480    -3.8     3.1   -16.0
1069.141     4.1    13.8     7.8
1070.801    -1.5    13.4     4.5
1072.461    -7.5   -19.6   -14.4
1074.121    -4.8   -20.3    -9.5
1075.781   -16.8   -14.1   -10.5
1077.441   -21.0    -9.2   -17.4
1079.102    -0.1     7.8     7.2
1080.762     8.6     3.8   -13.3
1082.422     1.5    -5.3   -18.2
1084.082   -14.5   -20.0     1.4
1085.742   -25.6   -21.5   -29.4
1087.402   -25.6   -21.2   -29.3
1089.062   -11.1    -1.0   -10.0
1090.723    11.0    17.0     6.0
1092.383     7.8     0.2   -15.4
1094.043    -3.2   -13.1    -5.9
1095.703   -27.5   -22.7   -12.0
1097.363   -11.1   -19.9   -28.2
1099.023     7.4    25.2    14.1
1100.684     7.9    25.7    13.9
1102.344    11.9    19.1    -7.0
1104.004     2.7   -16.7    -9.1
1105.664   -18.7   -25.0     2.8
1107.324   -29.9   -23.6   -18.3
1108.984   -13.0   -21.8   -26.4
1110.645     4.9     5.7    -4.8
1112.305    11.2    28.4     5.9
1113.965    11.1    21.1     2.7
1115.625   -16.9   -31.6   -17.0
1117.285   -36.9   -27.6    -7.6
1118.945   -14.0   -21.7   -16.4
1120.605    12.7    11.7    -3.0
1122.266    13.5    34.1    10.1
1123.926     7.0    14.9    -3.2
1125.586   -14.0   -22.8   -14.7
1127.246   -23.4   -35.6   -16.4
1128.906   -19.5   -30.7   -16.5
1130.566    14.6    20.1    -2.7
1132.227    14.1    23.3     0.1
1133.887     0.4    -6.0   -18.2
1135.547   -22.5   -29.7   -17.0
1137.207   -31.8   -39.4   -10.8
1138.867    -7.3   -18.9   -12.8
1140.527     6.0     9.7    -1.9
1142.188    20.1    35.0     8.1
1143.848    -2.0    -0.5   -22.2
1145.508   -24.9   -21.2   -15.5
1147.168   -35.3   -43.4    -6.0
1148.828   -11.9   -34.3   -16.5
1150.488    16.1    10.8     2.8
1152.148    14.8    36.1    -0.7
1153.809     1.8    17.4   -20.2
1155.469   -31.5   -28.7    -8.1
1157.129   -32.7   -40.3    -6.4
1158.789     6.7    -4.3    -0.1
1160.449    26.3    12.8    17.8
1162.109    25.3    26.5    12.0
1163.770   -14.2    12.9   -25.1
1165.430   -27.8   -23.4   -10.3
1167.090   -23.2   -38.1   -16.2
1168.750    -4.1    -7.4     1.0
1170.410    18.4    12.6    25.2
1172.070    20.6    18.2     8.4
1173.730    -7.4     2.7   -31.5
1175.391   -37.4   -26.7    -9.9
1177.051   -36.0   -32.3   -15.0
1178.711    13.4     3.5    18.9
1180.371    15.9     5.8    20.2
1182.031     9.9    19.8     6.5
1183.691   -12.5    -7.8   -31.0
1185.352   -25.7   -20.6   -24.1
1187.012   -35.1   -21.6   -16.1
1188.672    -3.9   -11.7    -5.1
1190.332    30.5     4.0    13.9
1191.992     8.6    19.6     9.3
1193.652   -21.6   -25.7   -34.9
1195.312   -24.9   -27.7   -31.9
1196.973    -9.5    -5.1   -11.5
1198.633    -3.3    -6.7    -5.6
1200.293    23.0     8.1    14.0
1201.953    11.5    14.1    13.9
1203.613   -17.5   -21.6   -26.6
1205.273   -25.6   -28.3   -32.7
1206.934   -22.7    -5.8    -3.2
1208.594    -4.7     0.1    -3.1
1210.254    22.9     9.3    10.8
1211.914     5.5    -1.3     6.5
1213.574     3.5    -8.8    -9.2
1215.234   -27.1   -21.2   -15.3
1216.895   -19.6   -14.8   -12.0
1218.555    -6.5    -8.7   -20.2
1220.215    10.2    10.7     5.6
1221.875    13.3    11.9    18.6
1223.535    -3.7   -18.0   -21.7
1225.195   -20.1   -20.5   -17.0
1226.855   -27.7   -16.8     0.8
1228.516    -2.8    -5.1   -21.5
1230.176     8.9    11.6    17.6
1231.836    -7.9   -14.7   -21.7
1233.496    -7.8    -7.8   -17.4
1235.156   -11.9   -21.0     1.5
1236.816   -17.2    -7.4   -11.9
1238.477    -4.1    -4.5   -14.4
1240.137     7.2     2.5    -6.1
1241.797    -6.7     2.3    -8.3
1243.457    -8.7    -9.8   -15.7
1245.117    -7.5   -19.1     3.6
1246.777   -13.2   -10.8   -11.6
1248.438     5.7    -0.8     0.1
1250.098     4.4     6.6     6.8
1251.758   -13.8     0.2   -22.0
1253.418   -15.8   -13.8   -13.3
1255.078    -8.7   -15.1     6.8
1256.738    -2.3   -15.6    -6.1
1258.398     1.8   -11.6   -10.4
1260.059    -5.2     9.9     2.7
1261.719   -10.5     9.8   -16.6
1263.379   -13.0   -15.1    -7.5
1265.039   -11.0   -16.4     6.9
1266.699    -3.7   -16.2   -13.4
1268.359    -1.6   -17.9   -14.2
1270.020    -7.3    19.0     3.3
1271.680   -10.0    11.2   -16.3
1273.340    -7.8    -6.2   -19.9
1275.000   -10.3   -16.6     3.3
1276.660   -12.5   -15.5     4.6
1278.320     9.7   -17.8    -7.9
1279.980    16.2    -5.7    -0.9
1281.641   -15.3    18.6   -12.9
1283.301   -15.3   -21.4   -12.0
1284.961   -20.1   -18.7   -10.3
1286.621     3.9   -14.0    -1.3
1288.281     3.1   -13.5    -0.5
1289.941    12.4     7.2    -0.6
1291.602   -17.2     9.4   -13.5
1293.262   -23.1   -10.4   -20.7
1294.922   -16.0   -22.3    -6.9
1296.582    -2.1   -21.5    -5.0
1298.242    14.7    -8.3     0.4
1299.902    11.9    16.3    10.6
1301.562     3.4    14.5     1.1
1303.223   -12.5     1.8   -17.8
1304.883   -33.5   -16.6   -19.4
1306.543   -14.4   -25.3    -7.9
1308.203    12.4   -15.1    -2.5
1309.863    19.2    21.6    17.7
1311.523     5.0    23.5     6.8
1313.184   -24.5   -17.0   -25.2
1314.844   -25.1   -22.6   -20.4
1316.504   -18.5   -27.8    -9.2
1318.164     6.1   -13.8    -6.4
1319.824    29.1    28.8    12.1
1321.484   -18.1     2.6   -20.0
1323.145   -18.9   -18.6   -18.0
1324.805   -20.9   -30.9   -14.8
1326.465   -16.2   -28.4   -12.6
1328.125     7.2     6.7     6.7
1329.785    17.9    28.3    12.4
1331.445   -18.5    -3.3   -23.5
1333.105   -18.3   -22.5    -2.8
1334.766   -13.6   -36.5    -5.6
1336.426    -6.6   -33.8   -23.7
1338.086     9.2    25.8    16.0
1339.746     7.7    27.4    14.4
1341.406     1.0    12.6   -28.8
1343.066   -16.5   -14.2   -22.2
1344.727   -18.0   -34.0     4.5
1346.387    -2.8   -24.0   -19.3
1348.047     6.2     9.7     1.8
1349.707     6.5    25.0     7.9
1351.367   -20.0     0.4   -25.1
1353.027   -10.8   -26.3   -24.7
1354.688   -10.0   -33.5    10.6
1356.348     5.9   -17.0    -6.7
1358.008     6.8     8.1    -6.2
1359.668   -18.4    28.0    -7.8
1361.328   -25.5     0.5   -25.3
1362.988   -13.2   -32.0   -15.3
1364.648     5.3   -13.2     9.1
1366.309     6.4   -11.0     4.5
1367.969    -2.6     6.9    -9.7
1369.629   -26.2    26.2    -9.5
1371.289   -27.6     5.1   -27.3
1372.949   -10.9   -31.3   -18.2
1374.609    -8.3   -33.9   -10.2
1376.270    16.6   -12.6     9.8
1377.930     3.6    14.9    -8.5
1379.590   -23.7     7.6   -17.9
1381.250   -27.3     4.6   -17.5
1382.910   -14.8   -26.7    -6.6
1384.570    21.7    -4.4    -6.0
1386.230    22.9    -5.2    -4.8
1387.891     0.5    18.6    -7.1
1389.551   -17.6    19.1    -0.1
1391.211   -23.5   -19.5   -30.7
1392.871   -15.6   -21.3   -14.9
1394.531    15.3   -14.4    11.6
1396.191    11.9     2.9    -6.0
1397.852     1.6     7.2   -10.2
1399.512   -25.5     5.6   -11.2
1401.172    -9.0   -27.0   -19.0
1402.832     3.4   -23.8     3.1
1404.492     2.7   -17.9    16.5
1406.152     4.8     3.6   -15.7
1407.812    -1.1     2.0    -5.6
1409.473   -23.2     0.0   -18.3
1411.133   -20.3    -2.3   -24.8
1412.793    -1.0   -20.7     3.6
1414.453    -4.9    -8.6    -7.3
1416.113    -8.9     1.1    -4.3
1417.773   -14.7     0.7    -2.4
1419.434   -12.4     0.9   -14.4
1421.094    -2.7    -9.4    -4.3
1422.754     7.4   -13.7     9.3
1424.414   -12.6   -11.1   -18.7
1426.074   -22.3   -11.9   -20.9
1427.734   -16.9    -4.2    -0.1
1429.395    -6.3     3.3   -11.6
1431.055     9.9    -6.8    -7.3
1432.715    -3.0    -5.3     0.0
1434.375    -9.0    -4.3    -8.2
1436.035   -16.7   -13.3   -19.1
1437.695   -13.5     0.6    -2.1
1439.355     2.3    -1.7    -1.5
1441.016    15.0    -7.1    -1.0
1442.676     7.7     2.9    10.3
1444.336   -21.1   -11.2   -15.4
1445.996   -24.0   -19.7   -19.2
1447.656   -21.3   -16.6   -16.8
1449.316    13.4    -2.0    -1.1
1450.977    13.9     0.3     2.5
1452.637    12.5    -0.1     6.3
1454.297   -27.1   -12.7   -22.6
1455.957   -30.9   -20.3   -23.0
1457.617   -20.4   -14.9    -3.3
1459.277    -5.9    -5.7     4.8
1460.938    18.2     8.1     2.5
1462.598     1.3     0.4    -6.2
1464.258   -26.5   -18.8   -31.3
1465.918   -17.1   -14.6    -8.1
1467.578   -14.3    -9.5     3.7
1469.238    20.0     3.7   -12.5
1470.898     2.3     6.2     3.9
1472.559    -9.7     0.6     5.8
1474.219   -24.5   -26.2   -25.2
1475.879    -8.1   -15.6    -8.9
1477.539     1.1     2.6    -8.8
1479.199     0.4     5.2    -8.9
1480.859     3.3     1.0     4.2
1482.520   -19.8    -7.2    -7.9
1484.180   -24.7   -22.2   -21.4
1485.840   -13.5   -17.9     0.4
1487.500     1.7    -0.7     6.7
1489.160     0.0     3.5    -9.0
1490.820    -1.7     0.8     7.8
1492.480   -18.8   -13.5   -18.4
1494.141   -15.5   -21.6   -18.8
1495.801     8.2    -0.8     9.7
1497.461     7.2     0.1    -6.4
1499.121    -3.6    -0.8   -15.6
1500.781    -9.0     0.0     4.8
1502.441   -16.0   -20.7   -21.4
1504.102    -8.7   -22.5   -21.0
1505.762     0.8    10.6    14.5
1507.422    -0.7    12.0    -8.0
1509.082    -4.4   -14.1   -18.2
1510.742   -13.6   -11.6     2.6
1512.402    -8.5   -19.9   -27.6
1514.062    -2.7   -19.4   -19.9
1515.723     9.6     3.0     8.6
1517.383   -10.0     7.3    -7.5
1519.043   -11.8   -21.6   -22.7
1520.703   -18.1    -5.3     4.5
1522.363    -8.3   -12.0   -11.6
1524.023     9.4   -17.2    -7.7
1525.684     8.5     1.2    -0.5
1527.344    -2.2    19.6     4.9
1529.004   -13.7   -23.5   -19.8
1530.664   -15.9   -19.2    -6.4
1532.324    -3.7    -8.4    -1.1
1533.984    13.3    -5.1    -5.8
1535.645    -0.2     6.0    -4.6
1537.305   -16.6    -7.3   -15.1
1538.965   -22.8   -16.4    -7.8
1540.625   -12.8   -14.6     0.8
1542.285     6.1   -12.4    -7.0
1543.945    -3.0    11.0    -2.7
1545.605    -7.3     6.8    -1.1
1547.266   -10.5   -14.0   -18.7
1548.926   -15.8    -6.6     2.2
1550.586    -4.0   -18.2    -6.6
1552.246     8.8   -16.0   -17.3
1553.906     6.3     2.6    -7.9
1555.566   -15.2     5.9     6.3
1557.227    -9.8    -7.5   -18.3
1558.887    -6.4    -7.2    -5.1
1560.547   -11.0   -12.4     5.1
1562.207     2.5    -9.0   -19.4
1563.867    10.5    -3.0    -4.4
1565.527    -7.0     3.5    -3.3
1567.188    -9.9    -2.0   -18.5
1568.848    -1.7   -11.4     5.6
1570.508    -7.5   -21.6     1.9
1572.168    -0.3    -5.2    -4.5
1573.828    -1.1    -4.5    -3.3
1575.488    -9.6     1.3   -15.5
1577.148    -8.0    -1.7     9.2
1578.809    -7.2    -1.4     9.2
1580.469    -1.6   -15.4    -8.6
1582.129    -8.4    -5.6    -1.4
1583.789    -6.8   -11.3    -7.1
1585.449    -3.5    -1.0   -22.2
1587.109     0.5     9.5    -2.9
1588.770    -0.8     4.4    13.3
1590.430    -6.7    -7.7   -13.1
1592.090   -12.6   -30.3   -21.1
1593.750    -9.0    -1.2    10.8
1595.410    -6.2     5.1    -8.6
1597.070     5.3    -1.2    -2.7
1598.730    -1.4     4.7     5.5
1600.391   -12.6     4.2    -2.1
1602.051    -6.8   -32.9   -18.2
1603.711    -6.1    -1.9     5.2
1605.371    -3.3     5.9    -7.9
1607.031     6.1    -3.5   -11.2
1608.691     0.0     7.5     7.0
1610.352   -20.1    -9.2    -8.7
1612.012   -14.2   -24.9   -25.2
1613.672    -7.0    -9.2     5.7
1615.332     0.1     5.1     1.7
1616.992     8.5     2.7   -13.1
1618.652     0.7     1.4    -9.0
1620.312   -22.7   -21.7   -23.1
1621.973   -21.2   -20.1   -24.9
1623.633     5.8     1.8     3.4
1625.293     5.1     5.1    -4.5
1626.953    10.0     7.6   -15.6
1628.613    -7.2    -5.6     2.9
1630.273   -12.8   -22.7   -30.0
1631.934   -13.6   -19.5   -27.9
1633.594     0.7    -1.5     6.4
1635.254     7.8     2.1    -4.6
1636.914     1.7     1.8    -1.3
1638.574    -7.7    -3.4     8.2
1640.234   -17.4   -16.5   -12.4
1641.895   -14.7   -17.1   -33.9
1643.555    -8.7    -0.8    12.9
1645.215    -0.3     7.1    -7.3
1646.875     7.5     0.6    -8.4
1648.535     0.6   -10.2     6.7
1650.195   -17.4   -16.1   -17.9
1651.855   -13.1   -14.6   -12.5
1653.516    -9.7     0.0     6.7
1655.176     2.4     9.6    -6.3
1656.836     9.3    -8.2     5.3
1658.496    -5.6   -19.8    -6.2
1660.156   -20.8   -17.7   -19.3
1661.816   -13.6   -11.2    -3.6
1663.477    -3.7    15.8    -6.8
1665.137    -3.8    13.9   -13.7
1666.797     0.8   -13.5     7.5
1668.457    -6.5   -14.8    -3.2
1670.117   -13.3   -16.8   -18.2
1671.777   -12.8   -11.1   -10.9
1673.438   -13.9     7.7   -10.1
1675.098    -1.5     1.4    -4.8
1676.758     3.5    -4.5     4.6
1678.418     2.3   -11.1     1.4
1680.078    -5.7   -19.0   -11.6
1681.738   -17.7    -9.1   -11.4
1683.398   -22.5    11.9   -10.9
1685.059    -0.7    -6.3    -6.0
1686.719    10.7    -1.8    13.4
1688.379     8.7    -5.2     1.6
1690.039    -5.0   -16.4    -7.1
1691.699   -22.1    -6.1   -15.5
1693.359   -25.3    -7.4   -22.7
1695.020     5.1     4.2    10.5
1696.680    15.3     4.9    15.9
1698.340    12.9    -2.1     4.4

Event #63  ts=2026-09-11 12:11:16.186  [SELECTED]
  t[ns]  u1[mV]  u2[mV]  u3[mV]
  0.000   -20.7    -3.2   -19.5
  1.660    -5.5    -3.6     8.4
  3.320   -12.3   -11.7    -6.5
  4.980   -11.6   -14.1   -11.0
  6.641   -10.6   -13.0    -7.6
  8.301    -5.4     3.3   -15.0
  9.961    -1.6    -6.6   -16.0
 11.621     1.8    -4.3    -0.7
 13.281    -8.2    -8.2    -9.3
 14.941    -9.8   -10.2    -7.9
 16.602     0.1    -5.7     3.8
 18.262     2.1    -6.3     4.7
 19.922   -10.6    -6.8   -17.9
 21.582    -5.8     0.0    -3.9
 23.242    -5.7     2.8    -0.5
 24.902    -0.9   -10.2     0.0
 26.562    -0.6    -7.3     0.1
 28.223    -3.5    -4.8    -5.4
 29.883   -11.8   -10.7   -19.5
 31.543   -19.0    -1.8    -6.6
 33.203    -6.2    -6.3   -11.9
 34.863     3.2    -6.1    -1.2
 36.523    12.1     0.4    13.2
 38.184    -1.3    -7.5    -2.6
 39.844    -7.9   -12.3   -21.4
 41.504   -19.8   -11.8   -20.0
 43.164   -24.1    -2.5    -9.2
 44.824     3.0    -8.9    -8.6
 46.484    14.1     6.1    16.7
 48.145     4.5     2.3     5.3
 49.805     0.8   -12.8   -18.8
 51.465   -24.7   -15.8   -13.9
 53.125   -27.1   -11.2    -6.0
 54.785    -7.9    -7.1   -14.6
 56.445    13.3     5.2    10.5
 58.105     8.7    -1.7     4.2
 59.766    -9.7   -20.0   -21.6
 61.426   -25.0   -17.1   -12.5
 63.086   -15.0    -4.3   -19.8
 64.746    -6.7     0.5    -9.1
 66.406    14.2     5.8    12.5
 68.066    11.1    -0.8    -1.8
 69.727   -13.9   -17.9    -7.6
 71.387   -27.8   -21.4   -13.8
 73.047   -28.9   -16.3   -26.6
 74.707   -16.4    -3.6   -16.1
 76.367     9.0     7.1     9.3
 78.027     7.9     0.0    -5.3
 79.688     1.1   -11.1    -8.1
 81.348   -14.5   -15.6    -2.9
 83.008   -23.6   -17.3   -22.0
 84.668   -11.7    -6.0   -14.6
 86.328    -1.7     9.4     5.5
 87.988     4.3    12.6     5.4
 89.648     1.8   -21.9   -13.4
 91.309    -9.2   -21.4    -3.4
 92.969   -16.8    -5.7    -2.3
 94.629    -9.6   -14.0   -21.5
 96.289    -5.6     9.0    -4.3
 97.949    -6.4     3.3    -3.9
 99.609    -0.5   -22.0    -7.6
101.270    -0.9   -23.7    -2.5
102.930   -16.2    -3.3   -12.7
104.590    -6.6     1.7   -13.0
106.250    -5.6     4.1    -5.8
107.910    -5.7    -5.9   -10.0
109.570    -8.8   -12.7    -6.0
111.230     2.9   -21.2    -3.4
112.891    -5.7   -18.9     1.5
114.551    -8.8     3.5    -7.1
116.211    -3.0     2.3   -13.0
117.871    -5.5   -11.7   -15.4
119.531    -3.0    -9.1   -15.7
121.191    -4.2   -18.9    -0.6
122.852    -2.6    13.2     4.1
124.512    -2.4    12.2     4.3
126.172    -4.6     4.6    -8.4
127.832    -4.6    -7.4   -22.2
129.492    -9.4   -10.4     1.0
131.152    -7.2   -17.1     0.5
132.812     0.0   -12.0   -16.9
134.473     9.0     5.2     4.1
136.133    -0.6    13.2     1.8
137.793   -11.9    -7.3   -23.0
139.453   -11.0   -11.4     4.2
141.113   -16.2   -11.6    -3.0
142.773    -9.6   -17.4   -21.4
144.434     4.5    11.3    14.4
146.094    -2.2    16.2    -2.0
147.754   -13.4   -17.3   -16.2
149.414   -16.7   -19.5    -4.8
151.074   -13.4   -14.9    -6.6
152.734    -4.4   -13.9   -17.1
154.395     7.2    11.4    12.9
156.055     9.6     9.6   -18.0
157.715    -3.8    -9.3   -21.3
159.375   -10.8   -15.1    -8.1
161.035   -24.4   -18.8   -11.0
162.695   -11.0   -15.8   -18.2
164.355     2.4    -0.6     1.7
166.016     9.6    17.8     1.2
167.676    -1.3    -4.1   -14.3
169.336   -10.2   -10.5    -5.8
170.996   -27.4   -22.6   -16.2
172.656   -17.5   -25.1   -22.5
174.316     4.0    16.9    18.0
175.977    12.5    10.8   -13.0
177.637     8.8    -5.6   -19.0
179.297   -10.5   -14.8    -8.3
180.957   -27.5   -21.1   -13.2
182.617   -19.2   -20.7   -15.7
184.277     7.5    11.6    10.2
185.938    11.2    17.5    12.8
187.598    -0.5    -8.1   -10.2
189.258   -25.2   -22.0    -3.3
190.918   -24.3   -24.6   -10.5
192.578    -9.5   -15.8   -17.9
194.238     6.6    10.4     1.7
195.898    11.8    22.5     5.6
197.559    12.3     9.8    -5.8
199.219   -20.0   -30.2    -7.0
200.879   -32.2   -29.3   -11.8
202.539   -19.1   -14.6   -10.7
204.199     5.7    23.6     9.5
205.859    10.4    24.3     5.8
207.520   -14.7   -18.5    -5.2
209.180   -31.4   -30.6    -8.1
210.840   -32.0   -36.7   -12.7
212.500   -38.7   -23.1   -14.5
214.160   -76.3   -29.5   -13.9
215.820  -116.5   -73.7   -43.8
217.480  -109.1   -90.8   -46.9
219.141  -114.9  -118.0   -48.8
220.801   -90.0  -109.1   -50.7
222.461   -71.9   -83.3   -50.1
224.121   -38.2   -45.1   -35.9
225.781   -30.9   -30.8   -29.4
227.441   -26.5   -35.9   -17.2
229.102   -39.0   -47.5   -25.5
230.762   -37.5   -51.4   -33.1
232.422     3.2   -10.6     2.6
234.082    -1.3     4.7   -21.1
235.742    -5.7     4.6   -25.3
237.402   -19.9    -8.2    -9.0
239.062   -26.4   -28.3   -11.9
240.723    -7.8   -28.8   -12.4
242.383    -3.8   -16.3    -0.7
244.043     0.0    10.4    -9.0
245.703    -8.3    -3.6   -19.9
247.363   -23.1   -15.9    -8.5
249.023   -35.9   -23.5   -11.6
250.684     5.1   -20.3    -0.1
252.344     8.1   -12.1    11.2
254.004     8.3     9.6    -0.4
255.664   -14.2    -2.0   -12.9
257.324   -18.6   -13.3   -13.6
258.984   -25.4   -22.2   -15.2
260.645     2.4   -17.1     0.2
262.305    16.6     4.3     6.6
263.965     5.1     7.3    -9.4
265.625     0.8     6.8   -12.0
267.285   -28.6   -16.0   -18.1
268.945   -26.3   -21.2   -18.2
270.605     1.8   -14.4     2.7
272.266    12.9     2.7     3.5
273.926    -3.9     0.1   -10.4
275.586   -22.7    -6.1   -15.5
277.246   -27.0   -15.2   -15.7
278.906   -22.2   -25.3   -24.5
280.566    -2.1   -11.3     4.6
282.227    13.2     1.7     1.1
283.887     4.7    -3.6   -16.0
285.547   -20.9    -8.9   -14.0
287.207   -34.4   -24.1   -19.2
288.867    -2.4   -14.0    -6.0
290.527     7.3    -4.6     7.3
292.188    13.6    10.1    19.8
293.848    -5.4    -3.7   -20.0
295.508   -11.6    -7.2   -22.7
297.168   -23.6   -10.1   -11.5
298.828   -21.6   -25.5   -27.5
300.488    13.5    -3.9     6.1
302.148    16.5     9.2    11.0
303.809    -6.9     4.0   -17.1
305.469   -13.6   -16.2   -10.5
307.129   -20.0   -17.0   -13.8
308.789   -29.7   -21.0   -14.6
310.449     9.9    -0.2    15.9
312.109    10.0     1.0    13.1
313.770   -14.9     2.8   -18.5
315.430   -23.3   -18.0    -5.7
317.090   -23.7   -18.5    -5.2
318.750    -7.7   -23.3   -16.6
320.410    11.6    -3.4     2.6
322.070    -6.6     6.2    -5.4
323.730   -14.7    -6.9   -16.2
325.391   -19.7   -17.0    -8.9
327.051   -12.1   -18.2   -14.2
328.711     0.5   -19.6   -18.1
330.371     7.6    -4.9     0.5
332.031    -1.3    15.0    -2.2
333.691   -10.2    -3.9   -27.3
335.352   -18.9    -7.9    -0.8
337.012   -19.1   -12.1    -1.0
338.672     1.9   -14.3    -9.8
340.332     7.8    -3.5     4.3
341.992    -7.3     6.7    -4.6
343.652   -23.2   -18.0   -24.6
345.312   -24.9   -22.4   -12.3
346.973   -12.4   -12.4    -2.6
348.633    11.5     3.6     4.5
350.293    19.1    -0.5    -0.5
351.953   -14.8    -2.3   -13.1
353.613   -34.0   -17.8   -25.8
355.273   -23.6   -26.0   -23.5
356.934    -9.3   -17.2    -5.5
358.594    15.5    14.0     8.2
360.254    19.2    12.5     6.8
361.914   -36.0   -19.4   -24.2
363.574   -33.5   -22.1    -8.4
365.234   -23.5   -26.5   -13.2
366.895    -1.7   -15.2   -14.6
368.555    18.2    16.7    10.4
370.215    13.9    17.2    11.4
371.875   -17.3    -3.3   -18.5
373.535   -24.0   -26.5   -24.3
375.195   -23.0   -26.2    -4.5
376.855   -12.2   -16.2    -8.9
378.516     5.2    -0.7    -2.2
380.176    17.0    20.2     7.8
381.836   -22.0    -4.1   -23.5
383.496   -22.7   -27.5   -11.4
385.156   -12.5   -22.3     2.6
386.816    -4.7   -12.7   -10.8
388.477     2.5    -1.5    -8.4
390.137     1.6    21.4    12.1
391.797   -16.7     4.7   -15.1
393.457   -13.3   -28.7   -11.4
395.117    -6.8   -17.4     9.7
396.777    -4.7    -9.9    -8.4
398.438     3.5     0.8    -3.6
400.098    -5.6    15.5     6.0
401.758   -18.7   -19.7   -26.2
403.418   -12.2   -21.0    -4.6
405.078     1.9   -10.6     2.5
406.738    -3.0    -9.6   -16.9
408.398    -7.5     4.0    -0.5
410.059   -13.5     3.7    -6.6
411.719   -12.1    -9.8   -25.5
413.379    -4.7   -13.0     4.5
415.039    -0.7    -4.2    14.3
416.699    -4.8   -12.2   -13.0
418.359   -13.0   -12.8    -1.9
420.020   -15.6    -2.4    -6.1
421.680    -9.1    -8.4   -25.1
423.340     1.7    -3.6     4.6
425.000    -5.4    -4.1     1.5
426.660    -4.8   -12.2    -9.3
428.320   -13.4   -16.3    -6.6
429.980   -15.4    -3.4   -12.7
431.641   -11.8    -7.5   -18.9
433.301    -3.6     0.0     0.1
434.961    -6.0    -5.7    -4.0
436.621    -8.2   -13.7    -8.8
438.281   -11.7    -9.8    -6.8
439.941   -12.6    -1.3   -11.9
441.602    -7.0   -10.5   -15.4
443.262     1.1    -2.5     1.9
444.922    -8.2    -8.9   -12.3
446.582    -4.5   -16.1   -15.7
448.242    -6.9    -9.5    -5.2
449.902    -5.6     1.8    -2.8
451.562    -4.6    -6.3    -7.4
453.223    -6.4    -5.6    -6.3
454.883   -15.2   -22.3   -18.0
456.543   -10.9   -22.6   -20.8
458.203     4.3    -0.1     7.1
459.863     4.0     7.4     2.1
461.523     0.0     2.7    -7.2
463.184    -9.6   -13.0   -11.6
464.844   -24.7   -20.3   -10.3
466.504   -12.1   -13.8   -14.7
468.164    10.2     4.7     5.7
469.824    13.0    12.6    -2.1
471.484     3.4     7.9     0.4
473.145   -17.5   -20.9    -3.6
474.805   -27.9   -32.8   -29.3
476.465   -16.8   -11.6   -11.5
478.125    11.9    17.5    14.4
479.785    18.1    17.4    -3.3
481.445    -8.9   -13.0    -0.8
483.105   -26.6   -29.0    -7.2
484.766   -28.3   -36.4   -29.9
486.426     1.6     1.5     0.2
488.086     9.1    21.3     8.3
489.746    17.2    22.1     0.0
491.406     7.8     2.2    -7.1
493.066   -28.2   -38.2   -13.5
494.727   -33.7   -42.0   -19.7
496.387   -15.6   -28.7   -19.2
498.047    12.1    39.3     8.2
499.707    14.0    18.9    -4.1
501.367     9.1     7.8    -5.3
503.027   -32.3   -39.1    -5.9
504.688   -24.7   -32.7   -17.4
506.348     2.8    -0.2   -10.7
508.008    12.5    27.4     2.9
509.668     6.8    29.8     4.1
511.328     8.3    22.1     0.8
512.988   -23.1   -43.3   -11.3
514.648   -21.4   -42.7   -11.4
516.309   -11.2   -12.4    -7.0
517.969     8.6    23.4    -5.4
519.629     7.2    22.8    -8.3
521.289   -10.0    -5.5    -4.0
522.949   -17.3   -35.5    -5.0
524.609   -20.7   -47.2    -9.6
526.270    -7.6   -28.3   -17.1
527.930     5.2    19.5    12.1
529.590     3.5     9.5   -19.0
531.250   -16.4   -11.1   -13.3
532.910   -23.1   -18.4    -1.7
534.570   -17.3   -34.7   -14.1
536.230     1.5   -12.6    -7.1
537.891    12.9    17.2    14.2
539.551    -0.9    14.5   -18.6
541.211    -9.2   -10.6   -27.7
542.871   -19.0   -26.8    -8.1
544.531    -4.6   -17.2   -14.1
546.191     6.2   -12.5    -5.2
547.852    13.7    17.8    17.0
549.512    -0.4    14.3   -11.0
551.172   -18.2   -24.8   -10.7
552.832   -17.6   -19.2    -3.5
554.492   -23.3   -18.5    -9.5
556.152     7.4    -2.0     8.1
557.812    10.8     7.9    14.2
559.473    -2.8     1.3   -23.4
561.133   -14.8   -11.2   -17.0
562.793   -23.4   -17.7    -6.6
564.453   -15.3   -16.5   -16.8
566.113   -18.2   -18.6   -16.0
567.773    10.6     5.1    11.3
569.434    10.3     1.5   -11.4
571.094    -9.7   -14.4   -17.4
572.754   -17.1   -12.6    -5.1
574.414   -10.2   -14.0   -24.4
576.074    -2.5   -13.6   -15.0
577.734     0.6     4.4    17.5
579.395     4.5     1.7    -7.5
581.055    -3.9    -7.5   -18.5
582.715   -15.3    -3.2     0.4
584.375   -22.8   -11.2   -14.1
586.035   -13.6   -20.5   -22.7
587.695    -4.1     0.0    14.1
589.355    13.4    -2.1    -9.6
591.016     6.8    -4.6   -14.3
592.676    -3.2    -6.6    -5.6
594.336   -25.1   -12.7   -20.1
595.996     3.8   -13.6    -1.8
597.656     1.0   -15.9    -3.4
599.316     2.9     4.1     0.0
600.977     5.4    -0.9    -5.8
602.637    -5.0    -4.9    -8.5
604.297   -19.7   -13.7   -13.9
605.957    -5.8   -14.8    -9.9
607.617     1.1    -6.0    -7.1
609.277     0.6     5.5    -3.5
610.938     5.2    -1.2     4.4
612.598   -15.8   -16.8   -18.2
614.258   -22.7   -22.3   -20.3
615.918    -8.3   -11.5    -4.6
617.578     0.1     0.6    -0.5
619.238     3.2     6.9    -1.0
620.898     3.3     5.3    -1.3
622.559   -10.8    -8.8   -10.5
624.219   -16.6   -31.3   -16.2
625.879   -17.2   -30.7   -17.5
627.539    -0.8     1.5    -0.9
629.199     1.6    12.9    -8.8
630.859    -2.9     5.0    -1.3
632.520   -17.3   -17.6    -7.9
634.180   -21.8   -28.3   -19.0
635.840    -2.9   -18.5     0.8
637.500     6.6     0.9    11.5
639.160    -3.1     6.1   -17.5
640.820   -10.3     3.3    -4.5
642.480   -15.8    -1.5     6.3
644.141   -16.4   -35.8   -21.5
645.801     0.6   -22.7    -0.4
647.461     4.8    13.2     4.6
649.121    -3.3    11.7   -16.9
650.781   -10.5     0.9    -8.0
652.441   -19.9   -15.7    -8.7
654.102   -20.2   -34.5   -23.7
655.762    10.4    -9.0    13.3
657.422    10.0    20.6    -6.0
659.082    -2.6    14.0   -23.3
660.742   -20.6    -7.6   -13.9
662.402   -27.8   -19.8    -9.9
664.062     4.4   -28.9   -11.5
665.723    18.0   -13.4     8.1
667.383    12.7    20.6     3.0
669.043   -11.4    12.5   -17.3
670.703   -23.1   -12.4   -18.8
672.363   -29.9   -25.7   -12.7
674.023   -12.0   -27.4   -10.4
675.684    22.1    -0.7     8.8
677.344    16.9     6.6    16.0
679.004     1.8    10.6   -11.6
680.664   -26.9    -9.2   -16.6
682.324   -24.5   -26.7   -16.2
683.984    -7.1   -24.6    -4.0
685.645    11.7    -9.9     5.1
687.305    21.1     9.3    16.9
688.965     4.7     9.0    -7.6
690.625   -28.9    -9.8   -15.4
692.285   -34.0   -15.0   -11.7
693.945    -5.6   -28.0   -21.2
695.605    16.2     3.8    14.4
697.266    13.0    18.2    12.1
698.926   -11.7    -9.6   -22.1
700.586   -12.2    -9.5   -21.7
702.246   -21.7   -23.1   -16.3
703.906    -9.0   -18.0   -19.9
705.566    11.7     7.8     9.1
707.227     5.4    13.9     8.9
708.887     2.8    -1.2   -20.7
710.547   -13.0   -20.8    -5.2
712.207   -26.2   -23.5   -16.6
713.867   -10.2   -15.1   -23.9
715.527     7.3     7.5     4.1
717.188     5.9    13.9    -1.0
718.848    -6.9     8.2    -3.3
720.508    -2.7   -12.4    -8.3
722.168   -14.2   -25.2    -4.5
723.828   -18.8    -8.7   -13.5
725.488    -1.9    10.1    -4.0
727.148    -1.8     8.6    -5.2
728.809     0.5     3.3   -11.6
730.469    -8.0   -13.9     7.7
732.129    -2.8   -19.7   -12.8
733.789    -6.9   -18.1   -20.8
735.449   -23.0     1.9    -4.5
737.109    -6.8     7.5   -14.9
738.770     4.1   -10.2    -4.8
740.430     6.9    -9.4     8.7
742.090    -1.8    -9.5    10.5
743.750    -5.5   -15.8   -25.3
745.410   -26.5     0.8   -12.3
747.070   -18.1     2.9   -11.8
748.730     7.5   -10.7    -1.3
750.391    14.0    -2.2    13.1
752.051    -0.2    -7.5    -5.7
753.711    -9.2   -15.9   -23.1
755.371   -17.5   -16.1   -22.6
757.031   -17.0     0.9   -12.2
758.691     3.8    -3.0   -10.9
760.352    19.2    -3.6     5.3
762.012    14.8    -5.3     8.3
763.672   -22.0   -10.2   -12.8
765.332   -18.7    -9.3   -19.9
766.992   -22.8   -10.5   -19.5
768.652   -10.9    -5.2   -21.3
770.312    14.5    -4.0     9.1
771.973    15.1    -4.4    11.5
773.633   -20.6    -4.2    -7.1
775.293   -19.7    -6.4   -12.4
776.953   -24.4   -10.8   -24.6
778.613    -3.0    -1.7    -3.1
780.273     7.9    -1.4     7.3
781.934    -2.1   -13.0   -16.0
783.594    -9.6   -13.1   -14.3
785.254   -11.4    -4.7    -0.4
786.914    -6.8   -10.7   -23.2
788.574     1.0    -2.8    -4.5
790.234     5.8     1.7    12.5
791.895    -1.5    -0.7    -5.9
793.555   -11.2   -16.0   -23.0
795.215    -7.6    -5.3     2.9
796.875   -11.1    -0.4     2.3
798.535    -1.2    -5.0    -9.2
800.195     8.8    -6.1    -3.7
801.855    -3.6     1.3     3.9
803.516   -21.3   -28.6   -26.2
805.176   -23.5   -29.4   -21.4
806.836    -8.0     2.6     5.8
808.496     3.1     8.3   -14.9
810.156     7.1     1.0     4.0
811.816   -10.0    -7.0     0.5
813.477   -25.9   -24.2   -27.3
815.137   -29.8   -29.2   -26.4
816.797   -13.7   -17.8    -4.0
818.457     9.6    11.7    -0.4
820.117     9.6     9.2    -6.9
821.777    -4.2     2.0     4.6
823.438   -18.8   -20.0   -20.0
825.098   -24.4   -36.7   -22.0
826.758    -1.1     9.3     4.6
828.418    12.9    15.3    -5.5
830.078    11.7    11.4   -12.4
831.738    -2.2     6.3     5.2
833.398   -21.8   -19.2    -9.6
835.059   -26.3   -35.7   -23.5
836.719   -12.1   -13.4     0.0
838.379    -3.1     2.3     3.5
840.039    20.9    14.7    -8.2
841.699    13.7    13.8    -7.2
843.359   -24.9   -15.6   -12.7
845.020   -30.8   -30.6   -18.8
846.680   -15.0   -35.7   -11.7
848.340    -2.5    -2.1     1.3
850.000     7.6    16.2    -4.2
851.660     9.9    19.4    -7.0
853.320   -19.2   -10.7    -9.9
854.980   -16.5   -36.7   -11.6
856.641   -13.1   -36.0    -7.1
858.301    -8.9   -17.3     0.0
859.961     0.3    13.6   -10.2
861.621    -2.1    13.6    -8.6
863.281   -14.2    -1.2    -8.7
864.941    -9.9   -30.5    -6.0
866.602    -1.9   -27.1     2.8
868.262    -4.4    -9.1    -2.9
869.922    -6.2     7.6   -13.7
871.582    -9.2    12.9   -11.9
873.242   -10.3    -3.5    -9.3
874.902    -9.1   -22.8    -4.8
876.562     8.5   -26.1    -0.4
878.223    -3.0   -11.4    -0.2
879.883    -8.8     6.1   -15.4
881.543   -10.3    11.1   -10.1
883.203   -17.4    -7.6   -18.2
884.863     0.0   -19.3    -8.4
886.523    -0.3   -23.5     2.2
888.184    -0.4   -10.9    -2.8
889.844   -15.3    -4.5   -27.8
891.504   -13.1     8.9    -7.9
893.164   -18.5     7.9    -3.6
894.824     5.3   -15.5    -7.6
896.484     7.9   -14.8     9.7
898.145     5.7    -9.2     9.3
899.805   -11.7    -8.9   -20.5
901.465   -14.1     1.7    -6.9
903.125   -14.1     4.8    -7.1
904.785    -8.8   -14.2   -21.1
906.445     1.1   -17.2   -17.0
908.105    -4.4   -13.3    10.7
909.766    -8.5    -3.7   -18.6
911.426    -7.4    -2.2   -12.2
913.086    -2.8     2.0    -8.0
914.746   -20.9    -4.3   -12.2
916.406   -10.3   -14.3   -12.0
918.066     5.5   -14.4     1.5
919.727   -11.5    -4.8    -4.9
921.387    -8.6    -0.3   -14.2
923.047   -10.1    -0.1    -8.3
924.707    -7.3     0.3    -3.9
926.367    -9.9    -8.1   -11.3
928.027    -2.6   -15.1    -6.5
929.688    -5.6    -3.7    -5.7
931.348    -9.1    -7.1    -8.3
933.008    -3.4     1.7    -1.8
934.668    -1.6    -2.8    -7.5
936.328    -2.5    -8.6    -5.0
937.988    -3.6    -7.6    -2.9
939.648   -10.3   -12.7   -10.3
941.309   -11.6    -8.8   -13.0
942.969   -11.1     7.4     3.2
944.629    -0.6    -6.3    -7.7
946.289     1.6   -13.3   -11.8
947.949    -4.0    -8.2     3.9
949.609   -16.2   -12.5   -20.0
951.270    -6.6    -4.8   -13.5
952.930    -7.3     4.0     4.9
954.590     0.0     4.7     7.9
956.250     3.8   -15.3   -23.1
957.910    -4.7    -6.8     6.7
959.570   -21.7    -8.1   -23.8
961.230   -12.2    -9.4   -19.8
962.891     2.3    -0.1    11.6
964.551     3.8     1.1    10.6
966.211    -1.4   -10.1   -15.9
967.871    -2.8   -11.1   -13.1
969.531    -5.9    -9.7     2.7
971.191   -14.5    -2.2   -20.7
972.852   -11.8    -8.5   -11.4
974.512    -4.1    -5.5     0.7
976.172    -9.7    -7.3    -7.9
977.832    -2.0   -11.2    -8.3
979.492     0.0    -0.7    -3.8
981.152   -12.2    -1.2   -21.6
982.812   -17.8    -9.3    -9.9
984.473    -6.1    -7.2     0.2
986.133     0.6   -14.7   -18.5
987.793     1.5   -14.1    -8.4
989.453    -5.3     5.6     0.8
991.113   -10.6    -6.7   -23.8
992.773   -12.1   -11.1    -7.7
994.434   -13.0    -3.3     8.1
996.094    -2.5   -14.0    -9.8
997.754    -3.0   -13.1   -14.2
999.414    -9.9     9.3     5.3
1001.074    -4.2    -7.0   -21.1
1002.734    -7.3   -17.1    -8.6
1004.395   -14.3    -7.1     4.4
1006.055    -8.3   -14.2   -12.2
1007.715     1.1   -11.9    -9.5
1009.375    -4.7     9.7     0.6
1011.035    -9.8     7.6    -9.0
1012.695    -9.6   -11.5   -11.4
1014.355   -10.7   -18.7    -2.4
1016.016     3.9    -5.9    -4.0
1017.676     4.1    -6.6    -4.2
1019.336     4.9    -2.4    -7.8
1020.996    -9.5     4.7   -13.2
1022.656   -12.0    -7.7    -3.4
1024.316    -1.6   -21.0    -0.4
1025.977     2.4   -12.8    -3.4
1027.637     2.1    -7.7    -3.4
1029.297    -9.9     3.6    -7.3
1030.957   -15.6     5.4   -19.3
1032.617   -12.8    -0.7    -7.0
1034.277    -1.3   -16.4     0.0
1035.938     0.7   -25.8    -6.7
1037.598    -1.3    -6.5     1.2
1039.258    -6.6     6.3    -6.4
1040.918   -20.9     4.9   -24.0
1042.578    -9.4    -7.5    -3.8
1044.238     2.1   -12.2     5.3
1045.898    -2.9   -15.8    -9.5
1047.559     4.3   -25.9   -12.4
1049.219   -10.6     5.6    -7.1
1050.879   -20.2     4.9   -30.4
1052.539   -12.0   -14.4    -8.9
1054.199    -7.3    -9.1     2.7
1055.859     4.5   -17.8   -10.5
1057.520     0.0   -20.0   -17.5
1059.180    -1.4    -9.5    -1.0
1060.840   -25.7     4.3   -28.2
1062.500   -14.5    -5.9   -18.0
1064.160    10.1     1.6    17.9
1065.820    18.4    -2.7    12.8
1067.480    -9.8   -21.1   -11.8
1069.141   -16.3   -14.3    -1.9
1070.801   -18.5     5.5    -4.6
1072.461     0.1    -2.7   -21.0
1074.121     0.7    -1.1     0.1
1075.781     1.5    -3.1     7.1
1077.441    -2.4   -17.6    -9.4
1079.102    -1.4   -18.3   -10.2
1080.762   -17.6    -2.5   -17.3
1082.422    -3.6     0.7   -15.5
1084.082     7.7     7.5    10.7
1085.742     4.1     6.4     5.1
1087.402    -0.8   -12.6   -13.2
1089.062   -12.7   -19.2    -0.8
1090.723   -20.8   -18.5     0.1
1092.383   -12.2    -7.8   -19.7
1094.043     6.5    10.3     0.0
1095.703     3.3    10.6    -3.5
1097.363   -14.8   -22.4    -8.6
1099.023   -14.0   -28.3   -11.8
1100.684   -17.3   -21.9    -4.3
1102.344    -0.4    -7.2   -19.2
1104.004     0.1    -2.0   -10.6
1105.664     3.1    18.6     1.3
1107.324   -10.2    -6.1   -12.7
1108.984    -7.4   -22.4    -8.3
1110.645    -9.9   -23.7     2.6
1112.305    -2.5   -19.5    -3.8
1113.965     5.4     5.9    -9.4
1115.625    -5.6    17.7    -4.1
1117.285   -13.8    11.8   -13.2
1118.945   -15.0    -9.6   -18.7
1120.605    -8.3   -22.7    -4.6
1122.266    -1.1   -16.3    -3.0
1123.926     8.3    10.2    -8.1
1125.586     5.8    10.3    -5.5
1127.246   -12.0    16.2   -10.5
1128.906   -17.2   -11.4   -14.5
1130.566    -7.8   -27.6     4.7
1132.227    -2.2   -25.0     1.9
1133.887     5.7   -17.5    -2.8
1135.547     2.6    11.7    -1.3
1137.207   -13.2    10.5   -15.8
1138.867   -27.2    -6.4   -20.6
1140.527    -8.8   -15.6     3.2
1142.188    -0.8   -23.3     2.0
1143.848     7.3   -16.4   -10.9
1145.508    -2.1     5.2    11.3
1147.168    -6.8     8.7     7.5
1148.828   -18.8   -10.1   -30.4
1150.488   -12.3   -11.3    -2.7
1152.148    -5.6   -10.6     6.6
1153.809    -1.8   -13.9    -3.6
1155.469     3.5    -6.3    -2.2
1157.129    -1.1     2.0     0.0
1158.789   -11.9     4.4   -11.1
1160.449    -9.6   -14.6   -20.5
1162.109   -10.5   -12.7    -5.0
1163.770    -6.5    -6.6    -6.1
1165.430    13.5    -9.7    -9.3
1167.090     3.5    -4.3     0.8
1168.750    -4.0     0.5     2.7
1170.410   -14.7     1.7    -8.0
1172.070    -9.6   -17.0   -11.2
1173.730   -14.0   -15.5    -4.4
1175.391    -9.7    -7.7    -8.8
1177.051    -3.2    -9.1    -2.3
1178.711    -7.6     0.0     2.8
1180.371    -4.5     1.4     2.0
1182.031     4.8    -4.7   -11.0
1183.691    -5.4   -15.0   -17.0
1185.352   -19.2   -12.5   -17.7
1187.012   -23.2   -16.0   -19.9
1188.672    10.3     0.7     1.6
1190.332    10.6     3.7    -5.6
1191.992    10.9     3.0    -8.4
1193.652   -13.1   -13.3   -11.1
1195.312   -28.4   -25.0   -27.6
1196.973   -26.3   -21.5   -26.0
1198.633    -8.6     3.2     6.3
1200.293    12.6     5.8    -6.7
1201.953    12.7     3.5   -10.4
1203.613    -6.4    -2.5    10.9
1205.273   -13.8    -8.3    -1.4
1206.934   -27.9   -28.8   -34.7
1208.594    -0.7     3.6    10.4
1210.254     1.4     7.7     7.7
1211.914    15.5    11.1    -8.7
1213.574    18.3     9.1     1.7
1215.234   -26.8   -22.5   -23.9
1216.895   -31.7   -28.8   -35.7
1218.555   -30.1   -32.5   -16.1
1220.215    -2.5     5.6    12.8
1221.875     7.6    20.8     5.8
1223.535    14.3     8.4    -5.2
1225.195    -9.9   -10.4    -2.7
1226.855   -30.2   -25.1   -19.3
1228.516   -26.9   -36.2   -23.9
1230.176    -0.8    -2.8     6.8
1231.836     6.1    17.9    -2.1
1233.496     2.7    20.3    -9.5
1235.156    -5.3    -8.9     5.6
1236.816   -17.6   -24.4    -8.5
1238.477   -12.6   -20.7    -4.0
1240.137     3.5     9.4     9.8
1241.797     3.2    15.7     2.7
1243.457     3.5     9.6   -15.1
1245.117   -11.7    -3.9    -3.6
1246.777   -15.2    -9.2    -1.0
1248.438    -5.4   -30.5   -14.9
1250.098     0.2     0.1    15.1
1251.758    -1.4     6.9    21.4
1253.418     0.0    11.5   -22.0
1255.078   -10.2    -1.5   -17.6
1256.738   -19.3    -7.7    -3.0
1258.398   -14.0   -31.7   -16.1
1260.059    12.8    -1.1     7.7
1261.719     9.0    15.5    11.8
1263.379    -2.9    11.6   -21.7
1265.039   -13.2    -6.1   -30.6
1266.699   -20.6   -16.3    -5.0
1268.359     1.1   -16.9    -8.0
1270.020     4.3   -17.2    -7.4
1271.680    15.5    -7.8     2.7
1273.340    -8.0     9.6    -4.0
1275.000   -14.6     7.3   -11.4
1276.660   -20.7   -20.0   -20.5
1278.320   -17.2   -20.6   -18.0
1279.980   -10.3   -16.6   -13.9
1281.641    12.8     2.2     7.6
1283.301     8.6     5.2    -2.2
1284.961    -3.9     1.3    -9.8
1286.621   -15.8    -8.7   -14.1
1288.281   -19.1   -20.7   -25.7
1289.941   -13.7   -14.2   -10.6
1291.602    -6.2    -9.9     0.0
1293.262    16.7     7.7     9.0
1294.922     5.4    -3.4    -7.0
1296.582    -9.6    -8.7    -3.5
1298.242   -25.9   -15.0   -19.1
1299.902   -25.7   -19.7   -25.2
1301.562    -4.4   -12.1    -2.6
1303.223     9.6     6.4    14.3
1304.883     1.2     3.5    -8.3
1306.543    -4.8   -15.4    -5.5
1308.203    -5.1    -9.1    -0.6
1309.863   -12.7    -8.9   -17.5
1311.523   -22.9   -20.3   -28.4
1313.184    -3.8     4.5    10.9
1314.844    -1.3    10.1    13.8
1316.504     3.9    -9.7   -14.3
1318.164     0.6   -13.5     2.7
1319.824   -15.4   -11.2   -34.1
1321.484   -17.4   -10.2   -39.6
1323.145   -16.9    -8.1     0.2
1324.805   -12.0    -5.2     8.9
1326.465    -1.1    -7.4    -8.5
1328.125    17.2    -3.0     3.9
1329.785   -10.0    -0.8    -0.1
1331.445   -19.6    -4.2   -23.8
1333.105   -18.4   -10.5   -15.6
1334.766   -16.4    -8.4     5.1
1336.426    -4.9    -4.5    -1.5
1338.086     9.8    -9.8    -4.2
1339.746     4.9    -2.2    12.1
1341.406   -12.4     1.7   -11.6
1343.066   -16.8   -13.5   -21.4
1344.727   -19.7    -9.4     1.7
1346.387   -10.0   -10.0    -4.5
1348.047     9.7    -9.3    -1.9
1349.707    16.8     1.5     7.6
1351.367   -15.5    -3.5   -18.1
1353.027   -22.8    -9.6   -24.3
1354.688   -22.2   -15.4    -8.1
1356.348   -10.1   -11.1    -3.7
1358.008    11.9    -4.1    -6.4
1359.668    18.0     6.6     3.8
1361.328    -5.1     2.1    -2.3
1362.988   -13.7    -6.6   -14.4
1364.648   -19.5   -14.5    -8.6
1366.309    -0.3    -8.0    -3.2
1367.969     8.1    -4.8    -4.8
1369.629    11.4    11.2     0.7
1371.289    -1.9     7.5     5.2
1372.949   -22.1   -24.0   -21.5
1374.609   -21.0   -24.0   -17.7
1376.270    -7.9    -2.5     0.0
1377.930    12.4     1.0    -9.5
1379.590    14.6     1.1    -9.3
1381.250   -17.1    -6.3    -9.6
1382.910   -21.4   -16.1   -24.0
1384.570   -27.3   -30.3   -16.4
1386.230    -1.1     1.4     5.6
1387.891     0.6     3.6     5.2
1389.551    17.8    14.1   -10.6
1391.211    -3.1     5.7     4.3
1392.871   -31.2   -23.7   -23.4
1394.531   -34.0   -31.5   -23.7
1396.191    11.3    -3.8     2.3
1397.852    16.2    18.1    -7.4
1399.512    14.4    20.8    -4.3
1401.172     0.9    14.6     0.1
1402.832   -14.6    -1.9    -1.1
1404.492   -34.3   -31.2   -22.2
1406.152    -7.8   -20.9     0.0
1407.812    14.6    10.0    -2.5
1409.473    18.4    18.5    -8.6
1411.133    10.4    22.6     1.0
1412.793   -19.7   -13.8   -15.7
1414.453   -28.3   -33.9   -33.4
1416.113    -4.5   -14.5     8.4
1417.773    14.2    14.7     1.0
1419.434    17.2    17.9    -3.0
1421.094    -3.1     5.4    -5.7
1422.754   -30.3    -9.1   -10.2
1424.414   -36.7   -23.6   -12.4
1426.074   -12.4   -28.2    -6.5
1427.734    18.9    27.0     6.8
1429.395    28.4    27.3    -1.7
1431.055   -10.6    -2.5   -11.7
1432.715   -26.6    -6.7    -7.4
1434.375   -33.3   -34.4   -25.5
1436.035   -19.2   -39.6   -24.1
1437.695    11.7    -7.0     0.4
1439.355    15.3    24.9    11.1
1441.016     8.8    19.8    -3.8
1442.676   -15.6   -11.1   -16.6
1444.336   -28.6   -34.7   -18.8
1445.996   -28.0   -34.0   -19.4
1447.656     3.3   -14.0    -1.0
1449.316    12.3    20.3     1.3
1450.977     8.1    28.3     1.1
1452.637    -8.4    -8.6   -14.6
1454.297   -29.6   -35.9   -29.9
1455.957   -30.1   -33.9   -16.4
1457.617   -10.9   -16.4     7.2
1459.277    16.7    12.3    -5.7
1460.938    15.6    22.0    -3.8
1462.598   -10.3     9.2     1.8
1464.258   -30.6   -28.1   -26.3
1465.918   -29.4   -40.0   -28.3
1467.578     5.2     6.9    -0.2
1469.238    16.2    13.4   -12.4
1470.898     9.1     8.8     2.8
1472.559     4.0     9.5     4.4
1474.219   -31.1   -20.1   -23.8
1475.879   -23.8   -34.5   -19.9
1477.539     2.2    -1.7    16.1
1479.199     6.8    12.5     4.0
1480.859    15.6     6.6    -6.0
1482.520     6.4     1.6     3.3
1484.180   -30.9   -25.0   -33.0
1485.840   -20.6   -32.5   -19.6
1487.500   -12.1   -22.4    -1.8
1489.160     5.2     6.5     1.1
1490.820     4.9     2.4    -9.0
1492.480    -1.1     5.6    -0.2
1494.141   -12.1    -2.7   -11.8
1495.801   -19.2   -28.9   -29.2
1497.461   -11.8   -20.1     0.6
1499.121    -2.6     1.2    12.8
1500.781     2.4     1.5   -15.0
1502.441    -1.8     4.6     8.0
1504.102    -4.6     2.1    -1.1
1505.762   -22.4   -25.9   -27.6
1507.422   -11.1   -14.7     0.2
1509.082    -6.3     0.2    13.5
1510.742     4.7    -2.7   -13.6
1512.402    12.0    -3.4   -16.0
1514.062   -16.3     5.4    -3.4
1515.723   -21.2   -10.5   -18.2
1517.383    -9.7   -21.9   -12.4
1519.043     0.3     3.0     6.3
1520.703     1.8     5.1    -3.4
1522.363    -2.8    -5.5    -3.1
1524.023   -19.6   -10.6   -13.7
1525.684   -20.4   -10.3   -14.5
1527.344    -9.5   -15.7   -20.4
1529.004    -4.5    -1.2    -3.4
1530.664     5.8     2.3    -3.9
1532.324     2.1     2.3    -3.6
1533.984    -8.7    -5.9   -11.9
1535.645   -21.4   -18.6   -15.3
1537.305    -6.8   -11.5    -7.9
1538.965    -6.9   -11.3    -8.9
1540.625    -0.7     1.0    -1.0
1542.285     8.3    -1.5     3.0
1543.945     0.8     2.1     1.6
1545.605   -15.5   -11.8   -23.2
1547.266   -24.3   -20.0   -19.5
1548.926   -14.9   -12.6    -3.0
1550.586     3.4    -1.9    -1.5
1552.246     3.1    -1.3     0.1
1553.906     3.8     5.2    -1.6
1555.566   -16.6    -5.5   -13.7
1557.227   -19.3   -21.5   -13.0
1558.887   -10.8   -18.8    -4.2
1560.547    -2.1    -6.9   -14.4
1562.207    -0.8    -1.0    -3.2
1563.867    13.6    11.8     7.7
1565.527   -20.7   -18.6   -26.2
1567.188   -22.6   -20.6   -25.9
1568.848   -18.6   -13.9     6.9
1570.508     1.8    -8.0   -15.3
1572.168    11.2     7.1    -3.8
1573.828     9.5    15.6    11.1
1575.488    -9.2     0.0    -9.8
1577.148   -21.5   -26.0   -24.9
1578.809   -23.0   -22.0    -6.1
1580.469    -4.8   -12.7     2.1
1582.129    12.2     2.3   -16.6
1583.789     7.7    13.5     1.7
1585.449   -13.0     6.6    -6.1
1587.109   -23.9   -18.7   -21.8
1588.770   -15.7   -32.0    -3.3
1590.430    -0.4    -3.3     7.4
1592.090     4.6    -0.3   -13.5
1593.750     0.2     2.6    -9.3
1595.410    -9.4     8.7     1.6
1597.070    -8.1   -23.9   -25.9
1598.730    -2.8   -25.7   -10.1
1600.391    -3.1   -19.2     5.4
1602.051     0.2     2.8     0.8
1603.711     2.2     3.7   -12.8
1605.371    -5.5     6.1    -6.4
1607.031   -17.4   -12.8   -11.9
1608.691    -2.8   -22.1    -2.5
1610.352     2.3   -16.9     4.0
1612.012     4.0    -4.4     2.2
1613.672    -9.4     1.9   -10.8
1615.332   -21.4     2.4   -10.9
1616.992    -9.1   -21.4   -14.9
1618.652    -7.6   -20.5   -15.2
1620.312    11.5    -7.8     0.0
1621.973     7.0    -8.3   -13.9
1623.633    -4.1     1.8   -13.7
1625.293   -22.3     1.6   -10.5
1626.953   -20.7   -21.6   -26.9
1628.613     2.2    -1.2     7.8
1630.273     5.6     5.3     7.6
1631.934     4.5    -4.7    -9.9
1633.594     4.7    -5.5   -12.0
1635.254   -24.4   -17.4   -17.6
1636.914   -18.7   -27.9   -27.4
1638.574     4.3    -4.5     9.9
1640.234     7.1     6.5     8.9
1641.895    -1.2    -1.3   -17.4
1643.555    -8.2    -7.6    -1.1
1645.215   -17.5   -18.7   -15.3
1646.875   -18.3   -20.2   -26.8
1648.535     1.4    -7.1     5.8
1650.195     6.6    18.2    -8.8
1651.855    -0.1    14.8   -15.1
1653.516   -15.8   -15.2    -1.6
1655.176   -14.5   -22.5     0.2
1656.836   -15.1   -23.6   -11.1
1658.496     3.0   -10.7    -0.6
1660.156     1.2    10.2     3.4
1661.816    -9.7     5.7   -20.8
1663.477   -17.9    -9.7   -11.5
1665.137   -13.0   -16.7     6.0
1666.797     3.1   -20.6    -8.9
1668.457    -2.4     2.9     2.6
1670.117   -10.8     5.1   -30.1
1671.777   -13.5     7.1   -24.2
1673.438   -11.4    -6.7     3.9
1675.098     2.2   -13.1     1.5
1676.758     9.5   -22.2   -10.7
1678.418    14.4   -11.7    -5.3
1680.078   -10.1    18.4   -11.0
1681.738   -18.0     0.3   -31.3
1683.398    -9.9   -16.6     3.9
1685.059    -2.9   -13.7    10.7
1686.719    24.4    -3.7     0.6
1688.379     2.2    -0.6     0.8
1690.039   -36.7     0.7   -21.2
1691.699   -29.8   -10.4   -25.9
1693.359    -0.4   -16.9    -0.6
1695.020     0.7   -14.5     5.2
1696.680    21.3     2.7     6.8
1698.340     2.5    -0.5    -0.3

Event #64  ts=2026-09-11 12:11:16.825  [SELECTED]
  t[ns]  u1[mV]  u2[mV]  u3[mV]
  0.000    14.9     1.5    -0.5
  1.660    -8.7   -12.3     3.7
  3.320    -6.4   -21.5     1.6
  4.980    -4.5   -25.6    -8.9
  6.641    -5.1   -18.5    -9.7
  8.301   -13.1    16.7    -9.1
  9.961    -1.1     6.9    -7.2
 11.621     0.6     3.3    -5.5
 13.281     4.2    -9.7    -3.8
 14.941    -8.1   -17.6    -6.5
 16.602   -11.9   -23.8    -4.8
 18.262    -7.5   -17.4    -7.1
 19.922    -6.1    11.0    -9.2
 21.582     1.4    13.6   -12.6
 23.242     2.4    -1.9    -4.3
 24.902    -2.6    -6.7    -3.7
 26.562   -12.5   -24.1    -7.1
 28.223   -18.6   -28.4    -8.7
 29.883    -5.0    -8.5    -2.3
 31.543     2.6    12.7    -8.1
 33.203    -2.3     7.0   -14.9
 34.863   -20.2    -7.8    -7.8
 36.523   -10.5   -25.6    -0.4
 38.184    -3.1   -29.3    -5.5
 39.844    -4.7    -4.9    -6.1
 41.504     2.1     5.6     0.8
 43.164     3.0     8.3     0.0
 44.824    -9.3     2.3    -7.4
 46.484   -18.1   -13.3   -11.1
 48.145    -8.1   -25.2   -16.3
 49.805     0.0   -17.0    -9.1
 51.465    -3.7    -4.8     7.4
 53.125     0.0     8.7    -5.0
 54.785    -0.7    16.2   -15.5
 56.445    -5.2     3.0   -17.4
 58.105   -28.2   -30.8   -13.5
 59.766   -17.8   -29.3    -4.6
 61.426    11.4     9.4    -0.1
 63.086    11.2    12.0    -5.1
 64.746     4.4    19.3    -3.9
 66.406   -17.0    -7.8   -10.9
 68.066   -35.3   -35.5   -20.2
 69.727   -12.8   -19.0   -11.4
 71.387    21.2    10.4     5.1
 73.047    19.9     9.0    -3.0
 74.707    -0.9     6.5     5.6
 76.367   -12.2     1.5     7.1
 78.027   -21.8   -22.7   -22.8
 79.688   -20.5   -20.4   -16.6
 81.348    -4.9    -7.2    14.0
 83.008    21.4     0.6     8.2
 84.668     4.3    14.8    -3.5
 86.328   -30.0   -13.2   -16.9
 87.988   -35.8   -32.5   -32.4
 89.648   -25.3   -42.6   -21.4
 91.309    -2.7   -12.3    17.8
 92.969    14.6    22.3    -7.3
 94.629    14.0    12.0   -24.2
 96.289   -13.5    -5.3     2.2
 97.949   -30.8   -20.4    -4.0
 99.609   -22.5   -37.5   -28.7
101.270     1.7   -14.4    -8.4
102.930    13.3    21.8    14.4
104.590    20.5    32.0     4.4
106.250   -20.0   -25.1    -5.8
107.910   -31.0   -24.2   -15.8
109.570   -32.7   -25.8   -22.8
111.230     6.9   -10.3   -13.2
112.891    15.6     7.8     9.6
114.551     3.0    21.4    10.5
116.211    -9.9     1.4    -7.7
117.871   -21.5   -33.4   -13.9
119.531   -15.8   -23.1   -14.8
121.191   -14.2   -23.5   -13.7
122.852    13.6    21.6    10.7
124.512    24.4    22.1     4.8
126.172    -5.7    -2.9   -15.2
127.832   -34.4   -27.3   -12.6
129.492   -33.7   -30.5    -9.9
131.152    -2.1   -27.4   -11.6
132.812     9.7     9.7     5.4
134.473    12.1    22.2    -0.1
136.133     1.6     5.9   -12.4
137.793   -32.4   -30.0    -9.4
139.453   -13.8   -28.3    -4.8
141.113    -7.0   -24.5    -3.8
142.773    18.7    -0.5    -8.8
144.434    12.6    18.9     5.5
146.094   -11.7     7.4    -8.8
147.754   -10.6   -19.4   -19.8
149.414   -23.5   -25.3    -2.6
151.074   -16.9   -17.8    -4.2
152.734    -1.0    -4.2    -8.7
154.395    16.4     7.8    -0.2
156.055     2.1     4.0    -6.3
157.715   -27.8   -19.0   -17.9
159.375   -19.2   -26.3   -21.2
161.035   -13.8   -21.5   -22.7
162.695    18.2     3.6    13.3
164.355    11.5     1.1    -5.0
166.016     1.5     0.1   -16.9
167.676   -24.9   -10.9   -11.1
169.336    -3.3   -26.1   -17.1
170.996    -3.3   -15.0    -3.8
172.656    16.9    12.2     9.4
174.316     6.2    10.2     4.4
175.977    -6.0    -3.9   -21.4
177.637   -11.8   -11.4   -11.9
179.297   -24.7   -19.7     0.9
180.957   -11.6   -14.2   -24.6
182.617     6.4    -6.8    -9.8
184.277     5.2    10.9    17.1
185.938    -3.9    -5.7   -11.8
187.598    -3.3    -2.8   -13.7
189.258   -15.5   -18.8   -14.1
190.918   -16.7    -7.6   -16.7
192.578    -5.2   -13.6    -3.4
194.238    10.4     6.0     7.4
195.898    -7.3    18.0    -1.8
197.559   -11.9    -7.6   -11.5
199.219   -14.5   -26.1   -10.2
200.879   -15.5   -11.7    -2.9
202.539    -4.1    -6.8    -1.3
204.199     1.0     1.6    -3.8
205.859     4.6    15.6    -8.4
207.520    -3.0     1.7   -13.9
209.180   -15.6   -23.9    -4.2
210.840    -3.0   -20.2   -12.6
212.500    -7.7   -12.4   -13.0
214.160    -2.6    -6.6   -14.2
215.820   -15.6    12.0     4.2
217.480     1.4    -4.0    -9.5
219.141    -6.5   -14.8    -1.5
220.801   -17.3   -18.8     2.4
222.461   -11.5   -21.9   -12.1
224.121   -21.2   -16.0    -8.5
225.781  -113.0   -69.4    -7.0
227.441  -145.5  -119.1   -11.5
229.102  -155.5  -145.5    -6.3
230.762  -151.8  -183.5     6.3
232.422  -107.3  -167.5   -10.3
234.082   -87.0  -131.7    -8.9
235.742   -80.4   -75.7   -15.2
237.402   -77.8   -55.5   -18.7
239.062   -48.2   -42.8     3.1
240.723   -19.0   -48.3     4.8
242.383   -26.0   -56.5   -10.2
244.043   -34.4   -20.8     1.0
245.703   -30.7   -16.4    -8.7
247.363   -31.1    -4.8   -23.1
249.023     0.0    -3.3     3.1
250.684    -1.0   -13.0    13.8
252.344    -9.9   -40.0    -7.1
254.004    -6.8   -36.9   -12.7
255.664   -19.7    -2.6   -11.6
257.324   -20.7    -2.7   -26.0
258.984   -11.6    -1.6    -5.2
260.645     2.6    -9.5     6.3
262.305    -2.3   -30.8    -4.4
263.965    -3.3   -17.4    -2.0
265.625   -15.1     5.8   -17.1
267.285   -19.5     6.6   -17.5
268.945   -26.0    -6.2   -29.1
270.605    -4.5    -7.4     7.8
272.266     6.4   -18.4     1.8
273.926     2.1   -26.5     1.5
275.586   -20.2   -10.1    -3.5
277.246   -15.2     2.5   -15.3
278.906    -5.0    -4.7   -14.5
280.566    -5.9    -4.7   -15.6
282.227    -2.2    -6.1    -1.6
283.887    -1.4   -18.7     5.0
285.547    -3.1   -17.7     4.9
287.207    -8.6    -4.7    -5.0
288.867   -13.3     1.3   -17.8
290.527   -19.8     0.5   -21.8
292.188    -6.6   -16.2    -8.7
293.848    -4.3   -13.7    -1.8
295.508     1.1    -7.5     3.3
297.168    -8.3    -0.7     5.3
298.828    -8.8    -5.4   -17.3
300.488   -16.0    -6.4   -23.6
302.148   -26.9    -8.6    -3.4
303.809   -11.2   -14.8     0.0
305.469     4.6   -13.2    -2.2
307.129    -8.6    -0.4    -3.5
308.789   -12.1     1.2     0.0
310.449    -5.9    -8.4   -10.5
312.109   -15.2   -16.6   -11.6
313.770   -10.1   -15.1   -10.0
315.430    -2.9   -10.0    -8.4
317.090     0.8    -5.5    -3.7
318.750    -9.4     0.5     2.0
320.410    -3.3    -2.6    -4.6
322.070    -9.7   -17.1   -17.1
323.730   -18.5    -9.8    -8.1
325.391   -14.0     0.3     0.7
327.051    -5.0    -7.5    -7.6
328.711    -0.3   -10.8   -17.9
330.371    -6.1     3.4     0.8
332.031    -0.4   -22.4   -10.5
333.691    -8.1   -27.0   -21.5
335.352   -13.1     7.9     7.1
337.012    -9.9     8.8     2.0
338.672   -11.1   -15.3   -14.5
340.332    -3.1    -4.7     9.7
341.992     0.6    -4.3    14.4
343.652     1.2   -15.6   -19.5
345.312    -9.7    -3.9    -6.9
346.973   -21.9     2.5     0.8
348.633   -16.0   -24.1   -30.0
350.293     7.8   -19.3     3.5
351.953    12.2     0.0    20.0
353.613     1.1     5.4   -10.3
355.273   -16.9    -5.2    -9.7
356.934   -24.6    -6.9    -9.6
358.594   -10.2   -22.4   -15.4
360.254    -8.7   -23.6   -14.6
361.914    14.0    -1.7    13.0
363.574     7.5    13.3     0.7
365.234     2.4     8.8    -4.8
366.895   -22.8   -11.6   -19.4
368.555   -30.5   -15.4   -18.0
370.215    -9.5   -23.1    -2.6
371.875    16.6    -4.8     9.9
373.535     6.8    14.6    -3.6
375.195     6.1    14.1    -5.0
376.855   -29.3   -22.5   -13.1
378.516   -23.8   -30.2   -13.6
380.176    -4.7   -23.0    -4.2
381.836     8.3    -0.4     8.9
383.496    13.2    15.6    -2.3
385.156    -9.8    10.9   -15.1
386.816   -28.8   -10.9    -5.8
388.477   -16.8   -36.5   -14.1
390.137    -0.1   -25.6   -11.5
391.797     1.4     7.4    11.2
393.457     1.2    12.2     8.4
395.117    -6.0     6.5   -18.1
396.777   -15.8     0.2    -3.5
398.438   -18.2   -15.8    -3.6
400.098    -5.3   -31.5   -14.1
401.758     2.1    -7.7     4.4
403.418    -8.6     7.6    -5.3
405.078    -6.7     9.1   -17.0
406.738   -11.5    -9.3    -9.3
408.398   -14.2   -20.5    -4.0
410.059     5.8   -15.5     7.3
411.719   -13.1     2.8   -23.3
413.379    -5.8    -1.2   -16.3
415.039   -20.7    -3.1    -6.3
416.699     2.8   -18.2    -8.5
418.359     9.6    -9.9     0.0
420.020    10.0    -8.4    10.2
421.680   -13.8    -3.7   -17.5
423.340   -29.9    -1.1   -25.0
425.000   -14.1    -7.1    -3.4
426.660     1.2    -7.6    -7.3
428.320    13.1    -7.6    14.2
429.980     5.4    -4.0     9.3
431.641   -21.8    -8.2   -22.3
433.301   -22.4   -18.7   -24.2
434.961   -13.4    -6.6    -8.9
436.621    -4.5     2.5    -2.9
438.281    12.5    -2.0     8.5
439.941     8.0    -5.3     4.7
441.602   -17.6     1.6   -10.8
443.262   -24.1   -18.2   -22.4
444.922   -17.0   -18.5   -17.6
446.582    11.2     5.7     1.7
448.242    13.3     5.7     3.9
449.902    -9.0    -1.8    -6.4
451.562   -26.8   -12.0   -10.3
453.223   -33.6   -23.6   -14.8
454.883    -3.6    -4.0     1.1
456.543     5.3     6.3    -0.6
458.203    -0.8     9.4    -2.6
459.863    -2.5     3.3    -1.1
461.523   -23.7   -19.9   -12.0
463.184    -8.4   -12.9    -8.5
464.844    -8.1   -13.3    -9.0
466.504     8.1     9.0    -3.6
468.164     9.8    11.6    -5.2
469.824   -10.6     1.8    -5.7
471.484   -27.2   -27.2    -9.6
473.145   -13.8   -25.2    -9.1
474.805     7.8     4.8    -0.8
476.465     5.4     9.3    -1.3
478.125    -1.6    12.1    -3.7
479.785   -12.2    -3.5    -9.9
481.445   -24.6   -18.3   -15.7
483.105   -28.7   -34.4   -16.5
484.766     5.8   -10.1    12.3
486.426    13.9    10.0    -8.0
488.086    -1.2    11.0   -17.1
489.746   -24.1     0.0    -2.4
491.406   -27.6   -13.2    -6.8
493.066    -5.1   -28.4    -9.7
494.727    12.6   -12.2     9.2
496.387    11.8    12.2    -4.6
498.047   -11.3     3.5   -25.0
499.707   -28.8   -10.5    -0.6
501.367    -4.9   -26.7   -14.5
503.027     7.4   -14.7     4.5
504.688    -1.1    15.6     1.9
506.348    -2.7    10.4   -13.7
508.008   -15.5    -3.8   -25.9
509.668   -25.4   -13.4    -2.7
511.328    -4.9   -18.3    -8.5
512.988     9.1   -13.3     5.1
514.648     7.3     4.8    14.4
516.309    -6.4    12.9     1.7
517.969   -25.0    -9.8   -22.5
519.629   -20.6   -11.3   -13.2
521.289   -11.7   -13.3     4.3
522.949     5.6   -16.5    -4.5
524.609    11.8    -4.4     4.4
526.270   -18.7     7.0   -13.2
527.930   -24.2    -7.8   -25.4
529.590   -24.1   -15.4   -18.5
531.250     6.1   -10.9     1.7
532.910     8.9    -5.3     1.9
534.570     6.5    -4.0    -2.9
536.230   -15.0    -2.7   -11.1
537.891   -19.9   -10.1   -20.8
539.551    -6.4    -9.4    -1.0
541.211     9.0    -4.8     8.4
542.871    12.6    -7.7    -3.3
544.531   -24.5    -6.7    -7.1
546.191   -24.3    -9.7   -17.4
547.852    -9.7    -8.3   -18.9
549.512    -5.5     0.7     2.3
551.172     4.4     1.2    10.1
552.832    12.2   -13.2   -11.5
554.492     6.6   -10.9    -8.6
556.152   -28.2    -4.1    -5.4
557.812   -11.9   -12.4   -27.7
559.473     0.9     3.2    10.1
561.133     4.3     2.1    11.0
562.793     5.6   -13.2   -13.6
564.453   -30.3    -7.6    -8.0
566.113   -29.4    -7.4    -6.9
567.773    -7.7    -1.0    -6.5
569.434     8.3     0.1    -5.7
571.094     0.0     0.0    -3.6
572.754    -7.4    -0.4     3.0
574.414   -17.3   -24.1   -16.5
576.074   -17.2    -9.3   -21.2
577.734   -11.0    11.6    -3.6
579.395    10.2     1.6    -0.5
581.055    -9.7    -5.4     1.4
582.715   -17.1    -9.8     2.6
584.375   -16.8   -13.1    -0.4
586.035    -7.9    -3.0   -11.0
587.695    -1.8    10.7    18.8
589.355     8.2    -3.5   -11.8
591.016     2.8    -8.3   -18.5
592.676    -3.7   -14.3    -5.1
594.336   -22.4   -11.0   -12.6
595.996    -4.3    -4.6    -2.7
597.656     6.0     9.2    14.5
599.316     6.3     9.8    -7.6
600.977     0.7    -5.1   -18.1
602.637   -12.1   -22.7   -10.3
604.297   -21.3    -9.3    -8.7
605.957   -15.8    -2.5   -11.3
607.617     6.9     0.6    -2.2
609.277    -4.7     7.9    -4.7
610.938    -7.4    -5.7   -11.5
612.598   -14.4   -21.7    -4.8
614.258    -9.1    -9.2    -6.8
615.918    -9.0    -3.2    -5.2
617.578     3.1    -2.7    -6.0
619.238     3.2    -6.6    -5.8
620.898    -6.4    -8.3    -6.4
622.559    -9.7    -7.3    -8.6
624.219   -11.9    -4.6    -5.5
625.879    -5.2    -8.7    -9.5
627.539    -8.8   -10.5    -5.3
629.199     6.8    -9.6    -6.8
630.859    -8.5    -8.1   -17.0
632.520    -9.1    -7.3   -17.2
634.180   -13.5    -4.4    -2.7
635.840    -0.8   -12.1   -16.2
637.500    -0.8   -10.4    -8.2
639.160    -6.0    -5.3     4.6
640.820    -3.0    -7.9   -15.9
642.480   -12.9     1.7    -4.2
644.141   -18.9    -1.8    -6.2
645.801    -3.5    -6.4    -2.7
647.461    -0.1   -10.3     0.2
649.121    -7.9   -10.6    -9.7
650.781    -7.8    -2.0    -5.8
652.441    -3.7     1.6    -4.6
654.102   -17.4    -3.0   -23.3
655.762    -7.7    -5.5     1.7
657.422     9.4    -9.5     2.6
659.082     6.0    -7.7   -10.3
660.742   -14.7    -2.6   -11.8
662.402   -20.3    -5.6   -20.7
664.062   -22.8    -6.5   -19.3
665.723    -6.3   -10.7    -0.1
667.383    10.2    -5.6     9.7
669.043     3.3     0.1   -12.2
670.703   -10.4    -4.7    -7.3
672.363   -27.4    -9.6   -16.0
674.023   -11.0   -12.2   -15.0
675.684     6.0     3.3    11.2
677.344     5.1     6.4    12.0
679.004     6.2    -7.8    -4.5
680.664    -3.4   -15.4   -11.7
682.324   -28.7    -3.7   -19.0
683.984   -26.9    -9.4   -17.9
685.645     8.1    -8.7     0.0
687.305    12.5    10.7     7.8
688.965     6.4     0.9    -2.1
690.625    -8.1    -9.5   -15.2
692.285   -31.4   -20.7   -13.0
693.945   -25.7   -23.9   -17.2
695.605     5.2    -9.7     1.8
697.266    14.1    10.2     4.6
698.926    -2.9     2.2   -11.7
700.586   -23.3   -16.4   -15.9
702.246   -22.3   -26.9   -12.1
703.906    -0.2   -13.0    -6.1
705.566     5.6     8.5     3.4
707.227     4.8     8.4     0.8
708.887    -6.6    -2.4    -7.5
710.547   -14.3   -12.3   -10.6
712.207   -22.1   -19.2   -11.3
713.867     0.5    -7.6   -11.9
715.527     0.2     8.6    -2.6
717.188     1.4     5.2    -7.9
718.848    -2.5    -3.9   -12.2
720.508   -10.1   -16.4   -15.7
722.168   -19.8   -15.6    -4.3
723.828     6.4     0.9     4.0
725.488     9.9     4.4    -3.6
727.148   -13.2    -3.4   -12.9
728.809   -11.9   -11.5    -4.7
730.469    -5.8   -13.0    -8.5
732.129   -10.7    -8.9    -3.8
733.789     2.6     1.9    10.1
735.449     4.7    -5.5   -10.6
737.109    -7.0    -9.8   -22.3
738.770   -18.6   -11.1    -3.9
740.430    -3.6    -6.7    -6.8
742.090    11.8    -0.8   -19.0
743.750     2.4    12.9     6.6
745.410    -3.1     3.0    -2.4
747.070   -18.1   -30.7   -23.3
748.730   -18.3   -18.3    -6.1
750.391   -17.1    -4.5     4.2
752.051     8.3     9.1    -5.2
753.711     2.2     8.3     2.9
755.371    -6.6    -1.7     6.3
757.031    -8.2   -33.9   -24.9
758.691    -8.1   -32.7   -23.2
760.352   -18.0    -9.7     1.8
762.012    -2.0     9.5   -12.5
763.672     8.0     9.5     7.2
765.332    -5.3     1.7     1.0
766.992   -24.1   -28.2   -15.1
768.652    -9.3   -39.1    -9.3
770.312    -3.4   -13.0    -2.3
771.973    -0.6    18.1   -15.1
773.633    -3.0     7.8    -7.3
775.293    -5.8    -4.8    -0.9
776.953    -1.2   -29.3    -6.3
778.613    -9.3   -22.2     2.1
780.273    -7.4   -18.8   -11.4
781.934   -18.5     7.0   -12.6
783.594   -12.5    -0.4   -11.6
785.254     2.2    -3.3     2.8
786.914     8.5   -16.9    -1.8
788.574    -4.6   -19.0    -2.5
790.234    -9.2    -6.3    -8.5
791.895   -12.1    -6.2   -16.7
793.555   -15.8     5.6   -15.9
795.215    -0.8     3.6     7.5
796.875     5.4   -14.4     0.4
798.535     9.6   -24.7   -11.1
800.195   -11.9    -5.7   -17.6
801.855   -13.8    -4.4   -14.2
803.516   -12.9     7.1     2.3
805.176    -3.1     4.3     8.9
806.836     0.1    -1.5     0.5
808.496     0.5   -15.7    -5.0
810.156   -21.1   -12.8   -12.2
811.816   -20.7   -11.9   -18.0
813.477   -10.3    -1.2   -13.1
815.137     2.5     2.1    -1.2
816.797     1.1     4.1    -2.8
818.457     0.9    -4.6    -4.8
820.117    -8.0   -22.9    -7.0
821.777   -19.8   -15.4   -11.7
823.438    -2.3     2.5    -0.9
825.098     9.0     5.5   -13.2
826.758    -4.3     7.7    -6.9
828.418   -16.2    -7.9     5.8
830.078   -12.3   -31.2   -18.2
831.738    -3.8   -12.7    -7.1
833.398     3.1    10.2    14.7
835.059     1.5     2.1   -18.3
836.719    -6.9    -1.0   -10.2
838.379   -19.1   -12.2    -4.1
840.039   -17.3   -26.4   -21.4
841.699     0.2   -18.3     0.0
843.359     7.0    20.3     5.5
845.020     0.9    13.8   -16.1
846.680   -13.1   -15.2   -17.4
848.340   -30.8   -21.2   -16.5
850.000   -17.9   -22.9    -4.9
851.660    13.7   -15.0     9.8
853.320    30.3    13.7    12.2
854.980    -4.2    15.6   -11.0
856.641   -21.0    -7.2   -23.8
858.301   -30.3   -27.2   -13.6
859.961   -14.9   -18.1    -0.8
861.621    16.0    -2.0     8.6
863.281    19.6    16.8     4.2
864.941    -9.6     2.4   -10.5
866.602   -33.8   -23.0   -20.9
868.262   -28.4   -25.4   -21.4
869.922   -11.8   -22.1    -6.7
871.582    14.9    19.6    17.3
873.242    16.7    17.9     9.9
874.902   -19.1   -12.3   -18.7
876.562   -35.4   -15.6   -11.8
878.223   -30.9   -24.3   -12.4
879.883     8.0    -8.5    -7.8
881.543    11.1    12.1    18.9
883.203     4.4     5.9     5.7
884.863    -7.0    -8.8   -19.5
886.523   -23.0   -14.9    -7.3
888.184   -21.6   -15.4   -13.2
889.844   -13.3   -14.2   -12.4
891.504    14.3     5.8     7.8
893.164     7.1     5.6    12.6
894.824   -15.1    -7.7   -11.7
896.484    -4.6   -16.0   -13.7
898.145    -8.8    -9.0   -13.1
899.805    -4.5     5.5    -2.9
901.465     2.0     6.1     2.1
903.125     1.8    -6.7    -7.2
904.785   -12.3   -19.1   -14.8
906.445   -10.3   -15.0     3.6
908.105    -0.4    -2.1   -13.5
909.766     0.7    -2.4   -10.9
911.426   -12.0     1.4     5.9
913.086   -12.4    -2.6    -5.4
914.746    -7.2   -18.4   -10.7
916.406     5.8    -1.8    -1.6
918.066    -3.5     5.6    -1.8
919.727    -7.2    -7.5   -12.8
921.387   -15.1    -5.0    -8.6
923.047   -14.5   -17.0   -13.5
924.707    -3.0   -23.2   -10.0
926.367     7.1    -3.7     4.3
928.027     1.4     2.5   -10.7
929.688    -7.4    -6.9   -15.9
931.348   -16.0    -6.3   -11.3
933.008   -21.8    -7.8    -8.9
934.668     8.6   -12.5   -11.6
936.328     8.8    -8.3    -2.9
937.988    13.0     4.3    -2.4
939.648   -23.4   -14.2   -10.1
941.309   -24.3   -12.4    -7.6
942.969   -18.8   -13.7    -9.9
944.629     7.5     2.0    -3.3
946.289     4.8     2.1     0.8
947.949    -0.4    -7.0    -3.9
949.609   -10.1    -7.3    -7.6
951.270   -23.7   -14.2   -11.8
952.930   -20.6   -14.9    -8.1
954.590     7.5     5.4    -7.6
956.250     6.2     7.6    -2.4
957.910    -3.2    -3.1    -2.6
959.570    -4.5   -20.5   -14.3
961.230   -15.6   -15.8    -6.2
962.891   -14.7    -5.0    -7.4
964.551     3.1     4.2    -4.3
966.211     5.9     2.3    -8.7
967.871     2.7     4.2    -4.0
969.531   -14.3    -9.4    -1.0
971.191   -10.1   -21.5   -10.9
972.852   -10.6    -2.2    -6.9
974.512    -1.5     7.4    -2.3
976.172     5.0     4.3    -4.9
977.832   -17.0   -14.3   -13.5
979.492   -19.1   -17.3    -6.0
981.152    -4.5   -15.3    -3.1
982.812     7.0   -11.1   -11.2
984.473   -10.0    13.5     7.2
986.133   -12.8   -13.0   -19.7
987.793   -20.2   -21.6   -21.1
989.453    -9.3   -14.6     1.1
991.113    -3.2    -0.3    12.3
992.773     5.8     0.6    -9.7
994.434    -2.3     7.2    -1.3
996.094   -11.7     3.8     8.2
997.754   -14.3   -29.7   -36.1
999.414   -12.5   -23.7   -18.1
1001.074     3.7     6.1    14.1
1002.734     8.4     8.3    -4.2
1004.395     6.7     3.4   -16.3
1006.055   -18.7    -4.1    -0.3
1007.715   -24.6   -10.6    -7.0
1009.375   -16.0   -31.4   -20.5
1011.035     9.4     0.3    14.1
1012.695    13.2    23.2     1.8
1014.355     6.8    17.0    -6.9
1016.016   -19.8   -19.5    -9.1
1017.676   -28.3   -18.4   -12.9
1019.336   -13.8   -19.3   -16.4
1020.996    12.2     0.1     1.7
1022.656    13.2    23.6     6.1
1024.316    -1.3    10.0    -4.6
1025.977   -15.5   -18.9    -6.3
1027.637   -20.8   -30.3   -17.2
1029.297   -15.2   -16.3   -11.2
1030.957    10.2     9.5     8.1
1032.617    13.7    16.3     5.4
1034.277     6.4     6.5    -6.1
1035.938   -17.9   -16.9   -11.7
1037.598   -12.8   -30.6   -15.5
1039.258   -15.2   -32.8   -16.6
1040.918    -5.8    10.8     5.8
1042.578    16.3    14.3    -7.0
1044.238     9.8     8.4   -15.8
1045.898   -12.4   -11.1    -6.6
1047.559   -18.3   -31.5   -12.6
1049.219    -1.6   -21.7   -21.3
1050.879     3.8    17.4     3.7
1052.539     1.8    12.1    -6.1
1054.199    -6.2   -19.1   -10.7
1055.859   -17.5   -24.6    -4.2
1057.520   -12.1   -15.0   -10.1
1059.180     0.2    -6.2    -7.7
1060.840     1.8     2.1    -3.2
1062.500    -6.4    10.2    -6.1
1064.160    -6.1    -0.3    -3.7
1065.820    -8.7   -30.1   -17.4
1067.480    -8.9   -29.3   -18.2
1069.141   -13.8   -10.4    -6.3
1070.801     7.1     3.7     1.9
1072.461     1.9     7.2   -11.9
1074.121   -13.6    -6.2    -8.2
1075.781   -23.7   -13.2    -3.5
1077.441   -15.9   -30.8   -19.7
1079.102    -4.7   -18.8   -10.8
1080.762    12.6    20.0     6.4
1082.422     7.9    16.6   -10.8
1084.082    -5.6    -8.7   -11.6
1085.742   -24.9   -29.6   -16.4
1087.402   -18.2   -23.6   -20.3
1089.062    10.9    -3.0     3.4
1090.723    15.5    23.0     8.5
1092.383    -1.3     2.1    -5.3
1094.043   -13.6   -27.1   -12.2
1095.703   -26.2   -28.9   -15.8
1097.363   -13.4   -14.9    -7.2
1099.023    16.5    10.9     6.2
1100.684    17.7    27.9     0.8
1102.344    -5.2     4.1    -6.7
1104.004   -14.3   -29.2   -14.0
1105.664   -28.7   -28.2   -19.7
1107.324   -19.7   -19.0   -11.8
1108.984     5.4     8.9     2.7
1110.645    13.4    22.5     8.9
1112.305    -0.1     0.6    -3.8
1113.965   -13.1   -16.0   -10.8
1115.625   -22.6   -31.7   -14.0
1117.285   -16.9   -25.5   -17.7
1118.945    -7.5    -9.2   -12.4
1120.605     0.9    22.9     7.0
1122.266    16.0    10.5     0.7
1123.926    -6.9   -19.2    -5.9
1125.586   -26.9   -30.8    -9.6
1127.246   -29.4   -38.6   -20.8
1128.906   -17.7   -18.6   -13.7
1130.566     6.3    18.4     4.7
1132.227     3.1     7.4    -1.6
1133.887     2.9     1.1    -3.9
1135.547   -19.7   -29.7   -14.8
1137.207   -24.2   -23.9   -12.3
1138.867    -4.2     0.3     2.7
1140.527     4.0    10.6    -9.4
1142.188     2.1    11.3    -7.5
1143.848    -2.3    -5.4     1.4
1145.508   -11.0   -21.0   -11.9
1147.168   -18.7   -23.9   -10.7
1148.828   -11.6    -0.2     8.8
1150.488     2.4    11.1    -5.1
1152.148     3.4     1.0    -8.4
1153.809    -8.2    -7.0     5.1
1155.469   -11.2   -21.1   -10.9
1157.129   -19.9   -27.6   -18.3
1158.789   -13.9    -1.6     4.0
1160.449    -7.3    10.8     7.9
1162.109     9.7     4.9   -15.8
1163.770    -1.7    -3.7     1.0
1165.430   -17.8   -14.8   -13.3
1167.090    -8.0   -24.1   -17.3
1168.750    -8.2   -15.3    -2.4
1170.410    -3.0     6.8    14.1
1172.070     1.9     4.1   -11.7
1173.730    -1.4    -5.3    -8.8
1175.391   -17.3    -9.6    -4.0
1177.051   -20.5   -26.8   -12.4
1178.711    -2.8   -14.1    -1.6
1180.371     9.5    14.4     2.0
1182.031     1.8     8.2   -12.2
1183.691    -3.3     1.7   -10.9
1185.352   -18.5   -19.6   -11.4
1187.012   -20.4   -22.1   -11.7
1188.672     0.4    -5.6    -0.6
1190.332    14.5    13.8     4.3
1191.992     2.3    11.9    -9.0
1193.652   -19.0   -15.6   -12.5
1195.312   -19.8   -26.8   -20.0
1196.973   -19.6   -32.0   -15.5
1198.633    -3.2    -2.4     2.1
1200.293    15.6    14.8     1.8
1201.953    19.1    15.7    -9.3
1203.613     3.5     7.0   -14.5
1205.273   -34.4   -36.5   -15.3
1206.934    -3.5   -29.4   -15.4
1208.594    -5.7   -23.7   -10.8
1210.254     4.4     0.6     3.7
1211.914    15.9    21.0    -2.2
1213.574    12.3    15.4    -3.9
1215.234   -37.3   -39.2    -8.9
1216.895   -28.6   -41.0   -16.0
1218.555     0.9   -14.6    -1.4
1220.215    10.5    21.3     7.6
1221.875     3.0    25.5     1.2
1223.535   -12.7    -6.2   -12.9
1225.195   -24.8   -37.3   -16.9
1226.855   -29.8   -40.0    -9.4
1228.516    14.9    -0.4    -7.7
1230.176    15.6    17.4    -5.5
1231.836     8.9    34.9     0.7
1233.496    -3.8    24.3     1.5
1235.156   -13.4   -12.1    -9.3
1236.816   -18.0   -37.5    -7.6
1238.477   -17.5   -29.8     6.8
1240.137    10.3    15.7    -6.1
1241.797    16.1    18.7   -21.8
1243.457    -8.7    30.6    -5.0
1245.117   -19.6   -30.2   -20.4
1246.777   -20.9   -36.4   -21.0
1248.438    -5.1   -30.7    14.1
1250.098     3.2     9.9    17.3
1251.758     3.8    23.6   -24.1
1253.418   -12.5    11.4    -7.5
1255.078   -24.0    -7.2     4.1
1256.738   -23.2   -22.4    -6.0
1258.398   -12.6   -39.2   -16.7
1260.059     8.4   -10.3     7.4
1261.719     7.7    11.7     8.2
1263.379    -9.1    14.2   -17.0
1265.039   -13.7   -12.5   -17.7
1266.699   -20.5   -21.9    -7.7
1268.359     1.9   -24.2     7.8
1270.020    10.4   -14.3     3.9
1271.680     4.7    18.3    -2.1
1273.340    -6.8    15.8   -12.7
1275.000   -18.2    -7.0   -17.6
1276.660   -20.3   -14.7   -11.6
1278.320    -7.4   -26.7    -6.1
1279.980    -0.8   -18.4     5.4
1281.641    12.1     9.7     2.3
1283.301     9.7    12.6    -4.3
1284.961   -17.7     0.5   -18.7
1286.621   -24.5    -8.9    -9.9
1288.281   -10.1   -28.4   -13.5
1289.941    -3.2   -11.1     1.6
1291.602     2.6     2.3    12.3
1293.262     0.0     2.8     2.4
1294.922    -8.1     1.5    -7.8
1296.582   -18.3   -12.2   -11.7
1298.242   -15.1   -25.3   -22.7
1299.902    -7.5   -22.2   -18.3
1301.562    -1.1     0.9     7.6
1303.223     2.5    -0.2    -5.4
1304.883     8.6     0.2    -9.1
1306.543   -11.9    -2.7   -10.9
1308.203   -22.7   -15.8   -24.3
1309.863   -13.2   -18.1    -9.1
1311.523     3.0    -6.0    -1.8
1313.184     3.6     4.4    -1.1
1314.844     8.0     0.8     8.4
1316.504    -5.9    -7.8   -16.5
1318.164   -23.2    -8.4   -26.5
1319.824   -22.2   -12.4    -9.7
1321.484     1.5   -12.6   -10.2
1323.145     8.3    -6.2    -3.9
1324.805    13.9     6.9    12.4
1326.465    -3.3     1.3    -3.5
1328.125   -11.9    -6.9   -23.1
1329.785   -26.2   -17.7   -11.8
1331.445   -15.3    -5.4    -4.5
1333.105    12.3    -6.0    -2.3
1334.766    19.9    -0.9     4.2
1336.426    -7.8     4.9    -6.3
1338.086   -20.9   -11.2   -20.1
1339.746   -27.4   -23.2   -25.9
1341.406   -14.0    -5.5    -5.8
1343.066     2.8     4.9     2.9
1344.727    22.0    -0.6     6.7
1346.387     3.6     4.9    -2.4
1348.047    -8.5     1.8    -7.0
1349.707   -32.4   -25.7   -23.5
1351.367    -8.1    -5.5    -6.4
1353.027    10.0    10.4     6.8
1354.688    13.9     9.0     7.9
1356.348    16.9    10.5     3.5
1358.008    -7.9     0.6    -6.4
1359.668   -31.0   -29.3   -24.6
1361.328   -23.7   -22.3   -14.8
1362.988     0.5    -2.7     0.4
1364.648    15.2    19.2     3.3
1366.309     9.9    14.9     2.8
1367.969    -7.2     4.0    -5.1
1369.629   -26.9   -35.7   -23.0
1371.289   -17.8   -24.4   -14.8
1372.949     2.5     2.2     2.9
1374.609    20.8    18.9     0.7
1376.270     9.8    12.8    -1.3
1377.930   -30.6   -30.7   -21.8
1379.590   -28.5   -30.8   -21.2
1381.250   -12.3   -28.8   -12.9
1382.910     2.2     2.8     0.2
1384.570    12.4    21.0     2.3
1386.230     4.1    10.5    -4.9
1387.891   -32.0   -28.6   -23.8
1389.551   -25.6   -36.8   -10.7
1391.211     7.2   -13.7     2.7
1392.871    16.4    11.3    -8.1
1394.531    11.2    24.4     0.8
1396.191     6.0    19.0     3.5
1397.852   -26.3   -22.3   -22.4
1399.512   -23.9   -33.3   -10.2
1401.172    17.9     0.1     7.1
1402.832    22.6     5.4    -9.5
1404.492    -7.6    20.8     1.7
1406.152    -4.6    21.2    -0.4
1407.812   -30.6   -30.1   -26.6
1409.473   -26.1   -36.1   -32.0
1411.133    -9.2   -26.7    -0.5
1412.793    16.3    12.4    14.5
1414.453    17.7     9.7   -14.1
1416.113    -6.0     2.8    -7.3
1417.773   -30.9    -7.0    -6.9
1419.434   -40.2   -25.1   -19.6
1421.094     6.2   -16.3     2.6
1422.754    22.4    19.8    17.5
1424.414    13.5    22.9    -1.9
1426.074   -10.0    -3.8   -15.5
1427.734   -29.6   -20.5   -15.4
1429.395   -30.9   -28.4   -21.6
1431.055     3.0   -15.9    -1.3
1432.715    21.4    19.1    11.6
1434.375     1.9    22.9    -3.3
1436.035    -5.6     7.1   -13.5
1437.695   -25.8   -25.5   -15.3
1439.355   -18.7   -27.2    -9.0
1441.016    -2.9   -11.7    -0.6
1442.676    17.0    20.6     4.6
1444.336     0.8    10.9    -4.2
1445.996   -21.3    -7.3   -11.6
1447.656   -22.1   -29.3   -16.3
1449.316   -13.5   -32.9   -17.0
1450.977    -6.4     0.0    -2.1
1452.637    -1.6    14.0     7.9
1454.297     9.2    12.8   -10.5
1455.957    -4.8     0.0   -16.1
1457.617   -10.1   -29.6    -6.9
1459.277   -10.5   -29.6    -5.5
1460.938    -4.0   -32.7   -12.9
1462.598    -6.4    -2.9    -4.5
1464.258    -4.5    13.7    -4.2
1465.918     0.5     4.9   -23.7
1467.578   -14.2    -9.2     1.5
1469.238   -13.6   -24.1     1.2
1470.898    -4.0   -30.7    -8.6
1472.559    -0.4   -25.5    -8.1
1474.219   -10.2     5.4    -5.7
1475.879   -12.9    19.3   -15.8
1477.539    -0.2    -3.2   -11.2
1479.199    -3.3   -20.6     3.8
1480.859    -5.7   -18.4     4.4
1482.520    -3.8   -20.0    -3.9
1484.180   -12.4    -3.7   -21.6
1485.840   -19.6    20.9    -3.8
1487.500    -7.3    17.1    -1.1
1489.160    10.1   -10.0    -9.0
1490.820    -2.7   -23.2    11.6
1492.480    -4.5   -17.6     9.7
1494.141   -14.4   -13.2   -35.1
1495.801   -15.8    -3.7   -33.0
1497.461    -6.6     9.4     0.0
1499.121     1.0     5.1    -4.3
1500.781     6.2   -27.1    -5.5
1502.441   -12.1   -15.3    -0.5
1504.102   -22.8    -5.1   -27.6
1505.762   -13.2     4.6   -20.2
1507.422   -14.8    10.9    -6.7
1509.082    -1.7    -4.2    -6.1
1510.742     3.1   -13.5    -3.8
1512.402     7.2   -32.6     8.4
1514.062   -20.9     5.7   -13.3
1515.723   -22.5     1.8   -23.2
1517.383   -13.8    -0.3   -16.3
1519.043    -5.6    -2.1    -3.0
1520.703    -4.7    -1.6    -3.8
1522.363     6.4   -21.1     2.9
1524.023   -10.1     1.7    -8.5
1525.684   -17.3     1.1   -12.4
1527.344   -18.9     0.1   -16.0
1529.004   -10.3    -8.2   -15.3
1530.664     0.9   -20.4    -4.2
1532.324     2.3   -17.1     6.2
1533.984     1.0    -2.1     6.1
1535.645    -7.1     1.8   -16.5
1537.305   -21.9     8.4    -7.5
1538.965   -12.4   -16.0    -9.0
1540.625    -8.3   -24.7   -16.5
1542.285     3.9   -15.2    -5.5
1543.945     1.0     2.2     5.3
1545.605    -2.7     3.2    -0.4
1547.266    -5.2     2.8   -14.6
1548.926   -23.2    -9.6   -13.1
1550.586   -11.4   -21.1   -15.4
1552.246     4.5    -3.6    12.3
1553.906     8.2     1.9     9.5
1555.566    -7.9     0.9   -15.9
1557.227   -12.6     0.7   -11.3
1558.887   -11.1    -8.1    -1.6
1560.547   -13.0   -15.3    -3.3
1562.207    -4.0   -13.0   -10.5
1563.867     2.5     2.1    -6.9
1565.527   -12.0    -0.4   -11.1
1567.188   -10.9    -2.3    -4.6
1568.848    -7.7    -7.4     4.0
1570.508     2.4   -15.1   -15.5
1572.168    -6.2    -3.3     0.7
1573.828    -4.5     0.7     3.0
1575.488   -10.4     0.5   -10.3
1577.148   -16.7   -12.3   -12.1
1578.809    -5.5    -9.0     6.4
1580.469     6.1    -8.2    -1.3
1582.129     8.9   -12.8   -14.2
1583.789    -2.3    -4.7    -6.9
1585.449   -18.2     7.7    -7.9
1587.109   -22.2   -15.2   -20.2
1588.770   -13.5   -22.1   -14.9
1590.430     6.5    -4.3     9.2
1592.090    12.4     3.3    -3.7
1593.750     2.8     1.1    -8.7
1595.410   -10.8     3.8    -7.0
1597.070   -26.5   -16.1   -15.4
1598.730   -15.1   -24.9   -21.2
1600.391     1.7   -13.1     0.0
1602.051    12.7     1.2     0.2
1603.711     8.8     0.2    -4.5
1605.371    -6.4     0.1   -10.5
1607.031   -23.4    -8.5   -14.0
1608.691   -22.0   -20.2   -16.8
1610.352   -14.6   -19.3    -7.8
1612.012    -0.7   -13.4     0.7
1613.672    15.0     2.9     2.2
1615.332    -1.6     9.7    -6.0
1616.992   -13.0     3.0   -10.5
1618.652   -21.1   -19.0   -14.8
1620.312    -6.1   -16.0   -11.5
1621.973    -0.5    -9.6     9.5
1623.633    12.0    -5.9     0.9
1625.293     0.2     2.4   -12.3
1626.953    -8.6     5.7   -17.6
1628.613   -19.4    -9.1   -13.1
1630.273     0.3   -16.4   -10.4
1631.934     1.5    -8.8    -1.7
1633.594   -10.6    -5.0     3.3
1635.254     5.6    -5.3   -11.9
1636.914   -18.0    -5.2   -15.8
1638.574   -22.1    -8.4   -10.9
1640.234    -2.0    -1.9    -4.9
1641.895     2.8    -8.9    -5.4
1643.555    -9.3   -12.5    -6.0
1645.215   -14.5    -4.1    -7.5
1646.875   -14.5    -4.5   -10.7
1648.535    -5.3    -6.5   -16.6
1650.195     4.8     4.9    10.9
1651.855     4.7     6.3    10.6
1653.516     0.0   -15.4    -9.9
1655.176    -5.1   -17.1   -20.0
1656.836   -20.7    -6.9    -4.1
1658.496   -15.7   -12.1    -7.2
1660.156     6.0    -6.8   -19.7
1661.816     6.2    15.6    11.0
1663.477     5.7    17.6    17.8
1665.137   -14.7   -26.1   -24.1
1666.797   -23.7   -17.7   -14.1
1668.457   -19.6    -5.7     1.1
1670.117    -3.6    -3.3   -10.2
1671.777    19.2     2.9    -2.4
1673.438     6.9    12.8    19.2
1675.098   -11.1     1.4    -8.7
1676.758   -29.6   -34.9   -29.4
1678.418   -12.9   -15.7     3.7
1680.078    16.4    12.8   -10.0
1681.738    18.0     6.6    -2.3
1683.398    10.1    -0.4    -0.7
1685.059   -21.8    -2.5   -11.1
1686.719   -26.9   -35.7   -16.8
1688.379   -16.7   -34.4   -13.5
1690.039     8.6    20.5     4.1
1691.699     3.9    13.7    -0.3
1693.359     5.9     7.9    -4.3
1695.020   -11.9   -14.2   -15.2
1696.680   -25.4   -26.3   -16.1
1698.340   -20.3   -26.7   -13.7

Event #67  ts=2026-09-11 12:11:19.181  [SELECTED]
  t[ns]  u1[mV]  u2[mV]  u3[mV]
  0.000     2.9     1.5    15.1
  1.660     7.6     1.2    -0.1
  3.320     4.5    -8.2    -4.9
  4.980   -13.4    -7.6   -12.3
  6.641   -27.6   -14.1   -19.6
  8.301   -12.2   -10.8    -5.7
  9.961     5.1    -2.9     0.1
 11.621     6.5    -2.1    -3.9
 13.281     7.0    -4.4    -6.7
 14.941   -19.5   -11.5   -17.9
 16.602   -30.5   -16.5   -20.3
 18.262    -6.7    -5.1    -2.3
 19.922    15.8     0.0     5.2
 21.582    12.6    -0.3    -3.3
 23.242    -1.3    -5.2    -4.7
 24.902   -27.3   -10.1   -12.3
 26.562    -9.0   -14.2   -10.3
 28.223    -3.9    -6.2    -3.9
 29.883    12.3    13.0     3.4
 31.543     3.4   -10.3    -7.0
 33.203   -16.3   -12.9    -4.9
 34.863   -32.3   -20.2   -19.8
 36.523   -26.0   -24.8   -31.2
 38.184     6.4    10.1     9.6
 39.844    15.3    17.9    14.5
 41.504    11.9     0.7    -7.1
 43.164   -10.7   -17.0    -4.3
 44.824   -28.0   -23.5   -12.1
 46.484   -34.2   -21.6   -28.6
 48.145    -6.6    -3.3    -5.7
 49.805    18.4    18.5     7.2
 51.465     9.3     5.5    -6.3
 53.125    -2.8    -6.6    -1.4
 54.785   -26.0   -34.3   -15.2
 56.445   -31.2   -37.2   -31.9
 58.105    -0.5    11.2    10.3
 59.766    11.7    21.0     0.2
 61.426    18.2    16.4   -10.5
 63.086     1.1    -9.2     5.6
 64.746   -22.9   -35.5   -18.4
 66.406   -27.2   -37.2   -32.2
 68.066     1.7     8.5     4.8
 69.727     3.8    21.2    -4.1
 71.387     1.0    10.2   -12.1
 73.047     0.4   -10.0     6.4
 74.707   -20.6   -27.9   -16.4
 76.367   -19.4   -32.3   -24.0
 78.027    -0.7    15.7     3.4
 79.688     0.0    16.5     2.0
 81.348     0.1     7.6    -5.5
 83.008     2.9   -15.8    -0.3
 84.668    -4.1   -16.4    -3.5
 86.328   -19.6   -26.8   -21.1
 87.988    -9.0    -6.2     4.2
 89.648     5.6    10.9   -11.6
 91.309    -0.5     3.3   -16.7
 92.969    -9.8    -6.3    -2.1
 94.629   -10.1    -6.0    -0.7
 96.289    -1.1   -20.3   -12.1
 97.949    -0.2    -7.1    -3.7
 99.609    -4.5    11.4    -6.2
101.270    -9.2    -3.9   -18.2
102.930   -12.0    -7.3    -4.9
104.590    -9.4    -8.1    -2.6
106.250    -3.2   -17.1   -17.4
107.910    -1.7    -8.8    -4.5
109.570    -1.8     0.3    10.9
111.230     0.6    -7.4   -23.9
112.891    -3.2    -6.7   -26.5
114.551   -21.9   -10.1    -4.7
116.211   -16.8   -23.1   -18.1
117.871    -7.1   -18.9   -11.0
119.531    10.8     3.0    15.3
121.191     3.4    -4.4   -10.9
122.852   -12.3    -3.0    -9.5
124.512   -15.3    -1.9    -2.3
126.172   -22.2   -14.9   -28.5
127.832    -1.7    -9.2     4.5
129.492    11.4    -5.7    -6.7
131.152    -9.9     2.5    -7.0
132.812    -6.1     2.3   -10.4
134.473   -25.4   -12.3   -32.4
136.133   -15.2   -13.0   -13.5
137.793     6.7   -10.7    21.2
139.453    17.2    -7.1    21.2
141.113     7.7     1.8   -10.3
142.773   -10.7     3.4    -6.6
144.434   -33.8   -12.9   -34.9
146.094   -22.3   -20.6   -18.2
147.754    16.0    -1.2    19.0
149.414    20.3     4.9    12.8
151.074     4.3    -3.2   -13.1
152.734   -18.6    -6.9   -16.6
154.395   -41.2   -13.4   -23.5
156.055   -27.9   -23.7   -18.2
157.715     7.4   -17.7    -0.5
159.375    21.2    18.0    20.4
161.035    11.9     4.7     4.9
162.695   -21.8   -15.1   -27.0
164.355   -34.2   -13.2   -27.3
166.016   -13.0   -14.1   -10.4
167.676    -8.1   -12.5    -9.4
169.336    17.2     6.2    14.5
170.996     2.5     4.3     3.1
172.656   -11.2    -1.9   -13.3
174.316   -34.3   -28.5   -26.8
175.977   -29.7   -25.8   -17.6
177.637     2.1     3.8     8.9
179.297    18.9     7.1    10.4
180.957     2.6    -0.5    -7.5
182.617   -35.4   -27.4   -21.7
184.277   -35.7   -21.2   -12.7
185.938     2.0    -8.0     0.0
187.598     5.8     1.8     6.0
189.258    19.6    17.4     1.5
190.918    -7.1    -6.9    -7.7
192.578   -20.7   -16.5    -3.3
194.238   -27.3   -34.2   -26.7
195.898   -10.6   -19.0   -11.7
197.559     9.1    10.7    16.6
199.219     7.4    19.3    -5.4
200.879    -0.6     8.1   -14.6
202.539   -11.3    -9.2    -7.9
204.199   -22.5   -26.2   -13.7
205.859    -8.2   -19.6   -13.1
207.520     8.1     0.4    15.1
209.180     3.6    21.6    -9.0
210.840    -6.8    20.8   -14.5
212.500   -18.5   -20.0    -1.1
214.160   -19.7   -38.0   -15.9
215.820   -45.8   -34.9   -16.6
217.480   -60.0    -8.7    10.1
219.141   -99.2   -31.2   -51.8
220.801  -141.1   -78.2   -34.6
222.461  -122.1  -101.4   -29.8
224.121   -77.9   -85.8   -48.8
225.781   -51.2   -73.5   -40.1
227.441   -31.8   -23.5   -16.7
229.102   -47.0   -20.0   -47.6
230.762   -47.9   -37.0   -17.1
232.422   -31.2   -37.5   -18.2
234.082   -19.0   -47.4   -36.6
235.742    -8.4   -44.0   -21.1
237.402   -12.0    15.5    -0.7
239.062   -15.2    11.7   -17.2
240.723   -24.7   -13.6   -30.5
242.383   -18.2   -22.6    -9.1
244.043   -21.2   -27.8   -10.2
245.703    -2.0   -26.0    -1.9
247.363    -2.5    13.4     2.2
249.023   -13.7    15.7   -13.1
250.684   -22.6    -9.7   -16.8
252.344   -18.9   -21.2    -5.4
254.004   -14.3   -30.1    -3.4
255.664    -9.9   -21.2    -6.3
257.324    -4.5    17.5     0.0
258.984   -17.5    -0.6   -18.8
260.645   -14.5    -7.9   -11.6
262.305    -8.9   -16.5    -2.8
263.965   -11.2   -21.3    -8.3
265.625    -7.8   -16.7    -7.9
267.285    -8.7    10.3    -1.5
268.945    -6.2    -2.5   -19.6
270.605    -4.3    -6.9   -11.4
272.266    -4.3    -5.9     2.7
273.926    -7.3   -12.5     1.6
275.586   -14.3   -27.1   -16.4
277.246    -7.7     5.5     0.4
278.906     0.5     7.2   -15.5
280.566    -0.5     7.3   -12.0
282.227    -5.3   -16.1     4.5
283.887   -16.9   -15.7   -12.4
285.547   -15.9   -16.8   -12.2
287.207   -12.8    12.5    -3.6
288.867   -10.5     9.2   -11.3
290.527     9.7     5.0     9.7
292.188     6.7    -8.7     6.3
293.848   -25.9   -28.8   -22.6
295.508   -22.2   -11.9    -3.5
297.168   -23.0    -5.5    -0.7
298.828     1.1     4.7   -16.4
300.488     9.8     3.3    10.8
302.148     0.5    -7.2    -2.3
303.809   -16.7   -23.1   -22.6
305.469   -24.2   -15.4    -4.8
307.129    -9.0     1.4   -18.1
308.789    18.5    17.3     3.8
310.449    21.2    18.2    10.1
312.109    -0.6    -3.7     3.5
313.770   -24.6   -36.1   -15.3
315.430   -16.2   -15.1   -13.2
317.090    -9.0    10.8   -13.5
318.750     6.7    18.0     5.7
320.410    12.8     9.7     5.9
322.070    -6.0   -10.7   -12.5
323.730   -16.4   -31.4   -11.6
325.391   -23.5   -29.3   -10.5
327.051   -27.1    -6.6   -15.4
328.711     3.7    16.8     5.7
330.371    18.3    17.6     5.4
332.031   -15.3   -13.8   -18.1
333.691   -22.7   -31.9   -12.8
335.352   -20.1   -16.3   -10.3
337.012     1.0     3.7    -6.0
338.672    13.1    13.4     1.4
340.332     3.0    20.6     2.5
341.992   -12.5    -1.1   -12.4
343.652   -23.5   -37.4   -14.2
345.312    -9.6    -4.7     4.2
346.973    -2.9    -2.2    -0.1
348.633     0.7    13.5    -1.4
350.293   -13.0     3.8    -0.6
351.953   -13.9    -0.1    -1.4
353.613   -14.6   -32.5   -21.2
355.273    -5.5    -3.6    15.1
356.934    -1.6     1.8     8.9
358.594     6.0     0.0   -10.0
360.254    -9.2    -2.3    -4.0
361.914   -29.7   -24.0   -33.7
363.574   -27.4   -27.1   -24.4
365.234     9.2    -5.4    15.2
366.895    10.8    -2.5    13.3
368.555     0.0     4.8     4.1
370.215   -25.1   -19.0   -24.5
371.875   -35.8   -29.8   -37.0
373.535   -13.9   -15.5     9.1
375.195    17.1    -2.9     8.8
376.855     9.7    13.8    -0.3
378.516    -2.0     7.9     8.6
380.176   -29.0   -26.2   -29.4
381.836   -38.2   -27.4   -27.8
383.496   -19.9   -15.1     1.5
385.156     9.9     3.2    13.2
386.816    21.3     7.5    -7.2
388.477    -6.5     2.4    12.8
390.137   -22.6    -5.6    -9.2
391.797   -30.4   -29.7   -38.1
393.457   -13.9   -13.9     8.3
395.117    20.3    11.2    -0.3
396.777    23.3     7.2    -5.0
398.438     4.6     2.0    -0.5
400.098   -27.3     1.2   -10.3
401.758   -25.5   -38.6   -20.5
403.418   -16.0   -32.4    -8.5
405.078    13.7    21.5    14.5
406.738     9.5     5.5    -3.4
408.398   -10.0    -6.4   -14.5
410.059   -23.4    -8.0   -12.5
411.719   -13.6   -24.6   -11.0
413.379    -7.6   -20.0    -6.7
415.039     7.7     5.7     3.3
416.699    -3.8     5.9    -5.6
418.359   -10.9    -8.5    -8.7
420.020   -21.0   -19.3   -16.9
421.680    -9.6   -10.9    -3.0
423.340     3.9    -0.5     5.5
425.000     6.1    -2.4    -2.8
426.660    -1.2     0.7   -11.5
428.320   -15.4    -4.4   -12.1
429.980   -20.7   -22.1   -24.1
431.641    -5.2   -12.9     0.0
433.301    10.0     1.6    15.4
434.961     1.8    -6.5   -11.9
436.621   -17.3    -4.3    -9.2
438.281   -28.4    -9.1   -11.0
439.941   -21.3   -17.8   -22.1
441.602     9.3    -6.2     6.3
443.262     3.2     5.9    -4.0
444.922    -8.0     1.6   -13.1
446.582   -15.9   -14.9    -8.1
448.242   -22.8   -15.8   -23.0
449.902     2.7    -4.2     2.7
451.562    13.2     4.9    12.5
453.223    13.5     3.8     1.6
454.883   -11.8    -1.9   -16.1
456.543   -15.4   -11.7    -6.4
458.203   -14.1   -17.1   -17.1
459.863   -23.1   -13.6   -26.5
461.523    16.3     9.0     9.6
463.184    12.8    12.0     6.5
464.844    -6.5     1.1   -16.6
466.504   -17.3    -9.8    -1.4
468.164   -18.5   -21.2   -19.4
469.824   -27.3   -24.0   -23.4
471.484     9.1    19.6     7.1
473.145    10.0    17.2     3.2
474.805    -8.0   -12.3   -13.0
476.465   -21.7   -18.8    -6.6
478.125   -21.0   -18.4    -5.7
479.785    -7.8   -21.8   -24.5
481.445     1.5    13.6     5.5
483.105    -5.6     6.4   -16.6
484.766    -6.4    -5.6   -10.8
486.426    -4.5    -9.4     3.1
488.086   -13.8   -21.6   -14.1
489.746   -17.4   -21.9   -16.4
491.406    -2.9    -7.8     1.7
493.066    -3.4     8.1   -12.0
494.727    -5.8     5.6   -12.0
496.387    -7.1    -9.4     0.5
498.047   -11.9   -19.4   -11.9
499.707   -13.6   -28.1   -12.7
501.367    -0.9     1.6    -1.7
503.027    -1.1     8.8   -18.0
504.688    -6.5    -2.0    -7.7
506.348    -7.9    -0.4     5.8
508.008   -12.4   -19.2    -6.2
509.668    -1.7   -27.7   -10.9
511.328    -1.4   -15.9    -4.2
512.988   -10.6     6.6   -10.9
514.648    -8.0    -4.3   -17.3
516.309   -11.7     0.3    -5.1
517.969    -7.1    -5.5     4.7
519.629    -1.5    -8.6     2.4
521.289    -2.2   -12.9    -0.5
522.949    -0.5     3.2   -19.0
524.609    -3.1     6.5   -14.7
526.270    -4.3    10.5    -7.7
527.930   -15.7   -22.2   -10.7
529.590     2.1   -14.6     7.7
531.250     3.1    -8.5    11.9
532.910    -0.4     2.3   -11.0
534.570   -11.0    14.4   -21.6
536.230   -16.9    -3.3    -1.2
537.891   -15.2   -18.2    -8.6
539.551   -14.0   -32.9   -18.4
541.211     2.1   -10.9    17.9
542.871     5.0     1.0   -15.4
544.531    -3.0     9.6    -9.5
546.191   -14.8     1.6     2.9
547.852   -20.5   -17.4   -16.5
549.512   -14.8   -28.7   -18.9
551.172     1.9    -7.3    12.0
552.832    10.6     9.3    -6.6
554.492    -1.2    11.4    -7.3
556.152   -17.4    -2.4   -11.7
557.812   -28.8   -26.0   -24.4
559.473    -4.2   -28.9    -0.4
561.133     7.5    -4.1     7.5
562.793    12.4    20.1    -4.7
564.453     3.0     1.8   -10.9
566.113   -32.9   -18.6   -20.6
567.773   -23.0   -27.2   -11.9
569.434     7.8   -15.6    -1.7
571.094     9.7     8.9    -0.1
572.754     5.9    18.9     2.0
574.414    -3.9    -0.6   -12.9
576.074   -18.8   -12.8   -19.5
577.734   -16.0   -30.5   -12.5
579.395    -1.5   -13.4    -4.7
581.055     7.3     8.9    -1.9
582.715     5.3    10.7     3.3
584.375    -5.0     4.7    -7.1
586.035   -19.4   -33.3   -26.9
587.695   -20.9   -35.0   -21.7
589.355   -12.5    -7.4     4.3
591.016    12.9     6.6   -14.5
592.676     9.2     5.8   -15.8
594.336   -19.0   -10.1    -1.7
595.996   -13.8   -37.9   -28.5
597.656    -8.1   -32.9   -20.0
599.316    -6.8     9.9    11.8
600.977    -0.2    10.2   -12.7
602.637     1.4     2.6   -12.8
604.297    -1.5    -5.4     7.6
605.957   -14.3   -27.6   -23.5
607.617   -10.9   -19.2   -17.8
609.277    -2.6    -5.5     4.8
610.938    -9.8     7.9   -11.6
612.598    -7.7     7.2   -18.6
614.258     6.5    -3.5    11.6
615.918   -13.6   -20.1   -24.0
617.578   -13.6   -14.3   -11.0
619.238    -4.4    -4.4     3.8
620.898    -9.0     3.8   -21.1
622.559   -11.0     3.4   -22.2
624.219    -1.5    -3.9     2.9
625.879    -0.5   -19.9   -17.8
627.539   -11.6   -15.9     4.2
629.199    -3.4     0.7     4.5
630.859   -10.2     2.4   -30.0
632.520   -10.4    -1.1   -22.8
634.180    -5.4    -7.4    10.7
635.840    -2.5   -16.1   -15.5
637.500    -5.8   -15.4    -5.6
639.160   -10.6     3.4    -1.1
640.820   -14.7    -3.2   -24.7
642.480    -1.3    -9.9    -1.1
644.141    -2.9     8.4     2.7
645.801    -4.6    -2.6   -16.5
647.461    -9.1   -17.3    -6.1
649.121    -9.2    -9.9     4.1
650.781   -10.2    -5.4   -11.8
652.441    -4.4   -10.3   -15.4
654.102    -4.3     8.9    -1.0
655.762   -14.7     5.0    -9.2
657.422   -13.7   -17.4   -13.2
659.082    -1.4    -7.2     0.2
660.742    -8.1    -6.1   -14.2
662.402    -9.3    -9.8   -17.5
664.062    -4.8     3.5    -8.7
665.723   -10.5    -4.5   -11.1
667.383    -6.1   -12.9    -2.9
669.043    -2.3    -9.0     5.8
670.703    -3.6   -15.8   -10.5
672.363    -2.4   -13.8   -12.9
674.023    -9.2     0.9   -10.0
675.684    -9.2    -0.8    -9.7
677.344   -11.9   -13.6   -14.4
679.004    -3.3    -7.3     3.2
680.664     1.0   -13.2    -3.5
682.324     3.4    -6.0    -5.2
683.984    -4.1     8.7     1.7
685.645   -10.7     8.9    -5.6
687.305   -24.7   -18.6   -30.1
688.965    -6.2   -10.5     3.0
690.625     7.1    -9.2    -2.2
692.285     6.9     0.4    -0.5
693.945     4.0     6.7     3.0
695.605   -23.9    -5.6   -20.6
697.266   -23.6   -24.5   -23.1
698.926    -5.5   -17.9    -0.8
700.586     4.2    -3.1    -3.3
702.246     9.4     5.8     2.0
703.906   -23.6   -12.8   -24.9
705.566   -27.7   -23.5   -28.2
707.227   -25.2   -20.7   -11.0
708.887    -1.0    -9.0     2.5
710.547     8.2    -1.7   -14.9
712.207     7.1     9.8    12.7
713.867    -3.2     4.3    -4.9
715.527   -20.7    -8.9   -20.3
717.188   -16.1   -25.2    -4.1
718.848    -9.5   -13.8     2.2
720.508    11.4    12.0    -5.0
722.168    14.6    21.2    11.8
723.828    -1.7     8.9    -1.9
725.488   -23.9   -28.3   -21.3
727.148   -26.5   -30.0   -17.3
728.809    -4.5   -14.5     0.2
730.469    -1.9     5.0   -20.3
732.129     4.4    17.0     9.8
733.789     0.8    10.2     4.6
735.449   -15.7   -27.7   -15.7
737.109    -2.8   -30.5    -8.0
738.770    -6.2    -6.9    -2.7
740.430    -5.3     0.5   -15.7
742.090     1.3     9.6    -1.0
743.750    -3.9    10.6    -5.1
745.410   -12.6    -9.9   -14.3
747.070   -13.4   -31.6    -7.7
748.730    -4.8   -11.2     2.3
750.391    -4.9     0.0   -18.4
752.051    -8.4     6.2   -13.8
753.711   -11.9    11.4    -3.3
755.371    -0.4   -28.3   -15.2
757.031    -0.4    -5.7     9.3
758.691     0.0    -7.9     8.1
760.352    -7.7   -10.6   -21.8
762.012   -15.8     4.8   -11.6
763.672   -16.0    10.9    -1.8
765.332   -12.3    -7.0    -5.1
766.992     5.4   -16.3    -2.4
768.652     3.4    -4.1    14.2
770.312   -12.7   -12.5   -26.4
771.973   -14.0     3.2    -2.8
773.633    -9.1    -6.0    -8.4
775.293    -7.5   -11.9   -20.3
776.953     3.9    -2.9    14.4
778.613     5.3   -12.9     1.9
780.273   -11.4   -12.3   -23.9
781.934   -17.2    -1.7    -8.8
783.594   -10.7    -3.9    -2.4
785.254    -5.1   -14.6   -22.8
786.914    -5.7   -14.8   -24.0
788.574     5.2    -7.0    16.4
790.234     0.5   -13.0   -21.7
791.895   -10.9    -2.3    -3.5
793.555   -12.1     1.9    -7.5
795.215   -13.2    -6.0   -23.9
796.875    -5.5   -13.9    -2.2
798.535    -3.5    -9.6    11.1
800.195     4.3    -0.1    -9.5
801.855     4.4    -1.5    -7.0
803.516    -0.5     2.2     7.1
805.176   -16.8    -9.9   -18.7
806.836   -10.7   -24.1   -10.1
808.496   -12.2    -8.8    -4.9
810.156    -1.3     5.5    -6.4
811.816    12.2    -2.1     0.0
813.477    -2.8     0.2    -2.0
815.137   -13.2    -3.5    -6.2
816.797   -15.3   -32.0   -22.3
818.457    -7.0     3.7    -3.3
820.117     0.5    13.6     3.6
821.777    14.5     3.9    -2.6
823.438    -4.7    -5.1    -6.9
825.098   -21.4   -21.0   -10.0
826.758   -19.2   -22.3   -13.8
828.418    -6.2   -14.4   -14.3
830.078    -1.3     7.3    -4.5
831.738     6.1    15.6     7.3
833.398     5.6    -7.9    -4.9
835.059    -8.4   -30.3   -17.0
836.719   -20.5   -15.6    -6.1
838.379   -22.0   -11.4    -6.7
840.039    -2.6    -3.2   -15.5
841.699     7.8    21.7     8.8
843.359    -0.7    -5.1    -9.7
845.020    -7.6   -34.7   -24.6
846.680   -17.6   -30.9   -11.8
848.340   -18.3   -10.1     2.4
850.000   -11.0     6.3   -17.2
851.660     6.1    14.7    12.7
853.320    -1.4     4.4     6.4
854.980   -14.7   -31.7   -20.1
856.641    -5.1   -16.2     2.2
858.301    -3.8     1.2    -4.5
859.961   -10.4    13.4   -17.8
861.621    -8.4    14.3   -12.8
863.281    -6.2   -21.4   -12.2
864.941   -12.9   -24.0   -11.4
866.602     8.8   -12.6    11.2
868.262    -2.6     4.4   -10.6
869.922   -15.8    15.1   -16.7
871.582     0.2    -7.1     4.3
873.242    -4.4   -32.1   -25.2
874.902   -10.0   -28.0    -7.9
876.562    -2.0    -1.1     9.9
878.223    -1.2     7.5   -19.2
879.883    -6.6     6.7   -30.7
881.543    -8.4     9.8    12.2
883.203   -12.5   -17.5   -16.4
884.863     1.1   -29.7   -10.2
886.523     0.1    16.3     5.2
888.184    -5.0    15.0   -10.4
889.844    -5.7     1.4   -23.5
891.504   -14.6    -4.7     0.2
893.164   -13.7   -20.4   -11.6
894.824    -0.5   -36.7    -9.7
896.484     7.3     2.5     2.2
898.145   -11.8    15.7   -12.1
899.805    -6.2    -8.3   -15.2
901.465    -2.5    -5.2     3.9
903.125    -1.3    -9.9    -4.6
904.785    -6.6   -22.1   -10.3
906.445    -6.5     2.6    -0.4
908.105   -17.5     3.5   -14.6
909.766    -7.5    -3.1   -12.1
911.426    -1.9    -4.2     4.2
913.086    -1.6   -19.4   -10.9
914.746    -6.3   -16.5    -6.3
916.406    -4.3    -9.0    -0.4
918.066   -17.6    -3.4   -18.7
919.727   -13.1    -8.7   -18.5
921.387    -1.1    -0.1    -0.7
923.047    -0.4    -2.2     4.1
924.707     0.4    -5.8    -5.0
926.367   -17.3    -1.9    -5.6
928.027   -21.9    -9.0   -12.4
929.688   -21.3   -17.8   -24.7
931.348     0.0     8.9     4.9
933.008     7.0     9.2     8.4
934.668    -1.7    -9.3    -1.0
936.328    -5.8    -5.0     2.8
937.988   -26.7   -20.6   -23.1
939.648   -10.7   -15.3   -15.9
941.309     7.8     8.9     2.4
942.969     4.9     3.4   -13.1
944.629    -3.1    -2.5   -15.7
946.289   -13.3    -8.9     8.9
947.949   -14.0   -23.3   -22.4
949.609    -4.6    -7.2   -13.6
951.270     5.1    11.9     9.2
952.930     1.4     9.7    -1.2
954.590    -7.3     5.3   -16.8
956.250    -7.0   -14.7     4.7
957.910    -9.1   -21.3    -5.7
959.570    -8.6   -18.7   -14.1
961.230    -6.9   -10.1    -1.3
962.891     0.7    10.8     0.5
964.551     0.0     5.5   -10.5
966.211    -1.4     2.8    -9.2
967.871   -14.5   -23.1   -11.0
969.531   -13.9   -22.0    -9.2
971.191     9.4    -3.5     0.0
972.852    -5.8    10.9   -15.1
974.512   -10.7    10.3   -12.5
976.172    -7.4    -2.0    -3.1
977.832    -9.2   -13.6    -1.1
979.492   -11.6   -24.2    -9.8
981.152    -3.8   -14.3     1.9
982.812    -2.6     9.1   -13.2
984.473   -16.6     3.4   -18.1
986.133   -18.2    -9.2     0.0
987.793    -1.3   -15.7   -10.5
989.453     1.4   -17.3    -6.3
991.113     5.5     1.0     1.4
992.773    -7.0     9.7    -4.7
994.434   -15.3    -7.1   -19.2
996.094   -12.6   -16.2   -16.9
997.754    -9.1    -3.6    -2.7
999.414    -4.4   -12.4   -12.7
1001.074     6.8   -10.5    -1.5
1002.734     3.0     4.8     5.2
1004.395   -15.3    -9.0   -21.8
1006.055   -18.1   -21.0   -29.7
1007.715   -12.3   -11.3    -0.9
1009.375     1.9    -5.7     8.4
1011.035     5.9   -11.2   -12.2
1012.695     2.6    -0.4   -11.3
1014.355   -22.4   -10.3   -12.4
1016.016   -10.8   -23.2   -17.8
1017.676    -5.9   -15.2     1.2
1019.336     3.4    -4.9     5.9
1020.996    -2.4     3.8   -18.1
1022.656    -3.3    -2.3     6.7
1024.316   -14.7   -15.3    -6.9
1025.977   -15.9   -17.9   -19.7
1027.637     4.8   -10.6    10.2
1029.297     6.8     0.0    -3.0
1030.957   -12.9     5.3   -12.0
1032.617   -18.3     3.9     8.8
1034.277   -11.0   -20.5   -22.8
1035.938   -11.2   -14.1   -14.3
1037.598    -0.8    -6.3    10.0
1039.258     3.5    -2.6    -4.2
1040.918    -6.7     1.7   -17.5
1042.578   -12.3     0.8    -6.5
1044.238   -19.4   -17.9   -10.6
1045.898   -11.8   -33.2   -27.6
1047.559    -5.2   -28.3    -8.7
1049.219     5.4    15.3     0.5
1050.879    -0.1     1.6   -28.9
1052.539   -19.0    -9.7    -8.6
1054.199   -28.1   -11.5    -6.2
1055.859     3.9   -23.4    -6.0
1057.520    14.1   -20.1    -2.8
1059.180     8.6     8.0     4.5
1060.840   -13.4     1.4   -21.2
1062.500   -19.3   -19.5   -20.1
1064.160   -19.8   -13.4    -6.0
1065.820    -2.4   -10.8    -3.5
1067.480     4.2   -16.1    -5.7
1069.141     6.9    -3.0    -2.9
1070.801   -15.6    -3.3   -14.6
1072.461   -14.0   -12.2   -20.3
1074.121   -12.8   -12.9   -14.9
1075.781    -5.8   -11.1    -9.1
1077.441    -0.8   -10.2    -3.3
1079.102     2.6    -2.1     6.5
1080.762    -2.7    -8.8   -13.5
1082.422   -12.6    -9.8   -22.7
1084.082   -10.7    -5.2    -6.1
1085.742   -11.1   -11.3    -6.7
1087.402    -1.0   -10.5    -5.0
1089.062     7.4     7.6     8.8
1090.723    -7.6   -12.5   -16.9
1092.383   -18.0   -20.0   -24.3
1094.043   -10.2     1.6     6.6
1095.703    -4.2    -6.9    -7.6
1097.363     0.4    -5.1    -0.9
1099.023    -0.4    -6.6    -1.3
1100.684    -9.5     1.0    -5.9
1102.344   -17.6   -20.0   -21.7
1104.004    -5.0   -12.7    -1.0
1105.664    -3.3     4.5    -3.5
1107.324    -4.1    -3.5    -6.7
1108.984    -5.4    -5.9     0.9
1110.645   -19.5    -9.1   -19.8
1112.305    -5.4   -12.2    -6.8
1113.965     7.0    -7.1     3.0
1115.625     7.9    -0.7     9.0
1117.285   -11.1     1.2   -10.7
1118.945    -8.8   -10.0    -3.3
1120.605   -13.7   -18.7   -28.3
1122.266    -8.9   -11.7    -3.1
1123.926     8.3     0.8     5.0
1125.586     8.7     2.9    11.2
1127.246    -6.3    -7.7   -14.1
1128.906    -7.0    -6.1   -13.0
1130.566   -20.3    -8.1   -13.1
1132.227   -18.3   -18.9   -26.3
1133.887     3.8     0.4    15.4
1135.547    17.0    11.3     8.9
1137.207    -2.1   -13.6   -22.1
1138.867   -15.0   -17.5   -14.2
1140.527   -18.0   -12.2   -21.0
1142.188    -7.1   -12.1   -18.3
1143.848    10.0     5.1    11.4
1145.508     6.6    14.2     5.5
1147.168    -8.4   -15.4   -16.3
1148.828   -12.6   -25.7    -7.3
1150.488   -22.2   -17.6   -24.3
1152.148    -7.2    -3.6   -17.0
1153.809     7.4    12.7    12.1
1155.469    15.9    17.8    15.2
1157.129    -3.9    -9.1    -4.8
1158.789   -10.3   -24.2    -6.8
1160.449   -19.5   -12.6   -16.1
1162.109    -9.3    -3.9   -13.7
1163.770    10.4    18.3    12.2
1165.430    11.4    11.5     1.0
1167.090    -2.3   -18.3   -12.5
1168.750   -16.1   -27.6    -9.0
1170.410   -21.6   -22.9   -17.7
1172.070   -16.7   -15.8   -19.3
1173.730     3.5    12.7    -2.6
1175.391     4.0    23.9    10.4
1177.051    -7.3   -27.6    -7.1
1178.711    -5.5   -27.8    -7.4
1180.371    -7.5   -20.6     3.7
1182.031   -14.0   -22.3   -15.5
1183.691    -7.5    12.2   -17.4
1185.352    -4.9    19.4    -0.4
1187.012    -0.3   -13.2   -12.1
1188.672     7.7   -18.1    -3.1
1190.332     2.7   -16.2     8.6
1191.992    -7.3   -17.2    -6.0
1193.652   -16.9   -13.0   -26.1
1195.312   -12.7    13.4    -0.4
1196.973    -9.6     4.6   -10.1
1198.633     3.6    -9.2    -0.8
1200.293     4.3   -14.9    17.1
1201.953    -2.9   -23.2    -4.2
1203.613   -19.2    -7.0   -14.3
1205.273   -15.4     6.7    -7.2
1206.934   -15.6     2.8   -21.3
1208.594   -11.0    -4.4   -17.2
1210.254     9.5   -18.5    13.8
1211.914     3.6   -16.8    -8.0
1213.574   -13.1    -4.8   -10.1
1215.234   -15.5    -3.1    -5.2
1216.895   -14.7    -2.3   -24.4
1218.555   -11.3    -3.8   -17.3
1220.215    10.8    -9.3    11.9
1221.875     5.1    -4.8    -6.8
1223.535   -10.2   -16.9   -12.2
1225.195   -26.0   -10.5   -16.3
1226.855   -27.4     0.6   -18.8
1228.516     5.1    -2.6    -3.4
1230.176    11.8    -7.3    -1.7
1231.836    -0.4    -8.7    -0.1
1233.496    -5.8   -13.0     2.2
1235.156   -11.9   -12.7   -10.3
1236.816   -20.1    -5.0   -25.5
1238.477    -9.2     2.2     4.0
1240.137    -8.6     1.4     3.5
1241.797     5.8   -14.1    -5.8
1243.457    -8.0   -10.7    -4.6
1245.117   -19.1    -3.7   -19.1
1246.777   -20.9    -3.8   -18.7
1248.438    -5.8    -6.7    -8.5
1250.098     6.3     3.8     4.5
1251.758     4.2    -5.9    -6.0
1253.418   -11.3   -23.6   -18.4
1255.078   -19.2    -7.4    -3.2
1256.738    -4.4    -7.0   -11.7
1258.398     8.1    -1.1    -7.4
1260.059     8.7     7.8     0.4
1261.719    -5.0    -0.5     0.3
1263.379   -22.2   -31.8   -30.3
1265.039   -21.3   -24.1   -13.7
1266.699   -12.1    -5.0     7.5
1268.359    12.0     5.3   -14.9
1270.020     8.7     9.9     8.3
1271.680   -14.3   -12.2    -8.2
1273.340   -24.4   -27.5   -31.9
1275.000   -15.5   -21.5    -7.7
1276.660    -9.6    -8.8     5.1
1278.320    -3.3     7.0    -6.3
1279.980     7.5    17.3    -3.3
1281.641    15.6     3.3    14.0
1283.301   -29.2   -28.3   -37.9
1284.961   -27.6   -21.7     1.2
1286.621   -20.5   -19.8     0.5
1288.281     2.1    -6.7   -14.1
1289.941    21.2    17.9    14.4
1291.602     5.1     5.2     8.9
1293.262    -6.6    -7.2   -18.8
1294.922   -40.6   -33.1   -30.2
1296.582   -18.4   -17.4     6.1
1298.242     3.2    -2.2    -8.6
1299.902    21.1    15.3    -3.7
1301.562    13.1    20.6    21.0
1303.223    -3.8    12.2     8.7
1304.883   -27.0   -30.1   -33.6
1306.543   -27.0   -30.7    -7.8
1308.203   -19.6    -6.4     1.5
1309.863    15.7     5.4    -4.9
1311.523    15.7    11.6    11.7
1313.184    -3.1    10.6     2.5
1314.844   -21.3    -6.1   -17.2
1316.504   -21.4   -43.6   -22.7
1318.164   -18.6   -26.4    -8.7
1319.824    -4.1     5.5     1.4
1321.484    15.5    10.7    -0.4
1323.145    11.3     7.7    -4.4
1324.805   -15.0    -4.5   -16.0
1326.465   -25.0   -32.4   -19.5
1328.125   -16.6   -23.9    -2.8
1329.785    -3.4   -18.5    -2.8
1331.445     9.4     0.6     0.3
1333.105     9.1    14.9    -2.4
1334.766    -7.9     4.1    -9.9
1336.426   -22.2   -15.6   -22.1
1338.086   -11.8   -23.3    -2.4
1339.746    -1.1    -9.6     1.5
1341.406     5.3    -6.9    -4.9
1343.066     5.3    11.7     1.8
1344.727    -7.4     8.9    -3.1
1346.387   -13.7    -1.3   -15.8
1348.047   -18.5   -31.1   -28.8
1349.707     1.7    -5.8     6.3
1351.367     7.7    -2.7    -2.9
1353.027     9.6     2.0    -2.5
1354.688   -10.3     5.4   -12.5
1356.348   -28.8   -26.1   -31.5
1358.008   -27.9   -29.2   -22.2
1359.668    -4.8   -15.9     6.1
1361.328    11.4     5.6     2.6
1362.988    14.2     7.6    -0.7
1364.648    -5.8     2.7    -6.9
1366.309   -15.5     4.5   -10.2
1367.969   -36.1   -27.5   -31.3
1369.629    10.4    -8.0     9.9
1371.289    14.5    -1.6     5.6
1372.949    13.8     1.6    -5.1
1374.609     4.3     7.4     4.2
1376.270   -30.2   -16.4   -35.8
1377.930   -30.6   -17.7   -35.5
1379.590   -16.1   -19.4   -11.6
1381.250     6.5    -7.1     7.0
1382.910    11.5    -4.2    -3.4
1384.570     8.2     9.2     8.9
1386.230   -15.0    -7.8   -21.5
1387.891   -30.0   -21.3   -42.4
1389.551   -28.9   -21.0   -19.3
1391.211     0.5    -6.5     5.3
1392.871    10.1    -3.4     5.1
1394.531    18.7     7.0     3.8
1396.191    -9.9     6.1     2.7
1397.852   -40.1   -26.2   -41.7
1399.512    -8.7   -16.1    -1.7
1401.172    10.1     0.7    -1.9
1402.832    11.2     2.2    -0.7
1404.492    17.1    -1.3     3.7
1406.152    -6.7     1.6    -0.7
1407.812   -18.7    -7.9   -22.0
1409.473   -17.3   -13.7    -6.3
1411.133    -2.1     0.0     3.7
1412.793     2.8     1.7    -4.1
1414.453    14.5    -0.5     8.2
1416.113     4.4    -3.9    -2.6
1417.773   -13.2    -5.7   -16.9
1419.434   -33.9   -23.8   -23.9
1421.094    -6.2    -2.7     4.8
1422.754     7.9    -1.8    -3.6
1424.414    17.5    -2.6     1.3
1426.074     8.9     2.6     1.5
1427.734   -28.9   -11.6   -18.9
1429.395   -24.4   -33.2   -30.7
1431.055   -23.3   -33.0   -26.4
1432.715   -11.6   -14.3    -4.0
1434.375    20.2     3.9    -6.6
1436.035    16.8     4.3    -3.5
1437.695   -10.3     3.9    -7.4
1439.355   -22.9   -12.8   -15.6
1441.016   -26.7   -30.8   -32.0
1442.676    -2.4    -2.8     7.6
1444.336     3.1    -1.4     1.5
1445.996     9.4     1.3    -8.1
1447.656     6.6    11.1     6.8
1449.316    -2.8     4.5     5.6
1450.977   -29.6   -24.9   -30.7
1452.637   -27.5   -23.0   -24.6
1454.297    -0.5    -9.1    12.8
1455.957    10.0     0.0   -12.9
1457.617     6.1    14.2     0.6
1459.277    -7.2    -0.5    -3.5
1460.938   -22.3   -22.0   -29.5
1462.598   -27.0   -28.5   -17.5
1464.258   -12.9   -17.9     8.4
1465.918     7.8    -1.7    -9.0
1467.578     0.9    13.7     3.8
1469.238    -4.6    10.7     8.7
1470.898   -14.1    -8.7   -11.7
1472.559   -20.3   -28.6   -24.4
1474.219   -11.7   -18.2     6.7
1475.879    -7.7   -14.2     0.8
1477.539     5.5     6.4   -12.3
1479.199     1.2     4.9     2.2
1480.859   -12.8   -15.6   -17.5
1482.520   -12.4   -21.5   -20.1
1484.180   -11.5   -27.3    -5.3
1485.840   -13.9   -14.7    -3.8
1487.500    -5.6     6.2    -3.9
1489.160    10.3     9.2    -7.0
1490.820    -8.9     4.1   -10.2
1492.480   -18.1    -4.0    -8.8
1494.141   -14.2   -31.2   -15.1
1495.801   -10.4   -29.1   -13.3
1497.461    -5.0    -1.9    -2.9
1499.121     2.0    13.8     0.3
1500.781     1.4     7.1    -6.7
1502.441   -10.2   -15.4   -11.3
1504.102   -11.5   -28.0    -7.5
1505.762    -3.4    -4.7   -11.4
1507.422    -1.6     2.4   -12.2
1509.082    -6.7    10.7    -9.1
1510.742    -7.6     9.8     2.6
1512.402    -3.9   -27.4   -12.3
1514.062    -7.8   -26.8   -13.9
1515.723   -12.1    -8.9    -4.7
1517.383    -9.8    -5.5    -9.6
1519.043    -4.1     5.6   -13.1
1520.703     0.0    16.9     5.4
1522.363    -2.0    -3.0    -0.3
1524.023    -2.9   -21.5   -18.0
1525.684   -11.7   -10.8     6.7
1527.344   -15.2    -6.5   -23.0
1529.004    -7.2     0.6   -22.7
1530.664     7.5    15.1     8.4
1532.324     6.0     6.7     7.5
1533.984   -11.7   -23.8   -14.4
1535.645   -10.0   -29.3    -4.2
1537.305   -15.6    -6.3   -11.9
1538.965   -14.1     9.0   -19.2
1540.625   -11.7    10.3   -13.2
1542.285     5.4    -3.6    -7.2
1543.945    -2.5   -12.3   -15.6
1545.605   -12.8   -28.9    -0.6
1547.266   -20.1   -15.1   -22.7
1548.926   -18.5   -11.6   -30.4
1550.586    -3.6    14.1     1.2
1552.246    14.3    13.2    13.2
1553.906     1.9   -14.8   -23.6
1555.566   -13.9   -25.2   -10.7
1557.227   -22.7   -21.3   -17.1
1558.887   -11.5    -9.6   -24.6
1560.547    -3.4    -2.9   -14.6
1562.207    10.5    20.2     8.8
1563.867     7.8    25.1     0.0
1565.527   -10.4   -23.6   -11.0
1567.188   -18.2   -25.5     3.5
1568.848   -22.9   -13.0   -18.1
1570.508    -7.0    -7.0   -23.5
1572.168     5.3     7.4    -2.1
1573.828     9.5    15.3    -1.4
1575.488    -4.9   -12.5   -19.6
1577.148   -18.3   -22.2    -2.4
1578.809   -18.2   -18.5   -16.9
1580.469   -14.5   -18.1   -19.8
1582.129    12.5    14.7     3.0
1583.789     3.6    19.4   -10.7
1585.449    -4.6     9.9   -13.2
1587.109   -22.7   -30.2    -8.7
1588.770    -7.8   -14.9    -6.7
1590.430     0.2    -8.3    -0.9
1592.090    14.9    13.5     0.7
1593.750     9.8    19.9    -5.1
1595.410   -21.7    -8.1   -25.7
1597.070   -28.0   -22.1   -18.1
1598.730   -19.1   -23.9    -0.8
1600.391     4.0   -19.8    -5.3
1602.051    15.1     5.6    -1.0
1603.711     4.0    20.9    -1.2
1605.371   -23.7   -18.6   -27.4
1607.031   -22.3   -18.0   -28.0
1608.691   -23.6   -18.9    -3.6
1610.352     2.2   -12.7    -5.2
1612.012    19.0    -2.0     4.7
1613.672     7.7    10.4     6.3
1615.332   -20.6    -7.6   -30.0
1616.992   -33.1   -20.0   -33.7
1618.652   -29.3   -16.4    -8.8
1620.312     1.6   -13.8     1.6
1621.973    22.2    -5.2     6.9
1623.633    23.7    16.3    11.4
1625.293    -9.0     2.0   -23.3
1626.953   -36.5   -19.0   -34.4
1628.613   -11.0   -17.2    -7.5
1630.273     6.9    -6.5    -8.2
1631.934    25.1    10.0    12.9
1633.594    28.9    16.3    16.8
1635.254   -12.2    -9.6   -20.7
1636.914   -32.9   -27.1   -24.0
1638.574   -19.5   -16.8    -8.6
1640.234   -12.9   -12.8   -13.2
1641.895    22.0    13.7    11.6
1643.555    16.4    17.7    26.3
1645.215   -13.2   -12.9   -25.7
1646.875   -24.2   -21.2   -17.5
1648.535   -23.6   -24.4   -16.5
1650.195   -17.6   -12.3   -15.1
1651.855    21.4    11.1    15.2
1653.516    23.2    14.0    16.9
1655.176    -2.2     6.7   -12.6
1656.836   -23.1   -18.2   -16.3
1658.496   -26.3   -27.4   -16.9
1660.156   -17.5   -14.2   -10.8
1661.816     9.4     3.2     1.7
1663.477     4.8     6.8    -6.8
1665.137    -3.2     0.2   -11.5
1666.797   -15.4   -15.2     1.3
1668.457   -15.3   -15.1   -11.3
1670.117    -9.1   -11.8   -22.8
1671.777    -3.1    -1.7    -0.1
1673.438    -1.6     0.5     7.9
1675.098    -5.0    -7.8   -13.0
1676.758    -8.5   -10.8   -13.2
1678.418    -9.8    -3.5    -0.8
1680.078    -7.0   -16.2   -11.5
1681.738    -7.7   -15.0   -14.9
1683.398    -5.1     1.3     0.3
1685.059    -6.4   -13.0   -21.1
1686.719    -5.8   -14.6   -21.2
1688.379    -6.0    -5.2   -12.5
1690.039    -4.1    -2.2     0.0
1691.699    -0.6   -15.9   -16.7
1693.359     0.7   -13.7   -16.2
1695.020   -10.9    -1.4    -6.4
1696.680   -11.4   -12.0   -20.4
1698.340     2.5     0.6    15.8

Event #69  ts=2026-09-11 12:11:21.089  [SELECTED]
  t[ns]  u1[mV]  u2[mV]  u3[mV]
  0.000    -6.9    -0.1    -6.1
  1.660    -7.6    -0.5   -20.6
  3.320   -21.5   -44.8    -8.8
  4.980   -24.4   -21.1   -14.4
  6.641    -0.6     9.0    -3.8
  8.301    13.8    22.7     2.9
  9.961    11.5    25.3     4.0
 11.621   -15.4   -21.7    -8.4
 13.281   -22.9   -45.8    -9.5
 14.941   -20.2   -18.7   -12.4
 16.602    -9.4     8.6     3.4
 18.262    22.5    34.9    16.6
 19.922     3.1    -1.9   -16.3
 21.582   -30.0   -39.6    -8.9
 23.242   -27.5   -42.7    -4.4
 24.902   -19.0   -22.1   -17.4
 26.562     0.2     8.6    -1.2
 28.223     9.1    27.2     5.7
 29.883    12.3    25.0     1.0
 31.543   -17.2   -32.4   -19.8
 33.203   -28.2   -33.3   -18.1
 34.863     2.2    -6.2   -11.9
 36.523    -0.2     0.4    -8.0
 38.184     8.4    24.0     2.8
 39.844     1.9    12.4    -9.5
 41.504   -11.2   -35.3   -10.6
 43.164   -15.8   -36.5    -2.0
 44.824   -18.6   -13.9   -14.0
 46.484     1.2     3.0    -1.7
 48.145     8.2    19.5    -9.9
 49.805    -3.7    -2.4    -3.5
 51.465     1.0   -14.8    -7.4
 53.125   -13.1   -30.4   -11.8
 54.785   -24.4   -12.2   -15.1
 56.445    -4.5     8.1     3.8
 58.105     8.3    11.0   -13.2
 59.766    -6.2    -8.1   -13.1
 61.426    -7.6   -18.6    -0.8
 63.086   -13.0   -20.7     0.6
 64.746   -18.3   -24.0   -19.2
 66.406    -2.5     9.4    10.7
 68.066     2.8    12.1     1.7
 69.727     1.0    -4.9   -19.8
 71.387    -4.4    -7.4    -7.6
 73.047   -13.9   -16.0   -15.9
 74.707   -10.5   -18.8   -13.7
 76.367    -7.0   -14.4    -7.5
 78.027    -3.6     3.2    15.9
 79.688    -0.4    -3.8   -23.8
 81.348    -2.7    -8.8   -28.4
 83.008   -15.0   -16.1   -12.3
 84.668   -20.6   -22.0   -17.8
 86.328    -1.5   -12.3     4.9
 87.988     8.5     6.0     7.1
 89.648    -7.7    -1.5   -26.5
 91.309    -4.3    -3.6    -1.3
 92.969    -9.3    -3.3     2.2
 94.629   -24.0   -16.0   -29.9
 96.289    11.6   -10.9    27.5
 97.949    18.8     5.1    14.5
 99.609     1.0     9.0   -27.0
101.270   -10.4     5.3   -20.2
102.930   -21.3     2.1    -1.8
104.590   -15.8   -25.1   -22.2
106.250   -14.4   -26.7   -19.5
107.910    13.8     0.6    15.3
109.570    10.8     6.1     3.2
111.230     0.0     8.1   -21.6
112.891   -26.5    -8.7   -11.9
114.551   -31.3    -8.3   -13.4
116.211   -12.4   -28.9   -12.1
117.871    10.7   -13.1    19.8
119.531    14.1    16.7     1.6
121.191     0.3     3.0   -18.7
122.852   -21.8    -8.2   -19.1
124.512   -37.5    -7.7   -17.8
126.172   -37.7   -19.5   -21.6
127.832     8.8   -25.2     5.0
129.492    22.2    -4.3    11.7
131.152     3.7    10.1     1.0
132.812   -14.2    -8.8   -22.5
134.473   -38.2   -13.8   -25.1
136.133    -3.7   -23.2     1.6
137.793    13.0   -18.4     6.3
139.453    25.7    12.6    12.6
141.113    11.3    13.7    -2.1
142.773   -18.3    -1.3   -17.7
144.434   -34.0   -10.1   -25.0
146.094   -16.5   -32.0   -15.8
147.754    -0.5   -22.8    -7.6
149.414    23.5    15.8    20.7
151.074    15.6    15.7    13.1
152.734   -13.8    -7.6   -22.0
154.395   -31.1    -8.4   -18.4
156.055   -29.3   -26.2   -15.3
157.715    -4.4   -21.8   -12.2
159.375    18.5     3.8    14.1
161.035    18.0    14.6    17.3
162.695   -17.3    -5.6   -19.3
164.355   -30.6   -26.8   -13.5
166.016   -27.7   -32.4   -21.8
167.676   -13.9   -20.9   -13.3
169.336    22.0    16.1    18.7
170.996     4.2    11.8   -13.6
172.656   -12.6     1.6   -16.3
174.316   -27.5   -27.9   -14.6
175.977   -21.5   -30.0   -24.4
177.637     4.4    -5.9     2.7
179.297    21.2    11.4    10.5
180.957     1.8     9.6   -19.9
182.617   -24.2    -7.8    -4.3
184.277   -26.0   -26.8    -9.3
185.938   -21.3   -36.4   -29.4
187.598     3.8   -13.3     5.2
189.258     8.0    25.5    10.2
190.918     3.3    22.0   -12.4
192.578   -12.4   -14.9   -15.2
194.238   -25.8   -21.5    -3.1
195.898   -24.8   -27.9   -12.5
197.559    13.3   -16.0     1.8
199.219    13.7    21.7    10.1
200.879    -3.5    21.7   -12.3
202.539    -5.8     8.3   -21.0
204.199   -26.1   -19.8    -4.1
205.859   -19.5   -21.7    -6.3
207.520    -1.7   -23.5   -10.0
209.180    13.9     7.1     5.3
210.840   -12.9    24.0    -1.8
212.500   -70.9    -9.9   -20.6
214.160  -179.6   -62.8   -11.6
215.820  -212.3   -77.1   -11.3
217.480  -238.5  -112.0    -2.8
219.141  -177.9   -76.8    -5.3
220.801  -170.2   -62.5   -17.1
222.461  -175.0   -61.2   -20.8
224.121  -140.0   -73.1   -16.0
225.781  -106.5   -74.4    -6.6
227.441   -62.6   -64.6   -10.3
229.102   -40.9   -22.9     4.5
230.762   -30.6    -2.8    10.8
232.422   -47.5   -20.0   -29.2
234.082   -44.3   -20.1   -13.0
235.742   -42.0   -21.2    -2.1
237.402   -24.4   -41.9   -21.5
239.062   -15.8   -13.0     0.1
240.723    -9.3    17.7    19.8
242.383   -22.2    -9.2   -20.7
244.043   -21.7   -20.3   -13.7
245.703   -27.7   -23.9    -3.2
247.363   -25.5   -25.2    -4.0
249.023   -13.5   -19.1   -25.0
250.684     3.8    22.2    24.2
252.344    -3.4    16.5   -12.1
254.004   -23.0   -26.5   -23.7
255.664   -24.8   -28.8    -1.1
257.324   -21.5   -22.6   -17.2
258.984    -2.1    -3.9     0.4
260.645     6.2    15.4     1.7
262.305    -4.3    11.9    -8.9
263.965   -10.5     9.2    -5.0
265.625   -18.1   -39.7    -8.6
267.285   -23.5   -28.7   -30.0
268.945    -7.1    10.2    10.3
270.605     8.0    15.5    10.5
272.266    -2.7    -1.2   -11.7
273.926    -2.2     1.2   -17.7
275.586   -17.1   -29.1     0.4
277.246   -15.3   -29.2     1.8
278.906   -22.5   -25.4   -31.0
280.566    -8.5     6.3     8.9
282.227     0.3    25.1    -3.4
283.887     4.5     2.1    -9.5
285.547    -1.3   -20.6     9.5
287.207   -12.7   -22.2     4.5
288.867   -27.7   -33.1   -19.4
290.527   -15.5    -2.1    -6.2
292.188    -2.4    26.1    -0.6
293.848    10.6     6.6     0.3
295.508     2.9   -27.1    -0.7
297.168   -12.4   -27.2    -7.1
298.828   -28.8   -32.6   -14.5
300.488    -7.9     0.7    -8.5
302.148     1.7    30.3    -6.4
303.809     8.5    25.8     2.4
305.469     5.9    -8.4    -2.5
307.129   -21.6   -33.3   -14.3
308.789   -28.3   -35.3    -9.7
310.449   -12.3     7.5   -11.1
312.109    -3.3    19.6    -9.7
313.770     6.7    11.3    -0.2
315.430     1.7    -9.6     1.0
317.090   -11.4   -28.6   -10.9
318.750   -24.9   -27.7    -9.1
320.410   -17.5    -9.9    -1.4
322.070    -4.1    11.0   -10.0
323.730     0.8    10.1   -14.2
325.391   -14.3   -18.3    -7.4
327.051   -12.6   -17.9    -7.1
328.711   -22.4   -36.0   -19.9
330.371   -15.0   -28.7    -4.1
332.031    -0.9     9.0    -5.5
333.691    -0.5     7.5   -30.4
335.352    -6.0     6.7     8.5
337.012   -16.2   -12.3    -7.4
338.672   -22.7   -36.8   -25.7
340.332   -12.3   -32.5    -3.9
341.992    -0.2    -7.2     7.9
343.652    -9.0     6.3   -25.6
345.312    -3.7     9.4    -2.5
346.973   -12.2    -9.2    -9.7
348.633   -22.3   -26.7   -30.1
350.293   -14.0   -26.5     2.0
351.953     0.3    -4.1     8.4
353.613     0.8     3.6   -24.2
355.273    -3.4    11.8    -3.9
356.934    -9.7    10.3     7.4
358.594   -24.1   -33.1   -26.4
360.254   -16.9   -32.5    -1.7
361.914     4.1    -0.5     7.2
363.574     5.0     2.8    -1.1
365.234    -1.6     7.7    -1.7
366.895   -15.1     7.9     2.0
368.555   -30.9   -10.7   -26.1
370.215    -0.2   -29.2     3.2
371.875     6.7     3.5     7.5
373.535     5.2     9.5    -2.1
375.195     8.4    -0.9   -10.1
376.855   -18.5     2.2   -18.3
378.516   -29.0    -2.0   -14.0
380.176   -18.7   -27.7   -15.7
381.836     2.7    -2.5     3.8
383.496     2.6     4.2     6.3
385.156     9.4     4.0    -5.8
386.816   -11.2     0.6   -13.5
388.477   -10.7     0.4   -13.8
390.137   -20.5   -26.6   -20.0
391.797     0.3    -1.2     5.1
393.457    11.7    -5.1    -3.2
395.117     6.5    -3.6    -4.9
396.777     3.0    10.1    -3.3
398.438   -18.8   -20.7   -21.6
400.098   -24.1   -28.5   -28.2
401.758   -11.6    -2.5     2.0
403.418    -6.1    -8.8    -7.9
405.078     7.6    -2.7    -7.3
406.738    -7.0     0.9     6.4
408.398    -6.9    -3.0     3.4
410.059   -14.8   -18.5   -33.8
411.719   -10.9    -0.5     4.9
413.379   -21.6    -6.4     3.7
415.039    -0.7   -11.3   -10.5
416.699     6.2    -2.1     7.3
418.359    -1.1     1.0    -6.2
420.020   -17.9    -7.5   -18.5
421.680    -7.3    -7.9    -7.9
423.340   -13.6    -8.5   -10.1
425.000   -20.8    -8.2   -18.7
426.660    -3.5    -9.4    -2.9
428.320     1.2   -11.4     3.1
429.980    -5.4    -3.6   -17.1
431.641    -1.6     1.2     4.8
433.301   -11.1   -13.2   -22.1
434.961   -19.2   -16.5   -26.9
436.621   -17.9   -18.1    -4.3
438.281    -0.4   -10.0    -5.3
439.941    -7.5    -7.5   -22.5
441.602     0.5    -2.8   -12.1
443.262   -16.2     3.5     2.8
444.922    -8.5   -16.8   -30.0
446.582    -8.0   -20.6   -12.5
448.242   -13.9    -6.7     6.8
449.902    -1.8    -0.6    -7.5
451.562    -4.7    -6.3   -18.6
453.223     3.5     6.3     4.9
454.883   -14.4     1.2    -9.6
456.543   -12.3   -16.6   -21.5
458.203    -0.7   -17.3    -0.9
459.863   -21.8    -4.2   -13.7
461.523   -18.6   -13.7   -19.8
463.184    -7.2   -13.0   -13.8
464.844     0.3     8.5    -5.3
466.504    -1.2     2.8    -7.1
468.164    -4.7   -20.5    -8.8
469.824   -10.9   -12.7     0.9
471.484   -16.0   -10.3   -12.7
473.145    -8.4    -7.4   -11.3
474.805     8.9     3.5    -2.4
476.465     4.7     2.8    -3.3
478.125    -2.0    -2.5    -7.7
479.785    -7.0    -7.8     1.6
481.445   -17.7   -22.7   -24.4
483.105   -22.3   -19.3   -21.9
484.766   -12.4    -6.7    -6.5
486.426     3.1     1.1   -13.8
488.086    -1.7    -0.2   -13.1
489.746    -1.2     0.5     6.3
491.406   -13.9   -17.8   -11.5
493.066   -23.3   -33.7   -32.6
494.727   -25.9   -25.1   -21.3
496.387    -3.9     4.0    12.2
498.047    11.3    -2.8    -7.9
499.707     5.4     0.8     3.2
501.367    -7.9     0.4    17.2
503.027   -25.6   -36.2   -38.8
504.688    -2.9    -3.9     7.0
506.348    -0.3     3.8    12.2
508.008     4.9    14.3   -13.3
509.668    12.4     0.2     4.5
511.328    -0.4    -4.5    17.8
512.988   -29.3   -24.2   -27.5
514.648   -33.9   -33.9   -40.1
516.309    -2.7   -11.5    10.6
517.969     7.2    15.0   -18.4
519.629     6.8    12.6   -11.2
521.289     5.7    -0.7    14.5
522.949    -6.9    -9.5     3.4
524.609   -26.3   -27.2    -8.7
526.270   -20.9   -30.6    -6.4
527.930     4.6     6.0     2.1
529.590    13.2    19.1   -17.4
531.250    10.1    17.8     1.2
532.910   -16.2    -9.6    -1.7
534.570   -20.7   -40.2   -27.7
536.230   -17.4   -33.1    -7.1
537.891    -0.2     2.6     2.9
539.551     5.0    20.6   -15.0
541.211     6.1     8.2    -6.2
542.871    -6.1    -2.5     9.3
544.531   -22.5   -28.7   -24.5
546.191   -13.5   -39.9   -14.1
547.852    -1.3    24.9     2.6
549.512     9.1    15.7    -5.6
551.172     5.7     2.8    -7.4
552.832    -2.7    -5.3    -1.4
554.492   -21.5   -27.2   -17.4
556.152   -17.9   -37.3   -15.9
557.812     1.5    15.5    -1.9
559.473    -0.5    20.1    -3.7
561.133    -1.5    19.2    -0.5
562.793    -7.3    -5.0    -9.6
564.453   -20.3   -22.9    -7.6
566.113   -21.5   -35.2   -10.9
567.773    -4.5    -2.4    -5.9
569.434     3.3    17.9    -5.6
571.094    -3.3     9.2    -9.0
572.754    -3.4    -6.5    -1.9
574.414   -10.3   -16.8    -3.7
576.074    -4.8   -20.8   -11.5
577.734    -7.3    11.2     2.5
579.395    -7.3    12.2     3.9
581.055    -8.1    10.2    -7.6
582.715    -1.6    -0.1    -3.3
584.375     2.9    -1.9     2.6
586.035   -15.3   -32.2   -24.5
587.695   -10.9   -27.7   -15.0
589.355    -6.8     3.1    11.4
591.016    -9.6     3.5   -22.7
592.676    -5.3     1.9    -7.9
594.336     3.0    -0.6     9.9
595.996    -7.9   -23.1   -15.8
597.656   -16.1   -31.0   -20.5
599.316     3.3     9.3    15.3
600.977     2.1    12.6     6.3
602.637    -5.7    -2.6   -19.3
604.297    -2.0    -7.4    14.2
605.957    -9.0   -16.4   -14.7
607.617   -12.4   -17.7   -18.8
609.277    -2.5    -5.2    17.5
610.938     2.3     7.5    10.8
612.598    -3.6     3.9   -27.8
614.258    -9.1    -8.0   -11.3
615.918    -6.6    -8.9    -3.0
617.578    -7.2   -11.3   -17.2
619.238    -8.0   -27.6   -21.0
620.898   -14.6    -4.9    10.7
622.559    -3.4    10.5   -13.4
624.219   -10.1    -1.7   -28.9
625.879     4.8    -1.7     2.3
627.539   -16.6    -4.2    -9.2
629.199    -1.5   -18.3    -3.3
630.859    -6.3   -12.7    -4.9
632.520   -14.9     6.7    -9.5
634.180    -8.3    -4.7   -17.5
635.840     4.9    -5.7    -4.4
637.500    -6.4     2.6    -4.0
639.160   -11.9   -22.3   -13.1
640.820   -13.9   -25.7   -14.5
642.480    -9.9    -4.1    -5.2
644.141    -5.3    -2.1    -9.3
645.801     2.0     0.8    -6.9
647.461     6.3    11.8     4.2
649.121    -5.2    -9.3    -8.9
650.781   -18.2   -25.3   -12.1
652.441   -10.5   -16.9    -5.9
654.102    -1.0     0.3   -12.4
655.762     1.0    15.8    -1.1
657.422     6.2    22.6     7.3
659.082    -2.6    -5.6   -14.8
660.742   -19.1   -20.9    -7.7
662.402   -16.9   -18.8     7.7
664.062    -3.2   -16.1   -19.1
665.723     3.5     3.9   -16.2
667.383    -0.3    26.1    11.5
669.043    -6.2     2.8   -12.6
670.703   -11.1   -26.8   -25.7
672.363   -10.4   -26.5    -8.2
674.023   -13.7   -15.8   -16.2
675.684     3.7     3.0   -11.2
677.344     5.5    10.2    -2.9
679.004    -9.3    13.6   -12.2
680.664   -14.5    -6.5   -20.5
682.324    -3.9   -30.8     5.2
683.984    -6.2   -23.1     0.0
685.645    -7.0     0.4   -11.9
687.305     5.9    10.5     1.9
688.965     3.6    11.2     2.4
690.625    -8.9   -16.5    -2.6
692.285   -14.2   -21.6     7.4
693.945    -4.2   -20.7    -6.5
695.605    -7.8     0.0   -11.1
697.266    -5.1    -0.7    -7.7
698.926    -3.4     3.5    -1.7
700.586    -7.1    -9.0   -25.6
702.246   -14.5   -13.2     6.1
703.906   -11.7   -12.7     4.8
705.566    -4.9    -7.0   -10.5
707.227    -9.1     0.9     9.7
708.887    -4.8     3.6     6.8
710.547    -9.9    -7.1   -21.7
712.207    -3.1   -17.5   -28.9
713.867    -4.3    -5.8     6.4
715.527   -16.5    -5.8   -14.7
717.188     2.6   -10.4    -0.3
718.848     2.0     1.9    13.4
720.508    -7.4     5.5     2.4
722.168   -13.8   -25.3   -24.5
723.828    -9.6   -17.1    -7.5
725.488   -11.0     5.1    -7.7
727.148     8.0    -8.6    -0.5
728.809     4.7   -11.8    -3.4
730.469   -12.2   -11.3   -15.0
732.129   -11.0   -15.0    -6.9
733.789    -1.9   -15.3    -3.8
735.449   -12.3    -0.5   -22.0
737.109     1.9    -4.8     3.2
738.770     1.7    -1.1    10.6
740.430    -4.5   -14.5   -11.7
742.090     0.6   -11.3    -5.5
743.750   -17.3    -5.3    -7.1
745.410   -18.7    -7.2   -22.6
747.070   -21.6   -11.1   -21.2
748.730     5.8     8.3    14.3
750.391    13.2     2.6     4.5
752.051    -1.3   -19.9   -17.1
753.711   -19.5    -5.2    -0.6
755.371   -17.0    -6.4    -1.1
757.031   -24.9   -16.1   -42.0
758.691     9.2    13.3    19.7
760.352    14.3    17.4    24.5
762.012    -3.5   -22.9   -24.2
763.672    -5.6   -13.9     5.1
765.332   -15.0    -3.4     2.7
766.992   -28.6   -11.8   -34.2
768.652    -2.3     3.2    15.9
770.312     4.8    12.7    20.4
771.973    10.3    -1.4   -11.1
773.633     5.8   -20.3    -2.3
775.293    -6.0   -10.6     6.7
776.953   -17.1   -13.9   -18.7
778.613   -10.9    -9.3    -0.5
780.273    14.2    14.0    13.4
781.934    16.2    14.4    -2.6
783.594     5.4   -12.8     1.7
785.254   -19.8   -18.2    -5.9
786.914   -16.8   -16.1   -31.0
788.574   -12.3   -11.0    -8.7
790.234     0.6    12.9     1.1
791.895    -4.6     4.1   -25.1
793.555    -9.8   -20.5     6.3
795.215   -20.1   -15.9    -8.0
796.875   -13.2   -13.9   -21.8
798.535    -1.2    -9.9    -4.5
800.195    -6.8    15.6     0.6
801.855    -5.8     6.9   -12.6
803.516    -8.2   -29.0   -14.6
805.176    -7.5   -13.3     2.6
806.836   -12.8    -2.4   -10.4
808.496     1.3   -10.9   -13.9
810.156     2.6    10.2     4.7
811.816   -13.0   -17.7    -8.8
813.477    -9.1   -24.8   -15.2
815.137    -3.4    -8.5    -4.6
816.797    -5.7    -4.2    -5.8
818.457     4.1    -2.1     1.0
820.117     8.8    15.0     8.7
821.777     4.3    11.1    -5.1
823.438   -22.9   -30.3   -27.5
825.098   -18.9   -19.1   -11.4
826.758    -0.9    -8.0    -3.3
828.418    12.0     9.8    -3.0
830.078    10.1    23.2     8.0
831.738   -20.8   -35.0   -28.7
833.398   -20.8   -28.1   -14.5
835.059   -19.2   -27.4   -11.4
836.719   -11.1    -5.5    -2.6
838.379    13.6    10.6    -4.6
840.039    23.3    18.4    17.4
841.699     7.5     5.8    15.2
843.359   -14.4   -28.5   -19.9
845.020   -21.9   -13.1    -8.1
846.680    -8.6     6.0   -18.2
848.340    -9.2     5.1   -19.3
850.000    14.5    22.2    11.6
851.660    13.7    -0.2     6.5
853.320   -11.1   -22.4   -22.5
854.980   -19.8   -25.4    -6.9
856.641   -22.2   -16.3    -8.7
858.301   -18.2    -1.4   -28.1
859.961     8.9    16.6    19.1
861.621    12.4    15.5    22.6
863.281    -4.6   -20.1   -23.6
864.941   -13.5   -25.3     1.4
866.602   -14.5   -15.0    -5.2
868.262   -16.0    -4.6   -38.0
869.922    -1.9     7.5     7.5
871.582     3.9    10.6    21.2
873.242    -0.8    -7.2   -15.3
874.902    -3.9   -12.1    11.2
876.562    -8.0    -8.7     8.9
878.223   -17.8    -1.0   -24.7
879.883    -5.4     0.0     4.4
881.543    -2.9    14.0     8.7
883.203     1.1    -7.3   -13.1
884.863     8.7   -20.0    -8.1
886.523   -13.4    -5.5    -3.4
888.184   -20.5    -4.4   -13.9
889.844   -13.5   -15.1   -19.1
891.504     0.9     6.7     0.1
893.164    -2.7     7.4    -6.7
894.824     0.9   -16.3   -12.6
896.484     3.7    -9.0     7.4
898.145   -14.3    -8.2   -12.3
899.805   -13.7   -14.3   -16.6
901.465   -12.0    -6.1    -6.5
903.125     0.6     0.0    -7.9
904.785     3.5     1.5    -7.1
906.445    -1.1   -11.7    -1.8
908.105   -13.1   -27.4   -21.8
909.766   -20.5   -25.6   -23.5
911.426   -13.1    -1.0     6.2
913.086     2.2    -3.4   -14.5
914.746     6.2     0.4   -24.0
916.406    -0.8     1.6    14.1
918.066   -12.0   -23.8   -19.3
919.727   -15.8   -33.0   -27.6
921.387    -5.8     3.1    13.0
923.047     0.0     6.5   -25.3
924.707     5.0     1.0   -24.7
926.367   -13.2    -7.4     7.0
928.027   -15.5    -8.3     5.0
929.688   -12.6   -32.9   -25.8
931.348    -2.9     3.1    13.6
933.008    -2.1    18.1    10.3
934.668    -2.8     4.4   -19.1
936.328     1.6    -6.9     3.0
937.988   -21.7   -22.7   -19.2
939.648   -14.0   -26.9   -15.0
941.309    10.8     4.6     7.2
942.969    12.9     6.0     5.6
944.629    -6.8    -5.4    -0.3
946.289    -4.7    -7.4     2.6
947.949   -24.0   -28.1   -28.8
949.609   -16.1   -28.1   -16.7
951.270     7.3     7.5    20.4
952.930     5.9    17.8   -15.9
954.590    -1.1     2.7   -11.1
956.250   -10.0    -8.7     6.0
957.910   -27.1   -29.0   -26.1
959.570    -2.6   -21.9     0.6
961.230    -4.9   -13.5     8.4
962.891     3.0    14.3   -15.6
964.551     0.0    -6.5   -18.2
966.211    -5.8   -11.1    -7.5
967.871   -20.9   -12.2   -18.3
969.531   -14.8   -30.0   -21.5
971.191     6.3     0.8    13.2
972.852     8.0    25.8     7.5
974.512     5.9    -1.0   -14.1
976.172    -8.5   -12.5    -6.8
977.832   -22.1   -22.7   -15.7
979.492     4.2    -7.4    -2.3
981.152     0.9   -15.4    -3.7
982.812     4.3     9.6    -0.5
984.473     3.5   -10.6    -4.8
986.133   -19.9   -17.7   -22.0
987.793   -24.7   -18.8   -20.4
989.453    -1.1    -5.7     2.3
991.113     8.4     7.3     5.1
992.773     2.0    -0.5    -3.2
994.434    -0.5    -3.3     1.6
996.094   -18.0   -22.0   -20.5
997.754   -23.9   -28.8   -31.4
999.414    -8.7     5.6     4.8
1001.074     1.6     4.8     1.8
1002.734    11.4    -9.2   -10.7
1004.395     6.3    -0.2    -0.5
1006.055    -6.3     0.0     5.2
1007.715   -28.8   -25.0   -35.7
1009.375   -10.1   -11.0    -3.6
1011.035    -1.1     5.0    -2.5
1012.695     0.9    -9.4   -19.5
1014.355    10.1     2.2    18.4
1016.016     6.3     5.9    17.8
1017.676   -24.6   -25.1   -28.8
1019.336   -10.7    -8.4    11.8
1020.996    -5.6     1.2     8.9
1022.656     6.3    -6.7    -9.8
1024.316    13.1     1.4    13.2
1025.977     2.3    -0.1    -4.2
1027.637   -14.6    -5.6   -32.0
1029.297   -23.5   -18.9     6.2
1030.957     1.6    -3.6   -25.0
1032.617    -3.5    -1.2   -20.8
1034.277    12.9     5.7    23.1
1035.938     7.7    10.3    19.1
1037.598   -20.1   -17.9   -38.9
1039.258   -19.2   -18.7     9.4
1040.918   -10.1    -5.4    -6.1
1042.578    10.1    -3.4   -10.9
1044.238    16.5     5.9    19.2
1045.898     3.6    15.7     6.2
1047.559   -19.1   -18.1   -32.3
1049.219   -20.9   -32.9   -21.7
1050.879   -17.7   -22.0    -1.1
1052.539    -5.3    -5.0    -4.0
1054.199    14.2    -1.4    -4.2
1055.859    -0.8    20.8    -3.0
1057.520   -17.8    -1.0   -13.0
1059.180   -19.7   -28.3   -18.5
1060.840   -15.9   -13.2    -1.3
1062.500   -11.6    -7.0    -6.5
1064.160    17.3     4.9    -0.4
1065.820     8.7    14.9    -0.9
1067.480   -21.8   -19.8   -22.9
1069.141   -19.5   -17.5    -2.4
1070.801     2.7   -11.0    -3.7
1072.461    14.3     6.9    -0.5
1074.121     7.5    13.4    -0.6
1075.781   -14.4     8.6    -5.3
1077.441   -20.9   -22.6   -27.7
1079.102    -9.0    -6.8     9.6
1080.762     4.2    -8.8     1.0
1082.422     9.1    -9.7   -14.4
1084.082     7.0     4.0     2.3
1085.742   -18.7    -7.2   -20.2
1087.402   -26.8   -23.1   -38.1
1089.062    -9.6   -17.6    -7.6
1090.723     1.0    -8.6    18.1
1092.383     8.2    -4.5    -8.8
1094.043     6.5     6.6    -3.5
1095.703   -22.7    -6.9   -19.3
1097.363   -29.1   -13.6   -32.9
1099.023    -1.0   -16.8    10.1
1100.684     6.7   -10.9     7.7
1102.344     8.0     6.7   -11.4
1104.004     4.6     4.8     4.5
1105.664   -22.2   -14.9   -31.1
1107.324   -22.9   -20.9   -17.0
1108.984    -1.4   -14.8    13.9
1110.645    14.2    -2.4    -1.3
1112.305    -7.1     9.4     7.1
1113.965    -9.4     7.0     5.7
1115.625   -22.3   -15.9   -32.0
1117.285   -12.5   -18.4    -5.6
1118.945    -8.2   -14.5    12.8
1120.605     9.2    -2.3    -8.3
1122.266     7.6     0.0   -12.8
1123.926   -10.3     5.4     6.5
1125.586   -18.2    -3.6   -21.9
1127.246    -8.7   -33.5   -14.1
1128.906    -2.8   -31.0    -4.8
1130.566     5.5    11.4     3.3
1132.227   -14.0     0.4    -9.4
1133.887   -12.5    -1.3    -9.0
1135.547   -20.6     0.0   -14.5
1137.207   -14.6   -14.5   -14.3
1138.867    12.4    -5.5    10.7
1140.527     3.1     6.9     5.3
1142.188   -11.4    -5.1   -11.1
1143.848   -15.2    -5.5    -7.5
1145.508   -22.5   -10.9   -18.4
1147.168    -1.0   -14.6    -3.5
1148.828     1.6    -1.2    -8.8
1150.488    -2.1    -2.4   -16.2
1152.148   -13.5    -5.2   -12.1
1153.809   -10.2   -12.1   -19.3
1155.469   -11.0   -18.9   -27.8
1157.129     8.4     3.3    21.1
1158.789    11.2     5.8    18.4
1160.449     1.2    -4.8    -9.3
1162.109   -21.9    -7.5   -10.4
1163.770   -19.3   -14.0   -20.2
1165.430    -3.2   -18.3   -16.1
1167.090    13.7     6.7    24.0
1168.750    12.0    17.1    23.4
1170.410    -4.7   -10.6   -28.0
1172.070   -22.4   -15.5    -7.8
1173.730   -22.6    -6.3     2.6
1175.391   -11.1   -19.2   -22.2
1177.051     8.5    -1.9     1.3
1178.711     8.9    23.7    18.8
1180.371   -16.0   -14.4   -34.4
1182.031   -14.6   -27.1   -14.4
1183.691   -14.1   -13.5   -12.0
1185.352    -9.3   -12.4   -20.5
1187.012     6.7     0.5    11.6
1188.672    12.0    15.8    14.9
1190.332   -10.2     8.2   -23.4
1191.992   -10.2   -17.3    -1.9
1193.652    -9.8   -21.9   -14.9
1195.312   -12.6   -22.6   -28.4
1196.973     2.0    14.8    25.2
1198.633     3.7    15.7   -19.4
1200.293     0.7    10.9   -26.8
1201.953    -5.4   -18.5     9.6
1203.613   -11.0   -16.8    -8.0
1205.273   -15.5   -22.4   -24.6
1206.934    -8.2   -19.5   -16.7
1208.594    -7.1    16.9   -13.5
1210.254     1.0    -6.5   -12.7
1211.914     4.4   -17.2     9.2
1213.574    -6.4   -12.4   -11.4
1215.234    -8.2   -16.9   -17.7
1216.895   -15.5    16.4    -7.1
1218.555    -9.2    14.4   -11.7
1220.215    -3.7    -2.7    -9.5
1221.875    10.9   -11.6     2.1
1223.535   -13.8   -11.8    -8.9
1225.195   -17.5   -18.6   -12.9
1226.855   -17.3    -3.1    -8.0
1228.516    -4.7     5.3    -8.7
1230.176    13.8    -6.0    -0.1
1231.836    15.5    -4.8     4.2
1233.496    -6.3   -10.2    -2.4
1235.156   -21.5   -26.4   -13.7
1236.816   -15.1    -0.4   -10.7
1238.477    -9.9     4.9   -13.7
1240.137     2.5    -0.1    -5.2
1241.797     0.7    -4.2     4.0
1243.457   -16.1   -26.3   -22.3
1245.117   -19.0   -22.8   -21.1
1246.777   -11.5     1.8    -2.8
1248.438    -5.9    -7.0   -17.2
1250.098    13.3     5.4     6.3
1251.758     6.1     9.8    13.8
1253.418   -19.5   -22.3   -20.6
1255.078   -10.2    -9.2     7.3
1256.738    -7.1    -3.8   -10.2
1258.398    -1.5    -7.6   -26.2
1260.059     4.9     4.8    10.5
1261.719     2.8    -0.5     1.0
1263.379   -28.6   -28.2   -42.0
1265.039    -5.0    -4.4    13.5
1266.699     3.9     1.4   -16.9
1268.359    12.7     1.7    -5.0
1270.020     0.8    -4.0    12.1
1271.680   -28.2   -23.5   -38.2
1273.340   -38.6   -26.5   -38.5
1275.000   -25.4   -15.3    -6.5
1276.660    16.8     4.2   -14.4
1278.320    13.0    -3.5    -7.5
1279.980    -3.1    -3.1    12.6
1281.641   -28.7   -22.5   -45.0
1283.301   -23.8   -28.8   -25.3
1284.961     0.8    16.5    18.0
1286.621    17.8    14.2     2.5
1288.281    23.5    -0.4    -0.7
1289.941    -1.4     0.7    -1.4
1291.602   -36.9   -36.3   -36.2
1293.262   -30.6   -39.7   -24.8
1294.922    -1.8    -0.8     4.1
1296.582    23.3    19.6     1.0
1298.242     7.0    -7.1     1.1
1299.902    -4.7    -9.6    -6.7
1301.562   -33.3   -23.0   -20.8
1303.223   -28.5   -29.4   -14.6
1304.883   -10.2    -8.3    -6.7
1306.543    11.9    13.7    -2.1
1308.203    17.4     7.4     0.0
1309.863   -17.3   -14.0   -16.5
1311.523   -29.7   -33.5   -23.8
1313.184   -30.5   -31.7   -21.5
1314.844     3.1    14.9     7.0
1316.504    10.5    13.6    -7.3
1318.164    15.8     7.8   -11.0
1319.824   -17.8   -29.1   -15.5
1321.484   -19.5   -33.0   -19.6
1323.145   -16.1   -15.5    -5.9
1324.805     4.7    12.7     0.2
1326.465     5.3    12.8     0.8
1328.125     9.7     7.6   -16.0
1329.785   -16.8   -12.5    -0.8
1331.445   -20.6   -37.7   -28.1
1333.105    -9.9   -19.5    -2.6
1334.766     7.4    15.1     8.0
1336.426     3.7    15.1   -23.1
1338.086    -1.4     2.9   -16.1
1339.746   -12.8    -4.9     5.5
1341.406   -20.5   -29.4   -25.4
1343.066    -7.6   -27.2    -6.6
1344.727    -2.7    15.1    -4.5
1346.387     2.5    20.5    -9.7
1348.047     3.6     6.5   -10.7
1349.707   -13.0   -16.5   -14.3
1351.367   -27.0   -22.0   -22.1
1353.027     1.3   -18.2    13.5
1354.688    18.9    -1.6     9.9
1356.348     6.2    12.7   -16.6
1358.008   -16.7     4.8    -2.1
1359.668   -19.6    -7.2    -9.2
1361.328   -17.2   -25.4   -23.2
1362.988     0.8   -15.3    17.5
1364.648     4.8    -4.8    11.6
1366.309     6.0    -3.3   -16.8
1367.969   -28.8     0.0   -11.0
1369.629   -23.9     3.6    -5.6
1371.289    -3.0   -20.6     0.5
1372.949     2.4   -11.6    18.4
1374.609     1.9     1.2    16.9
1376.270    12.4     0.1    -9.9
1377.930   -18.2     6.3   -12.4
1379.590   -29.5     4.4   -16.0
1381.250   -26.9   -20.4   -23.8
1382.910    -4.7   -27.2    -0.2
1384.570    13.3     2.4     7.6
1386.230    12.1     1.2    -0.6
1387.891    13.6    -5.3    -3.7
1389.551   -25.3    -0.1   -20.8
1391.211   -29.6   -12.6   -20.1
1392.871     2.3   -13.5     7.0
1394.531    12.1    -3.5     6.4
1396.191    11.5    -1.3     6.3
1397.852     4.0    -2.6     1.7
1399.512   -27.5    -2.9   -28.8
1401.172   -28.8   -12.7   -28.1
1402.832    -3.0    -4.9    12.7
1404.492    15.2    -8.4     3.9
1406.152    14.3    -9.4    -3.4
1407.812    -6.7     6.5     4.1
1409.473   -26.3    -9.8   -30.5
1411.133   -18.0   -16.1    -7.9
1412.793    -0.6     3.4    23.3
1414.453    11.4   -15.5   -14.2
1416.113    10.4    -4.9     3.7
1417.773   -16.1     4.6    -6.5
1419.434   -33.9   -19.0   -49.0
1421.094   -25.2   -28.6   -34.3
1422.754    12.7     9.9    19.7
1424.414    11.0     5.9     0.3
1426.074     8.0    -2.8    16.8
1427.734    -7.7    -5.1    12.6
1429.395   -32.7   -22.0   -42.6
1431.055   -12.1   -14.7    -3.7
1432.715    12.7     6.5     9.7
1434.375     3.3     2.5   -11.7
1436.035     2.7    -5.3    -5.2
1437.695    -8.2    -4.6     5.6
1439.355   -16.7   -23.6   -18.2
1441.016   -21.1   -20.4   -11.2
1442.676     8.8    10.9   -17.6
1444.336     6.1     4.3    -5.4
1445.996    -3.9     2.9    21.0
1447.656   -27.3   -18.5   -26.4
1449.316   -16.0   -35.9   -23.9
1450.977     3.2   -12.3    14.3
1452.637     5.0    18.7    -1.6
1454.297     3.9     4.8   -10.8
1455.957    -4.7    -7.0    -1.0
1457.617   -20.1    -8.2    -1.3
1459.277   -15.9   -36.7   -17.9
1460.938     3.4   -38.7    -3.6
1462.598     4.6    20.5     0.5
1464.258    -5.4    -5.4   -11.5
1465.918    -6.7    -7.0    -8.6
1467.578   -19.2   -20.5   -10.8
1469.238   -14.1   -38.9   -12.1
1470.898    -0.4   -27.0    -5.3
1472.559     4.6    15.6    -1.6
1474.219    -1.3    13.6    -8.3
1475.879   -12.6     0.2    -8.4
1477.539   -16.1   -26.6   -12.1
1479.199    -6.9   -37.9    -8.8
1480.859     0.6   -21.9     2.7
1482.520     7.0    18.4     4.2
1484.180    -4.5    12.6   -24.5
1485.840   -15.0     1.7    -6.2
1487.500   -19.0   -33.5    -6.9
1489.160    -6.2   -46.3   -21.7
1490.820     5.7    10.9    10.2
1492.480     0.4    17.3    -8.2
1494.141    -5.0    11.5   -19.3
1495.801   -16.3   -15.8    -4.2
1497.461   -23.0   -33.9   -15.9
1499.121   -10.3   -29.4    -9.1
1500.781     1.9    -5.1     8.0
1502.441    -2.8    21.9   -14.4
1504.102     0.2    15.6   -13.8
1505.762     2.2     4.1     6.6
1507.422   -26.3   -39.2   -27.8
1509.082    -9.9   -20.1     4.5
1510.742    -8.2   -16.3     7.7
1512.402     4.4    21.3   -16.0
1514.062     7.7    26.1    13.5
1515.723    -7.3   -17.7    -9.5
1517.383   -17.5   -37.5   -34.9
1519.043   -24.3   -36.3   -14.1
1520.703   -17.6   -23.9     6.3
1522.363     3.8    24.5   -22.7
1524.023     7.4    23.9   -17.2
1525.684     8.7    14.1    21.1
1527.344   -15.6   -44.0   -38.8
1529.004   -15.6   -50.1   -30.4
1530.664   -23.8    -4.4     4.3
1532.324    -3.1    19.0   -13.2
1533.984     4.5    15.0   -18.5
1535.645    26.3    14.1     8.4
1537.305     2.4     3.0    -1.5
1538.965   -19.6   -54.2   -26.0
1540.625   -27.6   -26.3    -7.3
1542.285   -21.5    -0.4    -3.7
1543.945     8.6    22.3    -5.3
1545.605    26.4    16.7     2.5
1547.266     8.2     3.1     0.8
1548.926   -28.4   -42.3   -17.9
1550.586   -25.7   -40.9   -15.6
1552.246     4.1    19.5    -3.8
1553.906    17.9    29.3     3.7
1555.566    23.5    21.4    10.5
1557.227    -4.4   -17.3   -13.6
1558.887   -28.1   -35.7   -16.8
1560.547   -11.8   -13.7    -9.0
1562.207    -9.8    -0.6   -16.1
1563.867     0.4     9.8   -15.5
1565.527     9.9    18.2     7.6
1567.188     6.4   -12.9   -17.7
1568.848   -23.3   -36.0   -11.9
1570.508   -22.5   -19.9     9.5
1572.168    -9.0   -12.9   -10.1
1573.828    12.2    14.1    -7.9
1575.488    11.6    23.2    -2.7
1577.148    -3.8    -0.7    -9.6
1578.809   -18.1   -43.2   -17.5
1580.469    -7.0   -16.1    18.1
1582.129   -17.8    -6.3    11.4
1583.789     7.9    12.1    -8.2
1585.449     6.2    14.3     7.2
1587.109    -9.5    -5.9   -14.8
1588.770   -19.2   -35.4   -17.0
1590.430     2.8   -21.3    12.5
1592.090    -4.6     1.6    -2.7
1593.750    -0.5     6.0   -20.7
1595.410    -7.4     3.4    -3.0
1597.070    -9.1    -8.6   -25.0
1598.730   -11.2   -23.1     2.9
1600.391   -13.6   -24.4     2.7
1602.051    -0.6    -0.3    -3.4
1603.711     6.2    10.2     6.8
1605.371   -12.2   -12.5   -22.2
1607.031   -14.7   -13.3   -23.0
1608.691   -17.9   -24.9   -17.8
1610.352     0.3    -4.8    17.1
1612.012    -4.8    -5.4    -4.2
1613.672    10.8     2.4   -11.0
1615.332    -7.4     5.8     9.5
1616.992   -13.8    -9.1   -16.4
1618.652   -12.2   -27.6    -8.2
1620.312    -2.1     4.4     8.4
1621.973    -3.9    -3.2    -8.7
1623.633    -1.0    -9.5    -8.9
1625.293    -1.1     5.0     0.8
1626.953    -7.1    -3.2    -9.2
1628.613    -7.1   -26.2   -16.9
1630.273   -16.4   -13.9   -13.4
1631.934   -13.0     4.4    -3.2
1633.594     4.0    -6.3     0.2
1635.254     2.8    -5.8    -0.6
1636.914    -4.9     1.8   -15.0
1638.574    -7.0   -13.5    -0.9
1640.234   -19.0   -12.6   -14.7
1641.895    -8.6    -8.2   -11.2
1643.555   -13.0    -8.2    -8.0
1645.215     9.2     1.9    -2.3
1646.875    10.0    -0.5    -3.1
1648.535    -8.5    -9.7    -7.8
1650.195    -8.6    -2.9     0.6
1651.855   -13.1   -12.4   -20.2
1653.516    -4.7    -5.2    -0.3
1655.176     9.1     4.2     9.0
1656.836     2.6   -12.6   -14.6
1658.496     0.4     1.5    -4.7
1660.156   -21.5    -4.7   -10.4
1661.816   -23.7   -24.0   -25.5
1663.477   -13.6   -19.1    -9.6
1665.137     6.2     4.2     1.7
1666.797    -0.8    -5.7   -19.0
1668.457    -2.3    -1.4     0.5
1670.117   -20.2   -11.7    -8.9
1671.777   -20.2   -23.4   -31.8
1673.438     6.1     0.6    16.5
1675.098     4.0     5.5     0.3
1676.758    -7.1    -4.0   -26.3
1678.418    -3.2     1.1    16.4
1680.078   -11.0    -8.0   -13.2
1681.738   -17.3   -20.2   -32.5
1683.398    -6.2   -14.3    11.6
1685.059     3.5     1.1   -12.2
1686.719     0.0    -0.9   -27.7
1688.379   -12.4    -1.7    -5.0
1690.039    -8.5     0.5    -0.8
1691.699    -2.5   -17.3   -14.2
1693.359     2.8    -8.5    12.9
1695.020    -2.0     2.2     7.3
1696.680   -11.4     7.5   -14.2
1698.340   -10.2   -16.6   -11.8

Event #72  ts=2026-09-11 12:11:21.779  [SELECTED]
  t[ns]  u1[mV]  u2[mV]  u3[mV]
  0.000     3.9   -17.7    -4.4
  1.660   -13.5   -19.0   -17.8
  3.320   -14.5   -25.4   -13.1
  4.980     2.2     6.7    11.5
  6.641     3.9    10.4    -2.3
  8.301     1.8    -6.1    -9.4
  9.961    -0.1   -11.7     1.4
 11.621    -7.3    -2.7     3.2
 13.281   -20.8   -26.9   -27.9
 14.941   -19.4   -26.5   -19.4
 16.602     3.2    13.7     6.2
 18.262     6.3     1.4   -21.7
 19.922    -7.9    -8.1    -1.1
 21.582   -15.3   -19.6   -18.8
 23.242   -12.5   -23.0   -25.9
 24.902    -7.7    -9.2    -5.9
 26.562    -1.6    12.0    14.1
 28.223    -4.1    -0.8   -15.2
 29.883     2.5    -8.0   -19.0
 31.543   -11.5    -8.0     3.4
 33.203   -12.3   -15.2   -13.4
 34.863   -11.9   -12.3    -9.3
 36.523   -17.6    -8.1     4.3
 38.184    -3.2    -3.1   -15.4
 39.844     5.3    -5.3   -15.5
 41.504    -0.1    -3.1     4.4
 43.164   -14.4   -12.3   -11.0
 44.824   -16.3   -22.2   -24.2
 46.484    -8.7   -11.1    -0.6
 48.145    -1.2     7.5   -11.5
 49.805     4.3    -6.4    -6.9
 51.465    -2.7    -9.6     3.7
 53.125   -13.9   -12.0     0.3
 54.785   -19.0   -20.4   -13.6
 56.445    -1.9    -1.2     0.0
 58.105    -0.5     8.4    -6.5
 59.766     6.4    -5.5    -0.6
 61.426    -1.5    -9.1     0.5
 63.086   -17.9   -16.7   -19.4
 64.746   -24.2   -19.5    -8.5
 66.406   -18.8    -1.4     2.6
 68.066    14.2     7.7    -2.4
 69.727     9.0     2.6    -5.3
 71.387     4.3     1.7     0.1
 73.047   -22.2   -19.3   -15.4
 74.707   -21.2   -30.3   -15.3
 76.367   -11.7   -15.0    -4.4
 78.027    10.5    19.4     0.9
 79.688    22.2     2.7    -8.4
 81.348     8.7    -3.0    -8.0
 83.008   -30.4   -19.8   -11.5
 84.668   -24.4   -34.0   -26.7
 86.328    -5.7   -12.0    -1.7
 87.988    -0.6    11.1     7.1
 89.648    21.8     3.5    -8.0
 91.309     9.8    -1.8    -2.5
 92.969   -15.5   -12.1    -5.3
 94.629   -29.5   -26.1   -21.8
 96.289    -5.3   -14.3    -2.2
 97.949    15.8     7.0     7.0
 99.609    13.6    16.5    -5.3
101.270    14.2    13.2    -4.4
102.930   -15.8   -16.6   -10.1
104.590   -28.1   -34.0   -16.6
106.250    -9.8    -6.9     9.5
107.910    -4.1    -5.3    12.9
109.570    25.0    25.2    -7.5
111.230    17.0    19.6    -2.0
112.891   -18.0    -7.1     1.6
114.551   -32.7   -36.5   -34.2
116.211   -24.4   -32.7   -16.3
117.871    15.7    21.5     3.3
119.531    17.2    22.4    -9.0
121.191    20.6    21.2   -11.9
122.852   -11.9    -9.1     2.6
124.512   -38.1   -30.6   -28.6
126.172   -20.4   -32.4   -15.1
127.832    -1.2    11.7     5.2
129.492     8.5    24.7    -5.5
131.152     3.7     2.9     0.8
132.812     1.8     1.7     1.5
134.473   -29.4   -18.9   -20.4
136.133   -26.4   -39.9   -14.2
137.793     3.9    -5.7     7.6
139.453     7.2    27.2    -1.1
141.113    11.3     5.9     6.3
142.773   -12.4   -13.9   -14.0
144.434   -32.9   -30.2   -22.9
146.094   -14.4   -23.9    -1.6
147.754     6.1     1.4     8.9
149.414     7.2    14.0     0.3
151.074     6.1    13.9    -1.1
152.734    -6.8    -2.8     0.3
154.395   -24.8   -41.7   -24.0
156.055   -20.0   -29.3    -5.0
157.715     5.8    10.1    -1.0
159.375     4.5    12.0     3.7
161.035     3.7     4.9    -2.7
162.695     1.9     8.5     1.4
164.355   -21.3   -10.0   -11.6
166.016   -21.8   -38.6   -31.1
167.676   -12.8   -18.1     6.6
169.336    -3.6    10.0     4.1
170.996     9.3     1.2   -15.7
172.656     6.9     3.1    -7.4
174.316   -18.8   -14.6   -19.7
175.977   -17.0   -37.2   -20.8
177.637   -11.2   -20.5     3.7
179.297     2.4    13.1     2.8
180.957     6.3     2.9   -12.9
182.617    -0.1    -4.1    -2.6
184.277   -22.5    -8.4   -18.0
185.938   -19.4   -28.0   -15.8
187.598    -3.6    -9.5     6.8
189.258     0.2     1.3     6.2
190.918     9.4     4.2    -8.7
192.578    -3.8    -0.1    -1.7
194.238   -13.6     3.5    -6.7
195.898   -14.8   -20.6   -10.9
197.559    -3.6    -8.7     7.9
199.219     7.7     0.7     0.1
200.879     4.6    -0.9    -5.9
202.539    -6.5    -0.4    -4.7
204.199   -25.6   -12.5   -27.7
205.859   -19.6   -21.9   -24.7
207.520    -5.6   -11.9     4.2
209.180     4.1    -0.7    10.3
210.840    -0.5     0.0    -5.6
212.500     1.5     0.0    -4.2
214.160   -18.5     3.2    -3.3
215.820   -35.3   -23.8   -22.3
217.480   -57.2   -48.5     1.2
219.141  -112.1   -91.7     2.3
220.801  -172.8  -199.4    -2.1
222.461  -180.8  -209.7    -3.3
224.121  -203.5  -202.2   -13.3
225.781  -209.7  -181.1   -24.5
227.441  -151.9  -161.8   -12.1
229.102   -82.0  -102.9     9.7
230.762   -59.8   -75.2     5.0
232.422   -56.4   -60.1     1.9
234.082   -67.1   -49.5   -14.7
235.742   -63.8   -55.1   -23.1
237.402   -34.7   -54.3    -5.1
239.062    -5.8   -22.5     3.4
240.723    -2.2    -3.2     6.7
242.383     0.2     3.3     4.9
244.043   -35.8   -20.8   -17.3
245.703   -44.7   -30.4   -26.6
247.363   -24.8   -30.4    -4.2
249.023   -10.8   -18.1     4.4
250.684     2.3     2.2    -1.9
252.344     3.8     5.3     1.0
254.004   -14.6     5.0    -7.6
255.664   -30.1   -37.1   -22.4
257.324   -22.7   -36.0    -9.5
258.984    -5.3   -14.4     6.9
260.645     5.0    -1.0     4.2
262.305    -5.5    10.4    -4.2
263.965    -9.6    11.6     0.5
265.625   -27.1   -23.3   -20.5
267.285   -12.5   -32.0    -1.2
268.945    -0.3   -12.7     5.4
270.605    -1.2    -1.1    -6.7
272.266    -8.8    11.8    -3.2
273.926    -7.3    12.2    -3.5
275.586   -20.5   -27.5   -25.4
277.246   -13.7   -21.6     5.8
278.906    -5.1    -8.6     6.7
280.566    -2.2    -2.7    -5.8
282.227    -7.8     5.3   -15.6
283.887   -16.0     4.4     1.6
285.547   -17.6   -11.5    -7.7
287.207    -8.1   -30.7   -17.2
288.867    -7.4   -17.2     9.4
290.527    -4.2    -3.2   -11.7
292.188    -2.4    -1.3    -8.2
293.848    -5.6     2.6    -3.0
295.508   -24.0    -5.1   -15.0
297.168    -7.6   -27.7    -5.4
298.828    -2.0   -27.0     2.6
300.488    -1.5    -0.9     4.3
302.148    -2.5     0.6    -5.8
303.809   -11.2    -4.3    -1.7
305.469   -13.7   -10.6   -16.0
307.129   -19.8   -16.4   -16.6
308.789     0.0   -14.3     9.0
310.449     4.4    -6.3     0.0
312.109    -0.5     0.3    -7.0
313.770   -10.2    -1.3    -8.1
315.430   -17.4    -8.1    -8.6
317.090   -19.4   -23.0   -16.9
318.750    -3.8    -7.9     8.7
320.410    -4.0    -6.5     2.9
322.070     4.9    -4.0    -9.9
323.730   -11.2    -4.4    -0.7
325.391   -15.5    -2.0    -3.1
327.051   -18.7    -8.6   -14.3
328.711   -15.7   -28.1   -22.7
330.371   -13.3    -0.5     6.4
332.031    -4.4     0.3    -4.0
333.691     9.8    -4.9   -11.3
335.352     1.7     5.3     7.8
337.012    -9.0     2.4     2.5
338.672   -23.1   -31.8   -25.4
340.332   -15.1   -12.1     3.2
341.992   -12.9     2.2     6.2
343.652     0.9     0.6   -16.5
345.312    11.4     4.3    11.6
346.973    -3.6    -3.0     2.8
348.633   -24.7   -19.0   -18.8
350.293   -30.1   -31.5   -16.9
351.953   -20.7   -14.0    -2.6
353.613    -6.0    11.9   -11.5
355.273    19.1     8.2    11.2
356.934     9.7    -6.7     2.0
358.594   -17.6   -21.7   -24.7
360.254   -32.2   -32.0   -11.7
361.914   -17.4   -18.5    -6.1
363.574   -18.8    -7.5   -14.2
365.234     4.1    12.2   -11.6
366.895    15.1     8.8    12.3
368.555     7.4     0.0    -1.0
370.215   -14.8   -23.0   -22.5
371.875   -36.7   -28.2   -12.0
373.535   -29.3    -7.5   -17.2
375.195    -7.4     2.2   -18.0
376.855    21.7    18.9    14.6
378.516    10.1     6.5     0.3
380.176     1.5    -1.3     1.0
381.836   -21.5   -43.4   -19.5
383.496   -16.4     4.4   -11.9
385.156   -13.5     4.7   -15.2
386.816    13.5     7.7    -5.7
388.477     6.1    14.8     1.8
390.137   -15.1   -32.0    -8.5
391.797   -18.6   -45.1   -13.5
393.457   -24.4   -25.2    -8.7
395.117   -13.0     8.7   -10.2
396.777     3.8    17.8    -0.8
398.438     9.1    10.5    -0.7
400.098    11.5     8.0    -1.6
401.758   -20.2   -33.5    -7.1
403.418   -12.7   -15.0   -12.2
405.078   -16.6    -8.3   -11.9
406.738    -2.8    15.4    -4.0
408.398     5.6    19.5     4.2
410.059    -4.8   -16.5   -17.1
411.719    -4.5   -24.8   -16.0
413.379   -26.0   -33.3     2.3
415.039   -13.6   -10.8    -3.3
416.699    -5.6    -4.5   -21.0
418.359     5.4    21.2     2.5
420.020    -6.6     7.7   -12.2
421.680   -17.2   -27.6   -23.4
423.340   -16.7   -36.3    -3.4
425.000   -16.1   -14.9     5.2
426.660    -7.8    -3.7   -14.7
428.320     3.2     1.2    -9.6
429.980    -0.3    23.9     7.7
431.641   -20.6   -19.0   -25.8
433.301   -16.2   -27.9    -1.3
434.961    -9.8    -3.3    -3.3
436.621    -3.0     0.0    -5.5
438.281    10.5     3.3    -3.1
439.941     6.4    23.1     7.5
441.602    -9.5     5.5   -11.0
443.262   -17.6   -28.6    -3.4
444.922   -10.3    -7.9     7.4
446.582   -12.3   -11.6     0.5
448.242    12.3    -1.1    -4.8
449.902    10.0    14.6     7.0
451.562     0.8    16.0     5.9
453.223   -24.2   -24.8   -24.7
454.883   -20.7   -16.4     0.0
456.543   -12.8   -15.7    -9.1
458.203    13.2    -0.7    -6.0
459.863    17.3    13.5     6.3
461.523   -11.2    -0.8   -12.3
463.184   -23.6   -26.4   -17.6
464.844   -26.4   -27.5   -17.6
466.504   -22.1   -19.8    -2.7
468.164    -0.8   -14.8   -19.9
469.824    13.7    -0.3    -3.6
471.484     3.0     4.0     4.4
473.145   -11.2    -2.6   -15.5
474.805   -16.3   -18.4   -25.4
476.465   -24.6   -11.5   -13.0
478.125   -19.6   -19.0   -20.1
479.785     2.0   -16.1    -8.1
481.445    17.4     9.0    13.2
483.105     5.6    13.8     4.4
484.766   -14.8    -8.4   -18.0
486.426   -16.1   -11.6    -8.6
488.086   -18.6    -9.4    -7.9
489.746    -0.3   -16.2    -8.7
491.406     4.2   -11.3     1.7
493.066     7.7    14.9     3.1
494.727    -4.5     2.3   -11.5
496.387   -12.5    -7.4    -4.2
498.047   -17.6   -10.4    -5.4
499.707   -14.2   -11.7    -6.2
501.367     6.6    -3.1     4.5
503.027     0.8     0.3    -4.3
504.688     5.1    11.8    -0.2
506.348   -13.9   -17.1   -21.0
508.008   -16.8    -7.4    -3.0
509.668   -21.0   -11.1    -7.1
511.328    -2.4    -7.5    -4.0
512.988     5.1    -5.0    -4.1
514.648    -5.5    -1.1    -9.2
516.309    -2.6    -0.6    -3.8
517.969   -11.5   -11.2   -18.1
519.629   -18.3   -16.8   -13.4
521.289   -12.0   -18.6   -15.2
522.949    -0.8     0.6     4.2
524.609    -4.9     2.0   -10.3
526.270    -8.2    -7.9   -22.9
527.930    -8.8    -6.3     3.7
529.590    -9.5    -8.0     0.9
531.250    -5.0   -13.3    -8.4
532.910    -7.6    -5.0     2.0
534.570    -2.3     0.1     5.7
536.230    -5.3     0.3   -16.5
537.891    -8.0    -5.5     3.2
539.551    -6.4   -11.3   -16.0
541.211    -1.2   -15.3   -20.2
542.871    -6.2    -9.5    -6.3
544.531    -8.7    -0.6     4.1
546.191   -10.9    -8.4   -24.4
547.852    -9.8   -11.0   -10.3
549.512    -7.0    -7.9     0.3
551.172    -6.2    -5.3   -14.1
552.832     1.3   -11.0    -1.5
554.492    -3.2    -0.9     2.3
556.152   -18.6     3.9   -17.6
557.812   -13.8    -2.7   -17.3
559.473    -1.9    -9.7    -4.6
561.133    -4.7    -1.8    -8.7
562.793    -3.4    -5.7    -7.8
564.453    -2.2    -6.6    -2.2
566.113    -9.4     0.0    -6.3
567.773   -13.4   -11.8   -12.8
569.434    -9.6   -13.3    -3.4
571.094    -3.3     0.0   -12.3
572.754    -1.3    -1.3     1.5
574.414    -1.8    -1.6     4.1
576.074   -15.1   -12.3   -21.0
577.734   -16.6   -16.7   -19.6
579.395   -13.5   -12.0    -2.0
581.055     4.9    -1.8   -16.1
582.715     3.2    -2.7   -18.6
584.375    -1.4    -0.2     4.0
586.035    -9.2     1.0     3.6
587.695   -15.4   -30.4   -26.0
589.355   -17.1   -27.7   -15.6
591.016    -1.0     8.1    -7.0
592.676     9.6     0.1   -17.8
594.336    10.2    -2.2   -12.2
595.996     3.0     8.1    14.4
597.656   -14.2     2.4     5.9
599.316   -13.8   -35.0   -25.2
600.977    -7.3    -4.1     3.7
602.637     0.9    11.8   -13.4
604.297     3.0     6.6   -16.5
605.957     7.1     6.0     3.5
607.617   -14.9   -14.0   -13.8
609.277   -21.1   -36.0   -25.3
610.938    -7.7    -1.3     0.9
612.598    -1.4    16.8   -14.5
614.258    -2.5    15.6   -13.9
615.918     1.9     1.3     5.7
617.578   -11.9   -15.7   -16.7
619.238   -12.9   -23.8   -17.0
620.898    -8.6   -17.7    -2.6
622.559    -2.3    15.0   -12.8
624.219    -0.9    17.6    -9.3
625.879    -4.1     3.8     2.0
627.539    -4.1    -8.7    -6.8
629.199   -13.5   -37.2   -13.5
630.859   -16.0   -28.9    -2.2
632.520   -12.4     1.2    -5.0
634.180     2.5     8.3   -16.8
635.840     1.7     8.4    -2.6
637.500   -10.1     2.4    -0.1
639.160    -3.6   -35.8   -13.1
640.820    -3.4   -36.6   -14.2
642.480   -12.0    -2.9    -4.2
644.141    -7.9     3.5   -13.0
645.801     1.3     5.2   -12.3
647.461    -9.7     7.7    -6.2
649.121    -8.3   -21.1   -12.2
650.781    -0.9   -36.5    -3.2
652.441    -1.8    -9.4     6.8
654.102    -8.3     9.9    -7.8
655.762    -7.5    10.6    -7.7
657.422    -6.6     2.2    -8.2
659.082   -12.4   -19.9   -13.0
660.742     0.5   -30.9    -2.0
662.402    -9.4     3.3    -8.7
664.062   -18.3     2.7   -17.4
665.723    -4.8    10.8    -2.0
667.383   -10.7     3.9    -9.1
669.043    -6.8   -20.9   -15.0
670.703    -2.5   -14.8     9.1
672.363    -4.2    -4.6   -14.6
674.023    -5.5    -3.6   -16.0
675.684   -15.2     6.1    -0.9
677.344   -13.7     6.7    -0.6
679.004    -0.5   -19.0    -8.6
680.664     7.3   -10.2    11.9
682.324    -1.6    -6.2     1.5
683.984   -12.1    -5.0   -21.5
685.645    -9.3     2.7     1.1
687.305   -12.9     1.1    -4.5
688.965     2.3    -2.2    -6.4
690.625     7.1   -22.0     0.0
692.285    -8.4   -12.5    -4.7
693.945   -24.1    -7.5   -25.4
695.605    -7.1    -1.4    -5.3
697.266     6.2     9.8     6.1
698.926     0.1    -3.6    -9.9
700.586     2.2   -12.8    -2.2
702.246   -22.4   -11.4    -7.4
703.906   -19.6   -17.1   -19.4
705.566   -10.5    -7.9    -8.0
707.227   -11.0    -1.2    -5.2
708.887     8.4     1.0   -11.6
710.547     9.1    -7.9   -17.3
712.207   -10.6    -8.6     8.8
713.867   -22.4   -22.8   -28.3
715.527   -22.8   -23.0   -33.2
717.188     9.3     9.6    11.1
718.848    19.8     4.0    -6.7
720.508    19.3     3.7    -6.9
722.168     3.8    -6.2    -1.9
723.828   -31.8   -23.2   -27.3
725.488   -27.7   -26.7   -29.6
727.148   -11.2   -10.2    -2.1
728.809    19.9    18.2    -0.4
730.469     9.6    -0.1     0.4
732.129   -36.6   -25.6   -21.0
733.789   -35.6   -25.0   -21.0
735.449   -38.3   -33.2   -28.0
737.109    -3.5   -16.4     3.1
738.770    13.7    14.7     8.5
740.430    10.1    17.5    -6.9
742.090    -0.3     0.9    -1.9
743.750   -18.9   -17.0   -11.4
745.410   -30.7   -31.5   -26.6
747.070   -26.4   -31.1   -20.2
748.730    10.9    11.8     4.5
750.391    15.9    19.3    -2.7
752.051    -0.2    -1.6    -6.7
753.711   -22.0   -10.2    -4.6
755.371   -18.5   -27.2   -15.5
757.031   -11.1   -37.7   -18.0
758.691    -0.7     0.3     3.7
760.352     6.9     7.9   -12.3
762.012     6.3     3.9   -13.7
763.672   -13.9   -11.8    -5.8
765.332   -15.5   -29.4   -17.5
766.992    -5.1   -19.2    -9.0
768.652     4.2     4.9     7.0
770.312    -1.4    13.3    -4.3
771.973    -6.9     2.2   -16.2
773.633   -11.1   -10.7   -11.7
775.293   -12.9   -24.6   -10.7
776.953    -1.7   -13.3    -4.8
778.613     4.1     2.5     8.6
780.273     0.3    11.7    -5.9
781.934   -12.1     1.0   -21.7
783.594   -12.4   -13.2    -5.5
785.254    -8.5   -22.0   -19.0
786.914    -1.5   -12.5   -12.6
788.574    -1.9     2.0    12.9
790.234    -5.7    -3.9    -6.0
791.895    -7.9    -2.9    -4.5
793.555   -11.7   -11.8    -3.3
795.215   -17.2   -18.0   -13.2
796.875    -0.4   -12.4    -8.8
798.535    -8.3    -4.7     5.4
800.195    -2.6     1.4    -4.4
801.855    -9.8    -8.7    -9.9
803.516   -11.8   -10.5    -5.5
805.176   -11.7    -7.7   -14.6
806.836    -1.7   -13.5    -8.8
808.496    -6.4     7.9     5.6
810.156   -15.0     7.7    -8.9
811.816     2.8   -13.4     3.1
813.477     4.6   -12.2     3.3
815.137   -19.0    -5.1   -12.7
816.797   -12.3   -11.3    -5.4
818.457    -8.3   -13.3    -0.2
820.117    -5.8     3.3   -10.5
821.777     3.7    -3.5     2.7
823.438     5.1   -11.0    -7.1
825.098   -16.1   -11.4   -19.6
826.758   -20.5   -14.3   -11.9
828.418   -20.1   -13.1   -10.5
830.078     8.5    -3.2    -2.1
831.738     6.6    -6.5     2.2
833.398     0.1     1.2     0.8
835.059   -13.9   -13.1   -27.3
836.719   -24.0   -22.3   -16.7
838.379   -15.7    -4.1     4.7
840.039     4.4   -10.8   -13.5
841.699    10.6    -2.7    -2.9
843.359     9.2    12.4    14.7
845.020   -20.1   -21.0   -33.7
846.680   -20.1   -29.7   -38.6
848.340   -19.4     1.0     5.9
850.000    -4.4     5.3    -6.3
851.660     9.5    -1.9   -17.9
853.320    17.1     6.4    18.4
854.980   -10.9    -1.4    -9.1
856.641   -29.2   -28.9   -27.0
858.301   -24.6   -13.9    -1.9
859.961    -7.4     2.5    -5.3
861.621    16.4     3.7     4.8
863.281     2.9     4.9    -2.3
864.941   -31.3   -26.4   -29.3
866.602   -32.8   -26.3   -37.3
868.262    -5.9     4.8     5.8
869.922    15.1     4.8    -7.2
871.582    14.7     1.5     0.0
873.242     9.2    13.8    13.6
874.902   -25.0   -26.1   -27.3
876.562   -28.5   -28.7   -17.5
878.223     4.5     5.3    10.6
879.883    12.2    13.1     1.6
881.543     3.9     7.3     9.2
883.203   -15.9     1.1    -5.5
884.863   -28.0   -28.4   -30.1
886.523   -25.0   -27.1   -17.1
888.184     4.1     6.1     7.8
889.844    17.0     6.9     2.0
891.504    18.7    -0.6     4.6
893.164   -18.4    -0.8   -11.1
894.824   -31.7   -20.2   -28.8
896.484   -13.6   -15.0    -7.5
898.145    -1.9     0.7     8.3
899.805    13.6    -3.3    -5.3
901.465    13.7    -5.2    -5.9
903.125   -29.1    -4.5   -10.8
904.785   -28.7   -25.0   -22.7
906.445   -15.5   -22.1    -9.7
908.105    13.6    15.0    11.9
909.766     8.8    10.7     3.4
911.426     7.0    -1.0     3.3
913.086     2.7    -7.0    -7.0
914.746   -29.6   -18.3   -23.0
916.406     1.0     6.9     6.4
918.066    -2.8     6.7     6.0
919.727    13.2    -5.6     0.7
921.387    10.3    -4.4     1.1
923.047   -17.9    -6.7   -10.8
924.707   -23.4   -21.4   -22.5
926.367   -12.0    -4.0    -3.8
928.027     6.2     9.9     4.0
929.688    15.8    -4.8     1.8
931.348    10.5    -8.5     5.4
933.008   -18.1   -13.5   -14.9
934.668   -26.2   -15.8   -23.7
936.328   -23.5   -18.2   -18.8
937.988    -1.8     7.6     0.6
939.648    10.2     1.6    -3.1
941.309    11.9    -5.8     5.0
942.969    -8.4    -9.4    -3.4
944.629   -20.9   -16.7   -22.5
946.289   -11.5    -0.2    -4.2
947.949   -11.3    11.2     2.6
949.609     0.9    -6.0   -15.5
951.270     2.0    -7.2    -1.3
952.930    -5.7   -16.5    -6.5
954.590   -18.0   -13.6   -25.6
956.250   -15.7     1.6    -5.3
957.910     1.9    -2.9   -14.2
959.570     4.3    -3.2   -13.7
961.230    11.8    -7.3    18.6
962.891    -9.2   -12.6    -5.6
964.551   -21.0   -14.9   -23.0
966.211   -19.2    -4.8    -2.8
967.871    -8.4    -0.2    -3.3
969.531     2.4    -1.1   -11.3
971.191     7.0    -6.8     7.3
972.852    -1.8    -6.9    -0.5
974.512   -23.0   -22.0   -25.0
976.172   -22.8   -19.9   -11.2
977.832   -13.6     0.4   -14.1
979.492     1.4    -3.3   -15.8
981.152    17.2     7.1    18.5
982.812     2.0    -2.5     2.8
984.473   -25.8   -22.8   -22.8
986.133   -27.6   -27.4   -15.7
987.793   -10.1    -0.7    -7.4
989.453     5.2     7.8    -5.3
991.113    13.0    11.9    13.3
992.773   -12.8   -14.9   -20.7
994.434   -24.6   -32.8   -25.9
996.094   -21.6   -23.2    -0.4
997.754     5.5     4.3   -12.0
999.414     6.1     4.4   -17.3
1001.074    12.3    22.4    17.1
1002.734   -15.6   -16.9   -18.6
1004.395   -19.7   -31.3   -26.8
1006.055   -23.2   -24.8    -6.0
1007.715   -20.0   -18.7     6.4
1009.375    13.1     7.6    -8.8
1011.035     4.5    24.2     0.2
1012.695   -18.4   -10.1   -18.4
1014.355   -20.3   -19.9   -24.3
1016.016   -18.4   -28.5     6.1
1017.676    17.2    11.4   -17.1
1019.336    18.2    10.7   -16.6
1020.996     9.1    20.2     4.3
1022.656   -11.9    10.1    -3.5
1024.316   -25.9   -42.8   -23.8
1025.977   -18.9   -37.8    -7.0
1027.637    11.3     6.8    -7.3
1029.297    11.6    19.3    -0.4
1030.957     8.2    16.9     1.9
1032.617   -20.6    -5.9   -23.4
1034.277   -19.4   -33.8     1.7
1035.938    -8.3   -26.5     5.3
1037.598     3.2    -8.1    -0.7
1039.258     8.2    17.6    11.4
1040.918    -8.4     9.7    -4.7
1042.578   -29.9   -33.3   -35.1
1044.238   -29.5   -33.1   -25.5
1045.898   -16.3   -25.3     5.5
1047.559    15.8     9.4    -0.8
1049.219    11.3    19.0    10.6
1050.879   -17.8     7.5   -11.3
1052.539   -29.3   -31.2   -33.6
1054.199   -21.6   -38.5   -17.2
1055.859   -11.3   -16.0    -1.5
1057.520    10.4     7.3     0.3
1059.180    20.5     8.5     8.2
1060.840     8.3    14.6    -5.1
1062.500   -30.2   -15.1   -25.4
1064.160   -26.5   -38.1   -22.8
1065.820   -10.7    -2.1    -2.9
1067.480    -2.0     5.8    -0.9
1069.141    18.7    12.0     6.8
1070.801    -7.8     2.5   -15.7
1072.461   -24.3   -21.8   -21.6
1074.121   -27.0   -31.8   -14.3
1075.781   -16.6   -16.4    -6.6
1077.441    -0.6    -0.4    -9.2
1079.102    18.7    17.9    15.1
1080.762    17.6    17.3    14.6
1082.422   -17.3   -25.2   -21.2
1084.082   -30.9   -16.4    -4.4
1085.742   -29.1   -15.6    -6.7
1087.402    -1.4    -6.1    -7.8
1089.062    19.2    21.3    16.8
1090.723    18.3    20.6     9.0
1092.383     2.0    -3.2   -16.2
1094.043   -25.5   -20.6    -4.4
1095.703   -26.7   -10.2   -18.4
1097.363    -8.2    -9.8   -17.2
1099.023    21.3    22.4    18.9
1100.684    20.5    20.3    14.6
1102.344   -17.7   -26.4    -9.3
1104.004   -30.6   -17.3    -6.9
1105.664   -28.0   -14.7   -11.4
1107.324     3.2    -7.4    -0.8
1108.984    18.1    19.1    16.0
1110.645    -4.5    -1.7   -19.6
1112.305   -16.9   -19.6   -13.6
1113.965   -23.3   -20.2    -5.8
1115.625   -14.8   -19.8   -19.6
1117.285    -2.8   -11.5   -10.8
1118.945    12.7    16.8    16.2
1120.605    10.9    18.6    -0.6
1122.266   -18.5   -21.4   -19.5
1123.926   -26.0   -23.9    -2.5
1125.586   -17.7   -20.1   -13.2
1127.246    13.2     2.8     5.5
1128.906     1.4    13.8    -6.5
1130.566    -0.6    12.2   -14.2
1132.227   -22.3   -23.5   -21.8
1133.887   -25.3   -23.3    -3.4
1135.547     2.7   -14.8    -8.0
1137.207    13.3    -5.9    -0.3
1138.867     1.3    16.2    -1.7
1140.527   -19.5   -12.7   -28.9
1142.188   -20.0   -25.0    -6.8
1143.848   -19.2   -21.5    -3.8
1145.508    16.8     0.1     3.8
1147.168    16.3     5.7    10.0
1148.828     7.2    18.2     1.7
1150.488   -32.5   -23.7   -33.8
1152.148   -22.0   -22.4    -4.8
1153.809    -7.5   -13.3    -3.0
1155.469    28.0     6.5    13.9
1157.129    20.1    19.1    11.8
1158.789     0.0    12.1    -7.0
1160.449   -23.9    -5.6   -26.4
1162.109   -23.2   -20.7    -6.9
1163.770    -0.8    -6.4     3.2
1165.430    24.8     7.0     6.7
1167.090     9.9    18.5     9.7
1168.750   -21.1    -9.3   -21.7
1170.410   -32.0   -35.4   -28.8
1172.070   -23.3   -16.5    -7.1
1173.730    -2.6    -1.9     5.0
1175.391    19.0     5.7     2.3
1177.051    -5.9     7.2    -7.4
1178.711   -20.7    -7.0   -16.1
1180.371   -30.5   -29.3   -29.5
1182.031    -9.6    -8.1    -0.9
1183.691     9.3     9.0     0.3
1185.352    17.0    12.8     5.6
1187.012     9.8    13.4     8.8
1188.672   -16.2   -14.4   -23.6
1190.332   -23.9   -23.6   -26.8
1191.992   -13.4   -10.9     4.1
1193.652     3.4    -2.5    -8.4
1195.312     8.1    11.3     4.8
1196.973    -0.2     4.6     6.8
1198.633   -15.1   -20.1   -27.6
1200.293   -12.2   -18.2    -3.4
1201.953    -5.7    -5.4     5.1
1203.613    -7.3    -2.4    -5.0
1205.273    -1.5     0.4     5.9
1206.934    -4.5    -1.9     5.4
1208.594   -19.6   -20.0   -29.8
1210.254    -3.3    -1.6    13.1
1211.914    -2.5    -1.6    12.8
1213.574    -2.9     2.7    -9.6
1215.234     0.3   -11.1     3.6
1216.895   -15.4    -4.2   -12.4
1218.555   -18.4   -14.5   -22.4
1220.215     0.6   -21.1     2.4
1221.875     7.7     2.0     4.9
1223.535    -2.5    10.7    -9.8
1225.195   -10.5    -6.7    -9.7
1226.855   -16.7   -16.2   -16.0
1228.516   -14.1   -16.1   -18.8
1230.176    -2.7    -0.7    -1.7
1231.836     0.3     7.2     2.5
1233.496    -3.1     6.5    -8.2
1235.156     2.4   -12.7     1.7
1236.816   -16.5   -18.5   -23.2
1238.477   -16.5   -11.8   -15.8
1240.137    -0.7     0.4     9.6
1241.797     6.6     3.5     1.7
1243.457    -4.9    -1.2   -20.5
1245.117   -13.4   -12.3   -11.5
1246.777    -5.5   -15.1    -5.9
1248.438    -4.4   -19.7   -27.4
1250.098   -10.3   -18.5    -9.6
1251.758   -21.0     6.6     1.4
1253.418     5.5    -6.4    -4.1
1255.078     6.4   -14.8   -10.0
1256.738   -28.3   -32.5   -41.2
1258.398   -20.2   -25.1   -31.5
1260.059   -18.7   -23.3   -19.7
1261.719   -10.0     3.5    -0.3
1263.379     7.8   -20.3   -13.3
1265.039     9.5   -15.5   -11.0
1266.699     1.8    13.3    16.6
1268.359   -28.8   -15.0   -33.7
1270.020    -1.0   -19.8     2.3
1271.680    -2.3    -9.2     2.3
1273.340    -2.7     7.8    -3.2
1275.000    -7.0    -6.4    -9.0
1276.660     4.7     3.0     3.9
1278.320     3.9   -12.1   -19.7
1279.980   -26.0   -20.2   -14.6
1281.641   -33.0   -11.0    -9.7
1283.301    -9.5    -2.2    -5.2
1284.961    30.7     9.3    13.4
1286.621    17.2    14.0     4.8
1288.281   -38.2   -19.5   -20.4
1289.941   -29.0   -23.3     1.7
1291.602    10.1   -17.0    -3.2
1293.262     2.6     7.5   -22.0
1294.922    -7.5    25.0     6.6
1296.582    -2.8   -15.6   -14.8
1298.242     2.3   -32.9   -20.4
1299.902   -28.0    -9.9   -16.9
1301.562   -28.7    -2.2   -19.1
1303.223    36.7     5.3    16.2
1304.883    27.0    12.6    13.1
1306.543   -12.4    11.1    -8.9
1308.203   -28.6   -32.6   -13.2
1309.863   -23.2   -28.9    -8.5
1311.523     9.4     0.3     1.3
1313.184    21.4    17.0     4.3
1314.844     0.5    18.7     4.0
1316.504   -19.5   -13.0   -22.4
1318.164   -22.4   -29.4    -4.2
1319.824    -4.5    -5.3   -12.6
1321.484    -2.5    -5.3   -11.9
1323.145    19.1    14.5    19.6
1324.805   -10.9    -5.4   -21.0
1326.465   -21.0   -17.3   -32.5
1328.125   -23.4   -15.1    -2.8
1329.785    -0.6    -4.0     1.3
1331.445    18.9     6.1     2.6
1333.105    18.2    17.6    -0.5
1334.766   -16.2     0.9   -18.4
1336.426   -34.4   -24.7   -20.6
1338.086   -24.5   -29.0    -5.1
1339.746     2.3    -2.9    -9.1
1341.406    15.1     0.6    -7.7
1343.066    16.9    20.0     8.9
1344.727    -1.7     5.8    -7.5
1346.387   -10.3   -11.2   -19.3
1348.047   -27.7   -27.9   -13.9
1349.707     4.5    -1.7    -7.6
1351.367    13.1     5.2    -8.9
1353.027    15.4     9.6     9.3
1354.688    -6.3    -3.4   -13.6
1356.348   -19.9   -22.4   -24.9
1358.008   -29.0   -23.8   -10.8
1359.668   -15.4    -8.1    -0.6
1361.328    15.2     9.1    -2.6
1362.988    21.6    13.2    18.2
1364.648    -6.9    -9.6   -19.7
1366.309   -23.8   -27.8   -32.8
1367.969   -28.9   -17.6     0.4
1369.629   -14.1    -0.9    -9.2
1371.289    13.2     6.0   -13.1
1372.949    17.2    10.3    17.6
1374.609     2.9    -4.7    -3.9
1376.270   -24.6   -26.3   -20.1
1377.930   -20.8   -15.4    -0.2
1379.590   -11.8    -3.2   -17.1
1381.250    23.4     4.9     4.8
1382.910    18.2    12.5    21.8
1384.570   -15.2    -9.7   -15.5
1386.230   -24.5   -30.9   -32.5
1387.891   -23.7   -14.5    -7.4
1389.551   -11.6    -2.1    -9.8
1391.211     0.6    10.1    -7.4
1392.871     6.9     0.3     0.7
1394.531    -5.9   -15.2   -13.8
1396.191    -9.4   -17.6   -13.3
1397.852   -22.3   -12.7   -11.8
1399.512   -11.4    -3.8   -17.8
1401.172    13.4    10.0     8.7
1402.832    11.2    15.1    10.3
1404.492     3.0    -2.3    -2.5
1406.152    -9.1   -12.6   -15.5
1407.812   -22.6   -12.7    -7.6
1409.473   -23.7   -10.8    -6.4
1411.133     7.2     0.0   -11.5
1412.793     9.7    20.2     9.2
1414.453     0.3    13.3     1.3
1416.113   -14.2   -32.7   -25.3
1417.773   -22.4   -20.8    -7.2
1419.434   -15.2   -12.7     0.1
1421.094    -8.2    -3.6   -10.8
1422.754    12.1    11.2    -6.4
1424.414    -0.5    11.1     0.6
1426.074   -12.4   -16.3   -21.6
1427.734   -13.5   -28.2   -15.3
1429.395   -16.8   -18.5    -6.7
1431.055     1.4     0.1    -7.7
1432.715     6.5     7.4     0.4
1434.375    -8.6    -0.4    -9.7
1436.035   -19.6    -9.7   -23.2
1437.695    -3.6   -16.8     0.9
1439.355     0.1    -5.8    -6.8
1441.016     2.0     3.7    -7.8
1442.676     5.4     7.8     2.2
1444.336    -6.2     1.2   -14.5
1445.996   -22.2   -19.4    -3.9
1447.656   -19.3   -17.0     3.5
1449.316    -0.5   -11.8     1.9
1450.977    13.9     3.0     4.8
1452.637     7.0    11.4    13.9
1454.297   -17.6    -2.2   -26.0
1455.957   -21.7   -16.8   -27.4
1457.617   -17.4   -17.5    -0.7
1459.277    -1.4    -6.4    -3.6
1460.938    12.2    -2.8     2.6
1462.598    14.5    -0.4     8.1
1464.258   -24.3     0.6   -25.5
1465.918   -28.9   -23.9   -23.2
1467.578   -23.1   -24.9   -14.7
1469.238     5.0    -1.0    -4.1
1470.898    10.2    -1.3     5.9
1472.559    14.9     4.4     8.2
1474.219   -23.3     0.0   -20.2
1475.879   -40.1   -21.2   -25.5
1477.539   -18.1   -21.5   -13.5
1479.199     0.8    -5.2    -6.1
1480.859    15.6     1.7    10.3
1482.520    20.8     4.8     8.3
1484.180   -26.8   -18.0   -31.7
1485.840   -34.7   -18.1   -23.3
1487.500   -36.3   -19.1   -11.6
1489.160     7.2   -12.6   -11.9
1490.820    13.2    12.1    19.0
1492.480    14.2    11.6    20.6
1494.141    -2.7    -5.6   -19.5
1495.801   -34.0   -30.2   -23.7
1497.461   -28.5   -16.7    -3.1
1499.121   -19.0    -9.3    -8.8
1500.781    15.5    -1.8     1.1
1502.441     8.3    17.4    15.1
1504.102   -13.8    -8.7   -23.6
1505.762   -22.8   -28.0   -11.9
1507.422   -19.3    -4.2    -3.1
1509.082    -6.7    -4.3   -16.0
1510.742    12.9     0.5     3.1
1512.402    12.5    12.9    10.8
1514.062    -6.4     3.7   -12.7
1515.723   -16.8   -20.3   -14.6
1517.383   -18.4   -24.0    -3.0
1519.043    -7.8    -5.1   -16.8
1520.703    -8.1    -4.4   -17.0
1522.363    12.0    10.5    16.3
1524.023    -6.3     3.5   -12.1
1525.684   -10.1   -20.2   -12.0
1527.344   -15.1   -24.3     1.3
1529.004    -7.1   -13.1    -1.1
1530.664    -5.6    -4.5   -13.8
1532.324    -4.7     0.1    -2.5
1533.984    -4.2     4.7   -17.9
1535.645    -7.3   -17.3   -16.1
1537.305    -4.0   -23.5     1.7
1538.965   -12.4   -17.8   -12.7
1540.625    -2.3    -7.9   -16.3
1542.285    -9.1    13.0    -0.6
1543.945   -19.1    -8.6   -20.7
1545.605     6.1   -19.1    -2.3
1547.266     0.0    -5.1    10.2
1548.926    -4.1    -4.4    -3.2
1550.586    -1.4     3.9    -7.4
1552.246   -15.6    11.5    -7.5
1553.906   -26.8    -9.5   -20.4
1555.566     0.9   -24.2    -0.8
1557.227     5.3    -7.1     6.9
1558.887    -0.6    -3.5    -6.0
1560.547    -3.0    -1.9    -3.6
1562.207    -9.7    11.0    -7.8
1563.867   -15.2   -11.8   -18.2
1565.527    -1.8   -23.0    -6.4
1567.188    -6.0   -12.8    -1.8
1568.848    -6.1    -0.8    -1.4
1570.508     7.1     7.8    -2.6
1572.168    -0.3     8.4    -8.2
1573.828   -16.2    -6.8   -16.4
1575.488   -13.6   -27.6    -9.0
1577.148    -2.8    -5.8    -1.9
1578.809     2.0    -0.4    -7.0
1580.469     3.9     7.9    -2.1
1582.129     2.9    15.5     0.4
1583.789    -7.9    -9.8   -11.5
1585.449   -19.3   -25.8    -9.6
1587.109   -15.7   -18.7    -6.9
1588.770    -4.0    -3.2    -7.7
1590.430     7.0    10.8     2.7
1592.090     7.2    10.5    -1.7
1593.750   -10.9   -25.3   -15.5
1595.410   -13.8   -27.7   -15.4
1597.070   -17.6   -12.7    -8.6
1598.730    -9.3    -2.5   -15.8
1600.391     9.0    14.7     3.1
1602.051     8.5    12.1     6.8
1603.711     4.6   -15.5   -13.1
1605.371   -20.7   -20.3    -4.1
1607.031   -25.9   -13.4   -19.9
1608.691   -13.8    -2.0   -20.8
1610.352     4.4    11.0     6.8
1612.012    14.7    10.7     5.7
1613.672    11.5     1.4    -7.8
1615.332    -6.3   -20.4    -5.1
1616.992   -29.4   -21.4    -4.5
1618.652   -15.8    -2.8   -23.0
1620.312    11.8    17.0    14.8
1621.973     8.9    10.2     6.3
1623.633    14.5    -4.8   -11.5
1625.293    -2.8   -17.6     8.4
1626.953   -37.3   -22.9   -23.5
1628.613   -28.9    -8.5   -28.2
1630.273     0.4     4.2     6.6
1631.934    14.2    12.1    -0.5
1633.594    10.5    -4.1     3.3
1635.254   -19.3   -27.8    -8.9
1636.914   -21.1   -24.7   -11.1
1638.574   -34.1   -16.2   -23.6
1640.234     0.0     6.0    -2.3
1641.895    15.1    11.9   -10.7
1643.555     2.6   -14.8    -2.6
1645.215   -18.5   -24.8   -10.6
1646.875   -20.7   -20.4   -19.6
1648.535   -21.6   -10.2   -17.7
1650.195   -15.5    -8.4   -15.2
1651.855    13.8    17.7    -1.4
1653.516    11.7    -6.7    -4.6
1655.176    -8.0   -20.7     5.8
1656.836   -21.1   -14.6     3.8
1658.496    -9.4    -9.6   -21.2
1660.156     9.3    32.8    14.2
1661.816    10.1    26.8    14.9
1663.477    15.9    16.7     1.2
1665.137   -14.0   -13.1     0.6
1666.797   -22.5   -18.7     0.1
1668.457    -0.6    -5.9    -7.9
1670.117    -3.4    -7.7   -14.7
1671.777     8.6    14.8    -2.1
1673.438   -10.6   -13.3   -29.9
1675.098   -21.8   -36.1    -6.5
1676.758   -26.9   -25.7   -12.2
1678.418   -13.6   -19.4   -26.8
1680.078     7.1    -1.0    -5.6
1681.738     0.9    17.9   -11.0
1683.398   -19.8    -6.1   -28.5
1685.059   -21.6   -29.8    -9.2
1686.719   -26.7   -33.0   -16.6
1688.379   -24.9   -30.8   -27.1
1690.039    14.9    13.2    17.6
1691.699    21.3    21.2    24.5
1693.359    -6.3     8.5   -17.9
1695.020   -17.5   -11.6   -26.8
1696.680   -24.2   -21.5     0.7
1698.340     1.9   -17.7    -5.5

Event #73  ts=2026-09-11 12:11:22.199  [SELECTED]
  t[ns]  u1[mV]  u2[mV]  u3[mV]
  0.000   -10.8   -20.0    -7.3
  1.660    16.5    -4.0    -1.1
  3.320    -7.3    -1.9    -6.1
  4.980   -25.3   -22.9   -15.4
  6.641   -22.7   -18.4   -14.5
  8.301   -14.6   -14.3    -5.9
  9.961    13.6    12.0    -1.7
 11.621     7.5     4.7    -9.1
 13.281   -15.0   -12.2   -10.9
 14.941   -19.4   -29.6   -20.9
 16.602   -12.9    -5.7   -11.3
 18.262    -1.4     1.7     1.2
 19.922     7.9     7.2    -3.4
 21.582    15.2     3.4    -4.9
 23.242   -14.6   -11.0   -12.1
 24.902   -20.6   -29.2   -20.7
 26.562   -17.2   -16.3    -6.0
 28.223   -16.9     0.7     4.2
 29.883    14.3     0.1    -5.1
 31.543     4.1     3.9     0.8
 33.203    -7.1    -4.7     0.0
 34.863   -15.9   -15.5   -14.0
 36.523   -18.4   -13.9    -3.0
 38.184   -10.9   -10.7    -5.4
 39.844     9.7     1.7    -1.4
 41.504    12.5     5.9     4.0
 43.164   -13.3   -16.7   -19.7
 44.824   -23.4   -18.5   -27.5
 46.484   -10.9   -14.3    -0.5
 48.145     0.7    -7.7   -16.6
 49.805     4.3     0.0   -19.7
 51.465     5.1     3.5     7.6
 53.125   -11.5   -11.4   -27.6
 54.785   -18.1   -14.0   -28.8
 56.445   -17.5    -5.4     6.9
 58.105    -9.0    -8.9    -0.8
 59.766    -1.2    -9.8   -17.8
 61.426    10.1     8.7    12.2
 63.086     0.8     4.0    11.2
 64.746   -26.9   -25.5   -31.0
 66.406   -19.9   -22.4   -24.5
 68.066   -14.5    -6.3    12.3
 69.727    11.1    -3.9   -15.5
 71.387    10.7    -8.1   -18.4
 73.047    -8.0     1.3     9.4
 74.707   -26.3    -8.8   -22.4
 76.367   -18.1   -31.6   -15.8
 78.027    -8.6    -3.6     4.1
 79.688     3.0     8.8    -8.4
 81.348     7.0    -4.6   -16.9
 83.008    10.7    -4.5     3.9
 84.668   -14.8    -6.1    -4.6
 86.328   -22.7   -12.4   -29.0
 87.988    -9.9    -7.5     2.3
 89.648     4.9     7.6    11.3
 91.309     6.8    -2.5   -15.0
 92.969   -10.3   -11.5     0.7
 94.629   -11.3    -4.2    -3.1
 96.289   -31.6   -28.6   -36.1
 97.949   -27.8   -22.7   -12.2
 99.609    -4.2     2.0     4.6
101.270     5.5     0.3    -6.6
102.930     6.5    -1.7     2.1
104.590    -9.5     0.7     1.2
106.250   -27.7   -25.0   -25.9
107.910   -30.8   -35.2   -31.3
109.570    -4.9     4.4     0.2
111.230    -1.8    12.1    -5.8
112.891    10.2     1.2    -5.7
114.551     3.6    -3.7     3.3
116.211   -12.9   -13.5    -7.4
117.871   -23.5   -27.0   -22.8
119.531    -7.3    -1.4    -8.9
121.191     5.7    11.3     0.2
122.852     8.0    11.0     6.9
124.512     5.7     3.0     1.7
126.172   -23.6   -23.2   -29.7
127.832   -17.0   -28.5    -4.4
129.492   -13.5   -14.5     1.2
131.152     0.5    11.3   -16.7
132.812     4.5    15.5     6.4
134.473    -2.2     3.5     8.9
136.133   -17.0   -28.6   -27.2
137.793   -17.8   -30.0   -13.3
139.453    -4.6    -6.1     2.1
141.113    -1.7     7.5   -23.9
142.773     0.0     4.8   -13.1
144.434    -7.6     9.1    12.2
146.094    -8.7   -26.0   -26.4
147.754    -4.0   -39.0   -19.1
149.414    -9.1    -7.2     8.6
151.074   -10.6     2.0   -21.2
152.734   -14.0     2.8   -17.9
154.395    -8.0     6.5    11.1
156.055    -8.6   -10.1   -15.6
157.715    -0.2   -31.8   -12.3
159.375    -1.5   -30.1     4.5
161.035    -8.1     7.8   -15.8
162.695    -9.5     0.8    -9.7
164.355    -6.2    -5.2    -4.2
166.016   -14.8    -7.0   -13.7
167.676    -3.4   -24.4     1.6
169.336     4.2   -23.2     6.7
170.996    -7.7     9.1   -10.1
172.656    -3.6     2.1   -11.9
174.316   -18.0    -4.3    -5.2
175.977   -12.6   -19.3   -17.7
177.637     0.9   -25.8     1.3
179.297     6.6   -19.8     1.3
180.957    -1.9     3.8    -3.0
182.617    -7.5    -2.9   -15.5
184.277   -10.0    -2.1    -7.8
185.938   -19.6    -9.7   -10.6
187.598   -10.1   -26.9   -15.4
189.258     2.3     3.2     3.4
190.918    -2.1    17.1     8.9
192.578    -3.5     4.7    -6.1
194.238    -2.6   -12.5   -15.1
195.898   -17.3     4.1   -12.5
197.559   -18.1   -19.5   -16.1
199.219     3.5   -14.2    -1.2
200.879     2.3     7.9     7.4
202.539    -2.5     1.5   -12.6
204.199    -3.2     3.5    -9.5
205.859    -5.0    -9.0    -7.6
207.520   -18.0   -21.9   -21.6
209.180   -11.3   -17.8     0.6
210.840    -1.7    -0.6    -4.6
212.500    -2.6     4.3   -13.5
214.160     1.1     4.4    13.0
215.820   -13.8   -24.2   -12.9
217.480   -67.4   -74.5   -24.5
219.141  -103.8  -109.9     2.9
220.801  -120.4  -132.6     8.7
222.461  -144.9  -207.3   -23.4
224.121  -111.5  -171.2    16.8
225.781   -90.2  -129.7   -25.0
227.441   -90.1  -141.6   -34.0
229.102   -87.3   -99.2    10.8
230.762   -88.8  -103.0    10.3
232.422   -36.4   -44.7   -25.8
234.082   -27.7   -42.9   -23.4
235.742    -6.1   -12.3    22.0
237.402   -21.8   -32.3   -19.2
239.062   -21.9   -56.3   -22.8
240.723   -35.6   -30.1     2.4
242.383   -36.8   -10.4   -19.2
244.043   -27.5    -6.0   -24.5
245.703     9.4    -0.3    14.6
247.363    -0.9   -10.6    -6.7
249.023   -13.6   -39.5   -17.2
250.684   -38.1   -31.9    -9.7
252.344   -27.9    -4.4   -14.1
254.004   -11.3    -3.5   -14.8
255.664    13.2     8.6     6.1
257.324     1.4    -4.5   -11.5
258.984   -13.9   -28.2   -16.7
260.645   -26.8   -37.3   -12.6
262.305   -24.8   -18.2    -2.8
263.965     2.3    10.0   -13.6
265.625     6.7    21.9     6.9
267.285    -4.8   -18.6   -10.0
268.945   -16.7   -29.8    -9.1
270.605   -26.5   -24.7    -2.6
272.266   -13.4    -8.5   -19.9
273.926    -4.3    -2.2   -23.9
275.586    -2.6     6.9     5.6
277.246    -5.7    -1.8     5.5
278.906    -2.7   -35.3   -15.7
280.566   -15.4   -24.7   -13.4
282.227   -10.4    -0.9    -6.5
283.887   -10.2    -0.9    -6.2
285.547    -0.5    10.3    -2.0
287.207    -1.5    -1.9    -3.2
288.867    -5.9   -21.0    -7.5
290.527    -9.8   -25.6    -2.5
292.188   -13.5    -8.7   -12.5
293.848    -2.5     6.8     0.3
295.508     4.9     8.6     8.2
297.168     3.4    -2.9    -4.4
298.828   -13.9   -20.7   -24.8
300.488   -12.6   -17.9     9.5
302.148    -5.4   -17.4    -2.7
303.809    -1.3     8.5    -8.0
305.469     1.5     9.9    16.5
307.129    -3.1     0.2     1.6
308.789   -15.5   -21.7   -27.3
310.449   -12.7   -13.8     8.1
312.109   -11.5    -7.5    -4.0
313.770    -8.6    -0.6   -17.0
315.430    -0.7    -1.8    15.9
317.090    -2.5     1.3     0.9
318.750    -5.0   -23.2   -26.6
320.410    -3.2   -18.7   -10.6
322.070   -16.7    -4.9   -13.7
323.730   -14.7    -4.3   -19.0
325.391     2.7    -7.7     0.8
327.051    -1.3    -4.9    -8.5
328.711   -10.5   -19.0   -23.3
330.371   -16.3   -15.0    -0.3
332.031   -19.3    -5.5    -4.7
333.691    -7.5   -11.7   -20.9
335.352    -0.3    -8.4    -2.2
337.012    -1.4    -7.6     3.7
338.672    -9.0   -16.8   -18.0
340.332    -4.8   -16.6     0.2
341.992   -13.8     0.9   -11.7
343.652   -17.4   -14.8   -24.2
345.312   -16.7   -14.3   -25.7
346.973     0.0    -3.1     2.7
348.633     2.2   -16.1   -22.3
350.293   -14.1    -3.9    -3.4
351.953   -21.4    -3.7     1.0
353.613   -21.6    -5.3   -22.9
355.273    -0.2   -14.8    -0.5
356.934     1.4    -5.0    13.5
358.594    -4.2    -5.7   -16.5
360.254    -0.3   -19.6    -3.1
361.914   -14.9     1.5    -8.3
363.574   -11.9   -13.9   -16.8
365.234   -14.4   -18.6   -21.8
366.895    -3.6    -1.3     4.5
368.555    -6.9    -3.1   -12.0
370.215    -1.8   -18.3    -7.5
371.875    -3.0   -10.5    -9.4
373.535   -14.8    -4.3   -19.5
375.195    -5.9    -3.6    -7.7
376.855    -3.0    -8.4    -0.5
378.516    -4.8    -3.4   -10.3
380.176   -10.6   -12.9   -10.3
381.836    -7.0   -14.0     3.9
383.496   -16.1   -17.1   -15.7
385.156   -16.0   -23.5   -27.9
386.816    -0.3     5.0    13.4
388.477     0.0     3.1   -14.2
390.137   -16.3   -25.8   -14.3
391.797    -8.4   -19.8     0.7
393.457    -8.8   -11.6    11.0
395.117     6.1    -8.1   -20.3
396.777     2.9     8.3    12.9
398.438    -1.9    18.5    14.4
400.098   -14.9   -16.0   -29.7
401.758   -12.4   -22.6     3.6
403.418    -5.6   -11.0     3.6
405.078    -4.7    -6.3   -23.5
406.738     6.1     3.8    -1.6
408.398    -0.5    11.9     5.4
410.059   -14.0     5.0   -13.9
411.719   -18.0   -35.4   -20.8
413.379   -12.6   -33.8    -1.7
415.039    -2.2     3.1    -9.6
416.699    12.2    -3.1     0.7
418.359     2.8     7.6     5.0
420.020   -10.7     9.6    -8.5
421.680   -17.3   -26.0   -11.0
423.340   -12.1   -37.2   -13.0
425.000    -7.0   -14.1    -2.9
426.660     0.0     4.0    -1.0
428.320     8.2    12.8     3.4
429.980    -2.5     7.2    -5.9
431.641   -20.1   -27.4   -12.2
433.301   -17.2   -31.6   -14.4
434.961   -13.5   -19.8    -5.8
436.621    -5.4    -5.1   -10.0
438.281    10.5    17.6     5.0
439.941     1.8    22.1     5.2
441.602    -9.7     0.0    -4.6
443.262   -12.5   -30.7   -17.6
444.922   -12.5   -14.5    -4.4
446.582    -9.8    -0.6    -3.6
448.242     5.4     2.6   -10.9
449.902     0.8    17.4     0.8
451.562    -5.7    15.1     7.3
453.223   -12.7   -19.6   -10.1
454.883   -10.8    -8.7    -7.4
456.543   -17.3    -8.7   -10.0
458.203   -10.5     2.0   -10.0
459.863    10.8     9.9     1.6
461.523   -12.6   -20.3   -20.8
463.184   -17.8   -27.4   -24.2
464.844   -13.7   -23.0     2.2
466.504    -8.0   -15.6   -17.3
468.164    -5.5    -3.3   -22.4
469.824    -0.9    18.6    11.7
471.484    -1.4    14.7    11.3
473.145    -5.0   -19.8   -19.3
474.805    -4.3   -12.6    10.4
476.465   -14.1   -13.2    -1.2
478.125   -14.3    -4.4   -27.7
479.785   -17.5    -0.4   -22.2
481.445     7.5     6.1     6.7
483.105     3.4    -5.2   -11.7
484.766    -3.0   -22.1   -14.3
486.426    -6.4   -10.2    15.8
488.086   -14.3    -5.3    -3.1
489.746   -15.4   -14.0   -28.9
491.406     2.8    11.8    12.7
493.066     3.2    14.2     6.6
494.727    11.2   -12.1   -14.5
496.387    -9.6   -16.1     5.8
498.047   -26.4    -8.0    -7.5
499.707   -28.6    -3.8   -29.1
501.367    -0.7   -10.1    -7.7
503.027     4.2     5.9     6.1
504.688     2.8   -15.8    -6.9
506.348    -7.6    -7.6     3.1
508.008   -23.2    -9.2    -9.3
509.668   -25.7   -11.8   -27.0
511.328    -8.2    -9.3    -7.9
512.988     1.7     2.9    14.4
514.648    10.8    -9.1   -18.5
516.309    -5.2   -17.5   -15.0
517.969   -12.6   -12.0    -3.3
519.629   -36.7   -17.2   -24.9
521.289    -9.0    -7.8   -11.0
522.949    -2.2    -1.6     1.0
524.609    14.1     4.3    -9.0
526.270     0.5   -10.5   -11.5
527.930   -22.7   -14.3     0.3
529.590   -32.8   -24.0   -19.2
531.250   -17.0   -18.1   -27.3
532.910    12.6    11.4     9.7
534.570     8.6     1.5    -5.4
536.230     7.8    -3.2    -4.4
537.891    -1.5   -13.2   -14.9
539.551   -31.7   -21.3   -14.9
541.211   -30.6   -20.6   -27.1
542.871    -6.2    -0.7    -1.7
544.531    15.1    15.4    19.8
546.191    15.5    11.2     1.0
547.852    -8.4   -25.6   -11.5
549.512   -21.2   -26.4   -16.8
551.172   -35.3   -22.9   -26.3
552.832   -19.5    -9.0    -7.7
554.492    10.8     2.9    12.1
556.152    13.8     4.5    -8.4
557.812     7.6     0.0   -17.4
559.473   -24.1   -36.8   -15.5
561.133   -29.6   -25.6   -27.6
562.793   -20.8   -10.1   -17.1
564.453    13.3    17.6    14.4
566.113    20.6    24.6     6.4
567.773     6.5    -9.1   -19.5
569.434   -10.3   -25.2    -6.4
571.094   -29.7   -29.4   -18.3
572.754   -14.4   -11.8   -16.1
574.414    -4.7     1.9    -4.9
576.074     9.8    30.3    19.2
577.734    10.1     5.2   -12.0
579.395     0.5   -24.6   -12.9
581.055    -6.0   -24.8    -1.2
582.715   -30.5   -23.7   -28.4
584.375   -21.5   -13.2    -6.2
586.035    16.4    21.0    -8.8
587.695    17.2    18.8   -11.7
589.355     1.5   -24.2    -4.4
591.016   -10.9   -31.7    -0.6
592.676   -35.4   -29.9   -20.6
594.336   -15.2    -9.5    -7.1
595.996     2.4     8.1     1.3
597.656     7.3    23.3    -2.2
599.316     6.9     2.0    -1.4
600.977     0.1   -16.6     1.3
602.637    -9.0   -24.9   -12.1
604.297   -26.4   -23.7   -21.1
605.957   -19.7    -5.4     0.4
607.617    -2.1    11.6    -8.8
609.277    12.6    -0.9    -3.8
610.938    -1.5    -4.4     0.4
612.598   -11.1    -8.3   -14.0
614.258   -23.0   -32.3   -23.8
615.918   -22.1   -21.3    -4.6
617.578    -9.2     7.2    -6.5
619.238     8.9     2.5    -9.7
620.898    18.0     2.9     2.3
622.559    -5.0     4.3     2.0
624.219   -22.6   -21.9   -19.5
625.879   -15.0   -29.4   -11.1
627.539   -14.1   -10.0    -1.0
629.199   -11.0     4.4    -8.5
630.859    14.1     6.8     5.3
632.520     4.1     6.0    -2.3
634.180   -13.4   -12.4   -16.4
635.840   -19.6   -28.1   -13.8
637.500   -21.9   -26.6    -3.0
639.160    -8.0    -3.5   -11.5
640.820     1.6     8.0    -7.0
642.480    17.5    15.1     5.7
644.141   -14.3   -20.9   -32.8
645.801   -17.1   -24.1   -30.1
647.461   -13.4   -22.9    -2.4
649.121    -6.6   -20.4   -16.5
650.781    11.4    12.3    -4.8
652.441     5.9    21.7     6.0
654.102    -1.6    12.9    -7.8
655.762   -22.6   -38.5   -36.0
657.422   -24.1   -26.2    13.0
659.082    -6.1    -6.4    -8.3
660.742     9.6     0.9   -19.0
662.402    -0.7    22.2     5.6
664.062   -17.1    -3.6   -25.0
665.723   -24.8   -18.5   -31.7
667.383   -23.6   -43.6   -18.5
669.043   -17.2   -25.8     5.9
670.703     7.6     4.7    -5.0
672.363    23.1    12.0     2.5
674.023    -4.9    14.7    -7.6
675.684   -24.1    -4.5   -21.9
677.344   -29.4   -36.6   -31.5
679.004   -17.7   -23.9    -3.0
680.664     5.2    11.5     4.5
682.324    21.4    14.0    -1.5
683.984   -17.1     6.3   -13.0
685.645   -21.3    -0.4   -17.7
687.305   -32.8   -41.9   -24.4
688.965    -9.2   -14.8     3.5
690.625     2.1     1.0     7.4
692.285    24.6    23.4     4.9
693.945   -20.6   -14.4   -19.9
695.605   -30.7   -28.2   -23.7
697.266   -28.8   -32.4   -21.0
698.926   -24.0   -19.2    -5.3
700.586    11.8     3.5    11.4
702.246    30.3    17.0     9.4
703.906    17.5    21.2     3.6
705.566   -20.0   -14.1   -17.2
707.227   -33.9   -36.4   -35.1
708.887   -33.7   -22.1   -14.6
710.547    11.5     5.0     6.3
712.207    11.7     5.1     7.1
713.867    31.6    22.7     9.9
715.527   -21.0   -17.0   -26.0
717.188   -39.2   -35.2   -31.6
718.848   -23.2   -27.1    -6.6
720.508   -10.4    -2.3    -6.4
722.168    10.9    13.3    -1.8
723.828    20.3    20.0    12.8
725.488   -17.6   -20.0   -32.8
727.148   -29.3   -28.3   -34.3
728.809   -27.4   -21.9     0.2
730.469    -4.7    -8.3    -5.7
732.129     7.3     6.3   -12.7
733.789     2.2    -1.6    -5.8
735.449    -5.4   -10.8   -26.3
737.109   -26.3   -25.0   -27.6
738.770   -20.4   -22.5   -10.0
740.430   -14.6    -4.6     4.6
742.090     8.9    -3.1   -12.3
743.750    11.3     2.2    14.3
745.410    -8.5    -1.1   -12.2
747.070   -21.1   -27.7   -34.1
748.730   -17.0   -21.0    -5.1
750.391     1.6    -2.0   -13.3
752.051     5.1    -7.5   -14.7
753.711     9.7    -3.0     2.0
755.371   -19.0     0.0   -12.2
757.031   -20.4   -25.1   -28.6
758.691    -9.2   -21.6    -3.0
760.352     1.1     3.4     5.1
762.012     2.8     5.9    -8.4
763.672     3.0    -6.8    -0.3
765.332   -11.1    -8.9     1.7
766.992   -23.9   -15.3   -34.0
768.652    -9.6    -3.0     5.1
770.312     1.1     2.7    16.4
771.973    12.2    -0.4    -7.1
773.633    12.3    -8.1     2.2
775.293    -4.3    -5.8     5.5
776.953   -29.3   -24.7   -39.1
778.613   -25.3   -26.5   -35.4
780.273     0.3     9.7    20.2
781.934    17.7    11.3    13.7
783.594    16.8    -9.8    -7.2
785.254   -27.7    -9.4   -11.7
786.914   -35.2   -15.0   -24.4
788.574    -9.3    -5.4    -1.5
790.234     7.3     7.4     4.5
791.895     7.6     7.2     4.2
793.555    20.1    -0.5    -2.3
795.215    -6.4    -7.6    -0.4
796.875   -29.3    -9.6   -24.8
798.535   -40.8   -23.1   -35.1
800.195    -1.6     0.8     0.7
801.855    12.3    16.2     2.9
803.516    16.6    -4.8    12.5
805.176    17.3    -4.2    12.7
806.836    -2.5   -10.8   -11.5
808.496   -43.3   -24.7   -38.7
810.156   -39.1   -17.9   -14.3
811.816    -2.3     4.8    -1.8
813.477    24.4    10.3    -0.9
815.137    29.3     4.7    17.2
816.797   -11.3   -11.3   -13.7
818.457   -21.1   -21.4   -27.1
820.117   -39.0   -20.9   -14.5
821.777   -17.0     2.0    -0.7
823.438    21.3     8.7    -8.2
825.098    31.8     9.5    19.3
826.758    -3.6    -6.9    -4.7
828.418   -26.1   -24.1   -33.2
830.078   -38.5   -32.5   -29.5
831.738     1.7    14.7    -0.4
833.398     6.6     9.7    -5.7
835.059    28.8     3.4    11.9
836.719   -14.4    -6.5   -14.3
838.379   -31.8   -24.1   -25.9
840.039   -29.6   -33.6   -17.6
841.699   -15.9    -2.7    -0.9
843.359    12.9    21.3    -4.7
845.020    21.4     6.9     6.5
846.680    13.1    -3.9     3.4
848.340   -29.3   -26.2   -28.4
850.000   -38.8   -35.8   -14.5
851.660   -18.1    -6.9    -7.7
853.320     2.8    14.2    -8.4
854.980    24.2    12.7     5.6
856.641     3.9    -1.2    -1.2
858.301   -13.2   -18.5   -18.3
859.961   -28.9   -36.9   -15.4
861.621   -26.8   -15.1    -9.2
863.281    10.0     3.1    -5.3
864.941    20.0    11.8    10.1
866.602    16.1    11.1     8.3
868.262   -18.1   -21.1   -26.4
869.922   -18.1   -35.1   -16.1
871.582   -20.5   -13.6     1.2
873.242     8.9     1.5    -5.1
874.902    20.5     7.9    -0.1
876.562     4.1    18.8     4.5
878.223   -21.2   -19.0   -21.2
879.883   -16.5   -34.7   -13.7
881.543   -14.3   -10.2     2.0
883.203     6.1     3.8    -7.4
884.863     7.4     5.0    -8.2
886.523     0.0     7.3    -3.6
888.184   -22.5   -21.0   -25.7
889.844   -27.7   -29.5   -22.8
891.504    -9.3   -21.6     3.1
893.164    -2.5    -5.5   -14.4
894.824     8.8    19.6     2.2
896.484     5.9     1.5     0.5
898.145   -21.1   -21.5   -29.2
899.805   -21.8   -21.3   -26.9
901.465    -0.6   -14.4   -11.8
903.125     5.6    -7.8   -18.1
904.785     7.6    20.6    13.2
906.445    -1.9    16.0     7.5
908.105   -12.6   -24.3   -41.1
909.766   -13.4   -27.9   -11.7
911.426    -8.8    -5.3     7.4
913.086    -4.1    -0.6   -14.1
914.746     3.9    -2.5    -2.9
916.406    -7.3    14.5     2.4
918.066   -14.4     0.4   -15.9
919.727   -13.4   -31.5   -11.7
921.387   -12.8    -9.6     3.4
923.047   -15.2    -2.8   -10.4
924.707     7.5    -3.5    -1.8
926.367     3.6     9.4     7.7
928.027   -10.4     4.0   -10.9
929.688   -12.4   -23.9   -19.8
931.348   -20.5   -24.2    -5.0
933.008    -4.7     6.8    -0.7
934.668    14.6     6.4     4.9
936.328   -10.6     0.2   -14.4
937.988    -6.9     2.3    -8.9
939.648   -21.3   -24.9   -17.0
941.309    -9.4    -7.1     4.0
942.969     0.2    -7.2    -8.9
944.629    11.2     9.4    -7.3
946.289     2.1    10.1     7.5
947.949    -6.0    -5.9    -6.1
949.609   -18.7   -18.2   -13.0
951.270   -20.4   -12.2    -4.0
952.930    14.5     9.5    -1.9
954.590     9.6     9.8    -3.2
956.250    -2.4    -6.3   -13.3
957.910   -12.1   -16.9   -19.4
959.570   -20.5   -13.1    -4.0
961.230   -23.9   -19.5    -9.7
962.891    -7.5   -13.2    -9.7
964.551     9.0     8.4     1.6
966.211     7.3     6.5    -5.5
967.871    -9.4   -13.5   -21.2
969.531   -15.8   -17.5    -5.1
971.191   -16.9   -16.3   -19.7
972.852   -17.5   -16.2   -25.7
974.512    14.7     4.4    13.9
976.172     5.5     6.3    -6.3
977.832    -5.2    -1.2   -19.7
979.492    -9.7   -14.0    -1.2
981.152   -15.7   -24.0   -16.3
982.812    -7.9    -9.1   -10.0
984.473    -1.7     1.0     1.1
986.133    -0.3     3.2   -15.5
987.793    -9.7   -12.6    -5.0
989.453    -9.9   -10.9    -9.2
991.113   -11.1   -15.0   -20.1
992.773    -9.8   -15.5   -24.9
994.434     4.2    -4.7     7.9
996.094    -7.1     6.1   -14.7
997.754    -7.8   -12.1   -17.7
999.414    -5.9    -4.7    -0.1
1001.074    -0.2    -1.9    -9.0
1002.734     4.4    -7.0    -6.3
1004.395     0.1    -6.9    11.3
1006.055    -0.3    -0.1     6.5
1007.715   -10.9    -5.0   -22.0
1009.375   -13.9   -14.7    -8.2
1011.035    -7.3    -1.0    -7.4
1012.695     5.9    -5.5   -14.0
1014.355    11.4    -7.1    12.2
1016.016    -0.3    -0.4     4.2
1017.676   -25.4   -15.0   -37.5
1019.336   -23.5   -19.7   -21.4
1020.996    -7.1    -1.5     2.4
1022.656     7.0    -1.2    -5.5
1024.316    11.1     0.9    15.9
1025.977   -18.9    -7.9   -21.4
1027.637   -21.8   -22.6   -24.0
1029.297    -6.8     8.7     4.4
1030.957    -9.5     7.4    -6.9
1032.617    18.3    -4.0    -8.1
1034.277    14.4     2.8    17.2
1035.938   -17.9    -8.5   -17.6
1037.598   -22.0   -25.9   -24.9
1039.258    -8.6   -10.7    -4.4
1040.918     1.0     4.4     6.4
1042.578    22.5    -0.9     1.6
1044.238    17.8    -1.8     1.8
1045.898    -9.3    -2.3    -2.1
1047.559   -30.3   -20.1   -21.2
1049.219    -6.8   -16.7    -9.7
1050.879    -3.2     4.0    -6.4
1052.539     1.7     1.7    -4.9
1054.199     5.8     5.3    10.1
1055.859   -19.6   -14.8   -26.4
1057.520   -23.3   -19.0   -27.9
1059.180   -24.8   -16.9    -6.9
1060.840    -0.1    -1.6    -6.2
1062.500     5.4     1.9    -5.7
1064.160     3.8     3.9    13.6
1065.820    -3.9   -11.5   -20.2
1067.480   -19.0   -28.2   -31.0
1069.141    -5.6     1.6    -4.9
1070.801    -4.2    -0.7   -17.3
1072.461    10.3    -6.0    -9.3
1074.121    -5.0     7.4     9.3
1075.781   -12.3    -7.0   -13.4
1077.441   -17.3   -27.1   -28.3
1079.102   -10.1   -30.1   -11.8
1080.762    -2.4     9.8    -4.5
1082.422     1.1    -6.8   -15.0
1084.082    -7.0     0.9     1.2
1085.742   -15.9     3.1    -0.2
1087.402   -12.3   -30.0   -16.0
1089.062    -2.6    20.7    -2.2
1090.723    -1.2    18.9    -2.2
1092.383     3.5     4.2     2.4
1094.043     6.1    -9.9    -2.6
1095.703   -23.2   -10.5   -15.9
1097.363   -18.3   -19.1   -13.2
1099.023     1.1     2.5    -6.1
1100.684     4.5    14.1     0.9
1102.344     9.7     7.1    -0.5
1104.004   -11.0   -11.0   -12.8
1105.664   -15.3   -32.9   -19.8
1107.324   -17.2   -21.0   -12.6
1108.984   -13.1    -0.9   -11.1
1110.645    12.7    -2.2     4.7
1112.305     8.8     3.2     2.7
1113.965   -14.5    -6.5    -9.0
1115.625   -22.5   -21.7   -17.5
1117.285   -16.4   -29.3   -22.6
1118.945   -10.6     3.2    -0.7
1120.605    15.3     1.5    -1.2
1122.266    12.8    14.8     1.8
1123.926    -7.5    -2.9    -7.8
1125.586   -18.8   -32.2   -26.5
1127.246   -21.0   -25.1   -13.1
1128.906   -14.3    -3.6    -6.0
1130.566    -4.6    -0.9   -10.6
1132.227    17.6    17.3    10.0
1133.887     4.3     0.2    -3.8
1135.547   -19.5   -23.8   -31.9
1137.207   -27.4   -30.8    -4.8
1138.867   -22.1   -21.0    -8.4
1140.527     4.7    16.1    -1.9
1142.188    21.7    17.9    15.3
1143.848     8.2    -4.2   -15.0
1145.508   -13.0   -21.4   -30.8
1147.168   -26.7   -26.1    -5.2
1148.828   -22.7   -29.6   -19.0
1150.488     6.7    12.0    -0.2
1152.148     5.2    19.6     9.7
1153.809    10.1    -6.9   -25.9
1155.469   -14.2   -30.1    -9.7
1157.129   -17.9   -30.3    -5.6
1158.789   -29.1   -24.6   -24.3
1160.449     4.4     4.4    -7.2
1162.109    13.6    21.2    11.9
1163.770    12.3    32.6    11.4
1165.430    -4.8   -35.9   -14.9
1167.090   -20.6   -29.1     3.2
1168.750   -29.3   -15.3   -14.9
1170.410     5.5     0.1   -11.1
1172.070     7.2     4.0    -7.2
1173.730    -2.5   -12.4   -22.1
1175.391   -11.2   -39.9   -13.8
1177.051   -16.5   -33.6    -1.4
1178.711   -19.4    -7.9    -8.9
1180.371    -1.7     1.5   -15.1
1182.031    -0.5    26.8     0.0
1183.691     0.4     6.9    -9.7
1185.352    -9.0   -32.6   -13.7
1187.012   -12.7   -27.3     6.0
1188.672   -12.3   -13.2    -2.7
1190.332    -4.9     5.0    -9.8
1191.992     1.3    16.8    -0.4
1193.652    -3.8    -4.0   -18.6
1195.312    -4.1   -20.0   -19.8
1196.973   -16.4   -21.8     4.5
1198.633    -4.9   -11.0    -9.8
1200.293     3.4    18.4    -0.8
1201.953    -2.6    15.1    -2.3
1203.613   -10.9    -7.5   -15.9
1205.273   -11.2   -26.6   -15.5
1206.934   -10.4   -17.8     0.0
1208.594    -5.8    -5.6    -7.5
1210.254     8.0    14.6     3.3
1211.914     3.0     6.6   -10.0
1213.574   -19.2   -15.5   -21.8
1215.234   -20.6   -25.2   -10.3
1216.895   -10.5   -13.6   -11.7
1218.555    -7.3    -6.0   -10.3
1220.215     4.0    11.3     6.8
1221.875    -0.4     1.6   -19.7
1223.535   -15.8   -18.0   -17.6
1225.195   -16.5   -20.8     2.9
1226.855   -14.7   -10.7   -16.7
1228.516    -2.0     3.6    -6.6
1230.176     9.9    11.5    13.5
1231.836     5.7    10.5     2.8
1233.496   -10.2   -18.7   -10.5
1235.156   -22.1   -16.5     3.1
1236.816   -22.5   -10.2   -21.8
1238.477     9.7    -1.5     3.7
1240.137    15.1     9.5    13.1
1241.797    -7.2    -5.6   -21.1
1243.457   -14.6   -20.0   -11.6
1245.117   -18.4   -20.8    -4.5
1246.777   -24.7    -8.9   -20.8
1248.438     7.4     4.4     8.7
1250.098    18.4     7.5    13.1
1251.758     8.3     4.2   -11.3
1253.418   -18.5   -26.1    -6.8
1255.078   -23.7   -11.5   -20.9
1256.738   -26.1    -8.4   -28.2
1258.398    -6.4    -2.6    -5.0
1260.059    19.7    14.9    12.6
1261.719    18.2     6.3    -2.2
1263.379   -17.1   -23.3    -8.3
1265.039   -27.5   -17.4   -10.8
1266.699    -6.9    -8.2   -20.7
1268.359     2.0    -4.0    -0.8
1270.020    20.9    15.6    13.9
1271.680    -2.0   -11.8   -20.0
1273.340   -16.1   -19.9    -7.1
1275.000   -21.6   -23.9    -7.1
1276.660     6.3    -9.9    -8.6
1278.320     2.4    -8.6    -9.7
1279.980     6.1    18.2     4.0
1281.641    -4.3   -26.7   -18.6
1283.301    -3.6   -26.4   -17.4
1284.961   -27.1   -15.9    -9.8
1286.621   -13.3   -17.3   -15.5
1288.281    19.9    12.2     7.3
1289.941    13.4    20.3     3.1
1291.602   -14.8    -8.8   -21.2
1293.262   -17.9   -29.4   -16.1
1294.922   -22.8   -20.7    -8.6
1296.582   -14.2   -15.8   -13.7
1298.242    18.3    16.0    18.1
1299.902    20.7    16.1     6.2
1301.562   -20.1   -10.0    -6.2
1303.223   -34.7   -19.2    -9.8
1304.883   -22.0   -23.4    -9.6
1306.543    -2.2   -13.8   -23.8
1308.203    16.5    24.1    33.3
1309.863     2.1     5.3   -12.4
1311.523   -13.5   -15.2   -37.5
1313.184   -30.3   -20.3    -3.5
1314.844   -10.5   -17.1    -8.3
1316.504    -1.9   -22.9   -28.5
1318.164    13.5    13.5    21.7
1319.824    -6.8    17.1    -8.3
1321.484   -15.6    -4.4   -34.5
1323.145   -17.4   -27.0   -18.9
1324.805    10.2    -5.9    -9.3
1326.465     3.9    -4.2   -13.7
1328.125    -2.1    15.1    -0.9
1329.785   -16.1     9.4   -17.5
1331.445   -21.2    -6.2   -26.7
1333.105   -27.6   -34.4   -15.3
1334.766     2.3     0.9    -6.8
1336.426    14.5     1.8    -1.3
1338.086    12.8     2.2     2.8
1339.746    -9.5     6.9    -5.0
1341.406   -31.8   -25.8   -26.2
1343.066   -22.4   -29.9   -20.1
1344.727   -16.6   -13.0   -10.7
1346.387    10.1     4.2     1.2
1348.047    12.7     8.9    -0.7
1349.707    -8.0    -5.2    -5.8
1351.367   -21.5   -22.4   -16.4
1353.027   -23.8   -18.3   -19.8
1354.688   -17.8    -8.3    -3.8
1356.348    18.4     9.8     0.6
1358.008    16.2    20.9     4.1
1359.668   -17.7   -18.6    -5.4
1361.328   -21.6   -29.3   -21.7
1362.988   -21.9   -11.3    -9.1
1364.648    -3.1    -2.4    -6.4
1366.309    13.2     4.9    -5.6
1367.969    -2.9     2.9    -2.6
1369.629   -17.8   -22.9   -14.6
1371.289   -11.3   -28.5   -13.7
1372.949   -15.0   -14.7    -8.1
1374.609    -4.6     6.6    -9.9
1376.270     2.6    15.3     7.4
1377.930     8.8     8.9     8.4
1379.590   -14.4   -12.9   -15.2
1381.250   -17.8   -25.8   -14.7
1382.910   -11.7   -11.6   -17.0
1384.570    -6.4     3.6   -21.8
1386.230     0.4    13.1    11.9
1387.891    -2.1   -10.7   -14.6
1389.551    -4.5   -13.1   -14.9
1391.211    -8.8   -14.8     6.7
1392.871    -5.6    -8.3     3.7
1394.531    -9.6     1.7   -25.7
1396.191    -2.5     7.4     8.7
1397.852    -9.5    -1.3    -5.5
1399.512    -5.4   -20.0     2.7
1401.172    -4.8     1.3    13.0
1402.832    -7.4    -1.5   -16.5
1404.492    -4.8   -12.6   -14.6
1406.152   -13.2     1.8    -0.6
1407.812   -15.0     3.4   -19.7
1409.473     2.9   -14.3   -13.4
1411.133    -3.9   -12.2     3.4
1412.793    -9.0    -6.7    -8.8
1414.453   -11.4   -11.6   -23.9
1416.113    -4.4    -4.2     5.0
1417.773   -10.0     0.1    -3.9
1419.434   -14.3   -14.5   -29.8
1421.094     4.7     0.6     8.8
1422.754    -1.0    -2.5    -1.1
1424.414    -0.9    -7.2   -13.8
1426.074    -8.6    -2.2     0.0
1427.734   -13.6     5.2     0.2
1429.395   -13.6   -13.0   -26.2
1431.055    -5.9   -16.5    -5.7
1432.715    -4.7    -9.4    -4.6
1434.375     1.2    -6.2   -14.9
1436.035    -7.8     6.9     8.9
1437.695   -10.4    10.9     3.5
1439.355   -12.5   -15.7   -26.6
1441.016    -6.0   -13.9    -0.2
1442.676    -5.7   -11.3     0.4
1444.336     1.8    -9.7   -11.2
1445.996     3.9     3.7     0.8
1447.656   -17.0    -1.5   -19.3
1449.316   -15.7   -18.9   -21.1
1450.977    -7.2   -21.3    -1.1
1452.637    -6.3   -12.5   -13.7
1454.297    -2.2    -6.0   -12.3
1455.957    10.9    16.0    11.0
1457.617    -5.9    12.1    -5.2
1459.277   -15.3   -24.4    -7.3
1460.938   -18.3   -27.2    -9.7
1462.598   -12.5   -18.5   -14.3
1464.258     8.7    11.4    13.5
1465.918     6.5    16.4     4.0
1467.578     2.7    13.4    -3.3
1469.238   -13.4   -25.6    -9.7
1470.898   -16.5   -26.8     0.4
1472.559   -14.6   -19.2   -25.4
1474.219    -1.6    -1.2    -6.9
1475.879     6.9    17.6    14.4
1477.539     8.8    24.7    11.5
1479.199   -16.6   -25.0    -3.7
1480.859   -17.6   -25.5    -0.1
1482.520   -22.0   -25.4   -19.9
1484.180     0.6    -2.2    -3.3
1485.840     7.5    16.6    18.0
1487.500     0.5    14.0   -10.6
1489.160    -1.0   -18.6   -10.3
1490.820    -6.5   -27.5    -8.2
1492.480   -18.5   -19.1    -5.2
1494.141   -19.4   -14.5   -19.7
1495.801     7.0    11.7     3.8
1497.461    -1.0    16.0   -10.2
1499.121    -4.6    -2.0   -14.8
1500.781    -8.1   -28.2    -4.5
1502.441   -18.5   -14.7   -14.5
1504.102   -15.6   -10.3   -11.1
1505.762    -0.3     5.3    -1.1
1507.422     4.1    15.1    -9.4
1509.082    -4.6   -21.8    -0.9
1510.742   -12.9   -18.0   -11.5
1512.402   -15.8   -14.5   -14.9
1514.062    -6.8    -7.6    -2.5
1515.723    -5.0     6.1    -2.3
1517.383     2.7   -10.2   -12.3
1519.043     5.4   -15.9    -3.8
1520.703    -7.4   -11.4    -0.1
1522.363   -12.5   -15.8    -9.7
1524.023    -7.3   -12.6   -10.4
1525.684    -8.6    12.3    -3.7
1527.344    -7.4     1.7   -11.2
1529.004    -3.5   -22.4   -13.3
1530.664    -5.5    -6.5    -7.9
1532.324   -13.4    -1.9    -3.9
1533.984   -11.4    -8.7   -13.4
1535.645     0.0     6.5     2.8
1537.305    -5.3    -6.1   -13.1
1538.965    -0.4   -18.6   -14.2
1540.625   -12.6    -5.9    -7.0
1542.285   -11.5   -14.0   -18.0
1543.945    -6.9     1.6    -7.2
1545.605     3.7     2.7     7.2
1547.266    -3.2   -13.6   -17.7
1548.926    -9.4   -14.0   -10.3
1550.586   -11.6    -9.6     2.5
1552.246    -7.9   -12.9   -21.5
1553.906    -9.7     9.7     0.7
1555.566    -2.4    -3.1     2.3
1557.227     2.5   -12.7   -12.4
1558.887    -2.9   -19.7   -13.1
1560.547   -15.1    -6.1    -6.7
1562.207    -9.2    -8.3   -21.5
1563.867    -9.6    -9.4   -23.8
1565.527    -4.4    13.1    19.4
1567.188     3.5   -13.1   -26.2
1568.848     5.8   -19.2   -20.7
1570.508    -4.5   -14.1     3.9
1572.168   -17.6    -4.4   -25.1
1573.828    -7.5   -17.9   -20.7
1575.488     1.1     8.5     8.0
1577.148     1.7    -6.4    -9.5
1578.809     1.3   -19.0     1.4
1580.469    -7.0    -4.5    -3.0
1582.129   -19.1    -6.2   -24.1
1583.789   -15.1   -15.5   -17.2
1585.449    -5.9     2.7     4.9
1587.109     1.1     3.9     4.0
1588.770     8.0   -18.7    -9.5
1590.430   -12.6    -5.5    -1.2
1592.090   -12.8    -5.3    -0.7
1593.750   -16.1    -8.9   -16.8
1595.410    -8.3    -2.1    -4.8
1597.070     1.7    -3.0    -1.7
1598.730     0.6    -8.5   -10.5
1600.391     0.8    -7.3    -2.7
1602.051   -12.7   -13.5    -8.5
1603.711    -7.3   -16.1   -18.7
1605.371   -15.6    -2.8    -4.0
1607.031    -8.8    -5.5    -1.9
1608.691     1.2    -8.6   -14.9
1610.352    -3.4    -2.8     3.7
1612.012   -13.5   -10.1    -9.3
1613.672   -10.2    -6.8   -12.8
1615.332    -7.2    -0.1     0.9
1616.992    -7.2    -6.3   -15.8
1618.652    -1.8    -3.8    -2.0
1620.312    -1.3    -8.6     1.3
1621.973   -12.1    -6.7   -13.1
1623.633    -0.2    -7.0    -2.9
1625.293    -0.7    -1.3    -3.5
1626.953    -9.9    -7.5   -12.4
1628.613    -5.5    -3.4     7.6
1630.273    -8.5   -10.7   -18.5
1631.934   -10.6    -9.9   -25.0
1633.594    -6.7     0.5     7.3
1635.254     1.2    -5.8    -6.6
1636.914    -2.0    -6.3   -22.9
1638.574    -6.5    -6.3     4.5
1640.234   -14.9   -10.3    -3.7
1641.895    -8.7   -16.1   -23.1
1643.555    -4.3   -10.8    -6.5
1645.215    -0.1     6.7     7.7
1646.875     2.7    -3.0   -21.4
1648.535    -8.7    -6.6     3.3
1650.195   -19.6   -13.7    -9.2
1651.855   -17.9   -13.6   -24.6
1653.516   -11.5   -15.2   -17.8
1655.176     5.0     7.3    12.8
1656.836    -0.8   -10.8   -17.2
1658.496    -2.4   -14.6    -7.3
1660.156   -21.8   -14.0    -9.0
1661.816   -18.6   -12.6   -22.8
1663.477    -4.9    -8.2    -3.8
1665.137     5.9    14.4     4.5
1666.797     5.8    17.4     4.5
1668.457    -3.2   -19.2    -5.0
1670.117   -20.5   -19.9   -11.6
1671.777   -15.7   -18.8   -18.3
1673.438    -4.3    -1.4     6.4
1675.098     6.5    12.8     4.7
1676.758     4.5   -10.3    -9.2
1678.418   -12.5   -20.3     0.8
1680.078   -23.1   -23.5   -13.9
1681.738   -14.9   -16.4   -27.4
1683.398    -6.6     7.0    -0.1
1685.059    -4.6    20.7    11.3
1686.719     7.5     5.0    -6.1
1688.379     0.9   -20.3    -4.3
1690.039   -27.4   -21.5   -20.1
1691.699    -4.9   -12.3   -16.7
1693.359     0.0     5.6    -2.8
1695.020     5.5    26.6    11.1
1696.680    -4.4    -3.4   -14.1
1698.340    -2.3   -23.8     0.4

Event #74  ts=2026-09-11 12:11:23.336  [SELECTED]
  t[ns]  u1[mV]  u2[mV]  u3[mV]
  0.000    12.0     9.2   -10.9
  1.660   -20.4    -0.5     6.9
  3.320    -2.7   -16.4   -27.9
  4.980     6.7    -2.6     0.3
  6.641     5.7    -1.0    -2.5
  8.301     5.9     1.9     7.0
  9.961   -10.0   -19.1   -19.1
 11.621   -12.6   -14.5   -12.0
 13.281   -35.6   -10.6   -12.2
 14.941   -10.5    -8.9   -23.6
 16.602    15.6     6.7    19.2
 18.262     4.2    10.4    -1.5
 19.922    -5.0   -11.5   -28.6
 21.582    -9.1   -17.7   -11.7
 23.242   -33.2   -13.7   -27.7
 24.902   -14.3    -8.7   -13.2
 26.562    17.0     1.6    22.1
 28.223    19.7     9.7    -3.8
 29.883    -0.5    -5.7    -6.6
 31.543    -9.3   -18.5     2.4
 33.203   -31.9   -15.8   -32.8
 34.863   -13.0    -6.9   -10.2
 36.523    12.6     1.2    17.1
 38.184    23.4     7.7     3.2
 39.844     8.5     1.4    -9.3
 41.504   -20.7   -14.4     5.8
 43.164   -35.4   -16.3   -27.9
 44.824    -5.4   -11.7     5.7
 46.484     9.5    11.7    16.6
 48.145    14.8     7.0   -17.6
 49.805     7.9    -7.6    -7.5
 51.465   -10.1    -7.0     1.6
 53.125   -32.9   -20.9   -28.5
 54.785   -18.4   -26.2   -18.9
 56.445    12.0     1.3    13.6
 58.105     8.5    18.1    -3.1
 59.766    -4.7   -14.0    -1.8
 61.426    -4.4   -14.5    -1.1
 63.086   -20.6    -3.4    -1.0
 64.746   -27.8   -17.4   -23.0
 66.406     8.7    -8.8     9.4
 68.066    15.5     9.4    -1.6
 69.727    -8.1    -6.0    -9.2
 71.387    -9.8    -7.5    -3.6
 73.047   -23.7    -8.1    -9.7
 74.707   -28.1   -12.1   -21.7
 76.367     0.3    -7.7    12.3
 78.027     7.3    -2.9    -4.8
 79.688     1.5    -7.6   -22.9
 81.348   -17.9    -2.9    -1.5
 83.008   -28.0    -7.7   -15.8
 84.668   -28.3   -21.7   -32.0
 86.328     8.5    -0.8    25.6
 87.988     9.3    -5.3    -2.9
 89.648     3.1   -14.6   -30.1
 91.309    -4.1   -15.3   -18.0
 92.969   -38.6    -8.5   -21.7
 94.629   -29.4   -20.6   -38.9
 96.289    19.1     2.4    25.4
 97.949    17.3     8.2    26.8
 99.609     6.1   -19.1   -24.6
101.270    -1.3   -22.1   -20.3
102.930   -30.8    -7.9    -8.0
104.590   -22.2   -12.1   -25.3
106.250    16.2    -1.7    21.4
107.910    27.0    12.9    15.5
109.570    14.2     5.4    -8.4
111.230   -16.2   -14.2     3.1
112.891   -33.3   -12.3    -3.4
114.551   -39.4    -7.9   -40.7
116.211    21.1     1.6    27.1
117.871    23.6    11.1    30.6
119.531    10.2    -1.5   -20.0
121.191   -15.0   -11.2    -2.6
122.852   -14.9   -12.6    -4.4
124.512   -33.8   -17.6   -42.5
126.172    11.0     2.0    18.6
127.832    27.1    22.2    24.6
129.492    14.0     6.4    -6.6
131.152     3.8   -12.3   -11.9
132.812   -38.7    -9.4   -14.6
134.473   -38.0   -10.7   -19.6
136.133   -12.0   -21.3   -20.4
137.793    21.3    11.5    23.2
139.453     9.2     3.8   -13.3
141.113     0.5   -14.9    -4.0
142.773   -16.0   -17.1   -10.4
144.434   -36.9    -6.0   -17.8
146.094    -8.9   -18.3    -6.4
147.754    10.6   -14.7     3.5
149.414    14.8    12.2     1.3
151.074    -8.3   -13.8   -15.4
152.734   -10.0    -8.1    -6.2
154.395   -19.1   -21.3   -27.0
156.055   -11.7   -16.0    -9.6
157.715     2.3    -3.9     4.4
159.375     3.1     0.8    -3.5
161.035    -3.6    -5.2   -21.4
162.695   -12.3    -9.3   -14.3
164.355   -16.9     2.5    -1.9
166.016     1.8   -16.4    -2.6
167.676    11.1     0.5     4.2
169.336     9.7     8.8     6.7
170.996    -3.9    -7.1   -15.9
172.656   -16.2     1.7    -1.9
174.316   -14.9    -5.4    -3.0
175.977   -10.3    -8.0   -12.2
177.637     9.2   -17.1    -4.1
179.297    -1.0    14.1    14.7
180.957   -17.0    -4.4   -19.7
182.617   -19.9   -18.0   -26.1
184.277   -15.5    -4.4    -9.1
185.938   -19.2    -1.7    -8.6
187.598     4.4   -10.0   -12.3
189.258    13.5    -7.0    11.2
190.918     0.5    -4.7     0.0
192.578   -27.3    -9.4   -26.9
194.238   -18.6    -4.9    -0.4
195.898    -6.0    -4.9    -8.5
197.559     4.1     2.9    -7.7
199.219    19.5     9.1    30.0
200.879     2.9   -16.9    -6.2
202.539   -18.2   -12.6   -29.3
204.199   -30.3   -16.6    -8.3
205.859   -18.1   -11.2   -16.5
207.520     2.8     1.2   -22.5
209.180    14.6     0.1    24.1
210.840     0.2    -5.6     5.2
212.500    -1.5    -5.1   -11.6
214.160   -18.8   -20.2   -31.8
215.820   -63.0    -7.9    14.9
217.480  -129.1   -17.5   -17.0
219.141  -187.6   -47.9   -21.3
220.801  -245.1   -72.5    26.2
222.461  -229.8   -92.7    -7.1
224.121  -191.3  -108.7   -25.5
225.781  -147.0   -81.7    -3.1
227.441  -152.6   -46.5   -19.3
229.102  -133.7   -42.9   -20.9
230.762   -71.5   -45.0    -8.7
232.422   -58.5   -23.7   -10.8
234.082   -61.7   -38.7   -20.7
235.742   -52.4   -43.8   -21.0
237.402   -41.0    -6.0   -16.4
239.062   -25.1   -15.3    -6.2
240.723   -22.5   -22.8   -11.4
242.383    -9.2    -7.1     8.7
244.043   -13.2   -16.0   -18.9
245.703   -11.7   -20.3    -6.1
247.363   -20.2   -11.7    -3.6
249.023   -23.7   -15.1   -20.2
250.684   -25.8     0.4    -9.9
252.344    -1.9    -5.6     2.4
254.004    -3.1   -18.2   -17.3
255.664    -1.9   -19.2   -12.2
257.324    -9.4    -8.0     2.8
258.984   -28.6   -19.2   -31.0
260.645   -26.3   -19.5   -34.1
262.305    -9.4     3.8    11.7
263.965    -3.6     8.2     9.5
265.625    -0.3    -6.4   -23.5
267.285    -5.8   -17.4     8.0
268.945   -29.5    -6.2   -15.7
270.605   -29.4   -17.0   -36.5
272.266    -8.3   -11.6    -7.7
273.926    -8.0    10.6    14.8
275.586    -7.5     3.5   -14.7
277.246     5.0   -22.3   -17.4
278.906   -10.9   -15.2     3.8
280.566   -39.2   -18.3   -39.6
282.227    -2.8    -0.4    17.8
283.887     3.7    15.2   -10.2
285.547    -0.8     7.4   -16.3
287.207    -2.5   -19.7    -1.2
288.867   -18.8   -15.7    -2.5
290.527   -26.2   -16.5   -23.2
292.188    -6.5    -5.7    12.7
293.848     8.5    15.5    11.0
295.508     0.3    12.6     1.2
297.168    -1.8   -12.9    -5.3
298.828   -18.5   -25.0    -2.3
300.488   -27.6   -26.2   -16.1
302.148   -15.8   -14.9    -6.3
303.809     4.2    25.6     9.7
305.469     7.0    11.6   -13.1
307.129    12.5    -9.5   -10.3
308.789    -5.6   -10.5    -0.5
310.449   -31.7   -25.6   -25.3
312.109    -5.8   -18.8     1.6
313.770    -3.0   -14.3     2.9
315.430     6.4    17.0    21.0
317.090     6.5   -13.8   -20.0
318.750     6.9   -13.3   -13.0
320.410   -24.0   -18.5   -16.5
322.070   -40.8   -27.5   -29.1
323.730   -27.6   -28.6   -17.4
325.391    12.6    27.7     0.6
327.051     6.3    15.2   -10.6
328.711     3.6    -8.7   -13.7
330.371   -12.3   -19.9    -8.3
332.031   -28.4   -26.4   -28.5
333.691   -18.4    -4.9     1.0
335.352    -9.9     3.0    17.9
337.012    20.2    14.5    -3.6
338.672     5.4   -11.4    -6.8
340.332   -11.9   -13.6    -1.7
341.992   -38.4   -26.6   -33.0
343.652   -27.3   -23.8   -27.9
345.312    -4.9     4.7    22.6
346.973     5.8    22.4    20.9
348.633    13.1    -5.1   -26.1
350.293    -9.4   -16.4    -1.1
351.953   -22.7    -8.6    -3.0
353.613   -42.6   -27.0   -26.1
355.273   -19.6   -23.0   -14.4
356.934     4.0    24.8    17.8
358.594     8.4    24.2    12.2
360.254    18.6   -10.0    -4.0
361.914    -5.3   -20.1    -0.7
363.574   -33.8   -18.4   -20.8
365.234   -23.9   -12.2    -6.9
366.895     6.1    12.8    10.3
368.555    14.4    11.7    -7.5
370.215    14.2    -9.8   -20.6
371.875    -1.5   -11.3    17.1
373.535   -39.8   -28.4   -39.8
375.195   -34.6   -29.9   -38.9
376.855    -6.5    15.2    23.9
378.516     0.9    16.2    10.9
380.176    12.7     4.6   -20.1
381.836     4.4   -10.1    17.3
383.496   -14.2   -11.6     3.7
385.156   -32.7   -27.5   -44.9
386.816   -17.1     3.7    15.3
388.477     9.1     7.3   -15.6
390.137    23.1     1.3   -11.5
391.797    21.4   -11.8     9.0
393.457    -6.4    -7.9     6.7
395.117   -32.7   -27.4   -29.3
396.777   -21.1   -19.4    -4.5
398.438    -8.3    11.4     1.7
400.098     1.6     9.2   -14.0
401.758    17.2    -5.9     1.7
403.418     5.0    -1.6     6.7
405.078   -29.1   -14.0   -20.2
406.738   -34.9   -27.9   -28.3
408.398    -3.1     9.7     2.5
410.059     1.8    10.3    -8.4
411.719    11.2     2.1     0.8
413.379     1.6    -5.4    -3.5
415.039   -16.2   -17.7   -18.8
416.699   -25.8   -28.2   -14.4
418.359   -12.9    -9.4     3.3
420.020     9.2     8.2    -7.0
421.680     7.3     1.7    -3.4
423.340     2.1     2.7    -3.4
425.000   -18.5   -29.1   -23.2
426.660   -23.4   -37.6   -28.6
428.320    -6.0    -2.3    10.2
429.980     1.3     8.0   -11.0
431.641     9.8     5.2   -13.0
433.301    -6.3     2.5    -7.6
434.961   -24.0    -8.3    -0.6
436.621   -15.8   -40.9   -32.2
438.281    -1.3   -23.2   -10.3
439.941    -2.7     9.1    -6.4
441.602    -1.8    -1.2   -22.6
443.262     5.5    -0.3   -11.7
444.922   -11.7    -4.3     3.1
446.582   -25.2   -15.9   -10.6
448.242    -6.4   -23.8    -5.2
449.902    16.4     5.8    12.5
451.562     1.0    18.2   -13.1
453.223   -12.0     5.0   -13.6
454.883   -14.7    -5.7    -4.7
456.543   -35.5   -28.9   -35.2
458.203   -20.6   -26.3   -15.1
459.863    21.3     7.3     4.0
461.523     7.2    22.0   -13.9
463.184     5.5    23.5   -10.3
464.844   -33.7   -23.6   -12.3
466.504   -33.3   -36.1   -37.5
468.164   -21.2   -35.1   -32.3
469.824    28.5    23.2    22.7
471.484     5.9     8.4   -12.1
473.145   -10.6    -7.9    -5.5
474.805   -39.3   -20.1   -18.2
476.465   -47.3   -33.1   -37.8
478.125     0.7   -26.6    -0.5
479.785    25.9     2.6    24.0
481.445    11.2    30.4     9.7
483.105     8.8    -1.4   -21.3
484.766    -9.6   -15.5   -10.4
486.426   -50.5   -27.8   -23.6
488.086     5.2   -24.6     1.3
489.746     5.7   -24.7    -0.5
491.406    25.6    41.6    16.0
493.066    -8.8    -2.0   -19.7
494.727   -20.4   -26.9   -15.3
496.387   -30.7   -23.9   -19.4
498.047   -28.0   -29.7   -15.6
499.707     1.4   -12.4     8.8
501.367    15.4    13.1    11.3
503.027   -15.8    -4.1   -19.9
504.688   -19.8   -12.1    -1.6
506.348   -23.4   -35.0   -20.8
508.008    -9.0   -27.6   -33.0
509.668     7.2     3.5     9.2
511.328    -2.0    -7.2   -29.5
512.988     1.1    -7.0   -24.5
514.648   -19.2   -19.8    -0.9
516.309   -14.4   -11.2     3.3
517.969   -22.1   -34.0   -43.3
519.629     5.8     7.9    25.4
521.289     5.4    19.0    -1.6
522.949    -7.7    -8.6   -34.0
524.609   -10.7   -20.6     2.4
526.270   -18.5   -10.7     8.2
527.930    -4.9   -12.1   -13.8
529.590    15.0     9.8    28.3
531.250    14.7    24.5    23.7
532.910   -17.8    -6.3   -34.5
534.570   -11.4   -29.4     9.2
536.230    -7.5   -18.3     3.2
537.891   -18.5    -8.9   -28.5
539.551    -2.4   -11.2    -4.4
541.211    11.2    13.0    17.9
542.871    -3.8    13.5   -11.7
544.531   -10.9   -25.0   -11.0
546.191   -17.3   -16.8   -20.8
547.852   -17.5   -15.5   -31.2
549.512   -12.6    -4.2     1.2
551.172     5.5    18.4    16.4
552.832     2.6    13.5    -8.3
554.492     0.1   -21.1    -5.2
556.152     1.6   -19.7     4.6
557.812   -24.0   -22.2   -30.2
559.473   -22.6   -27.2   -37.4
561.133     0.3    20.2    17.1
562.793     6.2     9.8   -11.2
564.453    12.2   -16.1   -13.4
566.113   -26.1   -11.1   -11.7
567.773   -28.6   -27.2   -34.8
569.434   -28.7   -28.0   -34.1
571.094    -9.5   -12.4    -5.0
572.754     1.7    23.3     0.4
574.414    20.4    -5.2    -2.0
576.074    19.8    -8.5     7.9
577.734   -33.2   -24.2   -30.9
579.395   -27.9   -26.8   -15.3
581.055     1.8    17.1    -4.3
582.715     1.6    16.2    -4.4
584.375    17.7    15.9    -3.3
586.035    23.4     0.9    12.6
587.695    -8.9   -11.8    -7.5
589.355   -38.3   -40.7   -33.9
591.016   -27.2   -28.0   -11.9
592.676    -8.6     6.1    -4.6
594.336    19.2    16.8    -6.1
595.996    20.2    18.9     0.1
597.656    -7.1    -9.3    -3.8
599.316   -32.6   -37.9   -30.3
600.977   -27.4   -35.6   -14.5
602.637    -9.7     7.1    -0.4
604.297    17.1    20.7    -0.3
605.957    23.1    17.4     8.9
607.617    10.5     0.3    10.1
609.277   -32.7   -45.9   -37.3
610.938   -30.6   -42.0   -27.5
612.598    -5.0     5.4     4.7
614.258    19.8    19.2    -9.8
615.918    24.7    11.5     3.6
617.578    -0.9    -8.1    -4.9
619.238   -35.7   -40.0   -37.7
620.898   -22.5   -31.5    -1.6
622.559   -11.4    -5.0    13.8
624.219    12.2    20.2   -19.2
625.879    13.3    14.7    10.1
627.539    -3.7    -0.8    13.3
629.199   -30.3   -40.1   -40.0
630.859   -25.6   -35.1   -24.3
632.520   -10.7    -0.4    21.4
634.180    13.2    16.8   -23.5
635.840    18.6    14.6   -13.5
637.500   -13.2    -4.4    13.5
639.160   -24.3   -19.2   -19.8
640.820   -15.7   -27.8     4.7
642.480    -8.4    -0.4    26.0
644.141    -1.9    21.1     5.5
645.801    19.3     9.7   -16.4
647.461   -11.4    -3.5     6.7
649.121   -21.9   -10.3   -13.6
650.781    -9.7   -30.2    -2.3
652.441     0.7     4.4    18.0
654.102    -2.9    20.6    -4.0
655.762    13.0    -3.6   -13.3
657.422   -13.6   -11.4    -1.3
659.082   -33.5   -13.3   -15.5
660.742     1.6   -26.8    -2.9
662.402     6.0   -21.6    -2.6
664.062   -10.1    14.2    -5.6
665.723     1.3     0.0    -7.8
667.383    -3.2   -11.8    -0.6
669.043    -6.1   -13.2   -14.8
670.703   -18.7   -20.9   -14.1
672.363    -5.5     6.2     7.7
674.023    -9.1    -6.5   -14.9
675.684     0.0     0.6     8.3
677.344    -1.1    -1.8     8.1
679.004    -7.4   -21.5   -23.1
680.664   -15.2   -26.2   -24.5
682.324   -18.1     6.6    18.5
683.984   -13.1    -2.4   -10.8
685.645     4.9   -10.5   -24.4
687.305     3.5    14.3    21.8
688.965    -9.6   -17.5   -20.4
690.625    -7.6   -25.6   -25.0
692.285    -5.8     0.9     6.8
693.945   -23.4   -13.6   -31.3
695.605   -12.2    -8.6   -30.8
697.266    12.1     9.7    22.2
698.926    -0.8     7.2    -7.6
700.586    -3.5    -5.3   -30.3
702.246    -8.9   -17.3     3.4
703.906   -17.5    -9.9   -16.9
705.566   -17.8   -15.5   -14.3
707.227     3.6    -8.5    14.8
708.887     5.9     6.8    -7.0
710.547    -7.9    -6.0    -0.4
712.207   -18.5   -21.3   -14.8
713.867   -11.5    -0.5    -6.6
715.527   -11.5    -6.0   -22.8
717.188     2.7     4.6     0.4
718.848    -3.9    -4.1   -23.9
720.508    -7.4   -15.5     4.8
722.168    -7.7   -14.6    16.5
723.828    -8.9   -14.9   -29.3
725.488    -5.2   -10.8    -4.2
727.148   -10.9    13.4    -0.4
728.809    -7.2    -1.6   -15.1
730.469    -0.4   -11.6    10.0
732.129   -13.3    -5.9    -2.0
733.789    -5.9   -17.4   -14.5
735.449    -0.3    -6.0    -4.4
737.109   -13.5    13.2   -14.0
738.770   -15.4    -1.3   -17.2
740.430     7.0   -25.8     3.5
742.090    -3.1    -5.1    -2.4
743.750   -12.7   -14.6   -18.1
745.410    -3.0    -5.2     1.3
747.070    -8.9     9.8    -6.8
748.730    -7.2   -11.6   -13.3
750.391    -9.5   -14.1    -8.8
752.051     4.5   -10.4    -9.9
753.711    -5.9    -6.7   -16.0
755.371   -10.3    -0.2     2.7
757.031   -22.4    -4.2   -23.5
758.691   -18.5   -10.8   -28.7
760.352     5.3   -11.2    13.5
762.012     4.8   -10.9    20.3
763.672   -10.0   -18.2   -23.6
765.332   -15.2     7.5     2.3
766.992   -15.3     9.8     9.6
768.652    -3.4   -17.9   -18.7
770.312    -4.0   -15.1   -11.8
771.973     8.5     2.8    10.8
773.633     0.6   -15.7   -17.5
775.293    -1.9    -2.0     8.8
776.953   -33.4    -2.9   -24.9
778.613   -25.6   -19.4   -30.4
780.273     6.7   -13.9    13.3
781.934    12.2     4.2     2.8
783.594    -2.8    -4.5   -22.4
785.254    -7.2   -17.2   -16.6
786.914   -16.9    -0.1    10.8
788.574   -19.7   -10.6   -33.3
790.234     2.1    -7.5     3.8
791.895     2.7     6.4    10.8
793.555    -3.0    -0.5   -17.1
795.215   -10.3   -15.2    10.0
796.875    -6.3    -1.8    19.4
798.535   -10.7   -14.7   -41.1
800.195     0.1    -9.0   -12.0
801.855    -4.9     3.8    -2.4
803.516    -2.4   -17.3   -18.1
805.176     5.4    -6.5    20.5
806.836   -18.4   -18.1   -34.7
808.496   -13.4   -14.8   -34.6
810.156   -15.0    -3.3     6.2
811.816   -16.6    11.1    -5.2
813.477    -1.7   -16.6    -8.7
815.137     6.6    -6.9    15.0
816.797    -5.2    -7.3    -5.6
818.457   -14.4   -15.5   -26.1
820.117    -7.9     0.6    -0.8
821.777   -22.1    13.1    -6.4
823.438   -10.8    -2.8   -17.4
825.098    13.4   -16.2     1.7
826.758    -2.8    -8.1    -3.5
828.418    -4.7   -13.6   -15.9
830.078   -10.1    -2.8    -4.9
831.738   -15.9     4.8    -8.2
833.398    -9.5   -13.1    -8.2
835.059     6.5    -6.8     7.1
836.719    12.1    -0.8     6.0
838.379    -2.4   -17.9   -17.1
840.039   -19.4    -1.2    -9.0
841.699   -21.6     1.0   -20.0
843.359    -9.9    -6.4   -15.0
845.020     9.5    -0.6    11.3
846.680    -1.4   -20.5   -15.5
848.340     1.4   -19.2   -13.8
850.000   -19.0     4.8    -2.2
851.660   -23.2    -7.4   -22.2
853.320   -17.6   -15.4   -25.3
854.980     6.3     2.6    15.1
856.641     2.8     2.6    16.1
858.301     4.3   -22.1   -20.6
859.961    -6.0    -2.9     2.1
861.621   -30.2    -2.9   -23.1
863.281   -26.2    -2.3   -23.3
864.941    13.3    -4.7    16.0
866.602    -6.2   -11.5   -12.6
868.262    -5.5   -12.8   -14.2
869.922    -7.0    -2.5     8.8
871.582   -11.8    -4.8   -10.4
873.242    -8.4     3.5     1.0
874.902     0.4    -1.9    19.6
876.562    -2.1   -19.3   -30.4
878.223    -6.5    -8.7     3.9
879.883    -8.4    -3.1    18.3
881.543    -9.4     0.8   -32.2
883.203    -1.1    -3.2    19.2
884.863    -3.9    -7.9    11.8
886.523    -5.0   -15.8   -14.0
888.184    -6.2   -11.8     7.7
889.844   -15.0     7.5     2.3
891.504    -1.8     1.9   -15.5
893.164     1.7    -4.2   -11.0
894.824     0.4     0.4    12.6
896.484   -11.5   -25.0   -26.9
898.145    -6.5   -10.7     3.0
899.805   -14.9    18.8    -5.6
901.465     2.4     9.6   -11.2
903.125    12.2    -4.1    -1.0
904.785     1.8    -4.3    -1.8
906.445   -22.3   -30.9   -23.2
908.105   -15.8   -33.7   -11.8
909.766    -9.1     5.9     1.3
911.426    -8.4    13.0   -17.9
913.086     5.6     1.2    -2.3
914.746    -3.0    -9.7    -4.7
916.406   -12.9   -25.8   -20.3
918.066   -13.7    -7.6     1.8
919.727   -10.9     8.1   -11.8
921.387    -1.2     6.9   -20.0
923.047     4.0     9.8     4.5
924.707     2.7     0.1    15.0
926.367   -10.5   -36.5   -29.2
928.027   -16.5    -7.5     8.1
929.688   -18.1    -1.7    10.1
931.348     7.0     5.4   -13.7
933.008     9.4    13.4    24.6
934.668     8.1     9.8    22.3
936.328   -14.1   -38.1   -33.4
937.988   -11.9   -10.8    16.1
939.648   -20.6     6.5    13.7
941.309   -19.3     5.0   -29.5
942.969    14.8     3.9    22.4
944.629    -2.3    -3.2    -4.0
946.289   -12.2   -27.3   -31.3
947.949    -1.8    -7.2    15.4
949.609    -7.6    -3.4    12.8
951.270    -0.8    -8.8     1.9
952.930     7.9    -4.2     5.8
954.590     7.8    -1.4    -1.5
956.250    -2.4   -15.4    -4.5
957.910    -1.5   -13.8    10.8
959.570   -17.8     0.8   -27.3
961.230   -11.9    -5.4   -11.9
962.891     0.5    -0.5     1.0
964.551    -7.2   -11.8   -21.3
966.211    -3.0   -18.1    -4.5
967.871    -3.2    -7.4    17.6
969.531    -9.8     1.8   -11.4
971.191    -9.5   -13.9   -10.2
972.852    -9.7    -0.3     9.5
974.512    -7.4    -6.0   -18.9
976.172    10.3   -17.6     4.8
977.832   -12.1     5.7    -8.2
979.492   -14.9     4.2   -17.6
981.152    -7.2   -18.8   -15.8
982.812    -8.2    -1.7    -3.4
984.473    -9.1   -10.7   -13.8
986.133     0.5   -18.9    -7.7
987.793    -5.9     6.0    -3.1
989.453   -13.2    -4.2    -8.1
991.113    -0.1   -12.3    -7.0
992.773    -6.1    -4.8   -14.1
994.434   -11.6   -12.9    -6.7
996.094    -5.8   -11.5     5.5
997.754     7.7    -2.3     1.1
999.414    -8.8    -6.1   -12.2
1001.074    -6.7     1.3     5.1
1002.734   -15.9    -7.6   -23.4
1004.395    -3.5   -15.0    -9.5
1006.055     1.4     0.4    11.7
1007.715    -3.3     1.7    -8.1
1009.375    -4.3    -6.0   -21.3
1011.035    -5.3     4.5    11.3
1012.695   -13.5    -7.3   -15.4
1014.355    -7.8   -19.4   -14.0
1016.016    -4.5     2.8     9.9
1017.676   -13.9    -9.5   -21.6
1019.336     9.6    -5.4     2.6
1020.996     3.9     4.2    11.1
1022.656   -16.2    -6.7   -18.0
1024.316   -13.5   -19.7   -11.7
1025.977    -9.3    -1.2    -7.3
1027.637   -11.9    -2.4   -20.6
1029.297    -4.3   -10.8   -12.7
1030.957    -6.4     2.1     2.2
1032.617    -9.8   -19.2   -21.7
1034.277    -8.2   -19.9    -9.2
1035.938    -5.2    -8.7    18.9
1037.598   -12.1    -1.9   -30.4
1039.258    -5.6    -2.3   -29.8
1040.918     5.7    -2.8    18.0
1042.578    -3.5   -13.2   -22.3
1044.238    -2.9    -7.0     5.7
1045.898   -10.8     4.5    15.4
1047.559   -12.4    -2.8   -33.8
1049.219     2.8    -5.8     2.2
1050.879     1.9     5.7    20.1
1052.539   -10.3    -3.1     4.7
1054.199    -6.9    -4.6     7.6
1055.859   -11.5    -3.6     7.1
1057.520   -11.5    -0.5   -22.6
1059.180     2.6   -10.2     8.8
1060.840     4.7    -9.6    10.1
1062.500   -13.5    -6.6   -14.1
1064.160     1.1   -20.4    -5.6
1065.820   -17.5    11.6    -8.2
1067.480   -19.1     3.9   -14.0
1069.141     2.6   -12.8    -3.7
1070.801     4.8    -9.3    -3.1
1072.461    -5.9   -13.1   -13.8
1074.121    -7.9   -19.2    -4.2
1075.781    -3.1    14.9    -2.8
1077.441    -3.6    11.2    -8.9
1079.102    11.1     3.2     9.9
1080.762    -4.3    -9.3    -2.8
1082.422   -12.1   -27.6   -22.7
1084.082   -16.4   -11.0    -9.3
1085.742    -7.3    17.2    -0.5
1087.402    -3.4    -7.4   -21.5
1089.062     0.0    -2.9    -1.7
1090.723    -4.1    -8.2     6.3
1092.383    -9.4   -37.7   -21.9
1094.043    -4.2   -27.9   -28.9
1095.703   -10.9    15.8     2.0
1097.363    -4.7     0.6   -16.9
1099.023     8.7     3.1   -10.5
1100.684     4.0     6.0    18.8
1102.344    -2.7   -20.0    -5.4
1104.004     0.0   -19.6   -15.5
1105.664   -10.3    14.0   -24.9
1107.324    -6.1     5.7   -17.1
1108.984     8.8    15.7    -4.4
1110.645    -2.1   -14.7    -4.6
1112.305   -14.4   -29.5   -16.9
1113.965    -9.5   -21.6     0.7
1115.625    -8.5    -5.5   -17.0
1117.285    -1.9    20.8   -23.8
1118.945    -1.1    -7.2    10.7
1120.605     0.8    -7.6    12.2
1122.266   -16.7   -26.9   -33.5
1123.926   -10.0   -17.8     6.9
1125.586   -10.6    -6.2   -24.7
1127.246    -1.5    18.6    -4.3
1128.906     0.9    17.3    24.9
1130.566    -8.3    -7.4     5.2
1132.227   -11.3   -37.4   -36.7
1133.887    -7.5   -23.5    11.7
1135.547   -15.5     2.4    -6.3
1137.207     3.8     7.3    -3.9
1138.867     1.6    10.4    18.2
1140.527   -14.6    -3.4   -14.4
1142.188    -2.2   -38.3   -12.2
1143.848    -5.1   -24.5     6.2
1145.508   -12.2    17.5   -13.0
1147.168    -0.4     6.1   -10.4
1148.828    -0.4     9.6     4.5
1150.488   -20.7   -15.3    -8.9
1152.148    -9.7   -39.9    -8.1
1153.809     0.0   -13.3    -6.9
1155.469    -2.6     9.5   -19.3
1157.129   -12.7     7.0    -1.7
1158.789    -3.3     6.4     8.8
1160.449   -14.9   -23.9   -19.2
1162.109    -8.7   -29.0    -3.0
1163.770    -3.8   -15.4     4.7
1165.430    -1.8     0.3   -20.2
1167.090    -7.6    14.0     0.6
1168.750    -8.1    -5.4    -5.1
1170.410    -6.1   -21.8   -20.2
1172.070    -5.8   -25.5    -4.0
1173.730   -11.0    -6.2   -20.9
1175.391    -8.2    -6.6   -30.9
1177.051    -8.2    15.8    14.0
1178.711   -15.9   -10.1   -23.6
1180.371    -9.3   -26.4   -28.2
1182.031     4.4   -13.7    20.7
1183.691    -5.5     0.2   -10.9
1185.352    -9.2    -1.5   -30.5
1187.012    -3.1     2.1     9.7
1188.672   -17.7    -6.5   -14.5
1190.332   -10.8   -23.4   -30.6
1191.992     5.1   -23.9    -4.6
1193.652    -0.3     9.3     5.2
1195.312   -10.9     9.4   -19.1
1196.973    -2.7   -14.7     1.5
1198.633   -13.8    -4.4   -34.8
1200.293   -10.7   -12.7   -31.5
1201.953     2.9   -10.2    19.2
1203.613    -3.1    -2.8     0.9
1205.273   -11.4     1.4   -22.9
1206.934    -7.1   -11.6     1.1
1208.594    -4.6     3.1     3.3
1210.254   -10.5   -19.3   -25.6
1211.914    -0.9    -4.5    12.7
1213.574   -10.0     1.4    -7.9
1215.234    -5.9    -0.9   -23.8
1216.895     1.8    -6.9     2.9
1218.555   -13.2    -4.2    -7.0
1220.215    -8.0   -26.0   -23.8
1221.875     6.1    -3.1     3.6
1223.535   -10.6    12.1    -6.2
1225.195     0.7   -13.4    -9.7
1226.855     3.5    -0.3    11.5
1228.516   -18.0    -2.2   -11.5
1230.176    -0.8   -17.1    -4.7
1231.836     3.9    -9.1    -6.3
1233.496   -22.4    -2.9    -9.6
1235.156   -15.4   -11.6    -6.2
1236.816    -1.3     0.8     2.1
1238.477    -2.0     9.3   -12.7
1240.137   -11.4   -13.1   -10.7
1241.797    -8.3    -9.2   -13.3
1243.457   -13.3   -11.1   -20.3
1245.117   -10.1    -5.6   -17.6
1246.777    -6.5     7.2     6.7
1248.438    -1.9    -8.3    -9.8
1250.098     7.2   -15.8    -0.7
1251.758    -5.9   -10.7    -3.1
1253.418   -15.0    -8.8   -15.7
1255.078   -23.2   -23.6   -27.3
1256.738    -8.7    15.2    12.0
1258.398    -9.7     9.9     7.9
1260.059    10.4   -17.4    -8.8
1261.719    -1.8   -10.9     1.0
1263.379   -20.9   -15.5   -16.0
1265.039   -18.6   -12.9   -13.5
1266.699    -4.3    11.1     3.3
1268.359     0.0    21.7     9.0
1270.020    -0.6    -2.0   -14.2
1271.680    12.4   -12.2     2.8
1273.340   -17.6   -19.3   -24.8
1275.000   -21.8    -7.1   -16.1
1276.660   -14.1     7.9     0.8
1278.320    -7.2     2.2    -9.3
1279.980     8.7    -5.2   -20.8
1281.641    15.2    -5.2    14.1
1283.301   -13.4   -21.4   -27.2
1284.961   -27.1   -23.1   -42.7
1286.621    -6.9     5.1     1.5
1288.281     5.0    -1.7   -24.2
1289.941    13.7    -7.5   -24.6
1291.602    15.0    -5.9    29.9
1293.262    -9.1   -13.7   -13.7
1294.922   -26.9   -10.5    -3.7
1296.582   -19.0     1.2    13.5
1298.242   -19.9    13.1     3.3
1299.902    31.7    -8.0     2.6
1301.562    22.4     0.2    21.0
1303.223   -26.2    -8.1   -29.2
1304.883   -23.0   -21.6   -29.6
1306.543   -16.4   -16.9    -7.0
1308.203   -17.7    -0.1   -22.0
1309.863   -13.7    -1.1   -16.3
1311.523    23.6    -8.7    10.1
1313.184    -8.6     3.1   -11.4
1314.844   -30.6   -22.1   -22.1
1316.504   -23.2   -21.8    -8.0
1318.164    -7.7    -8.1   -14.2
1319.824    10.3    -9.3    -6.6
1321.484    16.3     4.3     5.1
1323.145   -10.8     6.9   -13.2
1324.805   -30.3   -20.5   -21.0
1326.465   -23.3   -17.9     0.9
1328.125    -5.7   -14.2    -1.6
1329.785    16.9    -8.7   -11.1
1331.445     0.5    12.2    10.9
1333.105   -20.8   -18.3   -28.6
1334.766   -21.8   -17.9   -25.6
1336.426   -22.7    -7.6     4.0
1338.086     6.4   -20.3   -16.5
1339.746    13.6    14.3    15.4
1341.406    16.0    13.4    13.1
1343.066   -24.6    -6.7   -21.3
1344.727   -28.8   -28.2   -29.1
1346.387   -20.7   -16.7    -6.4
1348.047    -0.4    -6.2    16.0
1349.707    27.4    -1.1    -3.0
1351.367     8.1     9.5    16.3
1353.027   -40.7    -4.7   -41.2
1354.688   -34.1   -27.7   -13.9
1356.348    17.0     3.9    23.1
1358.008    25.5     8.2    -0.3
1359.668    19.0    -1.9     5.1
1361.328    -3.8    -5.1     5.2
1362.988   -45.0    -9.9   -46.9
1364.648   -46.1   -21.6   -30.9
1366.309     1.5   -20.4    18.2
1367.969    33.4    18.4    -3.3
1369.629    32.9    18.3    -4.2
1371.289     7.6     0.5    12.3
1372.949   -39.1   -13.3   -36.1
1374.609   -34.9   -23.9   -24.4
1376.270    -3.9    -9.2    18.8
1377.930    17.8     3.5     8.9
1379.590    30.5    -2.7    -0.4
1381.250    16.0     3.8    15.7
1382.910   -46.9   -26.6   -41.9
1384.570   -40.0   -40.7   -29.2
1386.230   -14.7   -24.8     0.5
1387.891    10.7    15.7     4.4
1389.551    25.6    -2.2     4.6
1391.211    -4.8    10.8    -1.5
1392.871   -49.0   -23.5   -32.3
1394.531   -17.1   -35.5   -14.0
1396.191     7.1    10.2    16.3
1397.852    12.3    23.6     5.0
1399.512     8.2     0.0     4.9
1401.172   -21.5   -12.8   -19.7
1402.832   -34.1   -21.4   -26.7
1404.492    -2.7   -19.2    -0.1
1406.152     8.7     3.0     5.7
1407.812     0.7     6.9   -10.3
1409.473    -1.1     0.4    -1.6
1411.133   -13.7    -9.5    -7.5
1412.793   -17.1   -28.9   -26.5
1414.453     4.8    -1.2     7.5
1416.113     5.9     8.8     7.7
1417.773    -7.5    -5.6   -17.7
1419.434    -9.0    -3.3     1.0
1421.094   -19.4    -2.7     9.6
1422.754   -15.9   -23.1   -33.7
1424.414    14.4    -8.4    13.1
1426.074     0.6    12.4     7.2
1427.734   -15.4   -10.9   -26.1
1429.395   -16.3   -16.9   -18.8
1431.055   -15.8   -11.0     5.9
1432.715   -22.8   -15.6   -23.1
1434.375    26.7     1.6    20.7
1436.035    24.5    13.6    32.8
1437.695   -15.1    -4.0   -31.9
1439.355   -24.0   -26.0   -11.0
1441.016   -19.1   -11.8    -0.7
1442.676    -5.8    -8.7   -26.4
1444.336    -0.3    -7.2   -22.2
1445.996    17.8    16.8    13.3
1447.656   -11.9    -5.8   -31.4
1449.316   -21.8   -20.1     2.8
1450.977   -19.4   -11.1     0.2
1452.637    -8.0    -7.5   -31.8
1454.297    24.4    13.4    30.7
1455.957    -1.2     1.5   -12.0
1457.617   -10.9   -16.7   -31.1
1459.277   -18.4   -21.5     1.7
1460.938   -23.7    -2.3    -6.4
1462.598   -29.2    -6.1   -25.6
1464.258    19.2    -2.5     0.7
1465.918     9.5    12.0    15.2
1467.578   -17.4   -29.2   -30.3
1469.238   -17.5   -11.0     0.9
1470.898   -21.5     0.1    -6.9
1472.559   -17.7     1.6   -21.7
1474.219     6.9    -7.8     4.6
1475.879     4.3    13.4     1.8
1477.539    -8.5   -14.7   -10.2
1479.199    -6.0   -25.5    -9.7
1480.859   -15.1     5.6   -12.8
1482.520   -11.3    -5.4   -13.7
1484.180     4.6     1.7     2.6
1485.840    -3.5    -4.5    -3.0
1487.500    -6.8   -11.7    -6.4
1489.160     2.1    -4.1    -4.0
1490.820    -4.6    -1.5   -14.9
1492.480   -11.8   -14.7   -14.3
1494.141    -7.4     4.8     5.4
1495.801    -6.0   -13.5   -12.6
1497.461     5.1   -15.1    -8.5
1499.121    18.3    -3.5    -2.1
1500.781   -15.1    -0.9   -10.2
1502.441   -17.1   -20.9   -24.1
1504.102   -16.3   -11.4    -5.4
1505.762   -15.5     1.6     8.9
1507.422    13.8    -6.8   -10.4
1509.082     4.3     8.9    12.7
1510.742    -8.4     2.2     6.9
1512.402   -16.5    -9.0   -13.6
1514.062   -14.2   -12.0     2.0
1515.723   -15.3    -9.3    -1.7
1517.383    14.4     0.8    -2.9
1519.043    18.5     5.3     6.8
1520.703    -9.1   -11.7   -14.1
1522.363   -27.9   -20.3   -35.1
1524.023   -18.6   -15.1     1.7
1525.684   -10.8    -6.1   -12.5
1527.344     4.4     2.7   -19.2
1529.004    17.6    10.3    18.5
1530.664   -16.8   -19.6   -41.3
1532.324   -25.0   -26.1   -33.4
1533.984   -24.4   -14.6    18.3
1535.645   -16.3    -8.3     1.4
1537.305    -4.4    -0.3   -22.7
1538.965    17.8    12.4    22.4
1540.625    11.8     7.8    22.8
1542.285   -23.0   -32.1   -35.5
1543.945   -26.3   -35.0   -25.0
1545.605   -25.1   -12.6     9.1
1547.266     7.9    13.4   -14.0
1548.926    13.8    10.7   -11.5
1550.586    10.7    -0.3    10.7
1552.246   -24.7   -16.2   -26.2
1553.906   -20.3   -37.9   -12.6
1555.566   -14.1     3.7     7.0
1557.227    -6.4    22.5    -6.7
1558.887    12.9     8.8    -6.3
1560.547    23.7    -0.1     6.6
1562.207   -14.3    -7.1   -13.8
1563.867   -28.7   -19.2   -29.0
1565.527   -11.4   -14.2     3.2
1567.188    -3.9    14.7    -0.5
1568.848    12.2    10.4    -3.9
1570.508    -0.2    -8.1    -7.2
1572.168    -8.2   -16.0   -15.5
1573.828   -28.9   -32.4   -27.3
1575.488   -24.5   -14.9    -3.5
1577.148    -5.7     6.0     0.4
1578.809     5.2     7.6   -11.2
1580.469    12.6    10.7    10.8
1582.129    -2.1    -7.3     0.9
1583.789   -25.2   -39.7   -36.5
1585.449   -25.0   -27.7   -28.7
1587.109    -4.0    15.0     5.5
1588.770    12.8     4.3   -21.6
1590.430    21.3     5.5     4.4
1592.090    -3.7    -7.1    12.0
1593.750   -29.2   -33.0   -26.0
1595.410   -28.9   -38.2   -43.2
1597.070    -7.3    18.2    13.1
1598.730    12.3     1.1   -15.1
1600.391    20.9    -1.8     3.3
1602.051    18.6    -5.1    19.0
1603.711   -32.1   -20.8   -45.9
1605.371   -15.3   -25.2    -0.3
1607.031    -7.9    -2.4    18.9
1608.691     3.5    14.9   -16.3
1610.352    19.6    -1.4    16.5
1612.012    14.1    -5.3    12.7
1613.672   -27.6   -17.3   -37.8
1615.332   -32.5   -24.0   -14.4
1616.992   -18.6     0.1    -5.2
1618.652    11.6    15.3   -18.9
1620.312    22.0     6.2     1.4
1621.973    15.5     0.3    13.5
1623.633   -25.5   -26.0   -38.4
1625.293   -32.0   -30.0   -23.8
1626.953   -16.2    -4.2     1.4
1628.613     1.5     3.3   -19.3
1630.273    18.7     3.7    -5.9
1631.934     5.6    11.5    12.9
1633.594   -16.3   -12.5   -23.9
1635.254   -23.5   -37.9   -20.4
1636.914   -25.5   -24.9    -5.0
1638.574     1.7    -3.2   -12.0
1640.234    22.9    -3.1     3.5
1641.895    24.9    11.4    15.8
1643.555   -19.9    -4.4   -17.1
1645.215   -26.2   -37.5   -16.4
1646.875   -20.0   -25.3    -3.5
1648.535    -9.4     4.5    -8.5
1650.195    -4.7     2.4    -7.1
1651.855    21.8    14.9    11.4
1653.516   -23.5   -18.7   -23.3
1655.176   -25.5   -34.9   -10.3
1656.836   -21.3   -35.8    -9.8
1658.496    -7.1    -5.8    -9.8
1660.156     1.0     3.8    -8.5
1661.816    14.0     9.5    12.2
1663.477    -4.8    -1.1   -12.2
1665.137   -20.5   -15.7   -25.8
1666.797   -11.8   -11.8     2.8
1668.457   -10.2    -9.5    -7.1
1670.117    -7.8    -8.5   -15.4
1671.777    13.1    10.2    13.9
1673.438    -6.0     1.5   -11.1
1675.098   -20.7   -25.8   -33.6
1676.758    -8.1   -12.4    11.8
1678.418    -9.6    -3.9     2.6
1680.078    16.9    -2.9     0.3
1681.738    18.2    -2.3     1.0
1683.398    -5.2    10.7    -4.1
1685.059   -30.6   -27.2   -38.9
1686.719   -10.4   -27.7     2.2
1688.379     4.8     0.7     1.4
1690.039    12.8     3.7    -8.2
1691.699     8.5    11.3    19.2
1693.359   -27.9   -16.9   -28.9
1695.020   -22.4   -27.4   -23.1
1696.680   -10.1   -16.0     6.3
1698.340     0.8    -5.0    21.7

Event #79  ts=2026-09-11 12:11:26.302  [SELECTED]
  t[ns]  u1[mV]  u2[mV]  u3[mV]
  0.000   -16.7    -1.7   -23.9
  1.660   -40.4   -20.9    11.5
  3.320   -39.8   -21.1    -4.7
  4.980    -0.7    -5.6   -30.9
  6.641    23.0    10.3    15.9
  8.301     3.6     0.5   -18.7
  9.961    -7.8   -30.9   -37.2
 11.621   -24.9   -32.6    -8.1
 13.281   -34.0    -5.0   -13.4
 14.941    -3.3    -4.2   -18.5
 16.602    24.0    12.3    22.8
 18.262     0.5    17.3     0.8
 19.922   -18.7   -29.5   -24.9
 21.582   -20.2   -32.9    -2.9
 23.242   -26.4   -15.3    -9.1
 24.902     4.7    10.7    -1.9
 26.562    20.8    12.8     5.3
 28.223     0.8    -2.5   -14.8
 29.883   -17.5   -32.3   -10.0
 31.543   -15.6   -24.9     2.5
 33.203    -4.6    -0.3   -17.1
 34.863     3.8     8.1     3.9
 36.523     8.6    15.6    11.5
 38.184    -6.7    -5.0   -21.9
 39.844   -18.9   -25.6   -15.8
 41.504   -16.8   -15.3     1.8
 43.164   -12.5   -12.4   -18.3
 44.824     6.4     0.7    -3.4
 46.484     7.9    17.9    13.2
 48.145    -6.8     7.6    -5.4
 49.805    -7.4   -31.3   -19.3
 51.465   -19.2    -4.2     3.9
 53.125   -13.7    -6.0   -10.5
 54.785     1.3   -12.2   -10.9
 56.445     7.0    -4.1     2.4
 58.105    -6.5    18.2    -4.0
 59.766    -2.6   -28.1    -8.5
 61.426    -4.6   -28.5    -4.9
 63.086   -21.2    -7.9   -20.6
 64.746     3.5    -2.3     5.1
 66.406     9.8     7.6     5.3
 68.066   -16.4    -1.9   -22.7
 69.727   -16.3    -0.5   -20.2
 71.387    -5.8   -20.0    -5.9
 73.047   -11.0   -16.4   -21.1
 74.707     4.9     1.9    15.4
 76.367     1.1    14.2     8.0
 78.027    -9.6     1.1   -27.7
 79.688   -11.2   -10.1     9.1
 81.348    -9.8   -16.1    -9.6
 83.008    -4.5   -20.6   -29.3
 84.668     2.6    -4.7     7.8
 86.328    -6.8    13.7    11.2
 87.988   -12.1    14.8    -9.4
 89.648   -11.4   -13.2   -22.0
 91.309   -12.3    -7.9     8.1
 92.969     0.0   -20.2   -15.5
 94.629     6.0     4.8    12.9
 96.289    -3.1    17.0    12.6
 97.949   -20.2    10.6   -19.8
 99.609     0.1   -17.3    -3.1
101.270    -9.0   -16.3    -4.1
102.930   -10.1   -20.3   -24.5
104.590     5.3    -2.8    12.8
106.250    -5.9    10.5    -4.4
107.910   -16.1   -10.5   -27.7
109.570     0.3   -15.1    16.8
111.230     0.5   -14.0    11.3
112.891   -10.4   -16.5   -28.8
114.551     2.1     6.9    15.5
116.211    -7.9    11.2    -8.7
117.871   -15.2   -11.2   -20.6
119.531    -2.3   -14.4    14.8
121.191    -3.4   -18.9   -15.8
122.852    -1.6   -16.9   -22.0
124.512     5.5    -6.5    -1.8
126.172   -15.0     8.4   -13.8
127.832   -17.7   -16.1   -30.4
129.492    -8.5   -23.7     1.0
131.152    -5.4   -11.4    11.0
132.812     3.1    -9.7    -9.5
134.473    -4.1    17.7     5.0
136.133    -9.9    18.2     3.1
137.793   -20.1     9.3   -16.2
139.453     2.0   -24.4     3.5
141.113     4.0   -22.5     9.2
142.773    -0.1    -5.9    -5.8
144.434    -0.4    -3.9    -4.0
146.094    -9.8     9.8    -3.6
147.754   -17.9   -20.6   -24.7
149.414    -1.4   -16.5    10.7
151.074     2.2    -8.4     4.3
152.734    -0.1    -8.8   -18.6
154.395    -0.5    -0.2    -4.0
156.055   -17.8    -4.2   -19.2
157.715   -17.3   -21.4   -33.4
159.375    -6.3   -25.5     0.9
161.035     0.1   -10.9    22.0
162.695     1.1    -7.2     1.4
164.355    -1.4    10.3    -2.8
166.016    -6.6    14.7     4.8
167.676   -19.4   -18.0   -25.8
169.336   -11.0   -33.4   -31.6
170.996    -6.2   -23.9     2.6
172.656    -1.3    -1.8   -16.2
174.316    -0.8     0.7   -21.3
175.977   -11.0     8.0     7.7
177.637   -23.1    -0.6    -5.6
179.297    -9.8   -29.6   -21.3
180.957     1.3   -20.8     4.6
182.617    -1.1    -3.4    -4.9
184.277    -9.1    10.5   -14.7
185.938     0.0     7.2   -10.6
187.598   -12.0    -2.4    -9.8
189.258   -16.5    -7.7   -15.4
190.918    -2.9   -23.8     3.9
192.578     1.7   -14.3    -2.7
194.238     0.2    10.9   -14.5
195.898    -8.0     2.4    -1.7
197.559    -9.1    -4.1   -12.6
199.219   -12.4   -24.9   -18.4
200.879    -9.5   -24.3     1.2
202.539    -6.6   -13.4    -3.1
204.199    -7.8    -6.2   -15.1
205.859    -5.3     9.6     3.9
207.520    -6.7    10.4     2.0
209.180    -2.2   -21.6   -18.5
210.840    -1.4   -29.7    -7.5
212.500   -11.6    -6.4    -8.3
214.160   -26.8    -8.0   -28.1
215.820   -32.1   -23.5   -24.2
217.480   -75.7   -44.7   -32.0
219.141  -109.6   -73.4   -68.7
220.801  -137.1  -121.2  -104.7
222.461  -114.0  -122.4   -87.5
224.121   -96.2   -99.8  -115.6
225.781   -74.8   -82.3   -96.9
227.441   -66.9   -55.9   -67.0
229.102   -40.5   -49.3   -54.9
230.762   -20.8   -57.5   -42.9
232.422   -22.7   -48.4   -30.9
234.082   -43.4   -26.1   -52.0
235.742   -33.7   -12.5   -28.3
237.402   -12.4    -4.7   -10.8
239.062     5.3   -12.8   -40.4
240.723     5.9   -13.5    -9.0
242.383   -16.1   -25.4     0.9
244.043   -36.3   -32.5   -53.9
245.703   -40.1   -27.6   -44.2
247.363    -6.3     8.4    15.7
249.023    14.5    -3.3   -25.5
250.684    11.1    -8.3   -17.3
252.344   -16.0   -10.1    13.4
254.004   -36.0   -32.4   -40.6
255.664   -33.5   -39.6   -50.6
257.324    -8.4     8.0    19.6
258.984     3.9    13.1   -16.4
260.645    18.0    -8.6    -8.6
262.305    16.3   -10.4     5.3
263.965   -42.1   -25.7   -38.7
265.625   -31.5   -36.6   -40.2
267.285    -8.9   -14.5     0.0
268.945     2.2    21.9    -8.3
270.605     8.7    -7.4   -11.3
272.266     3.7   -23.9     6.8
273.926   -30.5   -16.0   -17.3
275.586   -37.2   -21.5   -31.1
277.246    -4.7   -13.6    -0.1
278.906     0.3    17.7   -11.7
280.566    -0.5    -1.1   -10.8
282.227    -3.1    -7.7    -6.4
283.887   -13.9   -24.5    -5.2
285.547   -25.6   -26.9   -29.2
287.207   -21.3   -14.3    -7.0
288.867     4.8    17.3     7.2
290.527     7.1     8.0   -18.7
292.188   -14.2   -16.7     2.7
293.848   -20.1   -21.7    -5.0
295.508   -29.1   -29.6   -26.7
297.168   -10.1   -16.0    -6.8
298.828     2.7    29.8    15.5
300.488     4.9    10.4   -16.7
302.148    -2.1   -20.2    -2.9
303.809   -24.2   -22.2    -7.9
305.469   -15.8   -29.8   -22.9
307.129   -11.9   -27.4   -18.5
308.789     8.4    21.2    16.2
310.449    -0.9    21.0    -9.6
312.109    -6.6   -19.8    -7.6
313.770   -15.2   -23.9    -9.1
315.430   -27.7   -31.1   -28.1
317.090    -2.3   -15.1     2.8
318.750     9.1    28.7     2.3
320.410    -5.9     6.5   -13.6
322.070    -5.1   -12.9    -1.9
323.730    -4.3   -22.1    -4.7
325.391   -22.2   -37.4   -28.3
327.051    -9.7    -6.5     2.8
328.711     2.3    29.1    -6.3
330.371    -2.8    10.0   -21.3
332.031    -7.2   -11.9     8.1
333.691    -7.6   -11.5     5.6
335.352   -16.4   -38.6   -27.6
337.012   -12.2   -41.0   -26.6
338.672    -9.0     7.1     4.9
340.332   -11.2    20.6   -12.4
341.992    -1.0    -4.8   -15.9
343.652     5.0    -9.9    10.4
345.312    -8.1   -27.2    -6.5
346.973   -10.9   -37.3   -27.6
348.633   -17.9     8.1     3.3
350.293   -25.7    20.4   -17.7
351.953    -5.1     0.8   -14.5
353.613    14.1   -10.9    11.1
355.273    -3.6   -23.2   -19.1
356.934    -3.4   -26.9   -18.4
358.594   -16.8    -3.3    -4.0
360.254   -29.9     9.2   -30.3
361.914    -4.1    -0.7    -1.7
363.574     9.2     0.4    18.7
365.234     6.4   -18.0   -10.4
366.895    -9.1   -19.2    -2.2
368.555   -19.3    -4.7     2.8
370.215   -31.2    -3.4   -38.8
371.875    -3.5     2.7    11.1
373.535    15.1     0.9    17.2
375.195    15.2   -20.7   -14.2
376.855    12.6   -22.1    -9.1
378.516   -32.5    -2.5   -11.0
380.176   -43.9     1.8   -29.7
381.836   -12.0    -9.1   -15.6
383.496    16.3     7.7    21.6
385.156     3.4   -22.2   -17.6
386.816     4.0   -22.2   -17.0
388.477    -8.0   -22.1    -9.8
390.137   -35.7    -2.2    -9.9
391.797   -11.5   -14.1   -17.4
393.457    10.7     5.0     6.9
395.117     8.2    -5.0   -10.6
396.777    -0.2   -17.1   -13.9
398.438    -8.3   -22.3    -5.0
400.098   -27.5   -11.7    -3.9
401.758   -29.5   -18.0   -28.4
403.418     4.7     5.1    12.3
405.078    15.9    14.2    12.8
406.738    -3.2   -19.0   -22.8
408.398   -18.8   -16.8    -0.7
410.059   -28.3   -12.9     1.5
411.719   -12.9   -17.0   -31.0
413.379     4.7    15.2    19.3
415.039     7.0    14.4    19.5
416.699     3.6    -7.6   -22.7
418.359   -21.3   -13.0     7.8
420.020   -26.7    -6.7    10.1
421.680     1.1   -22.7   -29.2
423.340     1.6   -16.9   -25.5
425.000     2.2    16.7    -0.9
426.660   -10.8     6.1   -21.0
428.320   -12.1   -27.0   -34.8
429.980   -23.8    -8.5     1.0
431.641    -7.6    -7.4   -17.1
433.301    26.9    -5.6     9.3
434.961    19.3     6.1    20.4
436.621   -18.4    -6.5   -31.7
438.281   -24.2   -18.8   -27.0
439.941   -21.1   -26.3    -7.2
441.602    -4.7    -3.3    -3.4
443.262     9.6    -3.8     6.9
444.922    15.4     3.9     0.2
446.582   -27.5    -1.6   -25.3
448.242   -26.4    -1.8   -25.5
449.902   -20.6   -23.7    -8.7
451.562    10.6    -1.6    -2.6
453.223    22.5     4.5    21.7
454.883    13.7     4.5     9.4
456.543   -11.7    -6.2   -28.0
458.203   -26.9   -10.2    -7.7
459.863   -28.5   -12.2     1.4
461.523    -2.6   -13.9   -12.6
463.184    22.5   -11.1     7.8
464.844     1.8     8.1     3.4
466.504   -16.6   -18.0   -30.0
468.164   -16.7   -21.1   -33.2
469.824   -18.5    -4.0    -1.7
471.484    -9.9    -6.0   -14.0
473.145    -3.7   -17.2    -9.5
474.805    19.2    -3.0    15.3
476.465   -12.0    -6.2   -29.1
478.125   -13.8   -16.8   -19.7
479.785   -13.2    -3.2    -0.5
481.445   -11.9     2.3   -10.3
483.105    -1.5    -9.0    -5.7
484.766    11.1   -12.5    13.9
486.426     5.4    -6.0     4.4
488.086    -9.8   -10.8   -28.5
489.746   -15.7    -6.7    -8.9
491.406    -9.4    -5.2   -12.0
493.066    -3.0    -3.7     5.0
494.727    -1.0    -7.2    13.0
496.387     6.8    -6.7    12.3
498.047   -11.3   -18.6   -30.0
499.707   -11.5     2.8    15.1
501.367    -8.2     6.6    19.9
503.027   -11.0    -7.9   -32.6
504.688    -0.6   -12.5     4.9
506.348    -9.3    -9.0    15.2
508.008    -6.1   -13.0   -29.9
509.668     0.6    -8.0    -6.0
511.328    -1.2     2.2     8.2
512.988   -15.4     7.5   -10.4
514.648    -6.2   -27.8   -14.8
516.309     2.4   -14.8    16.0
517.969   -12.9    -4.0   -16.8
519.629    -2.3   -16.0   -18.2
521.289    -0.8    -0.8     9.1
522.949   -11.3     5.7     5.6
524.609   -10.2   -19.6   -22.0
526.270     1.8   -25.0    -1.2
527.930    -3.6    -2.6     2.7
529.590    -7.9    -1.7   -21.8
531.250     2.9    -9.0    -0.8
532.910    -6.4    -0.2    -0.6
534.570   -14.4   -12.7   -21.2
536.230    -2.9   -17.4     5.9
537.891     1.2   -13.7    15.6
539.551    -2.5    -6.3   -12.4
541.211    -9.2    -8.3   -11.5
542.871   -11.5     1.0     8.9
544.531   -12.9    -0.9    -2.0
546.191    -4.9   -19.7     0.5
547.852    -1.5    -5.0    17.6
549.512    -3.8    -0.4    -8.2
551.172    -0.4    -8.4   -19.3
552.832    -2.3    -2.0     4.8
554.492   -15.7     0.1     1.3
556.152   -19.4   -13.2   -27.5
557.812     5.7     2.2    13.7
559.473     4.1    12.7    -1.5
561.133    -7.3     0.3   -22.0
562.793   -10.7   -11.5    -5.9
564.453   -24.0    -7.0   -19.7
566.113   -19.7   -10.7   -20.1
567.773    12.2    -9.2     8.3
569.434     0.9    14.0     4.0
571.094    -8.8    -2.1   -23.6
572.754   -16.2   -21.5   -12.0
574.414   -19.3   -17.6    -7.4
576.074   -21.5   -13.0   -20.9
577.734    19.5     7.3    20.7
579.395    17.5    15.4    27.7
581.055    -2.4     4.3   -14.8
582.715    -8.7   -15.3   -29.5
584.375   -28.5   -10.3    -2.3
586.035   -26.8   -11.3    -5.3
587.695    -5.3   -13.8   -17.3
589.355    15.5    10.6    17.4
591.016    18.9    19.0    24.8
592.676    -4.2   -16.9   -29.2
594.336   -30.6   -23.1    -8.9
595.996   -38.8   -18.7    -6.9
597.656   -18.0   -14.3   -30.0
599.316    22.4    17.2    17.9
600.977    21.9    26.3    33.0
602.637     2.8     6.5    -4.6
604.297   -16.3   -32.4   -21.3
605.957   -31.3   -25.9    -6.7
607.617    -0.3    -0.3    -7.6
609.277    24.5    16.4    17.9
610.938    25.2    21.3    15.3
612.598    -5.7     1.3   -15.5
614.258   -12.5   -28.9    -4.6
615.918   -19.9   -37.4    -6.0
617.578   -12.9    -0.5   -16.3
619.238    11.5    23.3    19.5
620.898    14.7    22.8    22.8
622.559     6.5     4.1   -17.2
624.219    -8.3   -25.6    -7.4
625.879   -16.0   -27.0     3.3
627.539   -21.9   -22.0   -30.5
629.199     3.5    12.1    11.2
630.859     3.6    25.7    14.2
632.520     7.2    10.9   -13.3
634.180     6.1   -20.0   -16.1
635.840   -21.4   -19.1    -8.7
637.500   -23.1   -14.0   -23.4
639.160   -23.9   -15.7   -22.5
640.820    -7.5    -3.4    -7.8
642.480     2.4    21.1     0.5
644.141     2.2     8.7   -10.5
645.801     3.2   -28.4    -7.0
647.461    -9.1   -19.4    -1.3
649.121   -26.0   -16.5   -15.5
650.781    -2.4     2.0    -1.6
652.441     0.3    14.6     2.3
654.102    -0.5     6.0   -12.8
655.762     0.3   -12.9   -10.5
657.422     0.4   -18.4     4.3
659.082   -17.3   -18.2   -26.3
660.742   -19.8   -16.2   -25.4
662.402     2.9    13.6    16.0
664.062    -0.7     1.8   -12.9
665.723    -1.5   -12.1   -29.7
667.383    -8.0    -6.7    17.9
669.043    -7.4   -15.5    -3.0
670.703    -7.1   -26.0   -34.7
672.363    -9.9    -5.5    -6.9
674.023    -4.0    16.6    23.4
675.684     0.6   -10.6   -32.9
677.344    -2.8   -16.8   -27.6
679.004    -7.9    -9.3    17.7
680.664   -23.7   -22.3   -31.1
682.324     2.5   -12.0    -8.5
683.984     2.3     0.7    14.0
685.645    -2.1    19.6    -6.4
687.305     3.3   -13.7   -34.8
688.965   -23.3   -10.2    -2.8
690.625   -25.8    -9.1   -13.6
692.285    -7.1   -19.5   -22.5
693.945     9.8    -6.0    13.7
695.605     8.0    19.9     5.4
697.266    -3.7    -4.0   -22.4
698.926   -15.2   -28.4    -6.9
700.586   -25.7   -20.1    -6.8
702.246   -12.8    -9.9   -14.5
703.906     4.5   -10.5     1.9
705.566    21.0     4.1    13.2
707.227    -6.2     8.6   -17.8
708.887   -14.2   -13.1   -10.9
710.547   -18.6   -24.0   -16.3
712.207   -11.6   -15.0   -10.6
713.867    15.0    10.8    18.1
715.527    12.5    14.9     3.1
717.188     0.0     0.7   -22.5
718.848   -11.7    -9.0   -11.9
720.508   -32.5   -22.0   -18.8
722.168   -20.0   -34.1   -26.0
723.828     8.5    -3.9    12.2
725.488    15.2    22.0    21.0
727.148     4.3     9.4   -15.7
728.809    -5.7   -14.9   -17.3
730.469   -24.4   -10.8    -1.9
732.129   -33.6   -11.2    -6.2
733.789    16.8   -11.1     6.4
735.449    12.9    18.5     8.7
737.109    -1.7    17.1   -12.4
738.770   -15.1   -13.9   -16.9
740.430   -11.1   -15.6    -5.5
742.090   -21.8   -16.3   -23.4
743.750   -12.2   -18.9   -15.7
745.410    14.7     6.9    13.2
747.070    -5.8     4.7   -25.6
748.730   -11.6     2.4   -26.0
750.391   -17.9   -14.7    -9.5
752.051   -15.4   -13.0   -14.9
753.711    -5.4   -12.6   -10.6
755.371    10.3     7.5    18.6
757.031     7.3     3.8     3.4
758.691   -12.8    -7.2   -36.2
760.352   -23.7    -9.7    -1.1
762.012   -10.8   -12.9    -8.2
763.672     0.6   -14.7   -19.1
765.332    10.0    13.1    20.4
766.992    -6.6     3.9   -12.0
768.652   -14.6   -12.0   -30.9
770.312   -16.3   -22.9   -20.3
771.973   -21.4    -6.7     3.7
773.633   -16.7    -8.4   -15.1
775.293    22.6    -3.3    16.8
776.953     1.2     8.9     7.9
778.613   -16.2    -7.0   -28.7
780.273   -18.0   -20.6   -35.4
781.934   -11.6    -1.4     7.0
783.594   -15.1    -0.2   -16.7
785.254    18.3    -4.7    19.8
786.914    -2.2    -1.9    -8.5
788.574    -5.7    -1.9   -12.7
790.234   -13.6   -17.8    -5.7
791.895   -16.8    -3.7    -6.3
793.555   -16.6    -6.1   -19.1
795.215    11.3     0.6    17.7
796.875    -3.8    -6.2   -22.2
798.535    -8.4   -11.4   -28.0
800.195   -15.7    -8.8     5.5
801.855   -20.6    -6.3     2.7
803.516   -11.2    -5.9   -25.0
805.176    -0.7    -8.8   -14.2
806.836     9.5     1.1    18.4
808.496    -3.6    -4.0   -18.5
810.156    -5.5   -20.5   -21.2
811.816   -13.9    -0.5     6.0
813.477   -15.1    -9.1   -23.1
815.137   -14.5    -7.4   -22.9
816.797     7.6    -6.9     9.7
818.457    -6.1    -1.1   -13.3
820.117    -8.6   -13.3   -18.8
821.777    -3.7    -1.7     3.7
823.438   -27.0     2.9   -11.0
825.098   -20.7   -20.4   -24.1
826.758    -2.4   -19.3    -4.6
828.418    -0.5     0.4    -8.5
830.078    -1.2   -10.8   -15.8
831.738    -8.3    -7.0    -1.0
833.398   -14.0     1.9    -2.2
835.059   -15.4   -11.1   -32.8
836.719     3.5     1.4    15.0
838.379     1.3     3.4     4.7
840.039    -4.6   -12.9   -26.8
841.699    -4.2    -6.9   -20.1
843.359   -21.6    -1.6     5.3
845.020   -11.0   -25.1   -33.8
846.680     4.8    -1.3    17.7
848.340    -1.1     6.1    20.4
850.000     0.0    -6.7   -25.6
851.660    -2.3    -6.1   -11.9
853.320   -24.8    -9.2   -11.8
854.980    -6.2   -18.5   -27.2
856.641     5.8   -18.2   -12.5
858.301     5.6     8.1    14.5
859.961    -8.6    -4.5   -23.2
861.621   -10.8   -10.3   -14.9
863.281   -18.0   -14.7    -1.6
864.941   -20.4    -9.9   -20.9
866.602     8.4    -7.3    -2.6
868.262    19.2     2.4    12.9
869.922   -10.5     5.8   -17.7
871.582   -20.6   -26.3    -7.5
873.242   -18.0   -25.4   -10.4
874.902    -9.9    -6.5   -16.7
876.562    14.1     4.6    17.1
878.223    14.4     9.2    11.2
879.883    -6.2    -2.8   -23.8
881.543    -4.7    -4.6   -16.3
883.203   -28.3   -20.7   -14.3
884.863   -24.8   -18.6   -24.0
886.523    12.9    -1.5     7.9
888.184    20.1    20.5     6.3
889.844    -0.4     3.8   -11.9
891.504   -28.5   -29.4    -9.0
893.164   -32.3   -20.3   -23.4
894.824   -32.3   -20.6   -24.0
896.484     2.4   -11.8   -13.8
898.145    17.7    35.8    13.1
899.805     0.1     7.6   -15.8
901.465   -16.1   -20.8   -25.9
903.125   -25.9   -22.7    -6.6
904.785   -15.5    -7.4   -21.4
906.445    26.5    26.5    18.4
908.105    26.4    26.1    16.8
909.766    14.7    20.6     7.6
911.426   -16.7   -21.8   -25.5
913.086   -26.3   -34.8    -7.8
914.746   -22.9   -29.1   -12.9
916.406   -13.7    -7.5   -27.9
918.066     6.3    22.8    13.5
919.727     9.9    15.6    -2.5
921.387     3.5     7.1   -13.3
923.047   -22.5   -33.1    -0.1
924.707   -25.1   -30.9    -3.0
926.367    -6.1   -16.8   -32.5
928.027     9.8    23.8    13.5
929.688     6.7    25.7    10.0
931.348    -3.4    -4.3   -30.3
933.008   -12.5   -34.7   -21.8
934.668   -17.4   -16.6   -14.1
936.328   -17.0   -18.8   -27.1
937.988    14.5    14.7    12.4
939.648    -2.4    23.2    -5.4
941.309   -11.7   -21.9   -34.3
942.969    -9.9   -44.1   -11.6
944.629   -15.3   -23.2    12.4
946.289   -12.9    -3.0   -27.4
947.949     3.1    -2.5   -17.8
949.609     7.0    21.5    10.8
951.270   -14.5    -3.1   -22.6
952.930   -11.8   -35.3   -13.2
954.590   -11.1   -27.7    -0.2
956.250   -19.5    -5.9   -18.8
957.910    -3.7    -1.6    -8.2
959.570    10.4    15.5     3.9
961.230    -1.8    12.6   -14.6
962.891   -19.1   -23.3   -11.1
964.551   -17.1   -27.8     2.0
966.211    -7.2   -13.7   -20.4
967.871    -0.1    -2.3    -2.7
969.531     3.8    10.0    12.4
971.191    -6.0     2.0   -15.5
972.852   -12.6   -22.1   -13.0
974.512   -10.8   -17.6     3.4
976.172   -15.6   -19.5   -24.5
977.832     1.9   -10.3     2.1
979.492     9.4    13.5    16.9
981.152    -2.4     0.9   -21.2
982.812    -6.6   -11.2    -8.0
984.473   -18.1    -5.8     2.2
986.133    -7.0   -28.5   -20.0
987.793    -6.2   -26.9   -18.3
989.453     5.6    10.5    12.8
991.113    -7.3     8.6   -13.2
992.773    -6.9    -8.6   -21.4
994.434   -10.6   -12.3    -3.2
996.094   -24.4   -12.8   -21.4
997.754     2.9   -19.7     6.7
999.414    13.8     2.3    14.7
1001.074    -4.8    -3.1   -25.3
1002.734    -6.9    -5.4   -27.5
1004.395   -21.2   -13.0   -20.2
1006.055   -21.8   -14.7   -30.1
1007.715    -0.6   -11.8    10.3
1009.375    14.6     3.1    22.0
1011.035     4.5    -2.8   -23.0
1012.695    -5.1    -7.3   -12.7
1014.355   -27.2    -5.1    -8.4
1016.016   -28.3   -16.1   -28.4
1017.676     1.9   -16.3     1.4
1019.336     8.3    10.5    19.3
1020.996     9.3     6.2     6.6
1022.656    -6.3    -9.8   -13.5
1024.316   -20.8    -8.2    -3.7
1025.977   -30.3    -7.3   -16.3
1027.637    -7.8   -17.0   -13.7
1029.297    16.3     7.7    24.9
1030.957     2.2     2.6   -13.7
1032.617    -0.3    -8.1   -16.3
1034.277   -18.1   -15.0    -4.6
1035.938   -33.6   -15.4   -38.3
1037.598    11.4     0.7    21.1
1039.258     6.7     4.5   -14.1
1040.918     7.4     7.0    -3.5
1042.578   -10.3   -15.6    -2.3
1044.238   -30.6   -19.7   -29.0
1045.898   -20.2   -15.7   -15.8
1047.559    -9.4   -10.6    -0.7
1049.219    10.5     8.7    -6.3
1050.879     2.8    -0.6   -23.5
1052.539   -10.6   -15.2     4.0
1054.199   -20.0   -18.3   -23.4
1055.859    -7.6   -12.7    -4.3
1057.520    -2.1     3.4    16.6
1059.180     1.4     4.8   -13.3
1060.840     7.6   -12.1   -15.0
1062.500    -6.8   -12.4    -1.5
1064.160   -15.9    -6.6   -12.4
1065.820   -25.5   -24.8   -27.3
1067.480     2.9    -0.1     8.2
1069.141    -2.2    16.8     0.1
1070.801     2.9   -13.8   -10.1
1072.461     3.2   -14.2    -1.7
1074.121   -17.2   -16.9   -18.2
1075.781   -15.1   -19.2   -19.4
1077.441    -7.3    15.1     9.0
1079.102   -10.5     8.0   -16.6
1080.762   -11.5   -10.6   -24.7
1082.422     8.9    -6.6    13.5
1084.082     0.5    -7.9     6.6
1085.742   -12.0   -20.9   -32.0
1087.402    -9.0   -10.0    -9.7
1089.062    -9.8     1.2    -6.2
1090.723    -4.8    -9.1    -7.8
1092.383    -5.3    -8.9   -10.8
1094.043    -2.6   -18.8   -24.9
1095.703    -4.8   -18.8   -27.5
1097.363    -3.6     2.3    11.8
1099.023   -16.9     1.6    -8.1
1100.684   -12.1   -18.1   -41.9
1102.344    -4.9    -5.6    20.5
1104.004    -4.8    -3.1     2.3
1105.664     2.0   -12.1   -27.8
1107.324     3.9    -6.4     7.4
1108.984   -10.9     1.9     9.9
1110.645   -25.7     4.2   -20.2
1112.305     0.1   -21.2   -13.5
1113.965    -6.8    -7.8    -1.2
1115.625    -5.4     0.1   -17.2
1117.285    -0.1    -7.7     1.8
1118.945    -0.1    -0.9     8.7
1120.605   -13.7    -4.0   -16.6
1122.266    -7.6   -14.4   -13.7
1123.926   -10.4   -10.5   -13.1
1125.586   -11.1    -3.9   -21.2
1127.246     0.1    -3.9     6.1
1128.906    -4.6     2.8   -13.9
1130.566   -10.2    -8.6    -8.8
1132.227    -6.8   -13.3    -8.5
1133.887    -9.6   -11.6   -17.5
1135.547    -7.6   -13.4   -12.5
1137.207    -4.1     5.7    10.6
1138.867    -1.1    -6.7   -17.8
1140.527     0.7   -16.3    -8.4
1142.188    -5.6   -10.7     0.6
1143.848   -18.9    -9.0    -9.7
1145.508   -10.0   -18.2   -15.0
1147.168     2.2    -0.9     4.1
1148.828    -3.6    15.2    -2.1
1150.488    -0.7    -7.8   -13.1
1152.148     3.6   -12.3     6.1
1153.809   -24.5   -10.1   -16.9
1155.469   -23.8   -15.3   -19.0
1157.129   -15.6    -9.4    -6.3
1158.789     0.9     5.7   -10.6
1160.449     2.7    -3.5   -10.7
1162.109     4.5    -9.5    14.1
1163.770   -11.2   -16.1   -17.1
1165.430   -23.6   -10.7   -10.8
1167.090    -8.2     1.8     7.7
1168.750     1.1     1.2   -22.2
1170.410    10.3    -0.5    -6.6
1172.070   -10.6   -21.6   -21.2
1173.730   -19.6   -24.5   -42.0
1175.391   -25.0   -13.6   -11.5
1177.051    -7.8    11.3     6.5
1178.711    -1.2     7.3   -12.8
1180.371    13.8   -10.3    -9.4
1182.031    13.5   -10.5     4.8
1183.691   -20.6   -12.3   -18.5
1185.352   -16.5   -21.9   -23.9
1187.012    -8.9     9.0     5.7
1188.672   -10.0    12.2     2.1
1190.332    14.0   -13.2    -2.3
1191.992   -22.9   -14.5   -30.6
1193.652   -21.1   -14.6   -29.3
1195.312   -14.6   -19.1   -14.3
1196.973    -7.3    -4.6     8.8
1198.633    -4.0    -1.4   -23.8
1200.293     3.4   -11.6   -17.4
1201.953    -7.6    -4.7     0.0
1203.613   -27.1   -13.2   -30.7
1205.273   -14.8   -20.1   -18.4
1206.934     3.7     7.5    12.9
1208.594     0.0    -9.3   -16.1
1210.254     0.5   -14.3     2.0
1211.914    -4.8   -11.0     8.7
1213.574   -20.0   -18.2   -24.5
1215.234     3.1    -5.1     9.1
1216.895     8.8    12.5    -4.3
1218.555     2.6     5.6   -11.2
1220.215    -0.3    -8.9    -8.5
1221.875   -28.1   -12.8   -16.8
1223.535   -16.1   -24.4   -14.0
1225.195     5.1     8.7    17.8
1226.855    10.1    21.7    -0.5
1228.516    15.4     2.4   -15.5
1230.176     3.6   -10.9     2.5
1231.836   -38.8   -22.3   -27.0
1233.496   -44.5   -30.5   -32.2
1235.156    -2.9   -12.1     6.2
1236.816    19.0    25.8    10.6
1238.477    13.9     8.0   -13.2
1240.137   -15.3   -12.9    -2.6
1241.797   -31.6   -19.4   -17.3
1243.457   -21.6   -27.4   -18.1
1245.117    16.7    14.7    16.1
1246.777    23.4    21.2     7.0
1248.438    14.8    12.0    -8.4
1250.098    -2.7    -5.1    -5.8
1251.758   -40.2   -22.1   -18.6
1253.418   -25.5   -30.5   -18.5
1255.078   -14.4   -24.7    -9.0
1256.738    24.3    25.3    -0.1
1258.398     8.7     2.4   -11.4
1260.059     5.1     1.7    -7.9
1261.719   -43.9   -35.3   -21.7
1263.379   -21.9   -35.2   -25.8
1265.039     1.9    -7.5    -0.2
1266.699    20.2    20.8    23.1
1268.359     5.5    -2.8   -12.5
1270.020   -21.4   -14.3     0.5
1271.680   -38.6   -30.6   -23.1
1273.340    -9.6   -20.8   -14.0
1275.000    -0.7   -14.8    -5.6
1276.660     3.7    14.9    -7.1
1278.320     0.7   -11.0    -7.4
1279.980    -5.7   -16.3    -6.5
1281.641   -31.6   -27.2   -28.3
1283.301    -6.1    -9.3    11.7
1284.961    16.6    19.3    -6.9
1286.621     8.1    16.5   -19.0
1288.281    -7.0    -9.1     5.8
1289.941   -26.7   -27.8   -20.2
1291.602   -25.4   -33.1   -33.5
1293.262    -3.9   -15.8    -2.9
1294.922     5.9    10.8    19.1
1296.582    -0.1     3.8   -18.1
1298.242    -5.6    -9.4    -5.5
1299.902   -17.9   -16.3    -9.3
1301.562   -11.8   -28.3   -22.9
1303.223     3.8    12.9    14.8
1304.883    -1.9    16.0    13.6
1306.543    -5.5    -2.9   -19.0
1308.203     0.0   -15.2    -9.5
1309.863   -18.8   -13.7   -16.5
1311.523   -15.1   -20.3   -20.4
1313.184     5.2     6.3    14.9
1314.844    -2.4    20.4    -1.5
1316.504   -11.1   -14.4   -22.1
1318.164    -5.2   -20.2   -15.2
1319.824   -15.0   -15.2   -17.5
1321.484   -12.0   -17.0   -19.2
1323.145     7.1     6.0    14.3
1324.805    -6.4     2.0   -17.3
1326.465   -17.4   -16.9   -21.7
1328.125   -10.7   -11.5    13.0
1329.785     2.7   -18.4   -20.4
1331.445     0.0    -4.8   -12.8
1333.105    -1.9    14.9    22.6
1334.766    -3.8    12.3    12.8
1336.426   -13.3   -11.1   -13.2
1338.086    -4.9    -6.5    22.2
1339.746    -2.1   -18.0   -26.7
1341.406     5.4    -6.7    -5.6
1343.066    -6.4    13.1    22.8
1344.727   -12.1   -16.4   -43.2
1346.387    -7.3   -19.6   -12.4
1348.047    -7.0    -6.7    18.5
1349.707    -4.1    -3.6   -18.8
1351.367     8.2    -4.3    11.2
1353.027    -3.9     0.1    13.9
1354.688   -26.6     2.8   -21.7
1356.348     3.4   -17.7     5.0
1358.008    -0.9     3.9   -11.2
1359.668    -1.2     2.9   -21.8
1361.328    -2.5   -11.4   -11.3
1362.988    -5.3    -2.4    10.9
1364.648   -18.9     3.6   -11.9
1366.309    -5.8   -13.1    -7.9
1367.969     1.8   -14.5     7.6
1369.629    -4.4    -9.9   -20.9
1371.289    -3.9   -17.6     0.6
1372.949     0.7    -3.9    -1.5
1374.609   -21.7    -1.4   -22.1
1376.270   -16.4    -8.1     0.5
1377.930    -6.2   -12.3     2.1
1379.590    10.1   -17.2    -9.0
1381.250     5.7   -15.8    -3.5
1382.910   -15.7    10.7   -10.5
1384.570    -7.2    -4.5   -15.4
1386.230    -6.7    -3.4   -15.7
1387.891    -5.8     1.0    12.1
1389.551    -0.3   -29.2   -18.0
1391.211     2.1     1.4     3.0
1392.871   -12.0    10.0    -7.5
1394.531   -11.8    -2.5   -19.7
1396.191    -5.2    -3.1     2.4
1397.852    -7.5    -2.2     2.1
1399.512   -12.3   -23.5   -17.2
1401.172     7.7   -11.8    10.3
1402.832    -1.1     3.1    -6.1
1404.492   -16.2    -1.4   -14.2
1406.152    -4.9    -2.0     2.7
1407.812    -7.0    -4.2     1.8
1409.473    -6.0   -20.9   -10.6
1411.133    11.0    -5.5    13.9
1412.793   -10.1     7.2   -17.1
1414.453   -17.8     5.6   -25.9
1416.113   -11.6     0.3     6.5
1417.773    -9.7   -19.3   -17.7
1419.434    -8.3   -24.3   -25.4
1421.094     5.0    -0.4    21.2
1422.754    -1.1     4.4   -17.2
1424.414   -10.8    -4.3   -32.3
1426.074   -11.5    -6.8    -9.8
1427.734    -5.0   -26.6   -24.3
1429.395   -11.9   -28.2   -25.0
1431.055    -2.5    14.6     1.3
1432.715    -8.6     5.8   -24.9
1434.375   -13.3    -5.4   -29.5
1436.035   -15.0   -13.2     6.4
1437.695   -11.7   -17.3   -25.1
1439.355    -6.9   -21.1   -24.4
1441.016    13.6     8.2    19.3
1442.676    -7.4    13.0    -6.7
1444.336    -6.8   -13.2   -12.2
1445.996    -7.7   -22.4     1.4
1447.656   -16.0   -15.6   -11.3
1449.316   -14.0   -14.4   -20.9
1450.977     7.3    12.6    21.9
1452.637    -5.9     5.8   -27.8
1454.297    -7.7   -10.6   -20.3
1455.957    -6.1   -23.8    12.3
1457.617   -13.8   -21.9   -15.7
1459.277    -3.4   -11.4   -18.3
1460.938     2.8    16.6    15.6
1462.598    -6.6     3.3   -26.9
1464.258    -1.6   -22.4   -12.1
1465.918    -2.3   -20.0     9.1
1467.578   -16.7   -20.0   -26.1
1469.238    -8.0   -12.3   -14.6
1470.898   -13.6    22.1    -3.6
1472.559    -9.3     5.3   -20.7
1474.219    11.9   -21.5     9.9
1475.879    -6.1   -13.0     1.0
1477.539   -24.3   -21.0   -25.4
1479.199   -11.3    -5.1    -9.3
1480.859    -8.1    16.9    -0.2
1482.520    -3.3    -1.3   -18.9
1484.180     8.5   -17.1    -7.5
1485.840    -1.6   -15.3     2.8
1487.500   -12.6   -24.9   -23.2
1489.160   -18.7    -7.1   -11.5
1490.820   -18.5    13.5    -8.9
1492.480    -1.1    -8.7   -17.8
1494.141    17.3     1.7    29.0
1495.801    12.8    -0.8    26.1
1497.461   -11.0   -26.2   -40.1
1499.121   -26.4     8.1     8.4
1500.781   -27.0     7.9     5.3
1502.441    17.9    -4.9    -9.3
1504.102    10.4     6.9    24.6
1505.762    -2.0    -8.0     2.0
1507.422   -15.1   -24.2   -27.4
1509.082   -18.5   -11.4    -0.7
1510.742   -18.8    -0.2   -12.6
1512.402     1.8    -0.9   -23.5
1514.062    13.9     2.4    19.8
1515.723    -1.7    -1.2     3.1
1517.383    -8.8   -16.2   -25.7
1519.043   -14.6   -23.5    -5.3
1520.703   -17.6   -16.7    -1.7
1522.363    -5.8     6.0   -12.6
1524.023     4.3    -5.3    -5.9
1525.684    -1.9    -9.6   -14.0
1527.344   -18.1   -20.0    -7.2
1529.004   -13.9   -23.5     4.1
1530.664    -9.2   -12.2   -12.5
1532.324    -3.9    10.2   -14.2
1533.984     8.3    11.6    12.2
1535.645   -15.6    -9.8   -25.7
1537.305   -20.3   -27.1   -11.3
1538.965   -10.8    -7.3     9.0
1540.625    -1.7    -0.6    -3.1
1542.285    10.5     1.8    -5.7
1543.945    -4.2     7.2     4.5
1545.605   -23.1   -13.1   -23.4
1547.266   -15.1   -36.0   -14.9
1548.926    -8.0   -12.1     6.7
1550.586     5.7     5.9   -11.5
1552.246    11.0     2.7    -4.1
1553.906   -14.0    10.1     2.8
1555.566   -28.9   -31.8   -34.3
1557.227   -16.1   -43.7   -23.8
1558.887     1.1    -3.9    12.7
1560.547     3.4    15.9     6.2
1562.207    13.6     4.8     3.4
1563.867     4.2     3.9     3.8
1565.527   -24.5   -17.1   -22.9
1567.188   -10.6   -18.3     5.4
1568.848     5.8     3.8     1.5
1570.508     8.7     6.3    -4.3
1572.168     6.1    20.3    14.7
1573.828    -0.6    -1.1     9.8
1575.488   -28.5   -39.3   -44.9
1577.148   -27.5   -33.8   -24.3
1578.809    -7.3    -0.8    19.3
1580.469    -5.6     6.2     9.9
1582.129     5.3    17.8    21.2
1583.789     3.7    16.5    24.6
1585.449   -12.7   -24.5   -25.1
1587.109   -14.1   -29.7    -9.7
1588.770   -10.3    -6.8    16.4
1590.430   -13.8     8.1   -25.1
1592.090     5.0     3.9    -8.1
1593.750     6.2     4.5     8.0
1595.410    -2.5     7.8    18.0
1597.070    -5.0   -30.1   -32.8
1598.730   -14.5    -9.0     8.0
1600.391   -31.6     6.4   -24.0
1602.051   -17.9    -2.4   -31.0
1603.711    11.5    -0.9    15.8
1605.371     7.8     2.3    -4.0
1607.031    -2.8   -20.2   -18.7
1608.691   -10.1   -26.4     2.8
1610.352   -34.4    -1.8   -13.6
1612.012     3.4    -2.4    11.8
1613.672    17.8     8.2    15.7
1615.332    14.4     3.0     0.9
1616.992    10.6   -13.1    -1.0
1618.652    -1.9   -14.6     2.6
1620.312   -38.8   -13.4   -29.1
1621.973   -24.6    -5.4    -8.1
1623.633    -7.5    -0.5    11.4
1625.293    22.4     1.2    -8.0
1626.953    17.1   -13.2    -3.0
1628.613   -24.6   -14.8    -7.0
1630.273   -41.4   -24.5   -41.2
1631.934   -29.4   -22.4   -27.8
1633.594    10.5    19.6    13.2
1635.254    14.8    17.9     8.8
1636.914    19.1   -13.9    -4.2
1638.574   -11.8    -6.9     2.6
1640.234   -42.6   -23.0   -31.4
1641.895   -39.7   -30.4   -34.9
1643.555     3.0    23.5     9.9
1645.215     8.4    17.5    -4.0
1646.875    18.6    -8.3     0.2
1648.535   -10.2   -14.7    -6.2
1650.195   -40.1   -25.9   -28.2
1651.855   -25.8   -22.5   -11.5
1653.516     4.0     8.0    11.1
1655.176    11.2    18.4    -7.8
1656.836     5.4    -4.6     4.4
1658.496   -21.9   -22.0   -15.0
1660.156   -23.0   -24.1   -25.9
1661.816   -18.3   -21.0   -10.1
1663.477     6.3    17.2     9.6
1665.137     6.0    -3.9   -17.5
1666.797     4.7    -5.2   -19.8
1668.457   -13.0    -6.9     4.3
1670.117   -20.7   -27.7   -25.8
1671.777   -13.1   -27.6   -22.7
1673.438     4.6     4.1    20.5
1675.098     0.0    -2.3   -25.6
1676.758     0.4   -11.5   -14.7
1678.418   -22.6   -10.7    -2.1
1680.078   -13.8   -21.0   -23.7
1681.738     8.2     3.9    18.0
1683.398     5.3     7.0    11.0
1685.059    -5.0    -8.7   -29.4
1686.719    -6.9   -10.3    -4.3
1688.379   -21.2    -5.2    -5.1
1690.039   -22.8    -9.7   -26.6
1691.699     5.2   -13.2    10.5
1693.359     1.0     1.8    -2.4
1695.020     1.1     2.9    -3.6
1696.680    -6.2   -10.3   -17.4
1698.340   -20.7    -7.0    -8.0

Event #81  ts=2026-09-11 12:11:26.937  [SELECTED]
  t[ns]  u1[mV]  u2[mV]  u3[mV]
  0.000   -27.5   -31.6   -19.0
  1.660    19.4    22.6    13.0
  3.320    22.4    12.8    -5.0
  4.980     7.3    -9.9   -13.2
  6.641   -26.0   -16.9    -3.5
  8.301   -25.1   -17.7    -5.1
  9.961   -18.3   -12.6   -19.5
 11.621    16.0    28.0    18.1
 13.281    34.2    10.6     4.4
 14.941    26.0     8.0    -9.6
 16.602   -13.1   -17.5     1.6
 18.262   -31.8   -22.8   -18.3
 19.922   -32.2   -27.4   -33.1
 21.582     0.3     7.4     3.5
 23.242    12.7    14.8     9.4
 24.902     4.8   -14.7   -17.0
 26.562    -9.6   -22.7     1.1
 28.223   -15.1   -19.9     2.7
 29.883   -32.1   -16.5   -32.6
 31.543    -5.1    -1.9     4.8
 33.203     5.9     7.1    17.9
 34.863    12.5    10.4    -5.5
 36.523    -4.8   -24.8   -10.1
 38.184   -17.8   -13.3     7.7
 39.844   -18.5    -9.7   -21.0
 41.504   -16.2   -11.6   -22.4
 43.164    10.8    10.0    13.4
 44.824    16.2    16.2     7.7
 46.484     3.4    -0.1   -19.8
 48.145   -10.9   -19.9   -22.7
 49.805   -27.0   -16.5     0.7
 51.465    -6.0    -5.5   -17.6
 53.125     7.7    10.2    15.8
 54.785     4.0     7.3    15.3
 56.445     1.1    -5.7   -15.0
 58.105   -18.4   -16.7   -11.0
 59.766   -22.0    -3.7    -2.7
 61.426   -24.5    -6.0   -11.5
 63.086    14.5   -11.5    -7.7
 64.746     0.8     9.4    15.6
 66.406   -11.2    -2.5   -15.9
 68.066   -15.6   -21.3   -32.0
 69.727   -17.0   -13.4    -5.1
 71.387   -17.2    -5.6    -2.8
 73.047    -0.8    -2.3    -4.4
 74.707    24.2     0.9    13.7
 76.367     9.1     4.4     5.0
 78.027   -29.2   -17.3   -27.3
 79.688   -27.7   -28.1   -19.5
 81.348   -18.8    -9.7    -6.1
 83.008    -1.1     2.2     2.9
 84.668    26.5     3.6     8.1
 86.328    19.1     1.3    -4.0
 87.988   -21.2   -10.2   -19.4
 89.648   -33.7   -24.2   -16.2
 91.309   -22.6   -16.6   -22.1
 92.969     0.7     0.4   -10.9
 94.629    27.3    17.3    24.0
 96.289    22.6     6.7    10.5
 97.949     4.5     5.1    -0.3
 99.609   -22.9   -19.6   -24.4
101.270   -42.1   -20.0   -20.4
102.930   -31.8   -12.7   -22.7
104.590    -3.9    -6.1    -0.5
106.250    29.8    16.4    16.2
107.910     5.5     6.2   -12.3
109.570   -22.0   -14.9   -27.8
111.230   -34.2   -22.6    -9.7
112.891   -31.3   -11.7   -20.1
114.551   -18.0   -15.1   -18.8
116.211    24.8     3.1     4.1
117.871    -1.3    -2.6   -14.4
119.531    -9.8   -13.2   -19.0
121.191   -27.5   -24.3   -16.7
122.852   -26.4   -10.6   -21.9
124.512    15.1     2.0     6.7
126.172    25.8    11.0    18.1
127.832    19.1     5.0    12.9
129.492   -14.5   -15.4   -27.5
131.152   -28.4   -25.1   -15.2
132.812   -26.2   -19.0    -8.5
134.473   -17.3   -12.7   -19.5
136.133     6.1    -0.4    -0.9
137.793     3.6    -3.0    -8.3
139.453    -4.1   -10.6   -21.3
141.113   -16.4   -33.9   -23.8
142.773   -21.9   -19.6   -11.3
144.434    -9.8     0.9    -7.2
146.094    -0.9     2.9   -10.2
147.754    19.8    10.3    11.5
149.414    -1.3    -0.6    -1.4
151.074   -16.5   -13.1   -11.3
152.734   -19.6   -24.5   -17.6
154.395   -17.7    -2.0    -8.6
156.055    -9.2    -0.9    -2.4
157.715    21.2     1.7     1.6
159.375    -6.7     3.1     3.9
161.035   -15.5   -10.2    -6.6
162.695   -23.1   -31.5   -18.9
164.355    -7.5    -8.2   -15.5
166.016    -7.1    12.3     3.0
167.676    11.5     4.0     1.1
169.336    -6.2   -11.9   -10.3
170.996    -6.4   -13.3   -15.4
172.656   -19.8   -23.6   -16.2
174.316   -12.7   -16.0   -20.4
175.977   -16.6   -14.7   -15.4
177.637    18.6    20.3    11.7
179.297     8.7    -5.0    -6.3
180.957    -0.1   -13.0    -9.6
182.617   -27.6   -24.9   -14.1
184.277   -23.5   -12.5    -4.2
185.938   -13.7    -9.8   -16.1
187.598    11.8    13.4    10.6
189.258     2.1     9.9     2.1
190.918   -13.7    -7.6   -19.8
192.578   -10.8   -29.9   -24.4
194.238   -12.0   -22.1    -0.2
195.898    -9.1   -12.4   -32.9
197.559     7.6    13.8    11.5
199.219     7.4    17.2    19.1
200.879     9.7    18.3    19.8
202.539    -9.5   -14.5   -20.2
204.199    -6.0   -25.7   -16.0
205.859   -23.2   -18.8    -3.5
207.520   -27.6    -8.1   -19.8
209.180    -8.5    -6.0    -7.3
210.840     9.1    19.8     6.7
212.500    -1.1     8.8   -13.5
214.160    -7.3   -23.9   -12.1
215.820   -22.7   -35.5    -6.8
217.480   -28.6   -27.2   -16.8
219.141  -103.4   -38.5    -5.7
220.801  -129.8   -50.9    -6.8
222.461  -247.5  -157.0   -23.9
224.121  -261.2  -244.8   -47.8
225.781  -229.6  -253.4   -37.9
227.441  -195.0  -209.2   -46.2
229.102  -173.9  -162.9   -64.4
230.762  -148.8  -132.0   -61.1
232.422  -112.3  -101.1   -35.2
234.082   -71.5   -73.7   -27.8
235.742   -55.4   -73.7   -43.5
237.402   -51.9   -59.7   -30.6
239.062   -57.1   -64.0   -21.7
240.723   -26.6   -33.6   -31.8
242.383   -19.1     2.0    -6.8
244.043   -20.1    10.8     0.8
245.703   -13.4   -20.5   -21.5
247.363   -20.5   -45.8   -22.9
249.023   -21.8   -23.0   -10.0
250.684   -22.5   -17.0   -18.7
252.344    -6.2     6.1   -14.7
254.004    -8.7    12.0    -3.2
255.664   -12.4     2.1    -9.9
257.324   -13.2   -34.5   -10.3
258.984   -15.3   -34.9    -8.7
260.645   -19.3   -20.8   -13.5
262.305   -11.8     1.7    -7.5
263.965    -4.8     6.1    -5.9
265.625    -9.8     1.1   -14.5
267.285    -9.5   -15.4     0.9
268.945    -6.8   -32.8    -8.4
270.605   -16.9   -28.5   -12.7
272.266   -17.5     4.8     3.7
273.926    -2.0     8.0   -23.4
275.586    -7.9    -1.7   -23.0
277.246    -4.8   -17.1     1.3
278.906    -9.5   -34.0    -5.3
280.566   -22.4   -22.4   -15.0
282.227   -11.3    -3.3     2.6
283.887    -2.9    14.3    -9.0
285.547   -10.7     2.4   -22.0
287.207   -12.1   -16.9    -2.8
288.867    -8.9   -23.6    -4.6
290.527   -10.4   -19.3   -21.3
292.188   -12.2   -20.3   -14.2
293.848   -13.9     6.2    -6.9
295.508    -5.6    -4.3   -20.1
297.168    -9.1   -15.0   -15.2
298.828    -3.3   -16.9     1.3
300.488    -8.2   -17.1   -13.0
302.148   -18.0   -13.8   -12.9
303.809   -13.6     0.3     5.0
305.469    -0.9    -8.6   -25.2
307.129     1.6   -17.1    -7.3
308.789    -0.4   -18.4    -5.3
310.449   -15.9   -16.8   -24.9
312.109   -15.4   -20.6   -27.4
313.770   -13.2    -1.5     4.8
315.430    -6.0    -4.6   -18.9
317.090    -5.6    -6.1   -20.3
318.750     0.0   -20.8   -13.0
320.410   -20.6    -5.4     0.6
322.070   -12.8   -12.3   -20.0
323.730    -3.7   -10.0   -10.7
325.391    -7.1     0.4    -4.2
327.051     2.5    -8.0   -12.8
328.711    -1.6   -17.4   -12.4
330.371    -1.5    -8.3     1.7
332.031   -16.1    -3.8   -11.0
333.691   -27.3   -12.4   -21.2
335.352    -7.0    -5.4     4.1
337.012     1.6    -5.3    -9.7
338.672    12.2    -7.9    -5.8
340.332     8.9    -6.3    -3.8
341.992   -25.9   -10.9   -13.4
343.652   -26.3   -11.5   -12.5
345.312     0.9    -4.4    -9.3
346.973     5.4    -0.9    -3.1
348.633     6.5    -1.8     3.9
350.293   -11.0   -10.5   -10.5
351.953   -21.4   -21.3   -22.9
353.613   -31.9   -22.3   -25.9
355.273    -6.4     0.3    -1.5
356.934     8.0    -6.7    -4.3
358.594     8.1    -2.1     2.2
360.254   -17.5     0.8    -2.2
361.914   -27.5   -21.7   -26.0
363.574   -15.2   -27.2   -17.1
365.234   -11.3   -11.1     4.0
366.895    -0.9     7.1     3.6
368.555     4.8     0.5   -14.6
370.215     0.0    -3.1    -7.1
371.875   -24.4    -5.7   -13.1
373.535   -18.5   -26.5    -8.2
375.195   -20.1   -27.2   -11.1
376.855     6.2     7.1     0.0
378.516     2.6     5.1    -9.7
380.176    -3.7    -0.3    -4.3
381.836   -25.8   -13.2   -13.3
383.496   -25.2   -24.3   -19.5
385.156    -6.7   -19.6     1.6
386.816    12.7    -6.2     6.0
388.477    -0.6     3.4   -10.7
390.137    -4.8     2.8     1.4
391.797   -23.3   -11.9   -20.0
393.457   -24.4   -23.7   -29.4
395.117   -12.0   -20.4    -5.0
396.777     8.5     0.9   -11.5
398.438     5.5     4.9   -11.3
400.098   -17.0    -5.6   -15.4
401.758   -24.4    -3.0   -16.9
403.418   -27.4   -27.4   -25.7
405.078    10.6   -16.0     9.0
406.738     8.8     9.7     4.5
408.398     5.8     0.7    -5.7
410.059   -14.3    -7.5   -15.9
411.719   -36.9    -6.6   -10.0
413.379     8.3   -19.0    -3.4
415.039    23.8    -4.0     4.0
416.699    18.0     3.0     4.1
418.359    -6.0    -3.8    -3.0
420.020   -19.1   -20.1   -24.3
421.680   -36.5   -19.2   -28.6
423.340   -28.7   -14.0    -6.2
425.000     4.3    -1.6    -0.9
426.660    25.0     5.7    -2.7
428.320    10.1     1.9     4.2
429.980   -22.1   -15.9   -15.5
431.641   -32.4   -34.0   -35.5
433.301   -28.1   -24.7   -32.4
434.961    10.8    18.4    11.7
436.621    24.1    11.7    12.3
438.281    11.8    -2.8   -19.9
439.941   -28.8   -16.9   -13.9
441.602   -29.1   -11.8    -1.6
443.262   -17.4   -21.6   -25.4
444.922    -3.4    -2.5   -11.6
446.582    15.6    20.5    13.3
448.242     5.5   -13.6   -16.5
449.902   -12.7   -20.6   -12.6
451.562   -31.6   -30.1   -24.2
453.223    -7.8   -15.5   -22.4
454.883    -7.0   -15.6   -22.4
456.543    16.0    27.3    18.3
458.203    -5.9     0.1   -25.1
459.863   -10.5   -28.3   -13.4
461.523   -19.4   -34.5    -8.0
463.184   -16.0   -11.8   -31.2
464.844     2.8     6.1     6.0
466.504     3.4    22.0     2.7
468.164     3.5    23.1     3.1
469.824    -6.0    -9.6   -15.3
471.484   -15.8   -40.5    -9.8
473.145   -15.7   -23.0    -5.5
474.805    -3.2    -1.4   -12.2
476.465     0.5     4.9    -3.8
478.125    -5.9    14.3     2.9
479.785    -9.8   -10.5   -20.5
481.445   -16.8   -24.0   -28.0
483.105    -9.5   -25.2     5.9
484.766    -2.2    -8.6    -9.0
486.426     1.2     9.2   -14.1
488.086     4.9    27.9    15.2
489.746     1.5     6.3    -8.4
491.406   -17.4   -26.8   -26.8
493.066    -7.2   -23.2     1.1
494.727    10.0    -3.1    -9.5
496.387     4.0     1.6   -19.6
498.047   -14.7    12.7     1.4
499.707   -18.7   -16.1   -18.7
501.367   -12.1   -24.7   -10.6
503.027    -1.8   -20.1     9.5
504.688     5.7   -11.1     8.5
506.348    19.6     4.7    -7.2
508.008    -0.7     5.5   -11.8
509.668   -30.0    -0.7   -14.9
511.328   -25.3   -19.6   -20.3
512.988    -7.3   -28.8   -10.0
514.648     8.8    -9.9     4.2
516.309    14.8     2.9    12.1
517.969     7.1     5.4    -6.1
519.629   -35.3    -7.2   -30.9
521.289   -34.7    -9.9   -17.7
522.949    -4.9   -24.7    -3.5
524.609    -1.7   -26.2    -5.3
526.270    14.9     8.6     3.2
527.930    -2.9     7.2    -5.9
529.590   -14.6     1.7   -16.4
531.250   -15.7   -14.0    -9.4
532.910   -17.6   -25.3   -11.9
534.570   -15.8   -18.9   -11.6
536.230     8.1    -6.2     5.5
537.891    12.0     6.5     0.8
539.551    -3.0     9.6   -21.9
541.211   -15.7    -2.5    -4.6
542.871   -19.2   -23.2   -19.5
544.531   -22.8   -29.2   -28.1
546.191    17.5     3.4    13.3
547.852    19.4     7.0    16.5
549.512     3.6    11.2   -25.0
551.172   -11.9    -4.3    -5.2
552.832   -18.6   -12.3    -1.2
554.492   -23.2   -30.5   -23.1
556.152    -5.1   -21.8   -16.3
557.812     2.1    16.1    17.2
559.473     6.4    11.5   -17.4
561.133    -8.3   -19.6    -0.6
562.793    -8.3   -19.8    -1.7
564.453   -26.3   -30.1   -23.6
566.113   -16.0   -26.0   -25.6
567.773     3.3    15.6    12.1
569.434     9.9    18.1    -4.9
571.094    10.7    -4.0   -11.6
572.754   -17.8   -18.2    -4.0
574.414   -31.5   -32.2   -30.1
576.074   -17.2   -26.2   -19.3
577.734    12.6    15.8    15.7
579.395     6.1    13.9   -10.8
581.055     7.0    12.0    -5.8
582.715   -16.2   -18.3    -3.0
584.375   -28.6   -22.2   -11.4
586.035   -20.6   -17.7   -10.1
587.695     7.6    -1.3    -6.1
589.355     8.5    18.2    -0.3
591.016    -3.7    -3.0    -3.7
592.676    -3.8   -16.0    -5.5
594.336   -16.3   -23.7   -20.8
595.996   -21.1   -15.9    -5.9
597.656     3.1     4.4    -3.9
599.316     2.8    -1.8    -2.2
600.977     7.1     2.5    -1.6
602.637   -26.4   -25.9   -19.2
604.297   -17.4   -20.2   -19.5
605.957    -0.8     5.9     5.1
607.617    -2.8    10.1    11.6
609.277     5.7   -12.5   -23.4
610.938   -12.0   -11.4    -6.6
612.598   -25.2   -22.1   -14.5
614.258   -19.8   -31.5   -27.0
615.918     7.8    14.5    20.0
617.578     3.4    22.3     9.4
619.238    -4.0   -15.4   -14.6
620.898   -12.6   -19.4    -4.2
622.559   -18.7   -13.2   -18.1
624.219   -15.5   -10.9   -18.0
625.879     0.2    -8.8     1.2
627.539     7.0    15.0     7.6
629.199   -11.9     0.5   -14.8
630.859    -8.5   -19.5    -4.5
632.520   -17.8   -19.5   -13.6
634.180    -8.9    -3.9    -9.6
635.840    -8.3    -3.0    -3.5
637.500     0.0     2.9    -6.6
639.160    -5.1    -6.0   -15.3
640.820   -15.0   -16.9    -7.3
642.480   -17.7   -16.6   -15.3
644.141   -11.3   -14.1   -17.7
645.801     1.8     3.6    -1.3
647.461    -0.2     7.9     6.4
649.121    -5.5   -15.9   -16.3
650.781   -25.7   -14.9    -9.3
652.441   -25.6   -14.1    -8.5
654.102     7.4    -9.2   -13.3
655.762     8.0    -4.9   -11.8
657.422    -2.6    16.7     8.4
659.082    -7.3   -20.0   -13.9
660.742    -5.9   -19.8   -16.9
662.402   -17.4    -1.8    -4.7
664.062    -7.0    -5.5   -13.0
665.723     4.7    -4.4   -11.6
667.383     1.0    10.2     6.5
669.043    -6.5     3.7     0.9
670.703    -9.7   -11.9   -15.1
672.363   -18.0   -24.5   -13.4
674.023   -11.9     0.1    -3.1
675.684     4.1     3.3   -12.0
677.344     4.4    -4.5    -7.7
679.004    -8.2    -9.2    -5.0
680.664   -17.7   -16.1    -5.4
682.324    -7.6   -20.9   -11.9
683.984    -4.3    -4.0   -10.3
685.645     0.4    13.5     2.9
687.305    -7.0    -7.1   -15.2
688.965   -11.6   -12.3    -7.9
690.625    -7.4   -10.4     1.7
692.285    -6.9   -15.7   -23.4
693.945    -4.7    -6.7    -6.5
695.605    -9.8    10.1     7.2
697.266    -3.5    -3.3   -17.8
698.926    -6.0    -8.4     0.8
700.586   -11.1    -7.4     5.2
702.246   -12.3   -19.5   -25.7
703.906   -10.7   -18.7   -28.5
705.566     4.3    12.3     8.2
707.227    -8.0     7.7   -11.1
708.887    -8.6    -7.8   -22.3
710.547    -0.9   -16.0     7.5
712.207   -11.3    -6.4    -9.7
713.867    -3.2   -14.9   -25.9
715.527    -7.9    -1.0     2.5
717.188    -1.5    14.3    10.7
718.848    -4.9   -14.7   -18.7
720.508     0.6   -19.1    -4.2
722.168    -3.3    -8.9     2.7
723.828   -13.8   -11.8   -20.2
725.488   -11.5    -1.8     5.6
727.148    -3.5     9.0   -12.2
728.809    -4.0    -3.1   -21.7
730.469    -4.8   -10.4     5.3
732.129    -5.4   -20.7   -24.2
733.789    -0.8   -16.4   -24.8
735.449    -8.2     7.0     5.3
737.109    -3.4     7.2   -14.9
738.770    -3.5    -4.0   -22.3
740.430    -7.0   -13.9     2.1
742.090    -7.4   -14.0     8.9
743.750    -3.1   -14.8   -22.1
745.410    -1.1     0.3    -3.5
747.070   -10.7     5.5   -11.8
748.730   -14.9     1.7   -12.6
750.391    -6.5   -18.1     3.1
752.051    -2.3    -9.3   -15.2
753.711    -1.7   -10.0   -15.2
755.371    -1.8     1.0    -0.2
757.031     0.0     6.8    -2.6
758.691    -3.9    -4.1    -9.7
760.352    -3.3   -10.9    -8.7
762.012    -6.1   -16.7   -14.2
763.672     6.1    -3.9     3.3
765.332    11.1     1.7    -0.4
766.992   -12.5     7.9   -17.6
768.652    -7.7   -20.9    -4.6
770.312   -11.3   -18.3    -0.3
771.973    -8.3   -21.2   -12.3
773.633    -2.7    -0.9     1.2
775.293    -2.1    10.0    -6.2
776.953   -11.9     3.5   -13.0
778.613   -15.7    -3.2    -3.8
780.273    -4.3   -12.7    -5.6
781.934    -0.5   -23.1   -19.4
783.594     2.2    -3.9     2.2
785.254    -2.4    10.1   -12.2
786.914    -8.1     4.8   -12.7
788.574    -0.8    -3.9    -4.0
790.234   -12.2   -14.7    -5.3
791.895    -6.3   -24.3   -23.3
793.555     0.9   -15.5    -1.5
795.215     5.9    15.1     1.6
796.875    -9.6    -0.1   -23.8
798.535   -12.7    -7.1    -6.6
800.195   -12.7   -29.3    -4.7
801.855   -12.4   -23.3   -11.5
803.516    -4.9     5.7     7.6
805.176    -5.0     9.5   -16.8
806.836   -12.6    -3.8   -23.5
808.496    -7.5   -16.8    -4.3
810.156    -1.3   -10.6    -1.5
811.816    -3.7   -26.3   -18.9
813.477    -6.5    -0.4     6.0
815.137   -13.2     0.7     2.1
816.797    -0.3    -3.9   -11.7
818.457    -2.1   -12.5     3.9
820.117    -2.5   -10.4    -1.0
821.777    -6.9   -21.9   -20.3
823.438    -7.7    -2.0     0.3
825.098    -8.4     4.0    -7.4
826.758   -15.3     7.4   -13.3
828.418    -0.9   -10.6    -2.3
830.078    -9.1   -12.4     1.1
831.738   -10.1   -18.3    -8.7
833.398    -7.8    -3.9    -9.2
835.059   -13.2    -2.9   -16.9
836.719    -1.6   -11.3    -3.8
838.379     4.7   -23.3   -14.2
840.039    -2.7   -15.4   -10.7
841.699    -5.4     0.0     2.6
843.359   -15.6     4.2    -2.3
845.020    -5.4    -3.9    -5.9
846.680    -1.4     1.0     1.1
848.340    -2.8   -17.7    -6.6
850.000    -7.9   -24.9   -26.4
851.660    -9.5    -7.7   -15.3
853.320   -11.4    15.3     4.1
854.980    -9.7    -0.1   -10.2
856.641     9.6    -5.5     5.6
858.301     3.7     1.3     7.5
859.961   -17.5   -26.3   -31.6
861.621   -13.8    -4.5     1.3
863.281    -3.2    11.5    -9.2
864.941    -7.9     4.4   -15.6
866.602     9.2   -11.1     3.4
868.262     7.1    -7.2    16.4
869.922   -14.6   -21.9   -27.0
871.582   -18.1   -18.3   -21.7
873.242   -14.3    13.0    -6.1
874.902    -3.7     7.6   -14.4
876.562    13.9   -12.3    10.2
878.223    12.3   -14.4     5.6
879.883   -28.1   -14.9   -24.4
881.543   -26.7   -16.9   -17.4
883.203   -15.6     2.9     0.0
884.863    14.7    -0.6    -2.5
886.523    15.5    -9.7     8.7
888.184    -4.5   -12.7   -10.0
889.844   -21.9   -25.1   -25.8
891.504   -22.2    -3.6    -3.4
893.164   -13.3     6.6    -1.0
894.824     1.6     3.6    -4.8
896.484     3.2     0.4     9.2
898.145    -0.1   -12.4     1.4
899.805    -9.7   -29.5   -28.6
901.465   -26.4     0.4   -12.4
903.125   -17.6    11.5    -1.1
904.785    10.0    -9.2   -12.4
906.445    13.2    -5.6     9.3
908.105    -1.8    -1.4     5.0
909.766   -14.0   -18.6   -24.4
911.426   -18.4    -1.6     1.7
913.086   -23.7     5.3    -4.1
914.746    -1.7     2.4    -9.0
916.406     9.0    -6.5     5.5
918.066    -2.8    -8.8    -6.4
919.727    -7.5   -14.0    -8.3
921.387   -14.1   -17.8   -12.4
923.047   -21.1    -4.5   -16.2
924.707   -17.8     7.7    -8.5
926.367     6.7   -13.8    -8.8
928.027     4.4   -11.8   -10.4
929.688    -6.5    -0.8    -5.3
931.348   -13.3   -10.4   -10.8
933.008   -21.3   -14.2   -26.3
934.668   -11.8    -2.8     1.3
936.328     1.6    -5.3    -3.5
937.988     8.0    -7.2    -5.1
939.648    -7.4    -2.8     1.2
941.309    -9.8    -3.8    -1.5
942.969   -21.8   -14.6   -22.2
944.629    -3.6    -4.0     5.6
946.289    -3.0    -4.4     6.3
947.949     3.1     0.2   -18.0
949.609     6.4    -2.8     6.9
951.270   -18.7    -8.0   -20.9
952.930   -24.0   -20.6   -24.1
954.590    -6.8   -11.4     1.8
956.250     1.7     4.6    -0.7
957.910     3.8     2.7   -21.0
959.570     3.2    -5.1    -0.6
961.230   -10.2    -0.9    -5.3
962.891   -15.5   -20.8   -28.1
964.551    -9.2   -10.9    10.8
966.211     0.6     0.6     8.5
967.871     5.9     8.6   -15.2
969.531     3.0     4.6     3.6
971.191   -13.1   -11.6   -10.1
972.852   -15.3   -27.3   -26.5
974.512    -7.3   -14.5     1.1
976.172     6.4     9.0    10.2
977.832    -8.6    -3.2   -30.5
979.492    -5.0    -5.4   -17.0
981.152   -12.1    -5.1     1.8
982.812    -4.2   -27.1   -23.5
984.473    -0.4   -20.8    -6.4
986.133    -4.1    -4.8     6.4
987.793   -11.3   -14.0   -18.5
989.453    -0.1    -7.8   -12.0
991.113   -10.1    -6.1    -9.7
992.773   -10.5   -13.8   -13.6
994.434     9.9   -13.5     4.7
996.094     9.0     6.2     3.1
997.754    -1.8     2.7    -4.0
999.414    -8.6   -10.2    -7.9
1001.074   -15.1    -8.1   -14.6
1002.734   -10.6    -9.4    -8.0
1004.395     8.8    -4.4     5.1
1006.055     7.0    -7.3    -2.5
1007.715    -4.2    -0.1   -14.7
1009.375    -6.9    -7.8    -2.5
1011.035   -24.7    -8.3   -20.0
1012.695   -11.1   -17.3   -12.9
1014.355     8.7    -7.2     6.0
1016.016     0.6    -3.1    -5.3
1017.676    -4.9    -5.4   -16.9
1019.336   -16.6   -13.6    -9.1
1020.996   -27.9    -9.7   -29.4
1022.656    -7.1   -15.7   -17.3
1024.316    -4.8    -3.9     4.2
1025.977    -4.0    -1.8    -4.2
1027.637    -4.0   -19.0   -16.1
1029.297   -16.9    -7.4   -10.6
1030.957   -16.8   -10.0   -27.8
1032.617   -13.4    -8.5   -11.7
1034.277     4.7     2.9     8.0
1035.938    -5.9    -8.4   -20.1
1037.598    -7.0   -14.1     0.9
1039.258    -5.7    -9.0     1.5
1040.918    -9.8     2.2   -16.7
1042.578   -11.6    -0.4    -7.2
1044.238   -11.1    -3.1    -2.1
1045.898   -12.2   -21.9   -27.7
1047.559    -9.8   -17.8    -9.9
1049.219    -4.9     1.7     0.2
1050.879    -2.3     3.7   -19.4
1052.539   -16.0     0.1    -2.3
1054.199   -18.0   -13.9   -16.5
1055.859    -6.8   -18.0    -6.8
1057.520    -2.9   -19.4   -11.1
1059.180   -10.8    11.2    -9.4
1060.840    -3.4     6.3    -9.7
1062.500   -17.5    -3.6    -8.5
1064.160   -17.0   -11.6    -8.9
1065.820    -5.4   -18.2   -19.0
1067.480     0.6   -11.9    -7.7
1069.141    -9.5    11.2     0.0
1070.801    -1.8     9.9    -7.4
1072.461     0.0    -1.9   -14.0
1074.121   -17.0   -12.6   -12.4
1075.781    -9.5   -24.6    -8.5
1077.441    -3.6   -19.2   -12.2
1079.102    -5.5     0.8    -2.7
1080.762    -5.3    11.0    -5.2
1082.422     3.5     6.9    -7.0
1084.082   -13.7   -26.4   -10.7
1085.742   -14.6   -23.9   -11.7
1087.402   -10.8    -2.5    -3.2
1089.062    -7.7    -7.9   -14.2
1090.723    -8.2     0.3   -15.4
1092.383    -0.4     6.0     7.6
1094.043     1.7   -11.9    -3.8
1095.703    -6.4   -21.9   -19.0
1097.363   -14.7     4.1     4.5
1099.023   -12.2    -7.2   -28.0
1100.684   -12.9    -3.8   -20.5
1102.344     4.4     4.7    18.1
1104.004     0.7   -19.5   -12.7
1105.664    -9.9   -25.0   -21.2
1107.324   -15.6     1.4     2.5
1108.984   -20.5     5.3   -18.7
1110.645     4.9     3.0     5.9
1112.305    18.6     1.4    22.3
1113.965     4.1   -15.2   -16.5
1115.625   -11.0   -18.0    -4.4
1117.285   -20.2    -6.9     0.1
1118.945   -25.9    -1.0   -26.3
1120.605   -12.3    -4.8   -17.1
1122.266    15.1    -4.0    16.3
1123.926    17.2     3.2     3.0
1125.586    -0.8   -17.4   -23.0
1127.246   -33.3    -5.2   -15.7
1128.906   -21.7    -1.8   -24.7
1130.566   -13.7    -0.3   -18.1
1132.227    19.0     6.8    20.6
1133.887    14.9    -5.9    -2.6
1135.547   -13.8   -25.1   -21.4
1137.207   -31.9   -14.2   -14.8
1138.867   -29.2    -5.1   -12.1
1140.527   -21.5    -9.1   -22.3
1142.188    16.0    15.5    22.9
1143.848    17.4    13.9    21.8
1145.508     2.6   -21.0   -23.3
1147.168   -32.4   -18.4    -7.7
1148.828   -33.4    -9.2    -9.6
1150.488    -2.6    -6.4   -16.5
1152.148    19.7    15.3    16.9
1153.809    23.1    16.8    21.8
1155.469     7.8     2.0    -3.8
1157.129   -14.4   -30.3   -27.5
1158.789   -34.0   -17.3   -12.6
1160.449    -7.8     3.2    -4.0
1162.109    17.5    13.0     5.4
1163.770    21.8    18.4     4.8
1165.430    -6.5    -5.9   -12.5
1167.090   -23.0   -31.7   -15.6
1168.750   -29.6   -28.8   -19.5
1170.410   -14.8    -0.4    -8.4
1172.070    18.8    14.7    -0.1
1173.730    -0.6    -1.7   -18.0
1175.391    -3.3    -8.8   -13.5
1177.051   -26.4   -35.7   -10.4
1178.711   -26.7   -28.5   -17.2
1180.371     9.9    20.2    11.6
1182.031    10.4    24.3    11.4
1183.691     8.4    22.6    -3.0
1185.352   -11.0   -29.9   -11.6
1187.012   -18.9   -37.3   -14.0
1188.672   -22.4   -19.9   -16.4
1190.332    -2.6     3.0     4.8
1191.992    14.3    21.3    12.1
1193.652    -1.2     6.7   -21.3
1195.312    -8.6    -4.5   -27.8
1196.973   -13.6   -35.2    -7.8
1198.633   -17.8   -19.2   -14.9
1200.293     0.0    -0.7     0.3
1201.953     1.8    16.9    11.2
1203.613     0.5     0.2   -20.9
1205.273   -12.7   -17.9   -12.8
1206.934   -18.0   -32.3    -6.8
1208.594   -14.2   -17.0   -15.6
1210.254     2.1     2.7    -1.4
1211.914     8.5    20.8    11.2
1213.574     3.2    11.3   -14.3
1215.234    -9.7   -20.9   -23.2
1216.895   -16.5   -28.1    -3.3
1218.555   -10.5   -16.7   -22.8
1220.215    -7.3    -7.1   -17.3
1221.875     5.1    22.1    18.5
1223.535     1.3    -5.5   -19.2
1225.195   -15.6   -25.8    -4.1
1226.855   -16.7   -26.7    -6.3
1228.516   -18.3   -19.6   -13.7
1230.176     6.7    -1.3    -4.6
1231.836     5.2    11.0     0.2
1233.496    -2.9    23.6     1.2
1235.156     0.6   -29.0   -12.9
1236.816   -13.8   -30.6    -7.6
1238.477   -22.3   -10.2    -8.8
1240.137     7.1     5.0    -0.5
1241.797     3.3    10.5    -3.3
1243.457    -5.1     6.2    -7.3
1245.117    -3.6   -10.9    -1.7
1246.777    -5.7   -23.9   -10.7
1248.438   -20.0   -24.0   -22.4
1250.098   -17.6    -5.3    -8.7
1251.758     1.1    14.4     6.8
1253.418    14.5    -3.6    -9.0
1255.078    14.4    -2.7    -9.6
1256.738     2.4    -8.2    -0.8
1258.398   -28.0   -27.4   -23.7
1260.059   -16.2   -15.8    -9.3
1261.719     6.1     9.0     5.1
1263.379    10.0    14.5    -1.4
1265.039     9.8     6.8    -4.9
1266.699    -2.7    -1.1     7.3
1268.359   -22.9   -30.9   -26.6
1270.020   -16.2   -25.5   -17.7
1271.680     0.8     8.9    13.0
1273.340     1.3    -2.2   -20.1
1275.000    18.9    -5.9    -0.9
1276.660    -9.1    -5.1     2.9
1278.320   -30.8   -22.0   -31.8
1279.980   -13.1   -28.4    -3.3
1281.641     4.1     6.6    13.3
1283.301     1.0    10.7   -10.1
1284.961     2.1    -6.8    -3.2
1286.621   -20.8    -8.6   -14.5
1288.281   -31.8   -17.3   -30.6
1289.941   -11.9   -17.9    -1.3
1291.602    11.3     0.3     2.5
1293.262     7.6     9.5   -11.4
1294.922    -0.7    -4.7    -6.5
1296.582   -24.7   -12.2   -10.5
1298.242   -20.3   -17.6   -15.9
1299.902    -2.9   -11.5     0.0
1301.562     5.4     7.6     4.7
1303.223    10.0     4.5    -7.2
1304.883   -10.8    -5.8   -14.1
1306.543   -22.6    -5.6   -10.7
1308.203   -25.2   -17.5   -14.5
1309.863     3.0   -11.8    -9.8
1311.523    10.9    14.3    23.0
1313.184    11.5     3.3     4.2
1314.844    -0.1   -10.4   -21.9
1316.504   -18.7   -11.1   -25.2
1318.164   -36.6   -12.6   -12.4
1319.824    10.9    -8.5    -5.2
1321.484    18.4     3.2     7.6
1323.145    10.2     4.8     6.4
1324.805   -12.6   -10.3   -25.4
1326.465   -37.7   -26.1   -26.2
1328.125   -19.3   -15.3   -12.5
1329.785   -17.1   -11.9   -10.1
1331.445    27.4     7.4    13.4
1333.105     9.0     5.2     1.5
1334.766   -28.2   -14.7   -13.5
1336.426   -37.0   -35.8   -29.0
1338.086   -29.9   -23.6   -29.4
1339.746     9.8    10.6    18.6
1341.406    30.3     7.8     1.0
1343.066    12.2    -0.1    -6.0
1344.727   -29.2   -17.8    -7.1
1346.387   -46.3   -38.6   -35.0
1348.047   -33.1   -30.8   -42.2
1349.707    -4.9    -2.7     7.5
1351.367    33.5    17.8    14.0
1353.027     7.9     3.7    -4.4
1354.688   -43.4   -25.4   -18.9
1356.348   -43.6   -32.1   -35.5
1358.008   -37.2   -29.4   -36.3
1359.668    24.1     5.0    23.2
1361.328    21.2    18.1     2.2
1362.988    -4.1    -3.0    -9.4
1364.648   -20.1   -17.2    -1.0
1366.309   -43.1   -24.4   -31.7
1367.969    -7.1   -16.4   -13.4
1369.629    14.5    14.3    28.6
1371.289    29.0    25.2    21.9
1372.949    -5.1    -6.6   -20.9
1374.609   -24.5   -23.6   -11.3
1376.270   -35.6   -25.9   -20.0
1377.930     6.4   -16.1    -9.6
1379.590    15.1    14.7    28.9
1381.250    16.4    16.6    -2.2
1382.910    -9.8   -11.1   -29.7
1384.570   -18.9   -24.5   -23.5
1386.230   -38.9   -23.5   -19.9
1387.891    -6.3   -20.4   -20.6
1389.551    24.7    10.4    13.1
1391.211    19.9    20.5    19.3
1392.871   -17.3   -18.5   -29.4
1394.531   -41.8   -26.7   -14.8
1396.191   -34.2   -23.3   -16.4
1397.852   -33.1   -19.2   -14.6
1399.512    26.9     8.7     9.9
1401.172    33.3    21.6    20.7
1402.832   -19.9   -17.1   -25.9
1404.492   -31.5   -24.8   -23.0
1406.152   -25.1   -19.8   -10.8
1407.812    -5.4    -4.1    -5.8
1409.473    31.6    17.6    21.5
1411.133    22.9    15.2     4.9
1412.793    -4.1     2.5   -11.1
1414.453   -29.1   -22.6   -15.1
1416.113   -27.4   -22.1   -24.4
1417.773    -4.0     1.5     6.4
1419.434    17.7    15.9    16.5
1421.094    24.4    12.5    12.5
1422.754    14.1    13.0     0.8
1424.414   -31.6   -27.6   -15.5
1426.074   -35.7   -24.3   -21.9
1427.734    -8.1   -15.7   -15.8
1429.395     0.3   -10.6    -4.2
1431.055    21.2    11.1    12.5
1432.715    -4.8     0.6   -20.7
1434.375    -3.6     0.7   -17.6
1436.035   -23.3   -30.7   -19.1
1437.695   -29.3   -19.5   -28.7
1439.355    -4.9    -9.5     2.0
1441.016    15.3    21.0    11.3
1442.676     6.4    16.0    -8.9
1444.336     1.6    -6.8   -12.3
1445.996    -5.9   -15.5   -10.7
1447.656   -27.8   -21.4   -27.5
1449.316   -26.3   -20.1   -23.7
1450.977     9.1     8.8    11.3
1452.637     9.2    18.7    -9.8
1454.297    -0.5     0.7    -4.1
1455.957   -12.7   -24.5   -13.7
1457.617   -16.8   -27.5   -28.0
1459.277   -15.4   -20.9   -18.1
1460.938   -11.2     0.9     6.4
1462.598     3.3    16.2    -1.4
1464.258     7.1     5.8   -18.9
1465.918    -2.5    -6.1     5.4
1467.578   -11.0   -15.6    -8.1
1469.238   -11.5   -28.5   -18.8
1470.898    -9.9   -22.6   -17.4
1472.559   -10.3    14.9     0.1
1474.219    -3.4     5.2   -15.0
1475.879    19.1    -3.3    -3.9
1477.539    -2.2    -5.7    -7.4
1479.199   -13.6   -15.3    -8.7
1480.859   -21.2   -32.8   -20.4
1482.520   -20.1     6.6    -4.0
1484.180     6.1    10.3    -3.5
1485.840    20.1     3.4    -6.2
1487.500    10.3    -5.0    -1.4
1489.160   -22.4   -24.9   -13.0
1490.820    -7.7   -21.0   -18.3
1492.480    -8.4    -3.3    -8.5
1494.141    -4.8    17.4    -1.7
1495.801    12.7    10.6    -1.2
1497.461     4.9    -5.5    -3.7
1499.121   -15.5   -25.3    -8.8
1500.781   -14.4   -17.3    -6.5
1502.441   -12.6    -9.2   -16.8
1504.102     1.9    10.5   -16.3
1505.762     4.1    22.1     6.6
1507.422     4.9    -2.8    -0.1
1509.082   -12.6   -38.6   -26.2
1510.742   -17.0   -24.3    -9.7
1512.402   -12.6    -1.3    -2.4
1514.062     2.1     0.0   -28.9
1515.723    11.1    13.1   -14.2
1517.383    -3.6    -1.1    -4.8
1519.043   -14.5   -35.0   -29.5
1520.703   -12.8   -29.5     6.2
1522.363    -2.9   -13.9    15.8
1524.023     0.5     5.2   -23.8
1525.684     8.1    10.0    -5.0
1527.344     4.9    10.0    10.6
1529.004   -17.1   -20.0   -29.0
1530.664   -11.4   -40.1    -7.2
1532.324    -8.8   -17.5     9.4
1533.984    -2.1    12.9    -9.1
1535.645     0.0    12.6   -14.1
1537.305     7.2     0.3    -2.6
1538.965   -24.9   -17.8   -26.9
1540.625   -22.3   -31.9   -10.6
1542.285   -21.6   -30.0    -5.1
1543.945     1.6     1.4     4.5
1545.605     8.0    13.4    -8.5
1547.266     1.3     3.3   -10.0
1548.926   -20.1    -8.1   -12.6
1550.586   -21.6   -28.1   -21.5
1552.246    -5.7    -1.9     6.7
1553.906     6.1     1.4    11.7
1555.566     7.5     7.4     0.3
1557.227    -2.1     0.0   -14.1
1558.887   -21.7    -0.3     1.7
1560.547   -16.9   -27.0   -23.2
1562.207   -11.6    -8.2    -7.6
1563.867    -8.0     6.6    17.1
1565.527    11.1    -2.9    -9.7
1567.188    10.8    -4.4   -12.0
1568.848    -6.5    -1.8    -5.4
1570.508   -26.1   -18.5   -15.2
1572.168   -18.1   -19.3   -21.3
1573.828     1.5     3.0    18.8
1575.488    13.6     5.9   -10.1
1577.148     3.3    -2.1   -18.9
1578.809   -20.3   -17.4    -9.7
1580.469   -30.1   -19.6   -23.5
1582.129   -17.3   -15.6   -14.0
1583.789    -6.5    -3.1    -4.0
1585.449    10.6    10.2     0.4
1587.109     4.2    -5.8    -6.6
1588.770   -20.4   -24.3   -26.0
1590.430   -26.4   -13.8   -16.3
1592.090    -5.5    -6.3     1.2
1593.750    -7.0    -4.4     0.6
1595.410     8.0     7.5    -6.0
1597.070     6.7     4.7    -0.6
1598.730     7.7    -5.9     6.0
1600.391   -17.3   -22.9   -32.4
1602.051   -27.0    -8.7   -11.6
1603.711   -14.5    -2.2     1.8
1605.371    -1.6    -9.4   -15.9
1607.031     9.7     2.7    -7.0
1608.691     0.4    -5.5    -0.9
1610.352   -20.4   -15.3   -32.4
1612.012   -23.1   -21.4    -9.6
1613.672   -13.1    -3.7     0.5
1615.332    -2.7    -5.5   -23.1
1616.992     7.4   -10.6    -2.1
1618.652     2.1     2.0     4.3
1620.312   -20.3   -15.0   -34.4
1621.973   -14.9   -17.0    -2.2
1623.633   -20.5   -14.7    -4.4
1625.293    -3.0     4.3   -12.6
1626.953     6.7   -10.5     0.1
1628.613    11.6     9.0    13.2
1630.273   -14.6   -10.8   -35.2
1631.934   -18.1   -12.8    -1.4
1633.594   -13.8    -3.6     6.5
1635.254     1.8   -18.4   -18.1
1636.914     6.3   -19.7   -14.7
1638.574    -9.8    10.7     5.4
1640.234   -15.9     9.1   -14.3
1641.895   -24.9   -27.4   -26.7
1643.555   -11.9   -14.1    -2.1
1645.215    10.6    -6.0    -6.6
1646.875    11.8    -6.0    -6.6
1648.535    10.6     0.0    -4.4
1650.195   -25.6    -4.5    -5.3
1651.855   -20.6   -19.9   -19.2
1653.516    -3.3   -13.1    -0.7
1655.176    -1.6    -3.6    -1.3
1656.836     5.9    -7.1    -3.9
1658.496    -5.2    -8.3    -5.4
1660.156   -22.9   -10.5   -15.9
1661.816   -35.2   -14.7   -25.4
1663.477     1.3    -0.2     0.4
1665.137    17.4     0.0     8.8
1666.797    13.0    -0.6    -2.2
1668.457     4.6     0.7     2.5
1670.117   -23.3   -11.5   -19.1
1671.777   -31.9   -17.5   -24.4
1673.438     1.1    -0.4    17.5
1675.098    21.1     8.0    12.7
1676.758    30.4     4.8    -2.1
1678.418   -11.4    -7.5     2.3
1680.078   -28.7   -10.6   -19.4
1681.738   -28.9   -25.2   -27.7
1683.398   -20.6   -17.3   -12.9
1685.059    16.0    12.9    -0.1
1686.719    30.1    18.4    -6.0
1688.379     5.6    -8.4     5.8
1690.039   -43.5   -27.7   -28.3
1691.699   -38.7   -33.6   -33.5
1693.359     8.5     0.5     7.4
1695.020     4.0    11.4     4.0
1696.680     4.7     2.0     0.7
1698.340    10.7    -1.3     6.9

