1.935262604e+02,4.033393925e-04
1.937292786e+02,-1.867979532e-03
1.939322968e+02,-1.644903678e-04
1.941353455e+02,4.844579089e-04
1.943384094e+02,-5.700830370e-04
1.945414886e+02,-1.191991847e-03
1.947445831e+02,-1.002715202e-03
1.949476929e+02,-4.078459751e-04
1.951508179e+02,1.329442603e-04
1.953539734e+02,8.900506073e-04
1.955571442e+02,1.059047499e-04
1.957603149e+02,6.196554750e-04
1.959635010e+02,1.025248086e-03
1.961667175e+02,-2.726484090e-04
1.963699341e+02,-5.700830370e-04
1.965731812e+02,7.548530120e-04
1.967764435e+02,-8.404781693e-04
1.969797211e+02,-6.241620285e-04
1.971830139e+02,2.411023161e-04
1.973863220e+02,-1.516465913e-03
1.975896301e+02,-2.057256177e-03
1.977929840e+02,-1.462386921e-03
1.979963379e+02,-8.134386153e-04
1.981997070e+02,5.385369295e-04
1.984030914e+02,8.630110533e-04
1.986064911e+02,-3.537669545e-04
1.988099365e+02,-2.273572143e-03
1.990133667e+02,-1.273110276e-03
1.992168121e+02,-1.002715202e-03
1.994202881e+02,-9.215966566e-04
1.996237793e+02,-1.374508429e-04
1.998272705e+02,-1.300149830e-03
2.000308075e+02,-1.300149830e-03
2.002343292e+02,-2.976599615e-03
2.004378815e+02,-7.863991195e-04
2.006414642e+02,-5.160039873e-04
2.008450317e+02,1.160445740e-03
2.010486298e+02,-2.996879048e-04
2.012522583e+02,-6.512015825e-04
2.014558868e+02,-4.348854709e-04
2.016595306e+02,-9.486362105e-04
2.018632050e+02,-8.675176650e-04
2.020668793e+02,-1.029754756e-03
2.022705688e+02,-1.381268376e-03
2.024742889e+02,2.140628058e-04
2.026780090e+02,-8.404781693e-04
2.028817596e+02,-7.323201280e-04
2.030855103e+02,-1.462386921e-03
2.032893066e+02,-3.808064503e-04
2.034930878e+02,-1.354228822e-03
2.036968994e+02,5.114974338e-04
2.039007263e+02,-6.782410783e-04
2.041045685e+02,3.222208470e-04
2.043084259e+02,-1.732781995e-03
2.045122986e+02,-1.543505467e-03
2.047162018e+02,-1.867979532e-03
2.049200897e+02,-8.134386153e-04
2.051240234e+02,7.818925660e-04
2.053279572e+02,-1.104113398e-04
2.055319214e+02,-1.624624012e-03
2.057358856e+02,-3.537669545e-04
2.059398804e+02,-1.786861103e-03
2.061438751e+02,-7.593596238e-04
2.063479004e+02,-1.976137515e-03
2.065519257e+02,-5.700830370e-04
2.067559814e+02,-7.323201280e-04
2.069600525e+02,-4.078459751e-04
2.071641388e+02,-2.030216623e-03
2.073682251e+02,-1.570544904e-03
2.075723572e+02,1.599837706e-04
2.077764740e+02,-8.337182953e-05
2.079806213e+02,-8.404781693e-04
2.081847992e+02,6.737344665e-04
2.083889771e+02,-1.678703004e-03
2.085931702e+02,-1.813900541e-03
2.087973785e+02,-2.003177069e-03
2.090016174e+02,-1.678703004e-03
2.092058563e+02,-2.192453714e-03
2.094101105e+02,-1.374508429e-04
2.096143951e+02,-1.516465913e-03
2.098186798e+02,-5.430435413e-04
2.100229950e+02,-9.486362105e-04
2.102273254e+02,5.926159793e-04
2.104316559e+02,7.278135163e-04
2.106360168e+02,6.466949708e-04
2.108403778e+02,-2.760283416e-03
2.110447693e+02,1.133406186e-03
2.112491760e+02,-1.516465913e-03
2.114535980e+02,5.182572932e-05
2.116580353e+02,-1.516465913e-03
2.118624878e+02,2.079789061e-03
2.120669556e+02,-9.756757063e-04
2.122714386e+02,8.630110533e-04
2.124759521e+02,-4.078459751e-04
2.126804504e+02,-2.726484090e-04
2.128849945e+02,-2.111335285e-03
2.130895386e+02,2.106828615e-03
2.132940979e+02,-2.726484090e-04
2.134986877e+02,-1.164952293e-03
2.137032928e+02,8.089320618e-04
2.139078827e+02,-1.435347367e-03
2.141125183e+02,-2.462848788e-03
2.143171692e+02,7.007740205e-04
2.145218353e+02,8.359715575e-04
2.147265015e+02,-4.889644915e-04
2.149311981e+02,-1.137912739e-03
2.151359100e+02,5.385369295e-04
2.153406219e+02,-2.598046325e-03
2.155453644e+02,1.430840814e-03
2.157501221e+02,-9.756757063e-04
2.159549103e+02,-2.929280345e-05
2.161596832e+02,-8.945571608e-04
2.163644867e+02,3.762998676e-04
2.165693207e+02,-1.110873302e-03
2.167741547e+02,-5.700830370e-04
2.169789886e+02,-2.381730359e-03
2.171838684e+02,-1.354228822e-03
2.173887482e+02,-1.056794194e-03
2.175936584e+02,-1.462386921e-03
2.177985535e+02,4.574184131e-04
2.180034943e+02,2.681418264e-04
2.182084503e+02,7.886523963e-05
2.184134064e+02,-1.516465913e-03
2.186183929e+02,-1.164952293e-03
2.188233795e+02,-5.700830370e-04
2.190283966e+02,-1.678703004e-03
2.192334137e+02,-6.512015825e-04
2.194384613e+02,-1.644903678e-04
2.196435242e+02,4.844579089e-04
2.198485870e+02,-6.512015825e-04
2.200536804e+02,3.762998676e-04
2.202587891e+02,-1.895019086e-03
2.204639130e+02,-1.002715202e-03
2.206690521e+02,-1.759821549e-03
2.208742065e+02,-1.462386921e-03
2.210793762e+02,-4.619249958e-04
2.212845612e+02,-2.929280345e-05
2.214897614e+02,-2.111335285e-03
2.216949921e+02,-2.726484090e-04
2.219002228e+02,3.222208470e-04
2.221054535e+02,-5.430435413e-04
2.223107300e+02,-6.241620285e-04
2.225160065e+02,1.059047499e-04
2.227213135e+02,-2.246532822e-03
2.229266205e+02,3.762998676e-04
2.231319580e+02,-7.593596238e-04
2.233372955e+02,-1.644903678e-04
2.235426483e+02,-2.165414160e-03
2.237480164e+02,-1.137912739e-03
2.239534149e+02,-9.756757063e-04
2.241588287e+02,-1.408307930e-03
2.243642578e+02,-1.219031285e-03
2.245696869e+02,-5.160039873e-04
2.247751465e+02,-1.678703004e-03
2.249806213e+02,-1.840940095e-03
2.251861115e+02,-1.300149830e-03
2.253916016e+02,1.059047499e-04
2.255971222e+02,-8.337182953e-05
2.258026581e+02,1.079327194e-03
2.260082092e+02,-8.945571608e-04
2.262137756e+02,-1.219031285e-03
2.264193573e+02,-1.922058640e-03
2.266249542e+02,-7.863991195e-04
2.268305664e+02,-1.164952293e-03
2.270361938e+02,5.655764253e-04
2.272418518e+02,8.359715575e-04
2.274475098e+02,-7.863991195e-04
2.276531677e+02,-2.679164987e-03
2.278588562e+02,-4.348854709e-04
2.280645752e+02,-2.057256177e-03
2.282702942e+02,8.630110533e-04
2.284760437e+02,-2.219493268e-03
2.286817932e+02,-2.456088841e-04
2.288875580e+02,-6.241620285e-04
2.290933533e+02,-1.786861103e-03
2.292991486e+02,-1.300149830e-03
2.295049744e+02,2.539460780e-03
2.297108154e+02,-9.215966566e-04
2.299166565e+02,5.385369295e-04
2.301225281e+02,-6.241620285e-04
2.303284149e+02,4.844579089e-04
2.305343018e+02,-2.787322970e-03
2.307402191e+02,7.886523963e-05
2.309461517e+02,-2.679164987e-03
2.311520844e+02,5.655764253e-04
2.313580475e+02,-2.726484090e-04
2.315640259e+02,-1.002715202e-03
2.317700195e+02,-1.374508429e-04
2.319760132e+02,3.762998676e-04
2.321820374e+02,-1.435347367e-03
2.323880768e+02,-4.889644915e-04
2.325941315e+02,-5.700830370e-04
2.328002014e+02,-1.002715202e-03
2.330062866e+02,-8.134386153e-04
2.332123871e+02,-3.808064503e-04
2.334185028e+02,-1.164952293e-03
2.336246338e+02,-1.002715202e-03
2.338307800e+02,-2.165414160e-03
2.340369415e+02,1.430840814e-03
2.342431335e+02,-1.651663450e-03
2.344493256e+02,8.630110533e-04
2.346555328e+02,-1.435347367e-03
2.348617554e+02,-4.348854709e-04
2.350680084e+02,-1.110873302e-03
2.352742615e+02,8.089320618e-04
2.354805450e+02,-1.110873302e-03
2.356868439e+02,-1.374508429e-04
2.358931427e+02,-6.241620285e-04
2.360994568e+02,3.222208470e-04
2.363058014e+02,-1.273110276e-03
2.365121460e+02,-1.002715202e-03
2.367185211e+02,-3.219955135e-03
2.369248962e+02,-1.056794194e-03
2.371313019e+02,-1.219031285e-03
2.373377075e+02,5.114974338e-04
2.375441437e+02,-7.593596238e-04
2.377505951e+02,-2.929280345e-05
2.379570465e+02,-1.462386921e-03
2.381635284e+02,-1.624624012e-03
2.383700256e+02,-4.078459751e-04
2.385765228e+02,9.170901030e-04
2.387830505e+02,1.329442603e-04
2.389895935e+02,-2.253292678e-06
2.391961365e+02,1.160445740e-03
2.394027100e+02,-5.430435413e-04
2.396092987e+02,-1.732781995e-03
2.398159027e+02,5.385369295e-04
2.400225372e+02,-2.543967450e-03
2.402291718e+02,-5.700830370e-04
2.404358063e+02,-1.705742558e-03
2.406424713e+02,-3.267274296e-04
2.408491516e+02,-1.219031285e-03
2.410558472e+02,4.574184131e-04
2.412625580e+02,-3.490350209e-03
2.414692841e+02,-2.726484090e-04
2.416760254e+02,3.222208470e-04
2.418827820e+02,-5.633231558e-05
2.420895538e+02,1.052287640e-03
2.422963409e+02,-2.456088841e-04
2.425031586e+02,-1.976137515e-03
2.427099915e+02,-1.915298781e-04
2.429168243e+02,1.349722268e-03
2.431236725e+02,2.187947044e-03
2.433305359e+02,-1.678703004e-03
2.435374146e+02,-4.889644915e-04
2.437443085e+02,1.870232809e-04
2.439512329e+02,-7.052805740e-04
2.441581573e+02,-1.219031285e-03
2.443650970e+02,-1.570544904e-03
2.445720673e+02,-2.219493268e-03
2.447790527e+02,-1.570544904e-03
2.449860382e+02,-1.056794194e-03
2.451930389e+02,9.170901030e-04
2.454000702e+02,-2.138374606e-03
2.456071014e+02,9.170901030e-04
2.458141479e+02,-2.253292678e-06
2.460212250e+02,2.681418264e-04
2.462283020e+02,-1.813900541e-03
2.464354248e+02,-7.863991195e-04
2.466425323e+02,-1.219031285e-03
2.468496704e+02,1.268603723e-03
2.470568085e+02,-1.083833748e-03
2.472639618e+02,-1.705742558e-03
2.474711456e+02,-1.137912739e-03
2.476783295e+02,4.844579089e-04
2.478855591e+02,-1.137912739e-03
2.480927887e+02,-9.215966566e-04
2.483000183e+02,7.886523963e-05
2.485072784e+02,-9.215966566e-04
2.487145386e+02,-7.593596238e-04
2.489218292e+02,-2.996879048e-04
2.491291199e+02,9.170901030e-04
2.493364563e+02,-2.456088841e-04
2.495437927e+02,-1.219031285e-03
2.497511292e+02,-6.512015825e-04
2.499584961e+02,5.655764253e-04
2.501658783e+02,-2.814362524e-03
2.503732605e+02,-8.337182953e-05
2.505806885e+02,-4.078459751e-04
2.507881165e+02,-6.241620285e-04
2.509955597e+02,5.114974338e-04
2.512030029e+02,1.836433541e-03
2.514104767e+02,4.033393925e-04
2.516179657e+02,1.599837706e-04
2.518254852e+02,1.059047499e-04
2.520329895e+02,-2.253292678e-06
2.522405243e+02,1.647156896e-03
2.524480743e+02,-1.327189384e-03
2.526556396e+02,-1.219031285e-03
2.528632202e+02,-1.056794194e-03
2.530708160e+02,5.182572932e-05
2.532784271e+02,-1.922058640e-03
2.534860535e+02,-9.215966566e-04
2.536936951e+02,-1.570544904e-03
2.539013519e+02,-1.164952293e-03
2.541090393e+02,-1.644903678e-04
2.543167267e+02,-2.726484090e-04
2.545244293e+02,-1.915298781e-04
2.547321472e+02,1.160445740e-03
2.549398804e+02,2.478621900e-05
2.551476288e+02,-1.644903678e-04
2.553553925e+02,-1.840940095e-03
2.555631714e+02,4.844579089e-04
2.557709656e+02,-8.675176650e-04
2.559787750e+02,-2.726484090e-04
2.561866150e+02,-2.996879048e-04
2.563944702e+02,2.404263243e-03
2.566022949e+02,-1.759821549e-03
2.568101807e+02,-1.570544904e-03
2.570180969e+02,1.593077905e-03
2.572259827e+02,6.466949708e-04
2.574338989e+02,-2.381730359e-03
2.576418457e+02,9.711690946e-04
2.578497925e+02,-4.348854709e-04
2.580577698e+02,4.574184131e-04
2.582657166e+02,-2.381730359e-03
2.584737244e+02,-4.889644915e-04
2.586817627e+02,-1.137912739e-03
2.588897705e+02,-1.915298781e-04
2.590978088e+02,-8.945571608e-04
2.593058472e+02,-1.678703004e-03
2.595139465e+02,-2.408769913e-03
2.597220459e+02,-1.895019086e-03
2.599301147e+02,1.870232809e-04
2.601382751e+02,9.711690946e-04
2.603463745e+02,-5.430435413e-04
2.605545349e+02,5.182572932e-05
2.607627258e+02,-2.929280345e-05
2.609708862e+02,-3.977061249e-03
2.611790771e+02,-5.430435413e-04
2.613872986e+02,8.630110533e-04
2.615955200e+02,-1.137912739e-03
2.618037720e+02,-9.215966566e-04
2.620120239e+02,-7.593596238e-04
2.622203064e+02,1.295643277e-03
2.624285889e+02,-5.430435413e-04
2.626368713e+02,1.160445740e-03
2.628452148e+02,-1.922058640e-03
2.630535583e+02,-4.889644915e-04
2.632618713e+02,-5.160039873e-04
2.634702759e+02,-2.003177069e-03
2.636786194e+02,-2.726484090e-04
2.638870239e+02,7.278135163e-04
2.640954590e+02,-1.840940095e-03
2.643038635e+02,4.033393925e-04
2.645122986e+02,-1.949098078e-03
2.647207642e+02,-1.273110276e-03
2.649292297e+02,-6.782410783e-04
2.651377258e+02,-2.706204541e-03
2.653462524e+02,-8.945571608e-04
2.655547485e+02,-1.895019086e-03
2.657632751e+02,-1.354228822e-03
2.659718018e+02,8.900506073e-04
2.661803894e+02,1.870232809e-04
2.663889771e+02,4.844579089e-04
2.665975647e+02,3.222208470e-04
2.668061829e+02,9.170901030e-04
2.670148010e+02,-7.863991195e-04
2.672234192e+02,-3.760745283e-03
2.674320984e+02,-4.078459751e-04
2.676407776e+02,5.114974338e-04
2.678494568e+02,-1.300149830e-03
2.680581665e+02,1.025248086e-03
2.682668457e+02,-2.192453714e-03
2.684755859e+02,-7.863991195e-04
2.686843567e+02,-2.706204541e-03
2.688930969e+02,8.900506073e-04
2.691018982e+02,-1.732781995e-03
2.693106995e+02,-1.624624012e-03
2.695194702e+02,-1.408307930e-03
2.697283020e+02,-4.889644915e-04
2.699371643e+02,-1.813900541e-03
2.701459961e+02,-2.996879048e-04
2.703548584e+02,-9.756757063e-04
2.705637512e+02,-7.593596238e-04
2.707726440e+02,-2.996879048e-04
2.709815674e+02,-1.029754756e-03
2.711905212e+02,-1.732781995e-03
2.713994446e+02,-4.348854709e-04
2.716083984e+02,-2.192453714e-03
2.718173523e+02,-1.644903678e-04
2.720263672e+02,-1.516465913e-03
2.722353821e+02,-5.633231558e-05
2.724443665e+02,-5.430435413e-04
2.726534119e+02,-4.078459751e-04
2.728624878e+02,-4.889644915e-04
2.730715332e+02,4.844579089e-04
2.732806091e+02,-6.241620285e-04
2.734897156e+02,-1.219031285e-03
2.736988220e+02,-7.323201280e-04
2.739079590e+02,5.182572932e-05
2.741170959e+02,-1.110873302e-03
2.743262329e+02,-1.644903678e-04
2.745354309e+02,-8.945571608e-04
2.747446289e+02,4.303788883e-04
2.749537964e+02,-1.381268376e-03
2.751630249e+02,-4.348854709e-04
2.753722839e+02,-1.056794194e-03
2.755815125e+02,8.900506073e-04
2.757907715e+02,-5.430435413e-04
2.760000610e+02,2.681418264e-04
2.762093506e+02,4.574184131e-04
2.764186707e+02,-5.430435413e-04
2.766279907e+02,3.492603428e-04
2.768373108e+02,-4.348854709e-04
2.770466919e+02,-1.354228822e-03
2.772560730e+02,2.951813221e-04
2.774654236e+02,-6.241620285e-04
2.776748352e+02,-8.404781693e-04
2.778842468e+02,-2.976599615e-03
2.780936584e+02,7.818925660e-04
2.783031311e+02,-1.435347367e-03
2.785126038e+02,-1.435347367e-03
2.787220459e+02,5.182572932e-05
2.789315491e+02,3.080250928e-03
2.791410522e+02,1.329442603e-04
2.793505554e+02,-1.644903678e-04
2.795601196e+02,-4.078459751e-04
2.797696838e+02,-7.323201280e-04
2.799792175e+02,7.278135163e-04
2.801888123e+02,1.329442603e-04
2.803984070e+02,-2.929280345e-05
2.806080017e+02,1.268603723e-03
2.808176270e+02,-1.840940095e-03
2.810272827e+02,9.982086485e-04
2.812369385e+02,-1.354228822e-03
2.814465942e+02,4.303788883e-04
2.816563110e+02,4.033393925e-04
2.818660278e+02,2.681418264e-04
2.820757141e+02,-5.430435413e-04
2.822854614e+02,5.114974338e-04
2.824952087e+02,7.007740205e-04
2.827049561e+02,-1.786861103e-03
2.829147339e+02,-9.215966566e-04
2.831245422e+02,6.737344665e-04
2.833343201e+02,-1.624624012e-03
2.835441589e+02,-5.700830370e-04
2.837539978e+02,-1.840940095e-03
2.839638367e+02,6.196554750e-04
2.841737061e+02,-1.949098078e-03
2.843836060e+02,5.926159793e-04
2.845934753e+02,-1.354228822e-03
2.848034058e+02,-1.191991847e-03
2.850133362e+02,-8.675176650e-04
2.852232666e+02,-2.456088841e-04
2.854332275e+02,-8.675176650e-04
2.856432190e+02,-5.700830370e-04
2.858532104e+02,-1.164952293e-03
2.860632019e+02,-1.644903678e-04
2.862732239e+02,1.268603723e-03
2.864832458e+02,-5.971225328e-04
2.866932983e+02,6.737344665e-04
2.869033508e+02,-8.134386153e-04
2.871134338e+02,-1.922058640e-03
2.873235168e+02,7.886523963e-05
2.875336304e+02,3.222208470e-04
2.877437744e+02,-5.700830370e-04
2.879538879e+02,-1.219031285e-03
2.881640320e+02,9.170901030e-04
2.883742065e+02,-2.327651251e-03
2.885844116e+02,1.133406186e-03
2.887945862e+02,1.187485177e-03
2.890048218e+02,7.278135163e-04
2.892150574e+02,-2.300611697e-03
2.894252625e+02,2.755776979e-03
2.896355286e+02,6.466949708e-04
2.898458252e+02,-1.164952293e-03
2.900560913e+02,-5.700830370e-04
2.902663879e+02,-3.537669545e-04
2.904767151e+02,-2.030216623e-03
2.906870728e+02,-7.593596238e-04
2.908973999e+02,-1.570544904e-03
2.911077576e+02,2.681418264e-04
2.913181458e+02,-1.976137515e-03
2.915285034e+02,4.844579089e-04
2.917389221e+02,-3.808064503e-04
2.919493713e+02,1.025248086e-03
2.921598206e+02,-1.516465913e-03
2.923702393e+02,1.059047499e-04
2.925807190e+02,-1.056794194e-03
2.927911987e+02,3.762998676e-04
2.930016785e+02,-1.273110276e-03
2.932121887e+02,-1.732781995e-03
2.934227295e+02,1.329442603e-04
2.936332703e+02,6.466949708e-04
2.938438110e+02,1.079327194e-03
2.940544128e+02,4.033393925e-04
2.942650146e+02,-1.678703004e-03
2.944755859e+02,5.114974338e-04
2.946862183e+02,-3.537669545e-04
2.948968506e+02,1.214524731e-03
2.951074829e+02,-1.705742558e-03
2.953181458e+02,2.160907723e-03
2.955288086e+02,-1.813900541e-03
2.957395325e+02,-9.756757063e-04
2.959501953e+02,-7.593596238e-04
2.961609497e+02,9.711690946e-04
2.963716736e+02,-9.215966566e-04
2.965823975e+02,-2.726484090e-04
2.967931824e+02,-1.137912739e-03
2.970039673e+02,8.630110533e-04
2.972147827e+02,-2.084295731e-03
2.974255676e+02,7.278135163e-04
2.976363831e+02,-1.110873302e-03
2.978472290e+02,-2.030216623e-03
2.980580750e+02,-2.246532822e-03
2.982689514e+02,-5.160039873e-04
2.984798584e+02,-4.619249958e-04
2.986907654e+02,-3.267274296e-04
2.989016418e+02,-2.625085879e-03
2.991125793e+02,5.114974338e-04
2.993235474e+02,5.655764253e-04
2.995344849e+02,-9.215966566e-04
2.997454529e+02,6.737344665e-04
2.999564514e+02,-1.462386921e-03
3.001674500e+02,-7.052805740e-04
3.003784485e+02,-4.619249958e-04
3.005895081e+02,-9.486362105e-04
3.008005676e+02,-1.644903678e-04
3.010116272e+02,-1.002715202e-03
3.012226868e+02,-1.137912739e-03
3.014337769e+02,-7.052805740e-04
3.016448975e+02,3.762998676e-04
3.018559875e+02,-1.137912739e-03
3.020671387e+02,-1.300149830e-03
3.022782898e+02,-8.945571608e-04
3.024894714e+02,-4.348854709e-04
3.027006226e+02,-1.056794194e-03
3.029118347e+02,-1.597584458e-03
3.031230469e+02,6.196554750e-04
3.033342896e+02,3.762998676e-04
3.035455017e+02,2.478621900e-05
3.037567749e+02,2.478621900e-05
3.039680481e+02,-5.430435413e-04
3.041793213e+02,-1.191991847e-03
3.043906250e+02,-8.337182953e-05
3.046019592e+02,-4.078459751e-04
3.048132935e+02,-1.137912739e-03
3.050245972e+02,1.214524731e-03
3.052359619e+02,-1.813900541e-03
3.054473572e+02,-7.863991195e-04
3.056587524e+02,-2.929280345e-05
3.058701172e+02,-1.644903678e-04
3.060815430e+02,-2.516927896e-03
3.062929993e+02,-5.700830370e-04
3.065044556e+02,-2.929280345e-05
3.067158813e+02,-1.029754756e-03
3.069273682e+02,7.886523963e-05
3.071388855e+02,-2.192453714e-03
3.073503723e+02,-4.078459751e-04
3.075618896e+02,7.818925660e-04
3.077734375e+02,-4.889644915e-04
3.079849854e+02,1.329442603e-04
3.081965332e+02,-3.808064503e-04
3.084081116e+02,-1.327189384e-03
3.086197205e+02,-1.570544904e-03
3.088313293e+02,9.711690946e-04
3.090429382e+02,-1.191991847e-03
3.092545776e+02,1.484919805e-03
3.094662476e+02,-1.164952293e-03
3.096779175e+02,-1.408307930e-03
3.098895874e+02,-1.786861103e-03
3.101012878e+02,-4.348854709e-04
3.103130188e+02,-1.273110276e-03
3.105247498e+02,-4.348854709e-04
3.107364807e+02,9.441295988e-04
3.109482422e+02,-4.889644915e-04
3.111600037e+02,-1.597584458e-03
3.113717957e+02,-4.619249958e-04
3.115835876e+02,-2.192453714e-03
3.117954102e+02,1.809393987e-03
3.120072327e+02,-2.516927896e-03
3.122190552e+02,-1.191991847e-03
3.124309387e+02,-2.929280345e-05
3.126428223e+02,1.187485177e-03
3.128547058e+02,5.182572932e-05
3.130665894e+02,-1.462386921e-03
3.132785339e+02,-1.191991847e-03
3.134904480e+02,-7.323201280e-04
3.137024231e+02,-1.624624012e-03
3.139143677e+02,-4.348854709e-04
3.141263428e+02,-1.083833748e-03
3.143383484e+02,-5.430435413e-04
3.145503540e+02,-1.381268376e-03
3.147623596e+02,-7.323201280e-04
3.149743958e+02,-6.782410783e-04
3.151864624e+02,-2.185693884e-04
3.153985291e+02,-1.976137515e-03
3.156105957e+02,9.711690946e-04
3.158226929e+02,-2.165414160e-03
3.160347900e+02,1.870232809e-04
3.162469177e+02,-8.134386153e-04
3.164590454e+02,8.900506073e-04
3.166712036e+02,-1.164952293e-03
3.168833923e+02,-5.633231558e-05
3.170955811e+02,-6.241620285e-04
3.173077393e+02,1.160445740e-03
3.175199585e+02,-7.323201280e-04
3.177322083e+02,2.681418264e-04
3.179444580e+02,-8.404781693e-04
3.181567078e+02,-2.598046325e-03
3.183689575e+02,1.599837706e-04
3.185812378e+02,-1.137912739e-03
3.187935486e+02,-1.300149830e-03
3.190058899e+02,1.133406186e-03
3.192181702e+02,-1.381268376e-03
3.194305420e+02,-1.915298781e-04
3.196428833e+02,7.548530120e-04
3.198552856e+02,-1.354228822e-03
3.200676270e+02,-3.537669545e-04
3.202800598e+02,-4.348854709e-04
3.204924622e+02,-1.570544904e-03
3.207048950e+02,-1.915298781e-04
3.209173279e+02,-3.267274296e-04
3.211297913e+02,-7.323201280e-04
3.213422852e+02,-1.300149830e-03
3.215547791e+02,-5.633231558e-05
3.217672424e+02,-8.134386153e-04
3.219797974e+02,-1.029754756e-03
3.221923218e+02,-1.651663450e-03
3.224048767e+02,-8.945571608e-04
3.226174011e+02,-1.922058640e-03
3.228299866e+02,3.762998676e-04
3.230426025e+02,5.926159793e-04
3.232552185e+02,-8.945571608e-04
3.234678345e+02,-2.996879048e-04
3.236804504e+02,-1.029754756e-03
3.238930969e+02,-2.435809234e-03
3.241057739e+02,-8.945571608e-04
3.243184509e+02,-9.215966566e-04
3.245311279e+02,1.329442603e-04
3.247438354e+02,-1.895019086e-03
3.249565735e+02,-7.593596238e-04
3.251693115e+02,-7.593596238e-04
3.253820496e+02,-4.889644915e-04
3.255948181e+02,-1.705742558e-03
3.258076172e+02,2.411023161e-04
3.260204163e+02,-3.537669545e-04
3.262332153e+02,-1.104113398e-04
3.264460144e+02,-1.489426475e-03
3.266588745e+02,-1.246070839e-03
3.268717346e+02,-1.732781995e-03
3.270845947e+02,9.170901030e-04
3.272974548e+02,-1.137912739e-03
3.275103760e+02,-8.337182953e-05
3.277232666e+02,-1.644903678e-04
3.279362183e+02,1.870232809e-04
3.281491394e+02,-2.300611697e-03
3.283620911e+02,-9.215966566e-04
3.285750732e+02,-1.624624012e-03
3.287880554e+02,6.196554750e-04
3.290010681e+02,6.196554750e-04
3.292140503e+02,5.385369295e-04
3.294270935e+02,-9.215966566e-04
3.296401367e+02,2.404263243e-03
3.298531799e+02,-2.462848788e-03
3.300662231e+02,-4.078459751e-04
3.302793274e+02,-9.486362105e-04
3.304924316e+02,2.478621900e-05
3.307055664e+02,-9.756757063e-04
3.309187012e+02,-3.537669545e-04
3.311318054e+02,-1.462386921e-03
3.313449707e+02,-3.808064503e-04
3.315581360e+02,1.329442603e-04
3.317713318e+02,-4.889644915e-04
3.319845276e+02,-1.408307930e-03
3.321977539e+02,1.674196450e-03
3.324109802e+02,-2.868441399e-03
3.326242371e+02,-1.110873302e-03
3.328374939e+02,-7.593596238e-04
3.330507507e+02,-6.782410783e-04
3.332640381e+02,-2.895480953e-03
3.334773254e+02,-2.726484090e-04
3.336906738e+02,-8.134386153e-04
3.339039612e+02,-9.215966566e-04
3.341173096e+02,-2.030216623e-03
3.343306885e+02,-4.078459751e-04
3.345440674e+02,-7.323201280e-04
3.347574463e+02,1.647156896e-03
3.349708252e+02,-3.267274296e-04
3.351842651e+02,1.059047499e-04
3.353977051e+02,-2.327651251e-03
3.356111450e+02,9.170901030e-04
3.358245850e+02,-3.219955135e-03
3.360380554e+02,-1.354228822e-03
3.362515564e+02,-1.029754756e-03
3.364650574e+02,8.359715575e-04
3.366785889e+02,6.196554750e-04
3.368920898e+02,5.926159793e-04
3.371056519e+02,-1.489426475e-03
3.373192139e+02,-5.633231558e-05
3.375328064e+02,-2.354690805e-03
3.377463989e+02,-3.267274296e-04
3.379599915e+02,-5.700830370e-04
3.381736145e+02,-2.996879048e-04
3.383872375e+02,-2.111335285e-03
3.386008911e+02,6.196554750e-04
3.388145447e+02,-1.516465913e-03
3.390282288e+02,-2.253292678e-06
3.392419128e+02,-2.300611697e-03
3.394556274e+02,1.322682714e-03
3.396693420e+02,-2.354690805e-03
3.398830566e+02,2.160907723e-03
3.400968018e+02,-1.273110276e-03
3.403105774e+02,-1.104113398e-04
3.405243530e+02,-1.354228822e-03
3.407381592e+02,6.737344665e-04
3.409519348e+02,-1.678703004e-03
3.411657715e+02,8.089320618e-04
3.413796082e+02,-8.945571608e-04
3.415934448e+02,-3.808064503e-04
3.418073425e+02,-1.083833748e-03
3.420211792e+02,-1.374508429e-04
3.422350769e+02,-2.929280345e-05
3.424489746e+02,2.431302797e-03
3.426629028e+02,-1.191991847e-03
3.428768616e+02,1.052287640e-03
3.430907898e+02,-1.408307930e-03
3.433047485e+02,5.385369295e-04
3.435187378e+02,-2.841402078e-03
3.437327271e+02,-1.759821549e-03
3.439467163e+02,-4.619249958e-04
3.441607361e+02,-3.808064503e-04
3.443747864e+02,-4.889644915e-04
3.445888367e+02,5.114974338e-04
3.448028870e+02,-7.863991195e-04
3.450169373e+02,1.890512533e-03
3.452310486e+02,-3.808064503e-04
3.454451599e+02,2.411023161e-04
3.456592712e+02,-1.327189384e-03
3.458734131e+02,-1.949098078e-03
3.460875549e+02,2.478621900e-05
3.463017273e+02,2.478621900e-05
3.465158997e+02,-1.164952293e-03
3.467301025e+02,-4.348854709e-04
3.469443054e+02,-1.381268376e-03
3.471585083e+02,-6.782410783e-04
3.473727417e+02,-2.192453714e-03
3.475870056e+02,8.630110533e-04
3.478012695e+02,-3.246994689e-03
3.480155334e+02,-1.137912739e-03
3.482298279e+02,-1.408307930e-03
3.484441223e+02,-2.456088841e-04
3.486584473e+02,6.466949708e-04
3.488728027e+02,1.836433541e-03
3.490871582e+02,5.114974338e-04
3.493014832e+02,7.886523963e-05
3.495158691e+02,-1.435347367e-03
3.497302551e+02,-1.840940095e-03
3.499446716e+02,-1.354228822e-03
3.501590881e+02,-2.456088841e-04
3.503735352e+02,8.359715575e-04
3.505879517e+02,7.548530120e-04
3.508024292e+02,-1.705742558e-03
3.510169067e+02,-9.215966566e-04
3.512314148e+02,-1.374508429e-04
3.514459229e+02,4.303788883e-04
3.516604004e+02,-2.246532822e-03
3.518749390e+02,7.007740205e-04
3.520895081e+02,-4.619249958e-04
3.523040771e+02,-8.404781693e-04
3.525186462e+02,-1.137912739e-03
3.527332153e+02,5.114974338e-04
3.529478149e+02,-1.164952293e-03
3.531624451e+02,7.886523963e-05
3.533770752e+02,-3.537669545e-04
3.535917358e+02,-6.782410783e-04
3.538063660e+02,-2.462848788e-03
3.540210571e+02,-1.705742558e-03
3.542357483e+02,-8.404781693e-04
3.544504700e+02,-1.219031285e-03
3.546651917e+02,-1.246070839e-03
3.548798828e+02,-5.430435413e-04
3.550946350e+02,-5.700830370e-04
3.553093872e+02,3.762998676e-04
3.555241699e+02,-5.971225328e-04
3.557389832e+02,-1.644903678e-04
3.559537964e+02,-1.705742558e-03
3.561685791e+02,-1.246070839e-03
3.563834229e+02,-1.867979532e-03
3.565982666e+02,-4.619249958e-04
3.568131104e+02,-8.404781693e-04
3.570280151e+02,-9.486362105e-04
3.572428589e+02,1.870232809e-04
3.574577637e+02,-9.486362105e-04
3.576726990e+02,-1.644903678e-04
3.578876343e+02,-9.215966566e-04
3.581025696e+02,-1.840940095e-03
3.583175049e+02,3.762998676e-04
3.585325012e+02,1.133406186e-03
3.587474670e+02,-2.381730359e-03
3.589624939e+02,-1.381268376e-03
3.591775208e+02,1.870232809e-04
3.593925476e+02,-1.110873302e-03
3.596075439e+02,1.268603723e-03
3.598226318e+02,-4.619249958e-04
3.600376892e+02,-2.435809234e-03
3.602527771e+02,-7.593596238e-04
3.604678955e+02,-1.915298781e-04
3.606829834e+02,-2.138374606e-03
3.608981018e+02,4.033393925e-04
3.611132507e+02,8.089320618e-04
3.613284302e+02,3.492603428e-04
3.615436096e+02,-1.029754756e-03
3.617587891e+02,1.701235888e-03
3.619739685e+02,-2.192453714e-03
3.621891785e+02,1.870232809e-04
3.624044189e+02,-6.512015825e-04
3.626196594e+02,-1.327189384e-03
3.628348999e+02,-2.057256177e-03
3.630501404e+02,-1.435347367e-03
3.632654419e+02,-1.813900541e-03
3.634807434e+02,-3.808064503e-04
3.636960449e+02,7.548530120e-04
3.639113770e+02,1.052287640e-03
3.641267395e+02,2.478621900e-05
3.643420715e+02,4.033393925e-04
3.645574341e+02,-1.327189384e-03
3.647728271e+02,-7.052805740e-04
3.649882202e+02,-3.030678490e-03
3.652036438e+02,2.951813221e-04
3.654190674e+02,-8.337182953e-05
3.656344604e+02,-8.134386153e-04
3.658499146e+02,-2.165414160e-03
3.660653992e+02,1.268603723e-03
3.662808838e+02,-4.348854709e-04
3.664963684e+02,-1.915298781e-04
3.667118530e+02,-7.593596238e-04
3.669273987e+02,2.681418264e-04
3.671429138e+02,-1.374508429e-04
3.673584900e+02,1.241564285e-03
3.675740356e+02,-6.782410783e-04
3.677896423e+02,-6.782410783e-04
3.680051880e+02,-6.782410783e-04
3.682207947e+02,4.033393925e-04
3.684364319e+02,-1.381268376e-03
3.686520691e+02,1.025248086e-03
3.688677063e+02,5.114974338e-04
3.690833740e+02,1.403801260e-03
3.692990417e+02,1.674196450e-03
3.695147400e+02,5.182572932e-05
3.697304382e+02,-8.404781693e-04
3.699461670e+02,2.681418264e-04
3.701618958e+02,-2.219493268e-03
3.703776550e+02,6.196554750e-04
3.705933838e+02,-1.867979532e-03
3.708091431e+02,-1.435347367e-03
3.710249634e+02,-7.863991195e-04
3.712407532e+02,1.025248086e-03
3.714565735e+02,-8.404781693e-04
3.716723938e+02,7.278135163e-04
3.718882141e+02,-6.512015825e-04
3.721040955e+02,-1.915298781e-04
3.723199768e+02,4.033393925e-04
3.725358582e+02,-1.651663450e-03
3.727517700e+02,-2.111335285e-03
3.729676819e+02,-7.593596238e-04
3.731835632e+02,-3.030678490e-03
3.733995056e+02,5.926159793e-04
3.736154785e+02,1.059047499e-04
3.738314514e+02,1.241564285e-03
3.740474548e+02,-2.435809234e-03
3.742634277e+02,1.944591524e-03
3.744794312e+02,1.106366632e-03
3.746954651e+02,8.359715575e-04
3.749114990e+02,6.196554750e-04
3.751275635e+02,-1.246070839e-03
3.753436279e+02,-2.895480953e-03
3.755597229e+02,4.033393925e-04
3.757757874e+02,-1.191991847e-03
3.759918823e+02,-1.374508429e-04
3.762080078e+02,-1.786861103e-03
3.764241638e+02,-4.619249958e-04
3.766403198e+02,-2.057256177e-03
3.768564758e+02,7.007740205e-04
3.770726318e+02,-1.191991847e-03
3.772888184e+02,-2.996879048e-04
3.775050354e+02,-4.078459751e-04
3.777212524e+02,-1.300149830e-03
3.779375000e+02,-7.052805740e-04
3.781537476e+02,1.052287640e-03
3.783699951e+02,3.492603428e-04
3.785862732e+02,1.241564285e-03
3.788025513e+02,-2.625085879e-03
3.790188599e+02,4.033393925e-04
3.792351990e+02,-6.782410783e-04
3.794515076e+02,-8.134386153e-04
3.796678467e+02,-1.949098078e-03
3.798841858e+02,1.349722268e-03
3.801005859e+02,-2.253292678e-06
3.803169556e+02,4.574184131e-04
3.805333862e+02,-4.078459751e-04
3.807497864e+02,-6.782410783e-04
3.809662170e+02,-5.971225328e-04
3.811826477e+02,4.033393925e-04
3.813991089e+02,9.711690946e-04
3.816155701e+02,-1.813900541e-03
3.818320618e+02,-1.786861103e-03
3.820485535e+02,1.329442603e-04
3.822650757e+02,-2.165414160e-03
3.824815674e+02,-1.644903678e-04
3.826981201e+02,-2.679164987e-03
3.829146729e+02,-3.537669545e-04
3.831312256e+02,-2.571006771e-03
3.833478088e+02,-1.191991847e-03
3.835644226e+02,-1.083833748e-03
3.837810364e+02,-1.002715202e-03
3.839976196e+02,2.411023161e-04
3.842142639e+02,1.599837706e-04
3.844309082e+02,2.478621900e-05
3.846475830e+02,8.630110533e-04
3.848642578e+02,-1.949098078e-03
3.850809631e+02,-2.726484090e-04
3.852976379e+02,-2.192453714e-03
3.855143433e+02,-1.732781995e-03
3.857310791e+02,-1.786861103e-03
3.859478455e+02,-1.705742558e-03
3.861646118e+02,-2.456088841e-04
3.863813782e+02,9.441295988e-04
3.865981750e+02,7.278135163e-04
3.868149414e+02,5.926159793e-04
3.870317688e+02,-1.922058640e-03
3.872485962e+02,6.466949708e-04
3.874654541e+02,1.620117342e-03
3.876823120e+02,7.007740205e-04
3.878991699e+02,-2.165414160e-03
3.881160278e+02,-1.029754756e-03
3.883329468e+02,-3.057718044e-03
3.885498657e+02,5.182572932e-05
3.887667847e+02,-2.381730359e-03
3.889837341e+02,-1.300149830e-03
3.892006836e+02,1.599837706e-04
3.894176331e+02,-7.052805740e-04
3.896346130e+02,-3.808064503e-04
3.898515930e+02,1.052287640e-03
3.900686035e+02,-7.323201280e-04
3.902856445e+02,-4.619249958e-04
3.905026855e+02,-2.929280345e-05
3.907197266e+02,-6.782410783e-04
3.909367981e+02,-1.354228822e-03
3.911538391e+02,-1.976137515e-03
3.913709412e+02,-8.134386153e-04
3.915880432e+02,-5.633231558e-05
3.918051453e+02,7.886523963e-05
3.920223083e+02,-1.191991847e-03
3.922394409e+02,-2.003177069e-03
3.924566040e+02,1.403801260e-03
3.926737366e+02,-1.644903678e-04
3.928909302e+02,1.025248086e-03
3.931081543e+02,-9.486362105e-04
3.933253479e+02,-8.337182953e-05
3.935426025e+02,-1.191991847e-03
3.937598267e+02,7.548530120e-04
3.939770508e+02,1.241564285e-03
3.941943359e+02,7.007740205e-04
3.944116211e+02,2.140628058e-04
3.946289062e+02,7.548530120e-04
3.948462219e+02,-1.354228822e-03
3.950635681e+02,-1.570544904e-03
3.952808838e+02,-1.104113398e-04
3.954982300e+02,-1.354228822e-03
3.957155762e+02,-2.185693884e-04
3.959329529e+02,-7.593596238e-04
3.961503601e+02,-5.430435413e-04
3.963677673e+02,5.926159793e-04
3.965852051e+02,7.548530120e-04
3.968026123e+02,2.242026152e-03
3.970200806e+02,-5.700830370e-04
3.972375183e+02,-1.915298781e-04
3.974549866e+02,-2.354690805e-03
3.976724854e+02,-1.543505467e-03
3.978899841e+02,-1.354228822e-03
3.981074829e+02,-1.570544904e-03
3.983250122e+02,-1.002715202e-03
3.985425720e+02,7.007740205e-04
3.987601013e+02,-1.759821549e-03
3.989776611e+02,7.278135163e-04
3.991952515e+02,-8.945571608e-04
3.994128418e+02,-7.052805740e-04
3.996304626e+02,-7.323201280e-04
3.998480835e+02,-7.593596238e-04
4.000657349e+02,-1.624624012e-03
4.002833557e+02,-1.624624012e-03
4.005010376e+02,-2.057256177e-03
4.007187195e+02,-9.215966566e-04
4.009364014e+02,-3.544429317e-03
4.011541138e+02,1.349722268e-03
4.013718262e+02,-2.273572143e-03
4.015895691e+02,1.511959359e-03
4.018072815e+02,-1.624624012e-03
4.020250549e+02,-1.104113398e-04
4.022428284e+02,-2.814362524e-03
4.024606018e+02,-1.867979532e-03
4.026784058e+02,3.762998676e-04
4.028962402e+02,4.303788883e-04
4.031140747e+02,-1.516465913e-03
4.033319092e+02,1.870232809e-04
4.035497437e+02,-3.267274296e-04
4.037676086e+02,-4.619249958e-04
4.039855042e+02,9.711690946e-04
4.042033997e+02,-2.003177069e-03
4.044212952e+02,2.951813221e-04
4.046392212e+02,-1.002715202e-03
4.048571777e+02,-7.323201280e-04
4.050751038e+02,-8.337182953e-05
4.052930603e+02,-1.462386921e-03
4.055110474e+02,2.160907723e-03
4.057290344e+02,-1.678703004e-03
4.059470520e+02,-1.327189384e-03
4.061650696e+02,4.303788883e-04
4.063830872e+02,1.599837706e-04
4.066011353e+02,-4.078459751e-04
4.068191833e+02,-1.435347367e-03
4.070372314e+02,-1.191991847e-03
4.072553406e+02,-6.512015825e-04
4.074734192e+02,1.836433541e-03
4.076915588e+02,-2.598046325e-03
4.079096680e+02,2.951813221e-04
4.081278076e+02,5.655764253e-04
4.083459473e+02,7.548530120e-04
4.085641174e+02,-1.732781995e-03
4.087822876e+02,-1.644903678e-04
4.090004883e+02,-2.084295731e-03
4.092186890e+02,2.951813221e-04
4.094369202e+02,-3.652587300e-03
4.096551514e+02,-1.408307930e-03
4.098734131e+02,-2.726484090e-04
4.100916443e+02,8.900506073e-04
4.103099365e+02,-8.675176650e-04
4.105282288e+02,1.329442603e-04
4.107465210e+02,-3.267274296e-04
4.109648438e+02,9.170901030e-04
4.111831665e+02,-1.786861103e-03
4.114015198e+02,1.620117342e-03
4.116198730e+02,-4.348854709e-04
4.118382263e+02,8.900506073e-04
4.120566101e+02,-9.215966566e-04
4.122749939e+02,-6.782410783e-04
4.124934082e+02,1.599837706e-04
4.127118225e+02,5.182572932e-05
4.129302673e+02,-7.323201280e-04
4.131487122e+02,-4.889644915e-04
4.133671875e+02,-4.619249958e-04
4.135856323e+02,4.844579089e-04
4.138041382e+02,-1.137912739e-03
4.140226440e+02,-1.867979532e-03
4.142411499e+02,-8.134386153e-04
4.144596863e+02,1.268603723e-03
4.146782532e+02,-1.246070839e-03
4.148967896e+02,-2.929280345e-05
4.151153870e+02,6.196554750e-04
4.153339233e+02,4.033393925e-04
4.155525208e+02,5.385369295e-04
4.157711487e+02,3.762998676e-04
4.159897766e+02,-3.537669545e-04
4.162084045e+02,-1.246070839e-03
4.164270630e+02,-8.337182953e-05
4.166457214e+02,3.492603428e-04
4.168644104e+02,-2.996879048e-04
4.170830688e+02,1.511959359e-03
4.173017883e+02,-2.253292678e-06
4.175205078e+02,8.630110533e-04
4.177392273e+02,-4.889644915e-04
4.179579773e+02,6.196554750e-04
4.181767578e+02,-4.619249958e-04
4.183955383e+02,3.222208470e-04
4.186143188e+02,-1.104113398e-04
4.188331299e+02,-6.782410783e-04
4.190519104e+02,2.296105260e-03
4.192707214e+02,1.025248086e-03
4.194895630e+02,-1.543505467e-03
4.197084351e+02,-2.726484090e-04
4.199273071e+02,-3.808064503e-04
4.201461792e+02,2.140628058e-04
4.203650818e+02,-7.593596238e-04
4.205839844e+02,-2.456088841e-04
4.208028870e+02,-1.516465913e-03
4.210218201e+02,-3.537669545e-04
4.212407532e+02,-1.164952293e-03
4.214597168e+02,2.951813221e-04
4.216786804e+02,1.079327194e-03
4.218976746e+02,5.114974338e-04
4.221166992e+02,-1.191991847e-03
4.223356934e+02,-4.058179911e-03
4.225547180e+02,-2.084295731e-03
4.227737427e+02,2.681418264e-04
4.229927979e+02,1.160445740e-03
4.232118530e+02,9.170901030e-04
4.234309387e+02,-2.354690805e-03
4.236500549e+02,-1.104113398e-04
4.238691406e+02,-2.456088841e-04
4.240882874e+02,2.411023161e-04
4.243074036e+02,-2.111335285e-03
4.245265198e+02,7.007740205e-04
4.247456970e+02,-1.644903678e-04
4.249648743e+02,-9.215966566e-04
4.251840515e+02,-8.945571608e-04
4.254032593e+02,-3.808064503e-04
4.256224670e+02,-1.246070839e-03
4.258417053e+02,-1.922058640e-03
4.260609436e+02,-5.971225328e-04
4.262802124e+02,2.681418264e-04
4.264994507e+02,-2.814362524e-03
4.267187195e+02,6.196554750e-04
4.269380188e+02,-2.456088841e-04
4.271573181e+02,-8.675176650e-04
4.273766479e+02,-1.732781995e-03
4.275959778e+02,1.599837706e-04
4.278153381e+02,6.737344665e-04
4.280346985e+02,-2.300611697e-03
4.282540588e+02,-1.644903678e-04
4.284734192e+02,-8.675176650e-04
4.286928406e+02,-3.537669545e-04
4.289122314e+02,-6.241620285e-04
4.291316833e+02,-2.949560061e-03
4.293511047e+02,-6.241620285e-04
4.295705566e+02,-1.354228822e-03
4.297900391e+02,9.441295988e-04
4.300095215e+02,-4.619249958e-04
4.302290039e+02,1.599837706e-04
4.304484863e+02,-1.915298781e-04
4.306679993e+02,-2.057256177e-03
4.308875427e+02,-9.756757063e-04
4.311070862e+02,2.411023161e-04
4.313266602e+02,-9.756757063e-04
4.315462341e+02,-1.374508429e-04
4.317658081e+02,4.033393925e-04
4.319854126e+02,1.059047499e-04
4.322050171e+02,-1.327189384e-03
4.324246521e+02,-5.633231558e-05
4.326442566e+02,-1.137912739e-03
4.328639221e+02,5.655764253e-04
4.330835876e+02,-8.337182953e-05
4.333032532e+02,1.809393987e-03
4.335229492e+02,7.548530120e-04
4.337426758e+02,6.196554750e-04
4.339623718e+02,-2.929280345e-05
4.341821289e+02,-5.971225328e-04
4.344018555e+02,-1.624624012e-03
4.346215820e+02,-1.137912739e-03
4.348413696e+02,-2.381730359e-03
4.350611572e+02,6.737344665e-04
4.352809448e+02,-2.598046325e-03
4.355007629e+02,-1.273110276e-03
4.357205811e+02,-3.030678490e-03
4.359404297e+02,1.349722268e-03
4.361602783e+02,-8.337182953e-05
4.363801575e+02,2.478621900e-05
4.366000366e+02,-7.323201280e-04
4.368198853e+02,-6.512015825e-04
4.370397949e+02,5.182572932e-05
4.372597046e+02,-1.137912739e-03
4.374796448e+02,-2.435809234e-03
4.376995850e+02,-6.241620285e-04
4.379195251e+02,-1.759821549e-03
4.381394958e+02,-2.726484090e-04
4.383594971e+02,-2.841402078e-03
4.385794983e+02,4.844579089e-04
4.387994995e+02,4.844579089e-04
4.390195007e+02,7.548530120e-04
4.392395325e+02,-1.915298781e-04
4.394595642e+02,-5.633231558e-05
4.396796265e+02,-4.348854709e-04
4.398997192e+02,-2.726484090e-04
4.401198120e+02,-1.300149830e-03
4.403399048e+02,-1.029754756e-03
4.405600281e+02,-1.104113398e-04
4.407801514e+02,-6.512015825e-04
4.410002747e+02,-2.462848788e-03
4.412203979e+02,-1.922058640e-03
4.414405823e+02,-5.971225328e-04
4.416607666e+02,-4.348854709e-04
4.418809509e+02,-7.052805740e-04
4.421011658e+02,-1.354228822e-03
4.423213806e+02,-4.078459751e-04
4.425416260e+02,-7.593596238e-04
4.427618713e+02,-2.057256177e-03
4.429821167e+02,4.303788883e-04
4.432023926e+02,1.329442603e-04
4.434226379e+02,-9.215966566e-04
4.436429443e+02,-1.029754756e-03
4.438632507e+02,-8.134386153e-04
4.440835876e+02,-3.814824391e-03
4.443039246e+02,-2.456088841e-04
4.445242615e+02,-1.374508429e-04
4.447446289e+02,-4.889644915e-04
4.449649963e+02,-9.756757063e-04
4.451853943e+02,-2.726484090e-04
4.454057922e+02,-1.543505467e-03
4.456261902e+02,-4.078459751e-04
4.458466187e+02,-1.219031285e-03
4.460670471e+02,7.886523963e-05
4.462875061e+02,-2.300611697e-03
4.465079956e+02,-1.354228822e-03
4.467284546e+02,-5.430435413e-04
4.469489746e+02,8.359715575e-04
4.471694641e+02,-2.111335285e-03
4.473899841e+02,-1.002715202e-03
4.476105347e+02,-2.084295731e-03
4.478310547e+02,-2.030216623e-03
4.480516052e+02,-8.337182953e-05
4.482721863e+02,-1.191991847e-03
4.484927673e+02,-5.430435413e-04
4.487133484e+02,7.818925660e-04
4.489339600e+02,-1.083833748e-03
4.491546021e+02,-7.323201280e-04
4.493752441e+02,7.278135163e-04
4.495958862e+02,-3.267274296e-04
4.498165588e+02,-2.489888342e-03
4.500372314e+02,5.926159793e-04
4.502578735e+02,7.886523963e-05
4.504785767e+02,8.089320618e-04
4.506993103e+02,-2.030216623e-03
4.509200439e+02,2.431302797e-03
4.511407776e+02,-1.516465913e-03
4.513615417e+02,-2.929280345e-05
4.515823059e+02,-7.593596238e-04
4.518030701e+02,6.196554750e-04
4.520238647e+02,-2.192453714e-03
4.522446899e+02,-8.337182953e-05
4.524655151e+02,-1.408307930e-03
4.526863098e+02,7.818925660e-04
4.529071655e+02,-1.110873302e-03
4.531280212e+02,1.755314996e-03
4.533488770e+02,-8.404781693e-04
4.535697632e+02,-1.354228822e-03
4.537906799e+02,2.478621900e-05
4.540115967e+02,-1.678703004e-03
4.542325134e+02,-2.841402078e-03
4.544534302e+02,-7.323201280e-04
4.546744080e+02,-3.808064503e-04
4.548953552e+02,-6.512015825e-04
4.551163330e+02,-1.104113398e-04
4.553372803e+02,-1.840940095e-03
4.555582886e+02,-2.706204541e-03
4.557792969e+02,-1.915298781e-04
4.560003357e+02,3.492603428e-04
4.562213745e+02,-2.726484090e-04
4.564424438e+02,-1.678703004e-03
4.566635132e+02,-9.215966566e-04
4.568845825e+02,-1.273110276e-03
4.571056824e+02,7.278135163e-04
4.573267822e+02,7.886523963e-05
4.575478821e+02,-5.430435413e-04
4.577689819e+02,-6.241620285e-04
4.579901428e+02,1.160445740e-03
4.582113037e+02,-3.537669545e-04
4.584324646e+02,-9.756757063e-04
4.586536560e+02,1.599837706e-04
4.588748474e+02,-6.241620285e-04
4.590960693e+02,-2.571006771e-03
4.593172913e+02,-2.030216623e-03
4.595385132e+02,-1.374508429e-04
4.597597656e+02,-2.300611697e-03
4.599810181e+02,-1.644903678e-04
4.602023010e+02,2.140628058e-04
4.604235535e+02,-1.191991847e-03
4.606448669e+02,-2.408769913e-03
4.608661499e+02,1.025248086e-03
4.610874939e+02,-1.327189384e-03
4.613088379e+02,-1.164952293e-03
4.615301819e+02,-2.111335285e-03
4.617515564e+02,5.385369295e-04
4.619729309e+02,-2.625085879e-03
4.621943054e+02,-6.782410783e-04
4.624157104e+02,-1.110873302e-03
4.626371155e+02,-2.003177069e-03
4.628585510e+02,-2.996879048e-04
4.630799561e+02,1.599837706e-04
4.633014221e+02,-1.840940095e-03
4.635228882e+02,6.466949708e-04
4.637443542e+02,-4.889644915e-04
4.639658508e+02,-9.215966566e-04
4.641873779e+02,-4.078459751e-04
4.644088745e+02,-5.633231558e-05
4.646304016e+02,-1.137912739e-03
4.648519592e+02,-1.083833748e-03
4.650735168e+02,-2.996879048e-04
4.652950745e+02,-4.619249958e-04
4.655166626e+02,-1.644903678e-04
4.657382507e+02,-1.029754756e-03
4.659598389e+02,-9.756757063e-04
4.661814575e+02,4.574184131e-04
4.664031067e+02,-4.889644915e-04
4.666247559e+02,-2.929280345e-05
4.668464050e+02,-2.408769913e-03
4.670680847e+02,-2.929280345e-05
4.672897644e+02,-6.512015825e-04
4.675114746e+02,-7.323201280e-04
4.677331848e+02,-7.052805740e-04
4.679548950e+02,-5.700830370e-04
4.681766357e+02,-1.759821549e-03
4.683983765e+02,-2.408769913e-03
4.686201477e+02,-5.430435413e-04
4.688418884e+02,-7.052805740e-04
4.690636902e+02,-6.241620285e-04
4.692854614e+02,-8.134386153e-04
4.695072937e+02,1.329442603e-04
4.697291260e+02,5.655764253e-04
4.699509583e+02,-2.185693884e-04
4.701728210e+02,-2.726484090e-04
4.703946838e+02,-2.456088841e-04
4.706165466e+02,-3.267274296e-04
4.708384399e+02,1.052287640e-03
4.710603333e+02,1.025248086e-03
4.712822571e+02,-2.760283416e-03
4.715041809e+02,-1.219031285e-03
4.717261047e+02,-1.543505467e-03
4.719480591e+02,1.870232809e-04
4.721700134e+02,-1.381268376e-03
4.723919983e+02,7.007740205e-04
4.726139832e+02,-6.782410783e-04
4.728359985e+02,-1.570544904e-03
4.730580139e+02,-1.678703004e-03
4.732800293e+02,-4.348854709e-04
4.735020752e+02,-6.241620285e-04
4.737241516e+02,2.269065706e-03
4.739461975e+02,-2.354690805e-03
4.741683044e+02,4.033393925e-04
4.743903809e+02,-4.078459751e-04
4.746124573e+02,8.359715575e-04
4.748345947e+02,-1.597584458e-03
4.750567017e+02,-2.185693884e-04
4.752788696e+02,-2.030216623e-03
4.755010071e+02,-1.029754756e-03
4.757231750e+02,-1.300149830e-03
4.759453735e+02,1.079327194e-03
4.761675720e+02,-4.619249958e-04
4.763897705e+02,5.926159793e-04
4.766119995e+02,-1.104113398e-04
4.768342285e+02,-3.808064503e-04
4.770564880e+02,-8.134386153e-04
4.772787476e+02,-1.137912739e-03
4.775010071e+02,-4.889644915e-04
4.777232666e+02,-1.976137515e-03
4.779455566e+02,-2.543967450e-03
4.781678772e+02,-1.327189384e-03
4.783901978e+02,-1.678703004e-03
4.786125183e+02,-4.348854709e-04
4.788348694e+02,-2.138374606e-03
4.790572510e+02,1.599837706e-04
4.792796021e+02,-9.215966566e-04
4.795020142e+02,-2.456088841e-04
4.797243958e+02,1.599837706e-04
4.799468079e+02,7.886523963e-05
4.801692505e+02,3.222208470e-04
4.803916626e+02,-4.889644915e-04
4.806141357e+02,-2.084295731e-03
4.808365784e+02,1.079327194e-03
4.810590210e+02,-9.215966566e-04
4.812815247e+02,-2.706204541e-03
4.815040283e+02,5.385369295e-04
4.817265320e+02,-2.543967450e-03
4.819490662e+02,-8.134386153e-04
4.821716003e+02,-1.516465913e-03
4.823941650e+02,-7.593596238e-04
4.826166992e+02,-4.078459751e-04
4.828392944e+02,-1.137912739e-03
4.830618896e+02,3.492603428e-04
4.832844849e+02,-1.029754756e-03
4.835071106e+02,6.196554750e-04
4.837297363e+02,-1.381268376e-03
4.839523621e+02,-1.915298781e-04
4.841750183e+02,-4.348854709e-04
4.843976440e+02,-2.253292678e-06
4.846203308e+02,-1.813900541e-03
4.848430176e+02,-7.323201280e-04
4.850657043e+02,-1.374508429e-04
4.852884216e+02,1.701235888e-03
4.855111694e+02,-1.976137515e-03
4.857339172e+02,1.593077905e-03
4.859566650e+02,-1.949098078e-03
4.861794128e+02,2.951813221e-04
4.864021912e+02,-1.246070839e-03
4.866250000e+02,-1.543505467e-03
4.868478088e+02,-1.104113398e-04
4.870706177e+02,-9.756757063e-04
4.872934265e+02,-1.813900541e-03
4.875162659e+02,2.681418264e-04
4.877391357e+02,2.681418264e-04
4.879619751e+02,5.114974338e-04
4.881848450e+02,-3.267274296e-04
4.884077454e+02,-4.348854709e-04
4.886306458e+02,-1.104113398e-04
4.888535461e+02,-7.593596238e-04
4.890764771e+02,-1.083833748e-03
4.892994385e+02,2.782816300e-03
4.895223999e+02,4.303788883e-04
4.897453613e+02,4.844579089e-04
4.899683228e+02,2.681418264e-04
4.901913147e+02,3.762998676e-04
4.904143372e+02,1.187485177e-03
4.906373596e+02,1.079327194e-03
4.908603821e+02,-4.619249958e-04
4.910834045e+02,2.350184135e-03
4.913064880e+02,-1.644903678e-04
4.915295105e+02,1.484919805e-03
4.917525940e+02,7.818925660e-04
4.919756775e+02,3.492603428e-04
4.921987915e+02,2.214986598e-03
4.924219055e+02,3.999594599e-03
4.926450500e+02,1.430840814e-03
4.928681641e+02,2.269065706e-03
4.930913391e+02,3.594001755e-03
4.933145142e+02,3.026172053e-03
4.935376892e+02,2.242026152e-03
4.937608643e+02,2.052749507e-03
4.939840698e+02,3.350646235e-03
4.942073059e+02,3.161369590e-03
4.944305115e+02,3.323606681e-03
4.946537781e+02,4.107752349e-03
4.948770142e+02,3.539922647e-03
4.951002808e+02,4.594463855e-03
4.953235474e+02,4.810779821e-03
4.955468445e+02,4.918937571e-03
4.957701416e+02,3.891436383e-03
4.959934692e+02,6.297952961e-03
4.962167969e+02,3.810317721e-03
4.964401245e+02,6.189794745e-03
4.966634827e+02,6.676506251e-03
4.968868408e+02,7.758086547e-03
4.971102295e+02,7.433612365e-03
4.973336182e+02,7.676967885e-03
4.975570374e+02,6.973940879e-03
4.977804565e+02,8.488153107e-03
4.980038757e+02,6.352032069e-03
4.982273254e+02,1.070539281e-02
4.984507751e+02,6.892822217e-03
4.986742249e+02,9.542694315e-03
4.988977051e+02,1.089467015e-02
4.991212158e+02,1.092170924e-02
4.993446960e+02,8.839666843e-03
4.995682068e+02,9.894208051e-03
4.997917175e+02,1.259815879e-02
5.000152893e+02,1.273335703e-02
5.002388306e+02,1.111098565e-02
5.004624023e+02,1.238184329e-02
5.006859741e+02,1.392309554e-02
5.009095764e+02,1.411237195e-02
5.011331787e+02,1.265223790e-02
5.013567810e+02,1.611329615e-02
5.015804138e+02,1.503171492e-02
5.018040466e+02,1.695152000e-02
5.020277100e+02,1.565362327e-02
5.022513733e+02,1.770862751e-02
5.024750671e+02,1.559954509e-02
5.026987610e+02,1.662704535e-02
5.029224548e+02,1.841165312e-02
5.031461792e+02,2.200790867e-02
5.033699036e+02,1.984474808e-02
5.035935974e+02,2.125080302e-02
5.038173523e+02,2.092632838e-02
5.040411072e+02,2.146711946e-02
5.042648926e+02,2.162935585e-02
5.044886780e+02,2.460370213e-02
5.047124939e+02,2.665870450e-02
5.049363098e+02,2.638830990e-02
5.051601257e+02,2.441442572e-02
5.053839722e+02,2.825403586e-02
5.056078186e+02,2.628015168e-02
5.058316956e+02,2.871370874e-02
5.060555725e+02,2.925449796e-02
5.062794495e+02,3.052535467e-02
5.065033569e+02,3.106614575e-02
5.067272644e+02,3.285075352e-02
5.069512024e+02,3.022792004e-02
5.071751404e+02,3.441904485e-02
5.073990784e+02,3.782602400e-02
5.076230469e+02,3.282371536e-02
5.078470154e+02,3.804234043e-02
5.080709839e+02,3.509503230e-02
5.082949829e+02,3.763674572e-02
5.085190125e+02,3.606845438e-02
5.087430115e+02,3.971878812e-02
5.089670715e+02,3.817753866e-02
5.091911011e+02,4.199010879e-02
5.094151611e+02,4.034069926e-02
5.096392517e+02,4.423438758e-02
5.098633423e+02,4.088148847e-02
5.100874329e+02,4.377471656e-02
5.103115540e+02,4.434254393e-02
5.105356750e+02,4.282833263e-02
5.107597961e+02,4.353136197e-02
5.109839478e+02,4.788472131e-02
5.112080994e+02,4.450478405e-02
5.114322815e+02,4.509965330e-02
5.116564636e+02,4.766840488e-02
5.118806763e+02,4.948005453e-02
5.121048584e+02,4.772248492e-02
5.123290405e+02,4.704649746e-02
5.125532837e+02,4.796583951e-02
5.127775269e+02,4.899334162e-02
5.130018311e+02,4.723577201e-02
5.132260742e+02,4.731689021e-02
5.134503784e+02,5.029123649e-02
5.136746826e+02,4.864182696e-02
5.138989868e+02,5.083202943e-02
5.141232910e+02,5.085906759e-02
5.143475952e+02,4.904742166e-02
5.145719604e+02,5.015604198e-02
5.147963257e+02,5.061571300e-02
5.150206909e+02,5.064275116e-02
5.152450562e+02,4.842551053e-02
5.154694824e+02,4.912853986e-02
5.156938477e+02,4.945301265e-02
5.159182739e+02,4.983156547e-02
5.161427002e+02,4.685721919e-02
5.163671875e+02,4.645162821e-02
5.165916138e+02,4.918261990e-02
5.168161011e+02,4.518077150e-02
5.170405884e+02,4.439662397e-02
5.172650757e+02,4.477517679e-02
5.174895630e+02,4.207122698e-02
5.177140503e+02,4.242274165e-02
5.179385986e+02,4.537004605e-02
5.181631470e+02,4.096260667e-02
5.183876953e+02,4.177379236e-02
5.186122437e+02,4.263905808e-02
5.188368530e+02,3.847497329e-02
5.190614624e+02,4.015142098e-02
5.192860107e+02,4.063813388e-02
5.195106812e+02,3.782602400e-02
5.197352905e+02,3.504095227e-02
5.199598999e+02,3.220180422e-02
5.201845703e+02,3.717707470e-02
5.204092407e+02,3.325634450e-02
5.206339111e+02,3.485167772e-02
5.208585815e+02,3.363489732e-02
5.210832520e+02,3.360785916e-02
5.213079224e+02,3.011976182e-02
5.215326538e+02,3.049831651e-02
5.217573853e+02,3.017384186e-02
5.219821777e+02,2.825403586e-02
5.222069092e+02,2.879482694e-02
5.224317017e+02,2.865962870e-02
5.226564941e+02,2.460370213e-02
5.228812866e+02,2.482001856e-02
5.231060791e+02,2.414403111e-02
5.233308716e+02,2.425218932e-02
5.235557251e+02,2.379251644e-02
5.237805786e+02,2.292725258e-02
5.240054321e+02,2.189975046e-02
5.242302856e+02,2.103448659e-02
5.244552002e+02,1.803310029e-02
5.246800537e+02,1.884428598e-02
5.249049683e+02,1.854685135e-02
5.251298828e+02,1.581586152e-02
5.253548584e+02,1.749231108e-02
5.255797729e+02,1.432868745e-02
5.258047485e+02,1.449092478e-02
5.260297241e+02,1.419349015e-02
5.262546997e+02,1.381493732e-02
5.264796753e+02,1.492355671e-02
5.267046509e+02,1.432868745e-02
5.269296875e+02,1.381493732e-02
5.271547241e+02,1.121914387e-02
5.273797607e+02,1.178697404e-02
5.276047974e+02,1.124618389e-02
5.278298950e+02,1.127322298e-02
5.280549316e+02,1.181401312e-02
5.282800293e+02,8.136639372e-03
5.285051270e+02,9.434536099e-03
5.287302246e+02,9.542694315e-03
5.289553833e+02,9.272298776e-03
5.291805420e+02,6.514268927e-03
5.294056396e+02,8.461114019e-03
5.296307983e+02,6.135715637e-03
5.298560181e+02,7.595849223e-03
5.300811768e+02,8.055521175e-03
5.303063965e+02,6.406110711e-03
5.305316162e+02,6.216834299e-03
5.307568359e+02,6.108676083e-03
5.309820557e+02,4.810779821e-03
5.312072754e+02,5.703083705e-03
5.314325562e+02,4.756700713e-03
5.316578369e+02,5.946439225e-03
5.318831177e+02,3.215448465e-03
5.321083984e+02,3.972555045e-03
5.323336792e+02,1.836433541e-03
5.325590210e+02,2.863934962e-03
5.327843628e+02,3.242488019e-03
5.330097046e+02,2.539460780e-03
5.332350464e+02,1.647156896e-03
5.334603882e+02,2.214986598e-03
5.336857910e+02,2.593539888e-03
5.339111328e+02,7.818925660e-04
5.341365356e+02,1.376761822e-03
5.343619385e+02,1.998670632e-03
5.345873413e+02,2.052749507e-03
5.348128052e+02,1.484919805e-03
5.350382690e+02,1.241564285e-03
5.352637329e+02,1.133406186e-03
5.354891968e+02,-1.374508429e-04
5.357146606e+02,2.269065706e-03
5.359401855e+02,1.484919805e-03
5.361657104e+02,1.998670632e-03
5.363912354e+02,-9.756757063e-04
5.366167603e+02,-2.726484090e-04
5.368422852e+02,-7.593596238e-04
5.370678711e+02,-9.486362105e-04
5.372933960e+02,6.196554750e-04
5.375189819e+02,1.870232809e-04
5.377446289e+02,1.701235888e-03
5.379702148e+02,1.052287640e-03
5.381958008e+02,5.182572932e-05
5.384214478e+02,8.359715575e-04
5.386470947e+02,-1.137912739e-03
5.388727417e+02,1.782354433e-03
5.390984497e+02,1.593077905e-03
5.393240967e+02,1.917551970e-03
5.395498047e+02,-8.404781693e-04
5.397755127e+02,2.106828615e-03
5.400012207e+02,-2.456088841e-04
5.402269287e+02,-1.915298781e-04
5.404526978e+02,1.376761822e-03
5.406784058e+02,-2.354690805e-03
5.409041748e+02,-1.895019086e-03
5.411299438e+02,-5.971225328e-04
5.413557739e+02,-3.537669545e-04
5.415815430e+02,3.762998676e-04
5.418073730e+02,8.359715575e-04
5.420332031e+02,-9.756757063e-04
5.422590332e+02,-2.929280345e-05
5.424848633e+02,-1.374508429e-04
5.427106934e+02,6.196554750e-04
5.429365845e+02,5.385369295e-04
5.431624756e+02,-5.971225328e-04
5.433883667e+02,6.196554750e-04
5.436142578e+02,-4.619249958e-04
5.438402100e+02,2.187947044e-03
5.440661011e+02,-7.863991195e-04
5.442920532e+02,9.170901030e-04
5.445180054e+02,-5.700830370e-04
5.447439575e+02,-1.381268376e-03
5.449699707e+02,5.114974338e-04
5.451959229e+02,-1.732781995e-03
5.454219360e+02,9.441295988e-04
5.456479492e+02,9.982086485e-04
5.458739624e+02,-1.056794194e-03
5.461000366e+02,9.711690946e-04
5.463260498e+02,-2.462848788e-03
5.465521240e+02,-3.267274296e-04
5.467781982e+02,-2.192453714e-03
5.470042725e+02,1.457880368e-03
5.472304077e+02,-6.241620285e-04
5.474564819e+02,-7.323201280e-04
5.476826172e+02,-1.678703004e-03
5.479087524e+02,-5.700830370e-04
5.481348877e+02,-1.624624012e-03
5.483610229e+02,1.755314996e-03
5.485872192e+02,-2.571006771e-03
5.488134155e+02,-1.246070839e-03
5.490396118e+02,6.737344665e-04
5.492658081e+02,6.196554750e-04
5.494920044e+02,-2.625085879e-03
5.497182007e+02,-2.929280345e-05
5.499444580e+02,-2.435809234e-03
5.501707153e+02,-8.404781693e-04
5.503969727e+02,-1.895019086e-03
5.506232300e+02,-7.052805740e-04
5.508495483e+02,-6.512015825e-04
5.510758667e+02,1.187485177e-03
5.513021240e+02,1.133406186e-03
5.515285034e+02,-3.436271334e-03
5.517547607e+02,-3.267274296e-04
5.519810791e+02,-1.644903678e-04
5.522074585e+02,-3.267274296e-04
5.524338379e+02,-3.267274296e-04
5.526602173e+02,-1.813900541e-03
5.528865967e+02,-7.593596238e-04
5.531129761e+02,-1.219031285e-03
5.533394165e+02,-7.052805740e-04
5.535658569e+02,-2.327651251e-03
5.537922974e+02,8.089320618e-04
5.540187378e+02,-1.056794194e-03
5.542451782e+02,2.431302797e-03
5.544716797e+02,-1.644903678e-04
5.546981812e+02,-6.241620285e-04
5.549246826e+02,-3.436271334e-03
5.551511841e+02,-3.808064503e-04
5.553776855e+02,-1.002715202e-03
5.556042480e+02,-4.619249958e-04
5.558307495e+02,-2.253292678e-06
5.560573120e+02,-1.435347367e-03
5.562839355e+02,-1.300149830e-03
5.565104980e+02,6.466949708e-04
5.567370605e+02,-4.619249958e-04
5.569636841e+02,-1.644903678e-04
5.571903076e+02,-1.137912739e-03
5.574169312e+02,-1.246070839e-03
5.576435547e+02,-2.327651251e-03
5.578702393e+02,-1.104113398e-04
5.580969238e+02,-1.246070839e-03
5.583235474e+02,8.630110533e-04
5.585502319e+02,-7.323201280e-04
5.587769775e+02,-1.759821549e-03
5.590036621e+02,-2.246532822e-03
5.592304077e+02,-1.374508429e-04
5.594571533e+02,-1.786861103e-03
5.596838989e+02,7.278135163e-04
5.599106445e+02,-5.700830370e-04
5.601373901e+02,-1.644903678e-04
5.603641968e+02,-3.808064503e-04
5.605910034e+02,2.140628058e-04
5.608178101e+02,-8.404781693e-04
5.610446167e+02,1.025248086e-03
5.612714233e+02,-1.516465913e-03
5.614982910e+02,2.951813221e-04
5.617250977e+02,-6.241620285e-04
5.619519653e+02,-1.374508429e-04
5.621788330e+02,-1.922058640e-03
5.624057617e+02,-3.537669545e-04
5.626326294e+02,-2.111335285e-03
5.628595581e+02,1.079327194e-03
5.630864868e+02,2.951813221e-04
5.633134155e+02,7.818925660e-04
5.635403442e+02,-1.840940095e-03
5.637673340e+02,-9.215966566e-04
5.639942627e+02,-2.273572143e-03
5.642212524e+02,-2.192453714e-03
5.644482422e+02,1.430840814e-03
5.646752930e+02,2.478621900e-05
5.649022827e+02,-9.756757063e-04
5.651293335e+02,-1.110873302e-03
5.653563232e+02,1.052287640e-03
5.655833740e+02,-2.253292678e-06
5.658104858e+02,-1.191991847e-03
5.660375366e+02,-2.996879048e-04
5.662646484e+02,-4.348854709e-04
5.664916992e+02,-2.726484090e-04
5.667188110e+02,7.548530120e-04
5.669459839e+02,-1.895019086e-03
5.671730957e+02,-1.516465913e-03
5.674002075e+02,2.478621900e-05
5.676273804e+02,-2.435809234e-03
5.678545532e+02,1.870232809e-04
5.680817261e+02,-1.543505467e-03
5.683088989e+02,-7.323201280e-04
5.685361328e+02,-1.786861103e-03
5.687633667e+02,4.844579089e-04
5.689906006e+02,8.089320618e-04
5.692178345e+02,-5.633231558e-05
5.694450684e+02,1.329442603e-04
5.696723022e+02,-1.408307930e-03
5.698995972e+02,-2.111335285e-03
5.701268921e+02,1.106366632e-03
5.703541870e+02,9.982086485e-04
5.705814819e+02,3.762998676e-04
5.708087769e+02,-4.078459751e-04
5.710361328e+02,-1.219031285e-03
5.712634888e+02,-1.462386921e-03
5.714908447e+02,1.349722268e-03
5.717182007e+02,-3.537669545e-04
5.719455566e+02,-1.462386921e-03
5.721729736e+02,-1.435347367e-03
5.724003296e+02,7.278135163e-04
5.726277466e+02,1.457880368e-03
5.728552246e+02,-5.430435413e-04
5.730826416e+02,7.278135163e-04
5.733100586e+02,-2.456088841e-04
5.735375366e+02,1.647156896e-03
5.737650146e+02,-1.786861103e-03
5.739924927e+02,1.620117342e-03
5.742199707e+02,-6.782410783e-04
5.744475098e+02,1.728275442e-03
5.746749878e+02,-7.323201280e-04
5.749025269e+02,5.182572932e-05
5.751300659e+02,-1.056794194e-03
5.753576050e+02,-8.134386153e-04
5.755852051e+02,-2.435809234e-03
5.758127441e+02,3.222208470e-04
5.760403442e+02,-1.408307930e-03
5.762679443e+02,-9.486362105e-04
5.764955444e+02,2.681418264e-04
5.767231445e+02,-1.462386921e-03
5.769508057e+02,-2.996879048e-04
5.771784668e+02,5.182572932e-05
5.774061279e+02,-8.675176650e-04
5.776337891e+02,1.511959359e-03
5.778614502e+02,-5.971225328e-04
5.780891113e+02,-5.430435413e-04
5.783168335e+02,-2.057256177e-03
5.785445557e+02,2.681418264e-04
5.787722778e+02,-3.138836706e-03
5.790000000e+02,-7.052805740e-04
5.792277832e+02,-7.052805740e-04
5.794555054e+02,-3.267274296e-04
5.796832886e+02,-1.083833748e-03
5.799110718e+02,-3.537669545e-04
5.801388550e+02,-9.756757063e-04
5.803666382e+02,-8.945571608e-04
5.805944824e+02,6.196554750e-04
5.808223267e+02,2.478621900e-05
5.810501709e+02,-1.083833748e-03
5.812780151e+02,-2.929280345e-05
5.815058594e+02,-2.354690805e-03
5.817337646e+02,1.917551970e-03
5.819616089e+02,-1.327189384e-03
5.821895142e+02,-4.078459751e-04
5.824174194e+02,5.182572932e-05
5.826453247e+02,-9.486362105e-04
5.828732910e+02,-1.922058640e-03
5.831011963e+02,1.025248086e-03
5.833291626e+02,-4.619249958e-04
5.835571289e+02,3.492603428e-04
5.837850952e+02,-1.056794194e-03
5.840131226e+02,1.430840814e-03
5.842410889e+02,-1.137912739e-03
5.844691162e+02,-7.323201280e-04
5.846971436e+02,3.762998676e-04
5.849251709e+02,-6.241620285e-04
5.851531982e+02,-4.889644915e-04
5.853812866e+02,5.385369295e-04
5.856093750e+02,-9.215966566e-04
5.858374634e+02,3.222208470e-04
5.860655518e+02,-1.056794194e-03
5.862936401e+02,-1.354228822e-03
5.865217285e+02,-9.215966566e-04
5.867498779e+02,-1.840940095e-03
5.869780273e+02,-8.134386153e-04
5.872061768e+02,5.182572932e-05
5.874343262e+02,-1.543505467e-03
5.876624756e+02,-1.644903678e-04
5.878906860e+02,-2.003177069e-03
5.881188965e+02,-1.029754756e-03
5.883470459e+02,-9.756757063e-04
5.885753174e+02,-1.246070839e-03
5.888035278e+02,-1.002715202e-03
5.890317383e+02,5.182572932e-05
5.892600098e+02,-1.408307930e-03
5.894882812e+02,1.538998913e-03
5.897165527e+02,2.951813221e-04
5.899448242e+02,6.196554750e-04
5.901731567e+02,-2.625085879e-03
5.904014282e+02,-6.241620285e-04
5.906297607e+02,-1.110873302e-03
5.908580933e+02,7.007740205e-04
5.910864258e+02,-1.543505467e-03
5.913148193e+02,-2.726484090e-04
5.915431519e+02,-1.137912739e-03
5.917715454e+02,-1.543505467e-03
5.919999390e+02,-1.813900541e-03
5.922283325e+02,-1.002715202e-03
5.924567261e+02,-1.867979532e-03
5.926851807e+02,4.844579089e-04
5.929135742e+02,-4.348854709e-04
5.931420288e+02,5.114974338e-04
5.933704834e+02,-9.486362105e-04
5.935989380e+02,4.033393925e-04
5.938274536e+02,-6.782410783e-04
5.940559082e+02,1.349722268e-03
5.942844238e+02,-2.814362524e-03
5.945129395e+02,-1.915298781e-04
5.947414551e+02,-1.374508429e-04
5.949700317e+02,-5.633231558e-05
5.951985474e+02,-1.002715202e-03
5.954271240e+02,-1.435347367e-03
5.956557007e+02,-1.056794194e-03
5.958842773e+02,4.844579089e-04
5.961128540e+02,-1.327189384e-03
5.963414917e+02,-5.633231558e-05
5.965700684e+02,-1.408307930e-03
5.967987061e+02,-1.543505467e-03
5.970273438e+02,-2.030216623e-03
5.972559814e+02,1.025248086e-03
5.974846802e+02,6.196554750e-04
5.977133179e+02,-1.644903678e-04
5.979420166e+02,-1.895019086e-03
5.981707153e+02,1.241564285e-03
5.983994141e+02,-1.624624012e-03
5.986281128e+02,-1.435347367e-03
5.988568726e+02,1.322682714e-03
5.990856323e+02,-2.726484090e-04
5.993143311e+02,-1.002715202e-03
5.995431519e+02,-7.593596238e-04
5.997719116e+02,-8.404781693e-04
6.000006714e+02,1.998670632e-03
6.002294922e+02,-1.273110276e-03
6.004583130e+02,-5.971225328e-04
6.006871338e+02,-2.435809234e-03
6.009159546e+02,5.114974338e-04
6.011447754e+02,1.599837706e-04
6.013736572e+02,1.457880368e-03
6.016024780e+02,-3.537669545e-04
6.018313599e+02,4.033393925e-04
6.020602417e+02,-1.949098078e-03
6.022891846e+02,-4.619249958e-04
6.025180664e+02,-1.327189384e-03
6.027470093e+02,9.170901030e-04
6.029758911e+02,-7.052805740e-04
6.032048340e+02,-1.354228822e-03
6.034338379e+02,-4.889644915e-04
6.036627808e+02,-8.404781693e-04
6.038917847e+02,-1.570544904e-03
6.041207275e+02,-6.782410783e-04
6.043497314e+02,-1.354228822e-03
6.045787354e+02,-1.164952293e-03
6.048078003e+02,-1.597584458e-03
6.050368042e+02,1.593077905e-03
6.052658691e+02,-5.430435413e-04
6.054949341e+02,2.951813221e-04
6.057239990e+02,-1.029754756e-03
6.059530640e+02,-5.971225328e-04
6.061821289e+02,-7.323201280e-04
6.064112549e+02,1.187485177e-03
6.066403809e+02,-1.327189384e-03
6.068695068e+02,1.971631078e-03
6.070986328e+02,-1.029754756e-03
6.073277588e+02,2.681418264e-04
6.075568848e+02,8.900506073e-04
6.077860718e+02,5.114974338e-04
6.080152588e+02,-5.700830370e-04
6.082444458e+02,-1.678703004e-03
6.084736328e+02,-1.759821549e-03
6.087028809e+02,-1.644903678e-04
6.089320679e+02,-1.570544904e-03
6.091613159e+02,1.059047499e-04
6.093905640e+02,5.385369295e-04
6.096198120e+02,-2.706204541e-03
6.098491211e+02,-1.354228822e-03
6.100783691e+02,-7.323201280e-04
6.103076782e+02,1.214524731e-03
6.105369873e+02,-1.408307930e-03
6.107662964e+02,-2.300611697e-03
6.109956055e+02,-1.489426475e-03
6.112249146e+02,-3.537669545e-04
6.114542847e+02,3.222208470e-04
6.116836548e+02,-1.408307930e-03
6.119130249e+02,-1.922058640e-03
6.121423950e+02,1.329442603e-04
6.123717651e+02,2.140628058e-04
6.126011963e+02,-2.679164987e-03
6.128306274e+02,-1.246070839e-03
6.130599976e+02,3.762998676e-04
6.132894287e+02,-3.537669545e-04
6.135189209e+02,-2.462848788e-03
6.137483521e+02,-1.915298781e-04
6.139778442e+02,-2.733243862e-03
6.142073364e+02,9.170901030e-04
6.144368286e+02,-7.863991195e-04
6.146663208e+02,-4.889644915e-04
6.148958130e+02,-4.078459751e-04
6.151253662e+02,1.329442603e-04
6.153548584e+02,-1.516465913e-03
6.155844116e+02,1.187485177e-03
6.158139648e+02,-1.374508429e-04
6.160435791e+02,-5.971225328e-04
6.162731323e+02,-7.323201280e-04
6.165027466e+02,-1.164952293e-03
6.167322998e+02,-1.462386921e-03
6.169619141e+02,5.926159793e-04
6.171915894e+02,-1.867979532e-03
6.174212036e+02,2.140628058e-04
6.176508789e+02,1.870232809e-04
6.178804932e+02,1.133406186e-03
6.181102295e+02,-2.253292678e-06
6.183399048e+02,5.182572932e-05
6.185695801e+02,-1.408307930e-03
6.187993164e+02,-9.756757063e-04
6.190290527e+02,-8.404781693e-04
6.192587280e+02,4.303788883e-04
6.194884644e+02,8.359715575e-04
6.197182007e+02,3.222208470e-04
6.199479980e+02,-8.945571608e-04
6.201777344e+02,-3.267274296e-04
6.204075317e+02,-1.678703004e-03
6.206373291e+02,-3.808064503e-04
6.208671265e+02,-1.597584458e-03
6.210969238e+02,4.844579089e-04
6.213267822e+02,-7.052805740e-04
6.215565796e+02,-8.945571608e-04
6.217864380e+02,4.303788883e-04
6.220162964e+02,-4.889644915e-04
6.222461548e+02,-2.003177069e-03
6.224760742e+02,-4.889644915e-04
6.227059326e+02,-9.215966566e-04
6.229358521e+02,4.033393925e-04
6.231657715e+02,-1.895019086e-03
6.233956909e+02,-1.516465913e-03
6.236256104e+02,-1.056794194e-03
6.238555298e+02,-1.246070839e-03
6.240855103e+02,-1.922058640e-03
6.243154907e+02,2.214986598e-03
6.245454712e+02,5.114974338e-04
6.247754517e+02,6.466949708e-04
6.250054321e+02,-2.057256177e-03
6.252354736e+02,1.701235888e-03
6.254654541e+02,2.478621900e-05
6.256954956e+02,1.268603723e-03
6.259255371e+02,-2.543967450e-03
6.261556396e+02,-7.052805740e-04
6.263856812e+02,-1.597584458e-03
6.266157837e+02,1.329442603e-04
6.268458252e+02,-5.971225328e-04
6.270759277e+02,-1.915298781e-04
6.273060303e+02,-7.863991195e-04
6.275361938e+02,-2.165414160e-03
6.277662964e+02,-2.003177069e-03
6.279964600e+02,-2.996879048e-04
6.282266235e+02,-8.675176650e-04
6.284567871e+02,7.548530120e-04
6.286869507e+02,-6.241620285e-04
6.289171143e+02,-7.593596238e-04
6.291473389e+02,-1.110873302e-03
6.293775635e+02,7.278135163e-04
6.296077881e+02,-2.185693884e-04
6.298380127e+02,7.886523963e-05
6.300682373e+02,7.007740205e-04
6.302984619e+02,-2.996879048e-04
6.305287476e+02,-1.164952293e-03
6.307590332e+02,6.466949708e-04
6.309893188e+02,-2.327651251e-03
6.312196045e+02,-3.267274296e-04
6.314498901e+02,-8.337182953e-05
6.316802368e+02,-9.475480183e-04
6.319105835e+02,-1.825432293e-03
6.321409302e+02,-1.811347785e-03
6.323712769e+02,-1.894365123e-04
6.326016235e+02,-1.920870418e-04
6.328319702e+02,-4.023658403e-04
6.330623779e+02,1.887957624e-04
6.332927856e+02,-1.139613683e-03
6.335231934e+02,-1.114046900e-03
6.337536011e+02,-1.355459215e-03
6.339840088e+02,1.869706612e-04
6.342144775e+02,1.307034167e-03
6.344448853e+02,-1.703980379e-03
6.346753540e+02,-2.058882266e-03
6.349058228e+02,-3.272341564e-04
6.351362915e+02,8.858742076e-04
6.353668213e+02,-1.490010414e-03
6.355972900e+02,-7.026639068e-04
6.358278198e+02,-7.342109457e-04
6.360583496e+02,-1.071335282e-03
6.362888794e+02,-1.907968981e-04
6.365194092e+02,1.323307370e-04
6.367500000e+02,-1.503667329e-03
6.369805908e+02,-1.092697712e-04
6.372111206e+02,-1.082242932e-03
6.374417725e+02,-2.145447797e-04
6.376724243e+02,-1.312394044e-03
6.379030151e+02,-3.456078412e-04
6.381336060e+02,-1.650572405e-03
6.383642578e+02,6.177993491e-04
6.385949097e+02,-2.831812308e-04
6.388255615e+02,1.475361525e-03
6.390562134e+02,-1.295024063e-03
6.392869263e+02,3.156823106e-03
6.395175781e+02,-1.198683283e-03
6.397482910e+02,-1.126642805e-03
6.399790039e+02,-2.161073498e-03
6.402097168e+02,-3.688081051e-04
6.404404297e+02,-1.721273584e-04
6.406712036e+02,-3.385371529e-04
6.409019775e+02,-1.494828262e-03
6.411326904e+02,-1.948076184e-03
6.413635254e+02,-1.446004608e-03
6.415942993e+02,-4.483431985e-04
6.418250732e+02,-3.671523591e-04
6.420559082e+02,4.210667685e-04
6.422866821e+02,-3.069218481e-03
6.425175171e+02,-1.202039421e-03
6.427483521e+02,-8.683459018e-04
6.429792480e+02,-8.202982717e-04
6.432100830e+02,4.672919458e-04
6.434409790e+02,-8.990152273e-04
6.436718140e+02,-1.276974333e-03
6.439027100e+02,5.109928316e-04
6.441336670e+02,-1.214131829e-03
6.443645630e+02,-2.026738599e-03
6.445954590e+02,-1.832651789e-03
6.448264160e+02,-2.434548514e-04
6.450573730e+02,-2.250248101e-03
6.452883301e+02,2.955709060e-04
6.455192871e+02,-1.235007891e-03
6.457502441e+02,-3.770316544e-04
6.459812622e+02,-1.140031731e-03
6.462122803e+02,1.663478091e-03
6.464432983e+02,5.182572932e-05
6.466743164e+02,-6.782410783e-04
6.469053345e+02,-8.134386153e-04
6.471363525e+02,5.655764253e-04
6.473674316e+02,-1.732781995e-03
6.475985107e+02,-8.134386153e-04
6.478295898e+02,-1.300149830e-03
6.480606689e+02,5.655764253e-04
6.482917480e+02,-3.808064503e-04
6.485228882e+02,-3.808064503e-04
6.487539673e+02,5.182572932e-05
6.489851074e+02,5.182572932e-05
6.492162476e+02,2.411023161e-04
6.494473877e+02,-1.104113398e-04
6.496785889e+02,-1.408307930e-03
6.499097290e+02,-5.971225328e-04
6.501409302e+02,1.052287640e-03
6.503721313e+02,-8.337182953e-05
6.506033325e+02,-1.516465913e-03
6.508345337e+02,-1.374508429e-04
6.510657959e+02,-1.516465913e-03
6.512969971e+02,-2.185693884e-04
6.515282593e+02,-3.808064503e-04
6.517595825e+02,-1.624624012e-03
6.519908447e+02,-2.787322970e-03
6.522221680e+02,-1.300149830e-03
6.524534302e+02,-8.675176650e-04
6.526847534e+02,-1.104113398e-04
6.529160156e+02,-1.462386921e-03
6.531473389e+02,7.548530120e-04
6.533787231e+02,8.089320618e-04
6.536100464e+02,-1.644903678e-04
6.538414307e+02,-1.895019086e-03
6.540727539e+02,-8.134386153e-04
6.543041382e+02,-9.215966566e-04
6.545355225e+02,-2.253292678e-06
6.547669067e+02,-2.976599615e-03
6.549983521e+02,-1.786861103e-03
6.552297363e+02,1.133406186e-03
6.554611816e+02,-6.512015825e-04
6.556926270e+02,-1.246070839e-03
6.559240723e+02,-1.374508429e-04
6.561555176e+02,-1.273110276e-03
6.563870239e+02,1.863472979e-03
6.566184692e+02,-1.543505467e-03
6.568499756e+02,1.599837706e-04
6.570814819e+02,-1.300149830e-03
6.573129883e+02,7.548530120e-04
6.575445557e+02,-1.381268376e-03
6.577760620e+02,-2.929280345e-05
6.580076294e+02,-3.267274296e-04
6.582391968e+02,-1.374508429e-04
6.584707642e+02,-2.996879048e-04
6.587023315e+02,-1.516465913e-03
6.589338989e+02,-5.700830370e-04
6.591655273e+02,-5.700830370e-04
6.593971558e+02,-4.078459751e-04
6.596287231e+02,-7.863991195e-04
6.598603516e+02,-1.705742558e-03
6.600920410e+02,1.052287640e-03
6.603236694e+02,-4.619249958e-04
6.605553589e+02,-2.996879048e-04
6.607869873e+02,-2.996879048e-04
6.610186768e+02,-1.056794194e-03
6.612504272e+02,-3.544429317e-03
6.614821167e+02,-8.337182953e-05
6.617138062e+02,-1.624624012e-03
6.619455566e+02,-1.104113398e-04
6.621773071e+02,-1.300149830e-03
6.624090576e+02,1.836433541e-03
6.626408081e+02,-2.408769913e-03
6.628725586e+02,1.593077905e-03
6.631043701e+02,8.089320618e-04
6.633361206e+02,1.329442603e-04
6.635679932e+02,-9.215966566e-04
6.637998047e+02,8.900506073e-04
6.640316162e+02,-1.164952293e-03
6.642634888e+02,-9.756757063e-04
6.644953003e+02,-1.029754756e-03
6.647271729e+02,1.025248086e-03
6.649590454e+02,-9.756757063e-04
6.651909180e+02,-8.337182953e-05
6.654227905e+02,-1.489426475e-03
6.656546631e+02,4.303788883e-04
6.658865967e+02,-5.430435413e-04
6.661185303e+02,8.900506073e-04
6.663504639e+02,-1.029754756e-03
6.665823975e+02,-1.029754756e-03
6.668143311e+02,4.033393925e-04
6.670462646e+02,2.140628058e-04
6.672782593e+02,-2.625085879e-03
6.675102539e+02,-8.945571608e-04
6.677422485e+02,-3.267274296e-04
6.679742432e+02,-8.675176650e-04
6.682062378e+02,1.106366632e-03
6.684382935e+02,-2.726484090e-04
6.686702881e+02,-9.756757063e-04
6.689023438e+02,9.170901030e-04
6.691343994e+02,-5.971225328e-04
6.693664551e+02,5.182572932e-05
6.695985718e+02,-1.191991847e-03
6.698306274e+02,-9.486362105e-04
6.700627441e+02,-2.868441399e-03
6.702948608e+02,-4.889644915e-04
6.705269775e+02,-5.430435413e-04
6.707590942e+02,8.900506073e-04
6.709912109e+02,-3.537669545e-04
6.712233887e+02,2.863934962e-03
6.714555054e+02,-4.889644915e-04
6.716876831e+02,-1.083833748e-03
6.719198608e+02,5.114974338e-04
6.721520386e+02,-2.111335285e-03
6.723842773e+02,-1.732781995e-03
6.726164551e+02,1.079327194e-03
6.728486938e+02,-1.867979532e-03
6.730809326e+02,-6.782410783e-04
6.733131714e+02,2.681418264e-04
6.735454102e+02,1.593077905e-03
6.737777100e+02,-1.137912739e-03
6.740100098e+02,4.844579089e-04
6.742423096e+02,-1.895019086e-03
6.744746094e+02,-1.381268376e-03
6.747069092e+02,-3.537669545e-04
6.749392090e+02,-7.593596238e-04
6.751715698e+02,-1.435347367e-03
6.754038696e+02,-8.404781693e-04
6.756362305e+02,-8.134386153e-04
6.758685913e+02,-1.915298781e-04
6.761009521e+02,2.411023161e-04
6.763333740e+02,-5.160039873e-04
6.765657349e+02,-1.300149830e-03
6.767981567e+02,-4.619249958e-04
6.770305786e+02,5.114974338e-04
6.772630005e+02,-5.633231558e-05
6.774954224e+02,-2.253292678e-06
6.777278442e+02,3.762998676e-04
6.779602661e+02,-4.619249958e-04
6.781927490e+02,2.681418264e-04
6.784252319e+02,-1.002715202e-03
6.786577148e+02,-1.300149830e-03
6.788901978e+02,-1.435347367e-03
6.791226807e+02,-7.593596238e-04
6.793552246e+02,-2.571006771e-03
6.795877686e+02,2.951813221e-04
6.798203125e+02,-1.759821549e-03
6.800528564e+02,-3.267274296e-04
6.802854004e+02,-8.337182953e-05
6.805179443e+02,-2.929280345e-05
6.807505493e+02,1.059047499e-04
6.809830933e+02,-1.374508429e-04
6.812156982e+02,-5.633231558e-05
6.814483032e+02,1.376761822e-03
6.816809692e+02,-1.624624012e-03
6.819135742e+02,-2.246532822e-03
6.821461792e+02,-1.246070839e-03
6.823788452e+02,-7.052805740e-04
6.826115112e+02,-4.889644915e-04
6.828441772e+02,-8.675176650e-04
6.830768433e+02,-1.813900541e-03
6.833096313e+02,-1.678703004e-03
6.835422974e+02,-9.215966566e-04
6.837750244e+02,-1.408307930e-03
6.840077515e+02,-1.867979532e-03
6.842404785e+02,-1.895019086e-03
6.844732056e+02,-8.945571608e-04
6.847059937e+02,7.007740205e-04
6.849387207e+02,-1.678703004e-03
6.851715088e+02,-7.052805740e-04
6.854042969e+02,-1.029754756e-03
6.856370850e+02,-7.323201280e-04
6.858698730e+02,-3.355152672e-03
6.861027222e+02,-9.756757063e-04
6.863355103e+02,-2.456088841e-04
6.865683594e+02,-1.462386921e-03
6.868012085e+02,-1.029754756e-03
6.870340576e+02,-4.078459751e-04
6.872669678e+02,-1.327189384e-03
6.874998169e+02,-1.651663450e-03
6.877327271e+02,-9.486362105e-04
6.879655762e+02,2.951813221e-04
6.881984863e+02,-1.915298781e-04
6.884313965e+02,-1.644903678e-04
6.886643677e+02,-1.543505467e-03
6.888972778e+02,-2.726484090e-04
6.891302490e+02,-7.593596238e-04
6.893632202e+02,8.900506073e-04
6.895961914e+02,-1.489426475e-03
6.898291626e+02,-9.215966566e-04
6.900621338e+02,2.411023161e-04
6.902951050e+02,-1.137912739e-03
6.905281372e+02,-1.381268376e-03
6.907611694e+02,-1.002715202e-03
6.909942017e+02,-1.922058640e-03
6.912272339e+02,-4.619249958e-04
6.914602661e+02,-1.915298781e-04
6.916933594e+02,-5.160039873e-04
6.919263916e+02,-8.337182953e-05
6.921595459e+02,-7.052805740e-04
6.923926392e+02,-2.726484090e-04
6.926257324e+02,-1.327189384e-03
6.928588867e+02,-1.644903678e-04
6.930919800e+02,-6.512015825e-04
6.933251343e+02,-5.971225328e-04
6.935582886e+02,-2.354690805e-03
6.937914429e+02,2.478621900e-05
6.940245972e+02,-7.863991195e-04
6.942577515e+02,-7.052805740e-04
6.944909668e+02,1.059047499e-04
6.947241211e+02,-3.537669545e-04
6.949573364e+02,1.059047499e-04
6.951905518e+02,5.182572932e-05
6.954237671e+02,-2.003177069e-03
6.956570435e+02,1.295643277e-03
6.958902588e+02,-8.945571608e-04
6.961235352e+02,-1.408307930e-03
6.963568115e+02,-1.083833748e-03
6.965900879e+02,-9.486362105e-04
6.968233643e+02,-1.922058640e-03
6.970566406e+02,-1.191991847e-03
6.972899780e+02,-7.052805740e-04
6.975232544e+02,-1.489426475e-03
6.977565918e+02,-2.408769913e-03
6.979899292e+02,-2.726484090e-04
6.982232666e+02,-1.110873302e-03
6.984566650e+02,1.322682714e-03
6.986900024e+02,-3.274034243e-03
6.989234009e+02,2.411023161e-04
6.991567993e+02,-1.651663450e-03
6.993901978e+02,-1.786861103e-03
6.996235962e+02,-3.808064503e-04
6.998569946e+02,-1.219031285e-03
7.000905151e+02,-1.083833748e-03
7.003239136e+02,9.711690946e-04
7.005573730e+02,-5.700830370e-04
7.007908325e+02,9.711690946e-04
7.010242920e+02,-2.706204541e-03
7.012578125e+02,-6.782410783e-04
7.014912720e+02,-2.733243862e-03
7.017247925e+02,-1.915298781e-04
7.019583130e+02,-1.327189384e-03
7.021918335e+02,3.762998676e-04
7.024253540e+02,-9.215966566e-04
7.026588745e+02,-1.895019086e-03
7.028924561e+02,-1.354228822e-03
7.031259766e+02,-9.215966566e-04
7.033595581e+02,-1.327189384e-03
7.035931396e+02,-6.512015825e-04
7.038267212e+02,-7.863991195e-04
7.040603027e+02,-3.537669545e-04
7.042939453e+02,-1.408307930e-03
7.045275879e+02,-5.971225328e-04
7.047611694e+02,1.059047499e-04
7.049948120e+02,-2.273572143e-03
7.052285156e+02,-1.327189384e-03
7.054621582e+02,1.599837706e-04
7.056958008e+02,-8.404781693e-04
7.059295044e+02,-1.462386921e-03
7.061632080e+02,-2.381730359e-03
7.063969116e+02,5.182572932e-05
7.066306152e+02,-7.593596238e-04
7.068643188e+02,-1.056794194e-03
7.070980835e+02,-1.029754756e-03
7.073317871e+02,-2.726484090e-04
7.075655518e+02,-1.104113398e-04
7.077993774e+02,1.295643277e-03
7.080331421e+02,-1.976137515e-03
7.082669678e+02,-1.164952293e-03
7.085007324e+02,-3.111797152e-03
7.087345581e+02,-1.867979532e-03
7.089683228e+02,-9.756757063e-04
7.092021484e+02,-2.185693884e-04
7.094360352e+02,6.737344665e-04
7.096698608e+02,-1.219031285e-03
7.099036865e+02,-6.241620285e-04
7.101375732e+02,-2.679164987e-03
7.103714600e+02,-9.486362105e-04
7.106053467e+02,-2.408769913e-03
7.108392334e+02,1.133406186e-03
7.110731201e+02,-1.104113398e-04
7.113070068e+02,-1.949098078e-03
7.115409546e+02,5.926159793e-04
7.117749023e+02,-1.219031285e-03
7.120088501e+02,2.951813221e-04
7.122427979e+02,-7.863991195e-04
7.124767456e+02,5.114974338e-04
7.127107544e+02,-1.644903678e-04
7.129447021e+02,-3.537669545e-04
7.131787109e+02,1.620117342e-03
7.134127197e+02,-8.404781693e-04
7.136467285e+02,-1.624624012e-03
7.138807373e+02,-8.134386153e-04
7.141148071e+02,-8.675176650e-04
7.143488159e+02,-2.273572143e-03
7.145828857e+02,-1.867979532e-03
7.148169556e+02,-1.104113398e-04
7.150510864e+02,-1.867979532e-03
7.152851562e+02,-5.971225328e-04
7.155192261e+02,1.484919805e-03
7.157533569e+02,-5.633231558e-05
7.159874878e+02,-9.215966566e-04
7.162216187e+02,-9.756757063e-04
7.164557495e+02,-4.889644915e-04
7.166898804e+02,2.478621900e-05
7.169240112e+02,-1.976137515e-03
7.171582031e+02,1.160445740e-03
7.173923950e+02,-8.337182953e-05
7.176265259e+02,-3.267274296e-04
7.178607178e+02,-4.078459751e-04
7.180949707e+02,1.329442603e-04
7.183291626e+02,-2.726484090e-04
7.185633545e+02,-1.374508429e-04
7.187976074e+02,-1.462386921e-03
7.190318604e+02,1.025248086e-03
7.192661133e+02,-1.462386921e-03
7.195003662e+02,-8.945571608e-04
7.197346191e+02,-2.185693884e-04
7.199689331e+02,-5.700830370e-04
7.202032471e+02,-2.598046325e-03
7.204375000e+02,-1.083833748e-03
7.206718140e+02,8.900506073e-04
7.209061890e+02,-1.137912739e-03
7.211405029e+02,-1.327189384e-03
7.213748169e+02,1.052287640e-03
7.216091919e+02,-1.543505467e-03
7.218436279e+02,-4.619249958e-04
7.220780029e+02,-8.134386153e-04
7.223123779e+02,-2.929280345e-05
7.225467529e+02,-5.160039873e-04
7.227811890e+02,-1.543505467e-03
7.230155640e+02,-1.110873302e-03
7.232500000e+02,-9.215966566e-04
7.234844360e+02,-1.624624012e-03
7.237188721e+02,-1.354228822e-03
7.239533081e+02,-3.808064503e-04
7.241878052e+02,6.737344665e-04
7.244222412e+02,-1.543505467e-03
7.246567383e+02,-7.323201280e-04
7.248912354e+02,-4.348854709e-04
7.251257324e+02,3.492603428e-04
7.253602295e+02,-8.404781693e-04
7.255947876e+02,-1.543505467e-03
7.258292847e+02,1.052287640e-03
7.260638428e+02,-3.808064503e-04
7.262984009e+02,1.079327194e-03
7.265329590e+02,5.182572932e-05
7.267675171e+02,-1.246070839e-03
7.270020752e+02,-5.971225328e-04
7.272366943e+02,-1.083833748e-03
7.274713135e+02,-3.003639169e-03
7.277058716e+02,-7.052805740e-04
7.279404907e+02,-1.644903678e-04
7.281751709e+02,-1.922058640e-03
7.284097900e+02,1.971631078e-03
7.286444702e+02,-1.915298781e-04
7.288791504e+02,-1.273110276e-03
7.291138306e+02,-2.489888342e-03
7.293485107e+02,2.052749507e-03
7.295831909e+02,2.478621900e-05
7.298178711e+02,1.160445740e-03
7.300526123e+02,-4.889644915e-04
7.302872925e+02,-4.078459751e-04
7.305220337e+02,2.140628058e-04
7.307567749e+02,-3.192915581e-03
7.309915161e+02,-6.782410783e-04
7.312262573e+02,7.007740205e-04
7.314610596e+02,-5.700830370e-04
7.316958008e+02,-1.840940095e-03
7.319306030e+02,-2.868441399e-03
7.321654053e+02,-7.863991195e-04
7.324002075e+02,-2.253292678e-06
7.326350098e+02,-2.003177069e-03
7.328698730e+02,-1.705742558e-03
7.331046753e+02,7.548530120e-04
7.333395386e+02,-1.570544904e-03
7.335744019e+02,-8.404781693e-04
7.338092651e+02,-1.570544904e-03
7.340441284e+02,-5.633231558e-05
7.342789917e+02,1.863472979e-03
7.345139160e+02,-2.185693884e-04
7.347488403e+02,-1.104113398e-04
7.349837646e+02,-1.374508429e-04
7.352186890e+02,-1.840940095e-03
7.354536743e+02,-1.381268376e-03
7.356885986e+02,-2.057256177e-03
7.359235229e+02,-3.808064503e-04
7.361585083e+02,1.106366632e-03
7.363934937e+02,-1.002715202e-03
7.366284790e+02,-2.726484090e-04
7.368634644e+02,-9.486362105e-04
7.370984497e+02,-1.374508429e-04
7.373334961e+02,1.599837706e-04
7.375684814e+02,-2.192453714e-03
7.378035278e+02,-8.337182953e-05
7.380385742e+02,1.870232809e-04
7.382736206e+02,1.025248086e-03
7.385086670e+02,-1.191991847e-03
7.387437134e+02,-4.619249958e-04
7.389788208e+02,-5.971225328e-04
7.392139282e+02,-1.164952293e-03
7.394490356e+02,2.951813221e-04
7.396841431e+02,1.322682714e-03
7.399192505e+02,-1.354228822e-03
7.401543579e+02,-2.253292678e-06
7.403895264e+02,-1.219031285e-03
7.406246338e+02,5.926159793e-04
7.408598022e+02,-1.246070839e-03
7.410950317e+02,-3.537669545e-04
7.413302002e+02,-1.543505467e-03
7.415653687e+02,-3.274034243e-03
7.418005981e+02,-1.543505467e-03
7.420358276e+02,2.681418264e-04
7.422709961e+02,-1.110873302e-03
7.425062256e+02,-8.134386153e-04
7.427414551e+02,-3.537669545e-04
7.429767456e+02,-5.430435413e-04
7.432119751e+02,-2.030216623e-03
7.434472656e+02,-1.056794194e-03
7.436824951e+02,-9.486362105e-04
7.439177856e+02,-1.915298781e-04
7.441530762e+02,-5.430435413e-04
7.443883667e+02,-2.456088841e-04
7.446237183e+02,-1.813900541e-03
7.448590088e+02,-8.134386153e-04
7.450943604e+02,-6.241620285e-04
7.453297119e+02,-1.915298781e-04
7.455650635e+02,2.951813221e-04
7.458004150e+02,-1.915298781e-04
7.460357666e+02,-7.593596238e-04
7.462711792e+02,1.674196450e-03
7.465065308e+02,1.998670632e-03
7.467419434e+02,-8.404781693e-04
7.469773560e+02,-1.408307930e-03
7.472128296e+02,-1.029754756e-03
7.474482422e+02,-1.219031285e-03
7.476837158e+02,4.844579089e-04
7.479191284e+02,-1.705742558e-03
7.481546021e+02,1.870232809e-04
7.483900757e+02,-2.138374606e-03
7.486255493e+02,-3.808064503e-04
7.488610229e+02,-1.273110276e-03
7.490965576e+02,-1.408307930e-03
7.493320312e+02,-1.489426475e-03
7.495675659e+02,-5.971225328e-04
7.498031006e+02,-1.489426475e-03
7.500386353e+02,-4.078459751e-04
7.502741699e+02,-1.867979532e-03
7.505097046e+02,-8.337182953e-05
7.507453003e+02,-4.348854709e-04
7.509808350e+02,-8.945571608e-04
7.512164307e+02,-4.078459751e-04
7.514520264e+02,-7.863991195e-04
7.516876221e+02,-8.945571608e-04
7.519232178e+02,-7.052805740e-04
7.521588745e+02,2.951813221e-04
7.523944702e+02,3.762998676e-04
7.526301270e+02,5.114974338e-04
7.528658447e+02,-4.348854709e-04
7.531015015e+02,1.268603723e-03
7.533371582e+02,-9.486362105e-04
7.535728149e+02,7.818925660e-04
7.538085327e+02,-1.435347367e-03
7.540441895e+02,-1.110873302e-03
7.542799072e+02,-1.813900541e-03
7.545156250e+02,-6.782410783e-04
7.547513428e+02,-7.593596238e-04
7.549871216e+02,-4.889644915e-04
7.552228394e+02,-1.056794194e-03
7.554586182e+02,1.403801260e-03
7.556943359e+02,-2.408769913e-03
7.559301147e+02,-1.516465913e-03
7.561658936e+02,-2.003177069e-03
7.564017334e+02,5.182572932e-05
7.566375122e+02,-2.185693884e-04
7.568733521e+02,-8.134386153e-04
7.571091309e+02,8.900506073e-04
7.573449707e+02,-6.241620285e-04
7.575808105e+02,-4.348854709e-04
7.578166504e+02,-2.726484090e-04
7.580525513e+02,-7.323201280e-04
7.582883911e+02,1.052287640e-03
7.585243530e+02,-8.404781693e-04
7.587601929e+02,1.268603723e-03
7.589960938e+02,4.033393925e-04
7.592319946e+02,-2.456088841e-04
7.594679565e+02,-1.644903678e-04
7.597038574e+02,1.376761822e-03
7.599398193e+02,-1.056794194e-03
7.601757202e+02,-3.537669545e-04
7.604116821e+02,-2.003177069e-03
7.606476440e+02,-8.945571608e-04
7.608836060e+02,-2.327651251e-03
7.611196289e+02,5.114974338e-04
7.613555908e+02,-1.219031285e-03
7.615916138e+02,-1.374508429e-04
7.618276367e+02,-1.651663450e-03
7.620636597e+02,-2.185693884e-04
7.622996826e+02,-1.056794194e-03
7.625357056e+02,-1.570544904e-03
7.627717896e+02,-1.219031285e-03
7.630078125e+02,-1.732781995e-03
7.632438965e+02,-8.404781693e-04
7.634799805e+02,1.295643277e-03
7.637160645e+02,-2.435809234e-03
7.639522095e+02,-1.435347367e-03
7.641882935e+02,-8.675176650e-04
7.644244385e+02,5.655764253e-04
7.646605835e+02,-1.759821549e-03
7.648966675e+02,-6.782410783e-04
7.651328125e+02,-2.679164987e-03
7.653689575e+02,-7.052805740e-04
7.656051636e+02,-6.782410783e-04
7.658413086e+02,-2.192453714e-03
7.660775146e+02,-2.489888342e-03
7.663137207e+02,-1.570544904e-03
7.665498657e+02,-2.516927896e-03
7.667860718e+02,-1.570544904e-03
7.670223389e+02,-1.462386921e-03
7.672585449e+02,1.187485177e-03
7.674948120e+02,-3.267274296e-04
7.677310181e+02,-9.486362105e-04
7.679672852e+02,-1.644903678e-04
7.682035522e+02,9.982086485e-04
7.684398193e+02,-1.408307930e-03
7.686760864e+02,2.478621900e-05
7.689124146e+02,-1.137912739e-03
7.691487427e+02,-4.889644915e-04
7.693850708e+02,1.106366632e-03
7.696213989e+02,-2.456088841e-04
7.698577271e+02,1.214524731e-03
7.700940552e+02,-2.726484090e-04
7.703304443e+02,-1.543505467e-03
7.705667725e+02,5.182572932e-05
7.708031616e+02,2.951813221e-04
7.710395508e+02,2.478621900e-05
7.712759399e+02,1.052287640e-03
7.715123291e+02,-4.348854709e-04
7.717487183e+02,-1.104113398e-04
7.719851685e+02,-3.808064503e-04
7.722215576e+02,-1.867979532e-03
7.724580078e+02,-1.110873302e-03
7.726944580e+02,-2.003177069e-03
7.729309082e+02,-1.110873302e-03
7.731673584e+02,-1.949098078e-03
7.734038696e+02,-4.348854709e-04
7.736403198e+02,-2.111335285e-03
7.738768311e+02,-1.354228822e-03
7.741133423e+02,-1.029754756e-03
7.743497925e+02,-1.976137515e-03
7.745864258e+02,-5.971225328e-04
7.748229370e+02,-1.246070839e-03
7.750594482e+02,-2.726484090e-04
7.752960205e+02,-1.435347367e-03
7.755325928e+02,-1.922058640e-03
7.757691650e+02,1.457880368e-03
7.760057373e+02,-2.462848788e-03
7.762423096e+02,-1.570544904e-03
7.764788818e+02,1.059047499e-04
7.767155151e+02,1.079327194e-03
7.769520874e+02,1.214524731e-03
7.771887207e+02,-1.110873302e-03
7.774253540e+02,-2.185693884e-04
7.776619873e+02,5.182572932e-05
7.778986206e+02,-9.486362105e-04
7.781353149e+02,-6.512015825e-04
7.783719482e+02,-1.137912739e-03
7.786086426e+02,-5.430435413e-04
7.788453369e+02,-8.337182953e-05
7.790820312e+02,-3.267274296e-04
7.793187256e+02,-1.624624012e-03
7.795554810e+02,6.196554750e-04
7.797922363e+02,-2.996879048e-04
7.800289917e+02,5.182572932e-05
7.802656860e+02,-9.756757063e-04
7.805024414e+02,-1.374508429e-04
7.807391968e+02,-7.323201280e-04
7.809760132e+02,-2.185693884e-04
7.812127686e+02,-9.215966566e-04
7.814495850e+02,-1.915298781e-04
7.816863403e+02,-1.597584458e-03
7.819231567e+02,1.403801260e-03
7.821599731e+02,-4.348854709e-04
7.823967896e+02,-4.348854709e-04
7.826336670e+02,1.457880368e-03
7.828704834e+02,-6.782410783e-04
7.831073608e+02,-7.323201280e-04
7.833441772e+02,-8.134386153e-04
7.835810547e+02,-1.110873302e-03
7.838179321e+02,-5.971225328e-04
7.840548706e+02,3.762998676e-04
7.842917480e+02,-8.675176650e-04
7.845286255e+02,5.926159793e-04
7.847656250e+02,-5.633231558e-05
7.850025635e+02,-2.949560061e-03
7.852395020e+02,-6.512015825e-04
7.854764404e+02,-7.593596238e-04
7.857133789e+02,1.329442603e-04
7.859503784e+02,-2.652125433e-03
7.861873169e+02,8.630110533e-04
7.864243164e+02,-1.976137515e-03
7.866613159e+02,4.033393925e-04
7.868983154e+02,-9.486362105e-04
7.871353149e+02,3.492603428e-04
7.873723145e+02,-1.191991847e-03
7.876093750e+02,2.681418264e-04
7.878463745e+02,1.059047499e-04
7.880834351e+02,-3.537669545e-04
7.883204956e+02,-2.084295731e-03
7.885575562e+02,-1.300149830e-03
7.887946167e+02,-2.084295731e-03
7.890317383e+02,7.818925660e-04
7.892687988e+02,-1.705742558e-03
7.895059814e+02,-4.889644915e-04
7.897431030e+02,4.844579089e-04
7.899802246e+02,3.222208470e-04
7.902173462e+02,-3.382192226e-03
7.904544678e+02,4.844579089e-04
7.906916504e+02,-9.756757063e-04
7.909287720e+02,-3.808064503e-04
7.911659546e+02,-4.889644915e-04
7.914031372e+02,5.114974338e-04
7.916403198e+02,-2.246532822e-03
7.918775024e+02,-1.137912739e-03
7.921146851e+02,-8.675176650e-04
7.923519287e+02,-2.996879048e-04
7.925891724e+02,-2.253292678e-06
7.928263550e+02,-1.137912739e-03
7.930635986e+02,-1.462386921e-03
7.933008423e+02,-3.267274296e-04
7.935381470e+02,-1.029754756e-03
7.937753906e+02,1.329442603e-04
7.940126343e+02,-8.675176650e-04
7.942499390e+02,-1.759821549e-03
7.944873047e+02,6.737344665e-04
7.947246094e+02,-8.675176650e-04
7.949619141e+02,-7.593596238e-04
7.951992188e+02,-1.435347367e-03
7.954365845e+02,-1.219031285e-03
7.956738892e+02,1.106366632e-03
7.959112549e+02,-1.651663450e-03
7.961486206e+02,-8.675176650e-04
7.963859863e+02,-9.756757063e-04
7.966233521e+02,6.466949708e-04
7.968607178e+02,2.681418264e-04
7.970981445e+02,7.007740205e-04
7.973355103e+02,-8.404781693e-04
7.975729370e+02,-2.929280345e-05
7.978103638e+02,-6.241620285e-04
7.980477905e+02,-3.267274296e-04
7.982852173e+02,1.079327194e-03
7.985227051e+02,2.681418264e-04
7.987601318e+02,-1.644903678e-04
7.989976196e+02,3.222208470e-04
7.992351685e+02,1.133406186e-03
7.994726562e+02,3.762998676e-04
7.997101440e+02,-1.840940095e-03
7.999476318e+02,1.863472979e-03
8.001851196e+02,-7.593596238e-04
8.004226685e+02,6.196554750e-04
8.006602173e+02,-1.813900541e-03
8.008977051e+02,1.599837706e-04
8.011352539e+02,-5.430435413e-04
8.013728638e+02,-4.078459751e-04
8.016104126e+02,5.926159793e-04
8.018479614e+02,-1.083833748e-03
8.020855713e+02,-1.327189384e-03
8.023231812e+02,-1.651663450e-03
8.025607300e+02,-4.348854709e-04
8.027983398e+02,4.303788883e-04
8.030360107e+02,-2.185693884e-04
8.032736206e+02,-1.374508429e-04
8.035112305e+02,-3.192915581e-03
8.037489624e+02,4.303788883e-04
8.039866333e+02,-2.922520507e-03
8.042243042e+02,-2.003177069e-03
8.044619751e+02,-2.084295731e-03
8.046996460e+02,1.025248086e-03
8.049373169e+02,-1.002715202e-03
8.051750488e+02,-1.651663450e-03
8.054127197e+02,-1.570544904e-03
8.056504517e+02,-1.374508429e-04
8.058881836e+02,-7.323201280e-04
8.061259155e+02,1.329442603e-04
8.063637085e+02,-6.782410783e-04
8.066014404e+02,-3.808064503e-04
8.068391724e+02,-7.593596238e-04
8.070769653e+02,3.762998676e-04
8.073147583e+02,-1.191991847e-03
8.075525513e+02,-2.726484090e-04
8.077903442e+02,-1.354228822e-03
8.080281372e+02,6.196554750e-04
8.082660522e+02,-9.215966566e-04
8.085038452e+02,-1.374508429e-04
8.087416992e+02,-8.945571608e-04
8.089795532e+02,7.818925660e-04
8.092174072e+02,1.059047499e-04
8.094552612e+02,1.674196450e-03
8.096931152e+02,-9.486362105e-04
8.099310303e+02,1.809393987e-03
8.101688843e+02,8.089320618e-04
8.104067993e+02,-6.241620285e-04
8.106447144e+02,-1.374508429e-04
8.108826294e+02,-6.782410783e-04
8.111205444e+02,-1.374508429e-04
8.113584595e+02,1.403801260e-03
8.115964355e+02,-2.733243862e-03
8.118344116e+02,-7.593596238e-04
8.120723267e+02,1.052287640e-03
8.123103027e+02,-1.570544904e-03
8.125482788e+02,-2.456088841e-04
8.127863159e+02,-6.782410783e-04
8.130243530e+02,2.951813221e-04
8.132623291e+02,-8.404781693e-04
8.135003662e+02,-9.756757063e-04
8.137384033e+02,1.511959359e-03
8.139764404e+02,-1.516465913e-03
8.142144775e+02,8.359715575e-04
8.144525146e+02,-3.537669545e-04
8.146905518e+02,-7.052805740e-04
8.149286499e+02,-5.430435413e-04
8.151666870e+02,-3.706666408e-03
8.154047852e+02,-4.889644915e-04
8.156428833e+02,-1.273110276e-03
8.158809814e+02,6.466949708e-04
8.161191406e+02,-5.633231558e-05
8.163572388e+02,-7.593596238e-04
8.165953369e+02,-3.537669545e-04
8.168334961e+02,-2.185693884e-04
8.170716553e+02,-8.675176650e-04
8.173098755e+02,8.630110533e-04
8.175480347e+02,1.052287640e-03
8.177861938e+02,-1.922058640e-03
8.180244141e+02,-1.104113398e-04
8.182625732e+02,-1.840940095e-03
8.185007935e+02,-1.137912739e-03
8.187390137e+02,3.762998676e-04
8.189772339e+02,1.160445740e-03
8.192154541e+02,1.701235888e-03
8.194536743e+02,-1.516465913e-03
8.196919556e+02,1.059047499e-04
8.199301758e+02,-1.516465913e-03
8.201684570e+02,4.574184131e-04
8.204067383e+02,-6.512015825e-04
8.206450195e+02,-8.945571608e-04
8.208833008e+02,-1.597584458e-03
8.211215820e+02,3.762998676e-04
8.213599243e+02,-2.625085879e-03
8.215982666e+02,-1.374508429e-04
8.218366089e+02,-3.537669545e-04
8.220749512e+02,2.681418264e-04
8.223132935e+02,-2.571006771e-03
8.225516357e+02,-7.593596238e-04
8.227899780e+02,-8.945571608e-04
8.230283813e+02,1.187485177e-03
8.232667236e+02,7.818925660e-04
8.235051270e+02,-3.537669545e-04
8.237435303e+02,-2.726484090e-04
8.239819336e+02,-3.267274296e-04
8.242203369e+02,-1.246070839e-03
8.244587402e+02,-6.241620285e-04
8.246972046e+02,7.886523963e-05
8.249356079e+02,3.762998676e-04
8.251740723e+02,8.630110533e-04
8.254125366e+02,-2.456088841e-04
8.256510010e+02,1.322682714e-03
8.258895264e+02,-1.056794194e-03
8.261279907e+02,-1.137912739e-03
8.263665161e+02,-1.056794194e-03
8.266049805e+02,-4.348854709e-04
8.268435059e+02,4.844579089e-04
8.270820312e+02,-8.675176650e-04
8.273205566e+02,-5.971225328e-04
8.275590820e+02,-5.430435413e-04
8.277976685e+02,1.349722268e-03
8.280361938e+02,1.728275442e-03
8.282747803e+02,-1.110873302e-03
8.285133057e+02,-1.543505467e-03
8.287518921e+02,1.971631078e-03
8.289904785e+02,-7.593596238e-04
8.292290649e+02,-4.348854709e-04
8.294677124e+02,-2.868441399e-03
8.297062988e+02,-2.726484090e-04
8.299449463e+02,-1.624624012e-03
8.301836548e+02,2.411023161e-04
8.304222412e+02,-4.348854709e-04
8.306609497e+02,-4.619249958e-04
8.308995972e+02,-1.137912739e-03
8.311382446e+02,-9.215966566e-04
8.313768921e+02,-4.889644915e-04
8.316156006e+02,8.089320618e-04
8.318543091e+02,-5.700830370e-04
8.320930176e+02,-7.593596238e-04
8.323317261e+02,-1.327189384e-03
8.325704346e+02,4.303788883e-04
8.328091431e+02,-4.889644915e-04
8.330479126e+02,2.593539888e-03
8.332866211e+02,-1.759821549e-03
8.335253906e+02,3.222208470e-04
8.337641602e+02,5.655764253e-04
8.340029297e+02,-2.456088841e-04
8.342416992e+02,-7.593596238e-04
8.344805298e+02,6.737344665e-04
8.347193604e+02,-1.462386921e-03
8.349581909e+02,1.059047499e-04
8.351969604e+02,-4.031140357e-03
8.354357910e+02,-1.786861103e-03
8.356746216e+02,-2.996879048e-04
8.359134521e+02,-2.726484090e-04
8.361523438e+02,-6.782410783e-04
8.363911743e+02,4.033393925e-04
8.366300659e+02,-1.624624012e-03
8.368688965e+02,-1.110873302e-03
8.371077881e+02,-3.760745283e-03
8.373466797e+02,-1.327189384e-03
8.375855713e+02,-1.219031285e-03
8.378245239e+02,-3.267274296e-04
8.380634155e+02,-1.462386921e-03
8.383023682e+02,-4.619249958e-04
8.385413818e+02,-1.164952293e-03
8.387802734e+02,2.411023161e-04
8.390192261e+02,3.762998676e-04
8.392582397e+02,1.329442603e-04
8.394971924e+02,1.599837706e-04
8.397361450e+02,-2.996879048e-04
8.399751587e+02,9.170901030e-04
8.402141724e+02,-3.808064503e-04
8.404531250e+02,-2.489888342e-03
8.406921387e+02,-2.456088841e-04
8.409312134e+02,-1.164952293e-03
8.411702271e+02,6.737344665e-04
8.414092407e+02,-5.700830370e-04
8.416483154e+02,2.951813221e-04
8.418873291e+02,-6.782410783e-04
8.421264038e+02,1.511959359e-03
8.423654785e+02,-5.430435413e-04
8.426046143e+02,-1.327189384e-03
8.428437500e+02,-2.057256177e-03
8.430828247e+02,1.457880368e-03
8.433219604e+02,-8.337182953e-05
8.435610352e+02,-1.137912739e-03
8.438001709e+02,-3.808064503e-04
8.440393066e+02,1.890512533e-03
8.442784424e+02,-1.624624012e-03
8.445175781e+02,1.329442603e-04
8.447567749e+02,-8.337182953e-05
8.449959106e+02,-5.430435413e-04
8.452351074e+02,-1.915298781e-04
8.454743042e+02,-4.619249958e-04
8.457135010e+02,-2.165414160e-03
8.459526978e+02,-2.733243862e-03
8.461918945e+02,-3.537669545e-04
8.464311523e+02,-1.435347367e-03
8.466704102e+02,8.089320618e-04
8.469096680e+02,-1.786861103e-03
8.471488647e+02,-1.300149830e-03
8.473881226e+02,-1.915298781e-04
8.476273804e+02,4.303788883e-04
8.478666992e+02,-1.651663450e-03
8.481059570e+02,-1.489426475e-03
8.483452759e+02,-2.929280345e-05
8.485845337e+02,3.762998676e-04
8.488238525e+02,-4.619249958e-04
8.490631714e+02,-7.323201280e-04
8.493024902e+02,1.187485177e-03
8.495418091e+02,-1.840940095e-03
8.497811279e+02,3.762998676e-04
8.500205078e+02,-1.435347367e-03
8.502598267e+02,-8.404781693e-04
8.504992065e+02,-1.273110276e-03
8.507386475e+02,-1.191991847e-03
8.509780273e+02,4.303788883e-04
8.512174072e+02,9.170901030e-04
8.514568481e+02,-2.868441399e-03
8.516962280e+02,1.187485177e-03
8.519356689e+02,-1.705742558e-03
8.521750488e+02,-4.348854709e-04
8.524144897e+02,-3.267274296e-04
8.526539307e+02,7.886523963e-05
8.528933716e+02,-2.895480953e-03
8.531328735e+02,6.737344665e-04
8.533723145e+02,-1.083833748e-03
8.536118164e+02,-5.971225328e-04
8.538512573e+02,-1.354228822e-03
8.540907593e+02,-3.537669545e-04
8.543302612e+02,7.278135163e-04
8.545698242e+02,-6.782410783e-04
8.548093262e+02,-1.083833748e-03
8.550488892e+02,2.411023161e-04
8.552883911e+02,-2.976599615e-03
8.555279541e+02,-1.300149830e-03
8.557675171e+02,-4.078459751e-04
8.560070801e+02,1.457880368e-03
8.562466431e+02,-1.624624012e-03
8.564862061e+02,-1.759821549e-03
8.567257690e+02,-1.137912739e-03
8.569653931e+02,-7.052805740e-04
8.572049561e+02,-7.593596238e-04
8.574445801e+02,-3.808064503e-04
8.576842041e+02,-1.327189384e-03
8.579238281e+02,-2.185693884e-04
8.581634521e+02,-1.300149830e-03
8.584031372e+02,7.007740205e-04
8.586428223e+02,-5.160039873e-04
8.588825073e+02,-1.374508429e-04
8.591221313e+02,-2.057256177e-03
8.593618164e+02,3.222208470e-04
8.596015015e+02,-7.863991195e-04
8.598412476e+02,2.681418264e-04
8.600809326e+02,-3.598508425e-03
8.603206177e+02,-1.435347367e-03
8.605603638e+02,-5.700830370e-04
8.608000488e+02,-6.241620285e-04
8.610397949e+02,-3.537669545e-04
8.612795410e+02,-1.543505467e-03
8.615192871e+02,-9.486362105e-04
8.617590942e+02,3.762998676e-04
8.619988403e+02,-1.543505467e-03
8.622386475e+02,-1.949098078e-03
8.624784546e+02,-2.726484090e-04
8.627182617e+02,1.025248086e-03
8.629580688e+02,-9.486362105e-04
8.631978760e+02,5.385369295e-04
8.634376831e+02,-5.700830370e-04
8.636775513e+02,-8.337182953e-05
8.639173584e+02,-1.374508429e-04
8.641572266e+02,-4.619249958e-04
8.643970337e+02,-2.726484090e-04
8.646369019e+02,-3.808064503e-04
8.648767700e+02,-8.945571608e-04
8.651166382e+02,4.303788883e-04
8.653565674e+02,-1.327189384e-03
8.655964355e+02,-5.971225328e-04
8.658363647e+02,-1.976137515e-03
8.660762939e+02,-2.726484090e-04
8.663162231e+02,4.033393925e-04
8.665561523e+02,-4.078459751e-04
8.667960815e+02,-5.700830370e-04
8.670360718e+02,2.140628058e-04
8.672760010e+02,-2.003177069e-03
8.675159912e+02,1.187485177e-03
8.677559204e+02,-4.078459751e-04
8.679959106e+02,1.376761822e-03
8.682359009e+02,-2.381730359e-03
8.684758911e+02,-1.002715202e-03
8.687158813e+02,1.863472979e-03
8.689559326e+02,-1.462386921e-03
8.691959229e+02,2.133868169e-03
8.694359741e+02,-1.786861103e-03
8.696760254e+02,-8.675176650e-04
8.699160156e+02,-1.374508429e-04
8.701561279e+02,-1.516465913e-03
8.703962402e+02,-4.889644915e-04
8.706362915e+02,5.926159793e-04
8.708763428e+02,-8.337182953e-05
8.711164551e+02,-8.675176650e-04
8.713565674e+02,-7.323201280e-04
8.715966187e+02,-2.219493268e-03
8.718367310e+02,9.982086485e-04
8.720769043e+02,3.492603428e-04
8.723170166e+02,-2.192453714e-03
8.725571289e+02,-2.929280345e-05
8.727973022e+02,5.385369295e-04
8.730374146e+02,8.359715575e-04
8.732775879e+02,-1.786861103e-03
8.735177612e+02,-2.057256177e-03
8.737579956e+02,-1.435347367e-03
8.739981689e+02,-5.633231558e-05
8.742384033e+02,-1.976137515e-03
8.744785767e+02,4.033393925e-04
8.747188110e+02,-1.644903678e-04
8.749589844e+02,4.033393925e-04
8.751992188e+02,-1.976137515e-03
8.754394531e+02,-6.512015825e-04
8.756797485e+02,5.655764253e-04
8.759199829e+02,-2.300611697e-03
8.761602173e+02,-2.138374606e-03
8.764005127e+02,-2.456088841e-04
8.766407471e+02,8.900506073e-04
8.768810425e+02,-9.215966566e-04
8.771213379e+02,-1.840940095e-03
8.773616333e+02,5.926159793e-04
8.776019897e+02,-2.679164987e-03
8.778423462e+02,-1.137912739e-03
8.780826416e+02,2.681418264e-04
8.783229980e+02,-7.593596238e-04
8.785633545e+02,-2.726484090e-04
8.788037109e+02,-1.408307930e-03
8.790440674e+02,-3.003639169e-03
8.792844238e+02,7.548530120e-04
8.795247803e+02,-1.374508429e-04
8.797651367e+02,-2.929280345e-05
8.800055542e+02,5.182572932e-05
8.802459717e+02,8.089320618e-04
8.804863892e+02,-2.733243862e-03
8.807268066e+02,4.033393925e-04
8.809672241e+02,-8.134386153e-04
8.812077026e+02,-8.675176650e-04
8.814481201e+02,-2.841402078e-03
8.816885986e+02,6.466949708e-04
8.819290161e+02,-1.435347367e-03
8.821694946e+02,-1.104113398e-04
8.824099731e+02,-1.651663450e-03
8.826504517e+02,-6.512015825e-04
8.828909302e+02,-2.462848788e-03
8.831314697e+02,5.114974338e-04
8.833719482e+02,-2.929280345e-05
8.836124878e+02,-5.430435413e-04
8.838529663e+02,5.655764253e-04
8.840935059e+02,-5.633231558e-05
8.843340454e+02,-4.619249958e-04
8.845745850e+02,5.926159793e-04
8.848151855e+02,-1.705742558e-03
8.850557861e+02,-1.083833748e-03
8.852963257e+02,-3.267274296e-04
8.855369263e+02,1.059047499e-04
8.857775269e+02,-2.057256177e-03
8.860181274e+02,1.025248086e-03
8.862587280e+02,1.025248086e-03
8.864993286e+02,-9.215966566e-04
8.867399292e+02,-2.300611697e-03
8.869805298e+02,1.457880368e-03
8.872211914e+02,-1.300149830e-03
8.874618530e+02,-6.241620285e-04
8.877025146e+02,-3.537669545e-04
8.879431763e+02,1.059047499e-04
8.881838379e+02,-1.300149830e-03
8.884245605e+02,-5.700830370e-04
8.886652222e+02,-3.267274296e-04
8.889059448e+02,-5.633231558e-05
8.891466064e+02,2.411023161e-04
8.893873291e+02,1.187485177e-03
8.896280518e+02,-8.404781693e-04
8.898687744e+02,-3.537669545e-04
8.901094971e+02,-3.537669545e-04
8.903502197e+02,-2.253292678e-06
8.905910034e+02,-7.593596238e-04
8.908317261e+02,-1.110873302e-03
8.910725098e+02,-1.976137515e-03
8.913132935e+02,-5.700830370e-04
8.915540771e+02,-1.300149830e-03
8.917948608e+02,-9.486362105e-04
8.920357056e+02,-4.078459751e-04
8.922764893e+02,6.196554750e-04
8.925173340e+02,2.478621900e-05
8.927581787e+02,-1.110873302e-03
8.929989624e+02,-7.323201280e-04
8.932398071e+02,8.630110533e-04
8.934806519e+02,-1.516465913e-03
8.937214966e+02,4.844579089e-04
8.939624023e+02,-1.056794194e-03
8.942032471e+02,2.106828615e-03
8.944441528e+02,-1.381268376e-03
8.946849976e+02,-4.889644915e-04
8.949259033e+02,-1.597584458e-03
8.951668091e+02,1.079327194e-03
8.954077148e+02,-2.922520507e-03
8.956486816e+02,-2.219493268e-03
8.958895874e+02,1.160445740e-03
8.961305542e+02,2.681418264e-04
8.963714600e+02,-7.593596238e-04
8.966124268e+02,-1.813900541e-03
8.968533936e+02,-5.971225328e-04
8.970943604e+02,5.385369295e-04
8.973353271e+02,5.182572932e-05
8.975762939e+02,-3.267274296e-04
8.978173218e+02,6.737344665e-04
8.980582886e+02,5.182572932e-05
8.982993164e+02,-1.219031285e-03
8.985403442e+02,-8.134386153e-04
8.987813721e+02,-2.111335285e-03
8.990223999e+02,-8.945571608e-04
8.992634888e+02,-2.354690805e-03
8.995045166e+02,-1.644903678e-04
8.997455444e+02,-3.003639169e-03
8.999866333e+02,7.278135163e-04
9.002277222e+02,-3.165876027e-03
9.004687500e+02,-2.726484090e-04
9.007098389e+02,-1.543505467e-03
9.009509277e+02,9.711690946e-04
9.011920776e+02,2.478621900e-05
9.014331665e+02,1.620117342e-03
9.016742554e+02,-5.971225328e-04
9.019154053e+02,8.630110533e-04
9.021565552e+02,-2.435809234e-03
9.023977051e+02,-1.191991847e-03
9.026389160e+02,-4.348854709e-04
9.028800659e+02,-3.808064503e-04
9.031212158e+02,-6.241620285e-04
9.033623657e+02,1.329442603e-04
9.036035767e+02,-8.134386153e-04
9.038447266e+02,5.926159793e-04
9.040859375e+02,-1.273110276e-03
9.043271484e+02,-5.971225328e-04
9.045683594e+02,1.106366632e-03
9.048095703e+02,7.548530120e-04
9.050507812e+02,-5.971225328e-04
9.052920532e+02,1.025248086e-03
9.055332642e+02,1.059047499e-04
9.057745361e+02,-7.323201280e-04
9.060158691e+02,-1.516465913e-03
9.062571411e+02,-1.029754756e-03
9.064984131e+02,8.359715575e-04
9.067396851e+02,1.566038351e-03
9.069809570e+02,-2.733243862e-03
9.072222900e+02,3.188409144e-03
9.074635620e+02,-1.246070839e-03
9.077048950e+02,-5.971225328e-04
9.079462280e+02,8.900506073e-04
9.081875610e+02,2.681418264e-04
9.084288940e+02,-6.782410783e-04
9.086702271e+02,1.133406186e-03
9.089115601e+02,-3.138836706e-03
9.091529541e+02,1.059047499e-04
9.093943481e+02,-1.543505467e-03
9.096357422e+02,8.630110533e-04
9.098771362e+02,2.951813221e-04
9.101185303e+02,8.630110533e-04
9.103599243e+02,-5.633231558e-05
9.106013184e+02,-5.700830370e-04
9.108427734e+02,-7.593596238e-04
9.110841675e+02,1.566038351e-03
9.113256226e+02,8.630110533e-04
9.115670776e+02,-2.185693884e-04
9.118085327e+02,-1.002715202e-03
9.120499878e+02,-2.598046325e-03
9.122914429e+02,-3.267274296e-04
9.125328979e+02,-1.915298781e-04
9.127743530e+02,-1.922058640e-03
9.130159302e+02,-1.354228822e-03
9.132574463e+02,1.870232809e-04
9.134989014e+02,-6.782410783e-04
9.137404175e+02,-1.705742558e-03
9.139819336e+02,1.133406186e-03
9.142235107e+02,-1.489426475e-03
9.144650269e+02,-6.512015825e-04
9.147065430e+02,-4.348854709e-04
9.149481201e+02,3.222208470e-04
9.151896973e+02,-1.164952293e-03
9.154312134e+02,1.782354433e-03
9.156727905e+02,-1.651663450e-03
9.159143677e+02,-1.219031285e-03
9.161560059e+02,-7.593596238e-04
9.163976440e+02,-8.404781693e-04
9.166392212e+02,-1.624624012e-03
9.168808594e+02,-1.110873302e-03
9.171224976e+02,-4.348854709e-04
9.173640747e+02,-6.782410783e-04
9.176057129e+02,8.630110533e-04
9.178473511e+02,-1.300149830e-03
9.180890503e+02,1.059047499e-04
9.183306885e+02,1.566038351e-03
9.185723877e+02,-1.300149830e-03
9.188140259e+02,1.484919805e-03
9.190557251e+02,-1.915298781e-04
9.192974243e+02,1.701235888e-03
9.195391235e+02,-1.651663450e-03
9.197808838e+02,1.674196450e-03
9.200225830e+02,-2.165414160e-03
9.202642822e+02,1.620117342e-03
9.205060425e+02,7.886523963e-05
9.207477417e+02,1.566038351e-03
9.209895020e+02,-7.593596238e-04
9.212312622e+02,5.182572932e-05
9.214730225e+02,-1.651663450e-03
9.217147827e+02,-6.782410783e-04
9.219565430e+02,-1.597584458e-03
9.221983643e+02,1.376761822e-03
9.224401245e+02,-1.516465913e-03
9.226819458e+02,-2.192453714e-03
9.229237671e+02,-1.164952293e-03
9.231656494e+02,4.844579089e-04
9.234074707e+02,-6.241620285e-04
9.236492920e+02,1.870232809e-04
9.238911133e+02,1.106366632e-03
9.241329346e+02,4.033393925e-04
9.243748169e+02,-1.786861103e-03
9.246166992e+02,-1.219031285e-03
9.248585205e+02,-7.323201280e-04
9.251004028e+02,1.187485177e-03
9.253422852e+02,-4.078459751e-04
9.255841675e+02,1.599837706e-04
9.258261108e+02,-2.381730359e-03
9.260679932e+02,-4.889644915e-04
9.263099365e+02,5.182572932e-05
9.265518799e+02,2.478621900e-05
9.267938232e+02,-2.929280345e-05
9.270357666e+02,-2.185693884e-04
9.272777100e+02,-5.430435413e-04
9.275196533e+02,2.411023161e-04
9.277615967e+02,-6.782410783e-04
9.280036011e+02,-3.537669545e-04
9.282455444e+02,-2.138374606e-03
9.284875488e+02,-8.134386153e-04
9.287295532e+02,1.599837706e-04
9.289715576e+02,1.241564285e-03
9.292135620e+02,-6.782410783e-04
9.294555664e+02,-1.786861103e-03
9.296976318e+02,-7.593596238e-04
9.299396362e+02,2.681418264e-04
9.301817017e+02,-4.889644915e-04
9.304237671e+02,-1.354228822e-03
9.306657715e+02,-2.706204541e-03
9.309078369e+02,-1.327189384e-03
9.311499023e+02,-3.537669545e-04
9.313919678e+02,-1.104113398e-04
9.316340942e+02,6.737344665e-04
9.318761597e+02,8.900506073e-04
9.321182861e+02,-1.922058640e-03
9.323603516e+02,-2.192453714e-03
9.326024780e+02,-9.486362105e-04
9.328446045e+02,-5.633231558e-05
9.330867920e+02,-7.323201280e-04
9.333289185e+02,-5.971225328e-04
9.335710449e+02,-2.996879048e-04
9.338132324e+02,-8.945571608e-04
9.340553589e+02,-1.840940095e-03
9.342975464e+02,1.870232809e-04
9.345397339e+02,-1.191991847e-03
9.347819214e+02,4.303788883e-04
9.350241089e+02,-1.164952293e-03
9.352662964e+02,-1.137912739e-03
9.355084839e+02,8.089320618e-04
9.357507324e+02,-9.486362105e-04
9.359929199e+02,-5.971225328e-04
9.362352295e+02,-1.354228822e-03
9.364774780e+02,-4.619249958e-04
9.367196655e+02,-9.756757063e-04
9.369619141e+02,-6.512015825e-04
9.372042236e+02,-1.489426475e-03
9.374464722e+02,-4.619249958e-04
9.376887207e+02,-4.889644915e-04
9.379310303e+02,-1.137912739e-03
9.381732788e+02,-1.462386921e-03
9.384155884e+02,-1.705742558e-03
9.386578979e+02,-1.354228822e-03
9.389002075e+02,1.599837706e-04
9.391425171e+02,-2.462848788e-03
9.393848267e+02,6.466949708e-04
9.396272583e+02,-6.241620285e-04
9.398695679e+02,1.059047499e-04
9.401119385e+02,-1.408307930e-03
9.403543091e+02,-1.408307930e-03
9.405966797e+02,-1.354228822e-03
9.408390503e+02,1.133406186e-03
9.410814209e+02,-3.808064503e-04
9.413237915e+02,-1.110873302e-03
9.415661621e+02,-9.756757063e-04
9.418085938e+02,1.809393987e-03
9.420509644e+02,-1.104113398e-04
9.422933960e+02,-3.808064503e-04
9.425358276e+02,1.329442603e-04
9.427783203e+02,-5.971225328e-04
9.430207520e+02,-6.241620285e-04
9.432631836e+02,7.886523963e-05
9.435056763e+02,-1.915298781e-04
9.437481079e+02,7.818925660e-04
9.439906006e+02,-7.593596238e-04
9.442330322e+02,-1.374508429e-04
9.444755249e+02,3.492603428e-04
9.447180176e+02,-1.759821549e-03
9.449605103e+02,1.430840814e-03
9.452030640e+02,-2.996879048e-04
9.454455566e+02,-2.726484090e-04
9.456880493e+02,-6.241620285e-04
9.459306641e+02,-7.323201280e-04
9.461732178e+02,3.762998676e-04
9.464157104e+02,-1.813900541e-03
9.466582642e+02,-1.029754756e-03
9.469008179e+02,5.655764253e-04
9.471434326e+02,-6.241620285e-04
9.473859863e+02,-1.327189384e-03
9.476285400e+02,-1.246070839e-03
9.478711548e+02,-3.537669545e-04
9.481137695e+02,-2.253292678e-06
9.483563232e+02,-1.104113398e-04
9.485989380e+02,1.025248086e-03
9.488415527e+02,-2.814362524e-03
9.490842896e+02,-8.945571608e-04
9.493269043e+02,-8.337182953e-05
9.495695190e+02,2.478621900e-05
9.498121948e+02,4.303788883e-04
9.500548096e+02,-1.327189384e-03
9.502974854e+02,2.478621900e-05
9.505401611e+02,1.870232809e-04
9.507828369e+02,-9.756757063e-04
9.510255127e+02,-1.435347367e-03
9.512682495e+02,-1.002715202e-03
9.515109253e+02,-5.430435413e-04
9.517536011e+02,-1.110873302e-03
9.519963379e+02,6.196554750e-04
9.522391357e+02,-2.571006771e-03
9.524818726e+02,1.599837706e-04
9.527246094e+02,-2.165414160e-03
9.529673462e+02,-1.915298781e-04
9.532100830e+02,-2.030216623e-03
9.534528198e+02,-1.191991847e-03
9.536956177e+02,-1.056794194e-03
9.539383545e+02,5.655764253e-04
9.541811523e+02,-8.337182953e-05
9.544239502e+02,1.187485177e-03
9.546667480e+02,-2.489888342e-03
9.549095459e+02,-4.619249958e-04
9.551523438e+02,-6.512015825e-04
9.553952637e+02,-6.512015825e-04
9.556380615e+02,-5.700830370e-04
9.558809204e+02,-4.078459751e-04
9.561237183e+02,-1.678703004e-03
9.563665771e+02,-3.537669545e-04
9.566094360e+02,3.222208470e-04
9.568522949e+02,-1.029754756e-03
9.570951538e+02,-9.486362105e-04
9.573380127e+02,6.196554750e-04
9.575809326e+02,3.222208470e-04
9.578237915e+02,6.196554750e-04
9.580667114e+02,2.411023161e-04
9.583096313e+02,-5.971225328e-04
9.585526123e+02,-2.084295731e-03
9.587955322e+02,-5.700830370e-04
9.590384521e+02,-1.759821549e-03
9.592813721e+02,-2.253292678e-06
9.595242920e+02,9.711690946e-04
9.597672729e+02,-1.354228822e-03
9.600102539e+02,-9.486362105e-04
9.602531738e+02,-2.895480953e-03
9.604961548e+02,-1.732781995e-03
9.607391357e+02,1.052287640e-03
9.609821167e+02,-2.185693884e-04
9.612250977e+02,4.844579089e-04
9.614681396e+02,-9.756757063e-04
9.617111816e+02,-6.512015825e-04
9.619542236e+02,1.329442603e-04
9.621972046e+02,-1.300149830e-03
9.624402466e+02,-8.404781693e-04
9.626832886e+02,2.681418264e-04
9.629263306e+02,-1.867979532e-03
9.631693726e+02,3.762998676e-04
9.634124756e+02,-1.056794194e-03
9.636555176e+02,-1.759821549e-03
9.638986206e+02,5.926159793e-04
9.641416626e+02,9.982086485e-04
9.643847656e+02,-2.456088841e-04
9.646278687e+02,2.106828615e-03
9.648710327e+02,-3.537669545e-04
9.651141357e+02,-1.137912739e-03
9.653572388e+02,-2.625085879e-03
9.656004028e+02,-7.323201280e-04
9.658435059e+02,3.492603428e-04
9.660866699e+02,-1.644903678e-04
9.663297729e+02,-1.273110276e-03
9.665729370e+02,1.133406186e-03
9.668161011e+02,-1.915298781e-04
9.670592651e+02,1.059047499e-04
9.673024292e+02,4.844579089e-04
9.675456543e+02,-3.267274296e-04
9.677888794e+02,-2.138374606e-03
9.680321045e+02,1.870232809e-04
9.682752686e+02,-2.489888342e-03
9.685184937e+02,-1.029754756e-03
9.687617188e+02,-1.435347367e-03
9.690049438e+02,7.278135163e-04
9.692481689e+02,-7.863991195e-04
9.694913940e+02,-6.782410783e-04
9.697346802e+02,-1.110873302e-03
9.699779053e+02,2.681418264e-04
9.702211914e+02,-1.462386921e-03
9.704644775e+02,5.926159793e-04
9.707077026e+02,-8.337182953e-05
9.709510498e+02,-9.215966566e-04
9.711943970e+02,-1.110873302e-03
9.714376831e+02,-1.327189384e-03
9.716809692e+02,-3.057718044e-03
9.719242554e+02,-7.052805740e-04
9.721676025e+02,-8.134386153e-04
9.724109497e+02,-7.052805740e-04
9.726542969e+02,-1.354228822e-03
9.728975830e+02,-1.374508429e-04
9.731409302e+02,-1.110873302e-03
9.733843384e+02,-1.597584458e-03
9.736276855e+02,-1.435347367e-03
9.738710938e+02,4.033393925e-04
9.741145020e+02,-1.915298781e-04
9.743578491e+02,-5.971225328e-04
9.746012573e+02,-1.408307930e-03
9.748446655e+02,-9.756757063e-04
9.750880737e+02,-1.137912739e-03
9.753314819e+02,-1.191991847e-03
9.755748901e+02,-1.374508429e-04
9.758182983e+02,4.844579089e-04
9.760617676e+02,-2.598046325e-03
9.763051758e+02,-3.003639169e-03
9.765486450e+02,2.411023161e-04
9.767921143e+02,1.836433541e-03
9.770356445e+02,-4.348854709e-04
9.772791138e+02,2.951813221e-04
9.775225830e+02,-1.374508429e-04
9.777660522e+02,-9.486362105e-04
9.780095825e+02,-1.597584458e-03
9.782530518e+02,1.376761822e-03
9.784965820e+02,2.951813221e-04
9.787400513e+02,-1.110873302e-03
9.789835815e+02,-8.404781693e-04
9.792271118e+02,-5.430435413e-04
9.794706421e+02,-3.537669545e-04
9.797141724e+02,9.170901030e-04
9.799578247e+02,-1.164952293e-03
9.802013550e+02,1.755314996e-03
9.804449463e+02,-3.267274296e-04
9.806884766e+02,-7.052805740e-04
9.809320679e+02,-3.267274296e-04
9.811756592e+02,-6.241620285e-04
9.814192505e+02,-1.002715202e-03
9.816628418e+02,-2.111335285e-03
9.819064331e+02,-3.537669545e-04
9.821500854e+02,-1.374508429e-04
9.823936768e+02,-1.489426475e-03
9.826373291e+02,-2.929280345e-05
9.828809204e+02,-5.971225328e-04
9.831246338e+02,-7.593596238e-04
9.833682861e+02,1.599837706e-04
9.836119385e+02,-1.543505467e-03
9.838555908e+02,5.926159793e-04
9.840993042e+02,-7.052805740e-04
9.843429565e+02,-2.003177069e-03
9.845866699e+02,-5.430435413e-04
9.848303223e+02,-7.863991195e-04
9.850740356e+02,-1.597584458e-03
9.853177490e+02,-1.191991847e-03
9.855614624e+02,-3.537669545e-04
9.858051758e+02,-1.597584458e-03
9.860489502e+02,-7.052805740e-04
9.862926636e+02,-1.191991847e-03
9.865364380e+02,-2.185693884e-04
9.867801514e+02,-1.110873302e-03
9.870239258e+02,-2.253292678e-06
9.872677002e+02,-3.808064503e-04
9.875114746e+02,1.322682714e-03
9.877552490e+02,1.376761822e-03
9.879990234e+02,-2.003177069e-03
9.882427979e+02,-5.633231558e-05
9.884865723e+02,-1.137912739e-03
9.887304077e+02,-9.756757063e-04
9.889742432e+02,-4.619249958e-04
9.892180786e+02,-1.273110276e-03
9.894619141e+02,-5.971225328e-04
9.897057495e+02,-2.185693884e-04
9.899495850e+02,-4.889644915e-04
9.901934204e+02,-9.215966566e-04
9.904372559e+02,-3.808064503e-04
9.906811523e+02,-2.895480953e-03
9.909249878e+02,7.886523963e-05
9.911688843e+02,-1.354228822e-03
9.914127808e+02,-2.381730359e-03
9.916566162e+02,-7.323201280e-04
9.919005737e+02,-1.056794194e-03
9.921444702e+02,-2.354690805e-03
9.923884277e+02,-5.700830370e-04
9.926323242e+02,-3.355152672e-03
9.928762207e+02,7.007740205e-04
9.931201782e+02,1.059047499e-04
9.933641357e+02,-3.537669545e-04
9.936080322e+02,-1.191991847e-03
9.938519897e+02,3.492603428e-04
9.940959473e+02,5.385369295e-04
9.943399048e+02,4.033393925e-04
9.945838623e+02,-1.300149830e-03
9.948279419e+02,-7.593596238e-04
9.950718994e+02,-1.516465913e-03
9.953159180e+02,2.214986598e-03
9.955598755e+02,-1.651663450e-03
9.958038940e+02,1.295643277e-03
9.960479126e+02,-1.191991847e-03
9.962919312e+02,1.511959359e-03
9.965359497e+02,-7.593596238e-04
9.967800293e+02,8.900506073e-04
9.970240479e+02,-1.624624012e-03
9.972680664e+02,-1.191991847e-03
9.975121460e+02,-5.633231558e-05
9.977562866e+02,-2.381730359e-03
9.980003052e+02,4.303788883e-04
9.982443848e+02,1.214524731e-03
9.984884644e+02,-5.430435413e-04
9.987326050e+02,-2.456088841e-04
9.989766846e+02,3.222208470e-04
9.992207642e+02,-7.863991195e-04
9.994649048e+02,-7.052805740e-04
9.997089844e+02,-1.435347367e-03
9.999531250e+02,-3.537669545e-04
1.000197266e+03,-5.160039873e-04
1.000441406e+03,1.998670632e-03
1.000685608e+03,-7.593596238e-04
1.000929749e+03,-7.593596238e-04
1.001173889e+03,-2.003177069e-03
1.001418091e+03,-1.110873302e-03
1.001662231e+03,-1.354228822e-03
1.001906433e+03,-1.644903678e-04
1.002150574e+03,-1.300149830e-03
1.002394775e+03,-5.633231558e-05
1.002638977e+03,-1.516465913e-03
1.002883179e+03,-2.435809234e-03
1.003127380e+03,-9.756757063e-04
1.003371643e+03,1.187485177e-03
1.003615906e+03,4.033393925e-04
1.003860168e+03,2.140628058e-04
1.004104370e+03,-1.137912739e-03
1.004348633e+03,6.196554750e-04
1.004592896e+03,-1.624624012e-03
1.004837158e+03,-2.814362524e-03
1.005081421e+03,-2.489888342e-03
1.005325684e+03,1.295643277e-03
1.005569946e+03,-6.241620285e-04
1.005814270e+03,2.681418264e-04
1.006058533e+03,-1.327189384e-03
1.006302856e+03,5.655764253e-04
1.006547241e+03,-6.241620285e-04
1.006791565e+03,-1.029754756e-03
1.007035889e+03,-1.895019086e-03
1.007280212e+03,-1.678703004e-03
1.007524536e+03,2.140628058e-04
1.007768860e+03,-1.056794194e-03
1.008013245e+03,-7.593596238e-04
1.008257568e+03,5.926159793e-04
1.008501953e+03,-1.246070839e-03
1.008746277e+03,-1.029754756e-03
1.008990662e+03,6.466949708e-04
1.009235046e+03,1.836433541e-03
1.009479492e+03,-8.337182953e-05
1.009723938e+03,-7.323201280e-04
1.009968323e+03,1.160445740e-03
1.010212708e+03,6.737344665e-04
1.010457153e+03,7.818925660e-04
1.010701538e+03,-8.337182953e-05
1.010945984e+03,-1.374508429e-04
1.011190430e+03,-6.782410783e-04
1.011434875e+03,-8.675176650e-04
1.011679321e+03,1.295643277e-03
1.011923767e+03,-7.863991195e-04
1.012168335e+03,1.329442603e-04
1.012412781e+03,-1.246070839e-03
1.012657288e+03,-8.404781693e-04
1.012901733e+03,-7.593596238e-04
1.013146240e+03,-1.570544904e-03
1.013390747e+03,-2.996879048e-04
1.013635254e+03,1.106366632e-03
1.013879761e+03,3.762998676e-04
1.014124268e+03,1.599837706e-04
1.014368774e+03,-5.430435413e-04
1.014613342e+03,-5.700830370e-04
1.014857849e+03,4.574184131e-04
1.015102478e+03,-8.404781693e-04
1.015347046e+03,1.511959359e-03
1.015591614e+03,-2.456088841e-04
1.015836121e+03,-1.732781995e-03
1.016080750e+03,-4.348854709e-04
1.016325317e+03,-7.593596238e-04
1.016569885e+03,-1.110873302e-03
1.016814453e+03,-1.651663450e-03
1.017059082e+03,2.681418264e-04
1.017303711e+03,-3.138836706e-03
1.017548279e+03,9.441295988e-04
1.017792908e+03,-8.404781693e-04
1.018037598e+03,-9.486362105e-04
1.018282227e+03,7.818925660e-04
1.018526855e+03,-2.003177069e-03
1.018771545e+03,-1.408307930e-03
1.019016174e+03,7.278135163e-04
1.019260864e+03,-1.759821549e-03
1.019505493e+03,-1.435347367e-03
1.019750183e+03,-1.056794194e-03
1.019994873e+03,-3.267274296e-04
1.020239563e+03,-2.787322970e-03
1.020484253e+03,2.681418264e-04
