1.961511536e+02,2.414329443e-03
1.963582764e+02,1.857176394e-04
1.965654144e+02,9.912399109e-04
1.967725677e+02,-1.505879220e-03
1.969797363e+02,5.347772967e-04
1.971869049e+02,-1.344774733e-03
1.973940887e+02,8.301354828e-04
1.976012726e+02,-1.156819519e-03
1.978084869e+02,1.555105555e-03
1.980157013e+02,-1.183670247e-03
1.982229156e+02,-1.364912750e-04
1.984301605e+02,-3.244464751e-04
1.986374054e+02,2.011568286e-03
1.988446655e+02,-2.150296932e-03
1.990519257e+02,-2.237562057e-06
1.992592163e+02,1.528254827e-03
1.994665070e+02,3.199713537e-04
1.996737976e+02,1.555105555e-03
1.998811188e+02,3.193000797e-03
2.000884399e+02,1.662508585e-03
2.002957916e+02,3.085597884e-03
2.005031281e+02,1.823612954e-03
2.007104797e+02,1.125493669e-03
2.009178467e+02,2.092120470e-03
2.011252289e+02,5.347772967e-04
2.013326263e+02,-1.076267334e-03
2.015400085e+02,-2.438942465e-04
2.017474213e+02,-2.257700078e-03
2.019548492e+02,-1.666983706e-03
2.021622772e+02,-3.331729677e-03
2.023697205e+02,2.662698680e-04
2.025771637e+02,-1.344774733e-03
2.027846375e+02,1.823612954e-03
2.029921112e+02,1.044941484e-03
2.031995850e+02,-1.633420179e-04
2.034070892e+02,-4.049987183e-04
2.036145935e+02,1.367150340e-03
2.038221130e+02,5.884788116e-04
2.040296478e+02,1.716210041e-03
2.042371826e+02,1.555105555e-03
2.044447327e+02,1.850463683e-03
2.046522980e+02,1.501404098e-03
2.048598633e+02,2.145821927e-03
2.050674591e+02,2.870792057e-03
2.052750549e+02,4.132776987e-03
2.054826508e+02,1.018090639e-03
2.056902771e+02,1.018090639e-03
2.058978882e+02,1.501404098e-03
2.061055450e+02,-9.151628474e-04
2.063131866e+02,6.421802682e-04
2.065208435e+02,-1.989192562e-03
2.067285004e+02,4.005235969e-04
2.069361877e+02,1.320161537e-04
2.071438904e+02,-5.661031464e-04
2.073515778e+02,-1.076267334e-03
2.075593109e+02,1.857176394e-04
2.077670135e+02,3.468221112e-04
2.079747620e+02,5.616280250e-04
2.081825104e+02,3.085597884e-03
2.083902588e+02,-3.781479609e-04
2.085980225e+02,2.978194971e-03
2.088058014e+02,5.616280250e-04
2.090135956e+02,8.838369977e-04
2.092213898e+02,1.367150340e-03
2.094291992e+02,1.206045854e-03
2.096370239e+02,2.441180171e-03
2.098448639e+02,3.736728395e-04
2.100526886e+02,-1.076267334e-03
2.102605591e+02,2.897642786e-03
2.104684143e+02,-1.022565761e-03
2.106762848e+02,-2.438942465e-04
2.108841705e+02,-2.707449894e-04
2.110920715e+02,-3.244464751e-04
2.112999725e+02,-2.203998622e-03
2.115079041e+02,-9.420135757e-04
2.117158356e+02,-2.741013421e-03
2.119237671e+02,8.301354828e-04
2.121317139e+02,-1.096405322e-04
2.123396759e+02,7.495832397e-04
2.125476532e+02,4.005235969e-04
2.127556305e+02,1.984717557e-03
2.129636230e+02,9.912399109e-04
2.131716309e+02,9.912399109e-04
2.133796387e+02,1.877314528e-03
2.135876617e+02,1.581956283e-03
2.137957153e+02,2.253224840e-03
2.140037537e+02,1.420851797e-03
2.142118073e+02,5.347772967e-04
2.144198761e+02,7.764340262e-04
2.146279602e+02,-7.540583611e-04
2.148360596e+02,8.032847545e-04
2.150441437e+02,1.320161537e-04
2.152522583e+02,-6.466553896e-04
2.154603882e+02,-1.371625462e-03
2.156685333e+02,-9.688643040e-04
2.158766785e+02,-5.929539329e-04
2.160848236e+02,2.011568286e-03
2.162929840e+02,-6.735061761e-04
2.165011597e+02,-4.855509324e-04
2.167093506e+02,7.227325113e-04
2.169175568e+02,2.394191251e-04
2.171257477e+02,-2.660461236e-03
2.173339844e+02,-9.420135757e-04
2.175422058e+02,1.743060770e-03
2.177504578e+02,1.394001069e-03
2.179587097e+02,2.662698680e-04
2.181669617e+02,3.327254672e-03
2.183752289e+02,2.092120470e-03
2.185835266e+02,3.327254672e-03
2.187918243e+02,-5.392524181e-04
2.190001221e+02,5.616280250e-04
2.192084503e+02,-5.392524181e-04
2.194167633e+02,8.838369977e-04
2.196251068e+02,-5.929539329e-04
2.198334503e+02,-4.587002040e-04
2.200418091e+02,-3.251177492e-03
2.202501831e+02,-4.855509324e-04
2.204585724e+02,-5.661031464e-04
2.206669617e+02,9.643891826e-04
2.208753510e+02,-1.317924005e-03
2.210837708e+02,1.394001069e-03
2.212921906e+02,-1.344774733e-03
2.215006256e+02,8.838369977e-04
2.217090759e+02,7.764340262e-04
2.219175415e+02,1.420851797e-03
2.221260071e+02,9.912399109e-04
2.223344879e+02,1.984717557e-03
2.225429688e+02,3.246702487e-03
2.227514648e+02,1.206045854e-03
2.229599762e+02,-1.505879220e-03
2.231684875e+02,2.682836726e-03
2.233770294e+02,5.347772967e-04
2.235855713e+02,4.005235969e-04
2.237941284e+02,-1.479028491e-03
2.240026855e+02,-1.452177763e-03
2.242112579e+02,-1.129968790e-03
2.244198456e+02,-1.076267334e-03
2.246284485e+02,-7.272076327e-04
2.248370514e+02,-1.640132861e-03
2.250456696e+02,-1.901927608e-04
2.252542877e+02,1.313448884e-03
2.254629211e+02,-5.929539329e-04
2.256715851e+02,1.957866596e-03
2.258802338e+02,-4.587002040e-04
2.260889130e+02,3.488359042e-03
2.262975922e+02,4.005235969e-04
2.265062866e+02,7.764340262e-04
2.267149963e+02,9.912399109e-04
2.269237061e+02,2.629135270e-03
2.271324310e+02,-5.124016898e-04
2.273411713e+02,3.783717286e-03
2.275499115e+02,1.689359313e-03
2.277586670e+02,5.079265684e-04
2.279674377e+02,-1.720685163e-03
2.281762238e+02,3.199713537e-04
2.283850098e+02,-1.210520975e-03
2.285938110e+02,-8.614613325e-04
2.288026123e+02,-1.398476190e-03
2.290114441e+02,2.931206254e-04
2.292202759e+02,2.333777025e-03
2.294291077e+02,2.548583085e-03
2.296379700e+02,-3.385431133e-03
2.298468323e+02,9.375384543e-04
2.300557098e+02,6.421802682e-04
2.302645874e+02,8.569862111e-04
2.304734955e+02,5.347772967e-04
2.306823883e+02,1.474553370e-03
2.308913116e+02,2.065269742e-03
2.311002350e+02,1.850463683e-03
2.313091736e+02,2.092120470e-03
2.315181274e+02,6.421802682e-04
2.317270966e+02,-1.237371704e-03
2.319360657e+02,3.468221112e-04
2.321450500e+02,-1.096405322e-04
2.323540344e+02,-1.901927608e-04
2.325630341e+02,-8.883121191e-04
2.327720490e+02,-2.660461236e-03
2.329810791e+02,-1.022565761e-03
2.331901093e+02,-5.593905007e-05
2.333991547e+02,-2.170435037e-04
2.336082153e+02,6.690309965e-04
2.338172760e+02,-5.929539329e-04
2.340263672e+02,1.662508585e-03
2.342354431e+02,2.199523384e-03
2.344445496e+02,1.179195126e-03
2.346536560e+02,9.106877260e-04
2.348627777e+02,2.333777025e-03
2.350719299e+02,1.313448884e-03
2.352810669e+02,2.306926297e-03
2.354902191e+02,2.092120470e-03
2.356993866e+02,1.877314528e-03
2.359085541e+02,2.306926297e-03
2.361177368e+02,1.259747427e-03
2.363269348e+02,1.588668965e-04
2.365361481e+02,5.884788116e-04
2.367453613e+02,-1.881789649e-03
2.369545898e+02,-7.540583611e-04
2.371638184e+02,-8.614613325e-04
2.373730774e+02,-1.881789649e-03
2.375823364e+02,5.079265684e-04
2.377915955e+02,-7.540583611e-04
2.380009003e+02,-7.272076327e-04
2.382101898e+02,-1.479028491e-03
2.384194946e+02,1.857176394e-04
2.386287994e+02,1.796762226e-03
2.388381348e+02,-9.957150323e-04
2.390474548e+02,2.333777025e-03
2.392568054e+02,1.340299612e-03
2.394661560e+02,4.005235969e-04
2.396755219e+02,1.555105555e-03
2.398849030e+02,1.689359313e-03
2.400943146e+02,3.407806857e-03
2.403037109e+02,1.474553370e-03
2.405131073e+02,4.542250826e-04
2.407225342e+02,3.468221112e-04
2.409319611e+02,-4.318494466e-04
2.411414032e+02,1.152344397e-03
2.413508606e+02,-1.425326918e-03
2.415603180e+02,4.273743252e-04
2.417698059e+02,-8.077598759e-04
2.419792938e+02,3.736728395e-04
2.421887817e+02,-2.237562057e-06
2.423982849e+02,5.146392505e-05
2.426078033e+02,5.347772967e-04
2.428173218e+02,-8.883121191e-04
2.430268707e+02,-1.935491106e-03
2.432364197e+02,2.306926297e-03
2.434459839e+02,2.394191251e-04
2.436555481e+02,1.420851797e-03
2.438651276e+02,1.931015984e-03
2.440747223e+02,4.810758110e-04
2.442843323e+02,-1.264222548e-03
2.444939423e+02,4.810758110e-04
2.447035522e+02,-1.076267334e-03
2.449132080e+02,-1.452177763e-03
2.451228485e+02,-2.237562057e-06
2.453325043e+02,-1.774386619e-03
2.455421753e+02,1.320161537e-04
2.457518463e+02,-1.901927608e-04
2.459615326e+02,-1.049416605e-03
2.461712494e+02,1.286598155e-03
2.463809509e+02,-9.420135757e-04
2.465906677e+02,8.838369977e-04
2.468003998e+02,-1.096405322e-04
2.470101318e+02,9.375384543e-04
2.472198792e+02,1.716210041e-03
2.474296570e+02,3.434657585e-03
2.476394348e+02,1.555105555e-03
2.478492126e+02,2.038419014e-03
2.480590057e+02,3.736728395e-04
2.482688141e+02,2.038419014e-03
2.484786377e+02,-8.346106042e-04
2.486884613e+02,-1.364912750e-04
2.488983002e+02,-1.237371704e-03
2.491081390e+02,-1.666983706e-03
2.493180084e+02,-1.505879220e-03
2.495278625e+02,1.857176394e-04
2.497377625e+02,2.125683823e-04
2.499476471e+02,2.125683823e-04
2.501575470e+02,-1.854938804e-03
2.503674622e+02,5.347772967e-04
2.505773773e+02,1.957866596e-03
2.507873230e+02,8.301354828e-04
2.509972687e+02,7.495832397e-04
2.512072144e+02,1.528254827e-03
2.514171906e+02,1.984717557e-03
2.516271515e+02,2.931206254e-04
2.518371582e+02,5.884788116e-04
2.520471497e+02,2.736538183e-03
2.522571564e+02,1.796762226e-03
2.524671783e+02,2.414329443e-03
2.526772156e+02,-1.559580676e-03
2.528872528e+02,5.616280250e-04
2.530973053e+02,-2.365102991e-03
2.533073578e+02,-8.077598759e-04
2.535174255e+02,-9.688643040e-04
2.537275238e+02,-8.346106042e-04
2.539376221e+02,2.662698680e-04
2.541477203e+02,9.375384543e-04
2.543578339e+02,2.125683823e-04
2.545679626e+02,2.461318218e-05
2.547781067e+02,2.125683823e-04
2.549882507e+02,4.542250826e-04
2.551984100e+02,-2.237562057e-06
2.554085846e+02,2.333777025e-03
2.556187592e+02,3.199713537e-04
2.558289490e+02,2.145821927e-03
2.560391541e+02,6.690309965e-04
2.562493591e+02,1.904165256e-03
2.564595642e+02,9.106877260e-04
2.566697998e+02,-2.707449894e-04
2.568800659e+02,2.394191251e-04
2.570903015e+02,1.320161537e-04
2.573005676e+02,3.736728395e-04
2.575108337e+02,-1.425326918e-03
2.577211304e+02,-1.828088076e-03
2.579314575e+02,-2.257700078e-03
2.581417236e+02,-2.203998622e-03
2.583520508e+02,3.199713537e-04
2.585624084e+02,-7.003569044e-04
2.587727356e+02,1.286598155e-03
2.589830933e+02,-3.244464751e-04
2.591934509e+02,2.931206254e-04
2.594038086e+02,4.005235969e-04
2.596141968e+02,1.689359313e-03
2.598245850e+02,2.125683823e-04
2.600350037e+02,2.468030900e-03
2.602454224e+02,-4.318494466e-04
2.604558105e+02,2.387478715e-03
2.606662598e+02,9.375384543e-04
2.608767395e+02,2.494881628e-03
2.610871582e+02,6.958817830e-04
2.612976379e+02,-5.929539329e-04
2.615081482e+02,3.468221112e-04
2.617185974e+02,-9.957150323e-04
2.619291077e+02,1.051654108e-04
2.621396179e+02,-2.908830538e-05
2.623501282e+02,5.146392505e-05
2.625606689e+02,8.838369977e-04
2.627712097e+02,-5.593905007e-05
2.629817505e+02,8.301354828e-04
2.631923523e+02,5.146392505e-05
2.634028931e+02,1.340299612e-03
2.636134949e+02,1.394001069e-03
2.638240967e+02,2.253224840e-03
2.640346680e+02,2.065269742e-03
2.642453003e+02,1.474553370e-03
2.644559631e+02,2.790239640e-03
2.646665649e+02,2.468030900e-03
2.648772278e+02,-2.975957468e-04
2.650878601e+02,8.569862111e-04
2.652985535e+02,-1.237371704e-03
2.655092468e+02,5.884788116e-04
2.657199097e+02,1.071792212e-03
2.659306335e+02,-5.392524181e-04
2.661413574e+02,-1.237371704e-03
2.663520508e+02,-2.438942465e-04
2.665628052e+02,-5.593905007e-05
2.667735596e+02,4.542250826e-04
2.669842834e+02,4.273743252e-04
2.671950684e+02,1.313448884e-03
2.674058533e+02,1.588668965e-04
2.676166077e+02,3.736728395e-04
2.678274231e+02,1.340299612e-03
2.680382385e+02,6.958817830e-04
2.682490540e+02,1.420851797e-03
2.684598694e+02,4.273743252e-04
2.686707458e+02,1.259747427e-03
2.688815613e+02,1.340299612e-03
2.690924377e+02,4.810758110e-04
2.693033142e+02,2.280075569e-03
2.695141907e+02,6.958817830e-04
2.697250977e+02,-1.901927608e-04
2.699360046e+02,-1.344774733e-03
2.701468811e+02,3.199713537e-04
2.703578186e+02,-1.935491106e-03
2.705687866e+02,-1.613282133e-03
2.707796936e+02,-5.593905007e-05
2.709906616e+02,-8.883121191e-04
2.712016602e+02,1.320161537e-04
2.714125977e+02,-4.318494466e-04
2.716235962e+02,-3.781479609e-04
2.718346252e+02,1.447702525e-03
2.720455933e+02,3.736728395e-04
2.722566528e+02,2.065269742e-03
2.724676819e+02,1.286598155e-03
2.726787109e+02,2.226374112e-03
2.728897705e+02,1.179195126e-03
2.731008301e+02,1.769911498e-03
2.733118896e+02,-3.244464751e-04
2.735229797e+02,1.447702525e-03
2.737341003e+02,-4.318494466e-04
2.739451904e+02,-5.929539329e-04
2.741563110e+02,-9.957150323e-04
2.743674316e+02,-4.587002040e-04
2.745785522e+02,6.421802682e-04
2.747897339e+02,-1.666983706e-03
2.750008850e+02,-1.747535891e-03
2.752120361e+02,-1.364912750e-04
2.754232178e+02,2.394191251e-04
2.756344299e+02,-9.957150323e-04
2.758456116e+02,-2.237562057e-06
2.760568237e+02,3.736728395e-04
2.762680664e+02,-6.466553896e-04
2.764792786e+02,1.877314528e-03
2.766905518e+02,-9.688643040e-04
2.769017944e+02,1.420851797e-03
2.771130676e+02,-4.855509324e-04
2.773243408e+02,2.521732356e-03
2.775356445e+02,1.071792212e-03
2.777469482e+02,1.501404098e-03
2.779582214e+02,7.495832397e-04
2.781695557e+02,7.495832397e-04
2.783808899e+02,-1.129968790e-03
2.785922241e+02,-7.540583611e-04
2.788035889e+02,-1.291073277e-03
2.790149536e+02,2.038419014e-03
2.792262878e+02,-8.883121191e-04
2.794376831e+02,-2.170435037e-04
2.796490784e+02,-3.512972326e-04
2.798604736e+02,-6.198046613e-04
2.800718994e+02,-1.828088076e-03
2.802833252e+02,1.367150340e-03
2.804947815e+02,1.071792212e-03
2.807062073e+02,2.655985998e-03
2.809176636e+02,1.662508585e-03
2.811291504e+02,2.414329443e-03
2.813406067e+02,2.092120470e-03
2.815520935e+02,1.206045854e-03
2.817636108e+02,3.199713537e-04
2.819750977e+02,5.146392505e-05
2.821866455e+02,8.569862111e-04
2.823981628e+02,4.273743252e-04
2.826097107e+02,-1.264222548e-03
2.828212585e+02,6.153295399e-04
2.830328369e+02,-8.883121191e-04
2.832444153e+02,1.044941484e-03
2.834559937e+02,-2.042894019e-03
2.836675720e+02,-1.828088076e-03
2.838792114e+02,3.736728395e-04
2.840907898e+02,1.501404098e-03
2.843024292e+02,-1.076267334e-03
2.845140686e+02,1.501404098e-03
2.847257080e+02,7.495832397e-04
2.849373779e+02,4.810758110e-04
2.851490479e+02,1.588668965e-04
2.853607483e+02,3.005045699e-03
2.855724182e+02,-1.901927608e-04
2.857841187e+02,3.166150069e-03
2.859958496e+02,1.716210041e-03
2.862075500e+02,-3.244464751e-04
2.864192810e+02,5.347772967e-04
2.866310425e+02,2.280075569e-03
2.868428040e+02,1.608807012e-03
2.870545349e+02,-1.129968790e-03
2.872663269e+02,-3.244464751e-04
2.874781189e+02,-1.452177763e-03
2.876899109e+02,-1.425326918e-03
2.879017334e+02,1.098642941e-03
2.881135559e+02,-2.975957468e-04
2.883253479e+02,3.199713537e-04
2.885372009e+02,-1.901927608e-04
2.887490540e+02,7.764340262e-04
2.889609375e+02,1.588668965e-04
2.891727905e+02,6.958817830e-04
2.893846741e+02,1.635657740e-03
2.895965576e+02,1.931015984e-03
2.898084412e+02,9.912399109e-04
2.900203857e+02,8.032847545e-04
2.902322998e+02,1.823612954e-03
2.904442444e+02,-2.438942465e-04
2.906561890e+02,-8.278978930e-05
2.908681335e+02,1.320161537e-04
2.910801086e+02,-3.781479609e-04
2.912920837e+02,4.273743252e-04
2.915040588e+02,-1.103118062e-03
2.917160645e+02,-2.707449894e-04
2.919281006e+02,-5.929539329e-04
2.921401062e+02,8.301354828e-04
2.923521423e+02,3.736728395e-04
2.925641785e+02,2.065269742e-03
2.927762451e+02,-1.103118062e-03
2.929882812e+02,2.931206254e-04
2.932003784e+02,7.227325113e-04
2.934124451e+02,3.199713537e-04
2.936245422e+02,1.125493669e-03
2.938366394e+02,2.655985998e-03
2.940487671e+02,6.153295399e-04
2.942608948e+02,1.581956283e-03
2.944730225e+02,9.375384543e-04
2.946851807e+02,9.912399109e-04
2.948973389e+02,-1.452177763e-03
2.951094971e+02,2.662698680e-04
2.953216858e+02,-4.855509324e-04
2.955338745e+02,2.662698680e-04
2.957460632e+02,-2.311401535e-03
2.959582520e+02,7.227325113e-04
2.961705017e+02,-8.614613325e-04
2.963827515e+02,-8.346106042e-04
2.965950012e+02,-2.579908818e-03
2.968072205e+02,-1.022565761e-03
2.970195007e+02,-1.828088076e-03
2.972317810e+02,1.877314528e-03
2.974440308e+02,-8.077598759e-04
2.976563416e+02,-1.129968790e-03
2.978686523e+02,2.736538183e-03
2.980809937e+02,2.951344242e-03
2.982932739e+02,1.823612954e-03
2.985056458e+02,9.912399109e-04
2.987179871e+02,-9.957150323e-04
2.989303589e+02,4.273743252e-04
2.991427002e+02,-6.735061761e-04
2.993551025e+02,-7.003569044e-04
2.995675049e+02,5.347772967e-04
2.997798767e+02,3.199713537e-04
2.999922791e+02,-1.559580676e-03
3.002047119e+02,-1.129968790e-03
3.004171753e+02,7.831466792e-05
3.006295776e+02,-1.022565761e-03
3.008420410e+02,1.125493669e-03
3.010545349e+02,1.689359313e-03
3.012669983e+02,-7.003569044e-04
3.014794617e+02,2.414329443e-03
3.016919861e+02,-9.688643040e-04
3.019044800e+02,1.743060770e-03
3.021170044e+02,5.347772967e-04
3.023295288e+02,1.769911498e-03
3.025420532e+02,-3.781479609e-04
3.027546387e+02,1.394001069e-03
3.029671936e+02,-1.633420179e-04
3.031797485e+02,2.360627754e-03
3.033923340e+02,-7.003569044e-04
3.036049194e+02,2.125683823e-04
3.038175049e+02,1.206045854e-03
3.040301208e+02,-8.278978930e-05
3.042427673e+02,-3.781479609e-04
3.044554138e+02,2.494881628e-03
3.046680298e+02,-1.210520975e-03
3.048807068e+02,8.032847545e-04
3.050933533e+02,-4.318494466e-04
3.053060608e+02,2.414329443e-03
3.055187073e+02,-2.908830538e-05
3.057314148e+02,1.044941484e-03
3.059441528e+02,8.301354828e-04
3.061568604e+02,3.193000797e-03
3.063695679e+02,2.333777025e-03
3.065823364e+02,1.957866596e-03
3.067950745e+02,2.931206254e-04
3.070078430e+02,-9.688643040e-04
3.072206116e+02,1.716210041e-03
3.074333801e+02,-6.198046613e-04
3.076461792e+02,9.375384543e-04
3.078590088e+02,1.340299612e-03
3.080718079e+02,-2.170435037e-04
3.082846375e+02,-1.666983706e-03
3.084974670e+02,-3.781479609e-04
3.087103271e+02,2.125683823e-04
3.089231567e+02,-1.425326918e-03
3.091360474e+02,8.838369977e-04
3.093489075e+02,3.199713537e-04
3.095618286e+02,-2.707449894e-04
3.097746887e+02,7.495832397e-04
3.099876099e+02,1.635657740e-03
3.102005310e+02,-1.096405322e-04
3.104134827e+02,4.005235969e-04
3.106264038e+02,1.071792212e-03
3.108393555e+02,1.877314528e-03
3.110523376e+02,6.421802682e-04
3.112652893e+02,2.441180171e-03
3.114782715e+02,1.313448884e-03
3.116912537e+02,1.340299612e-03
3.119042664e+02,-1.076267334e-03
3.121173096e+02,-4.318494466e-04
3.123302917e+02,-8.883121191e-04
3.125433350e+02,6.153295399e-04
3.127564087e+02,-1.505879220e-03
3.129694824e+02,-2.237562057e-06
3.131825256e+02,1.501404098e-03
3.133955994e+02,5.079265684e-04
3.136087036e+02,-1.022565761e-03
3.138218079e+02,2.662698680e-04
3.140348816e+02,-2.123446204e-03
3.142480164e+02,1.286598155e-03
3.144611511e+02,4.810758110e-04
3.146743164e+02,1.743060770e-03
3.148874512e+02,3.199713537e-04
3.151006165e+02,1.152344397e-03
3.153137817e+02,1.340299612e-03
3.155269775e+02,4.273743252e-04
3.157401733e+02,4.005235969e-04
3.159533691e+02,1.125493669e-03
3.161665955e+02,-1.666983706e-03
3.163798218e+02,3.736728395e-04
3.165930786e+02,-3.781479609e-04
3.168063049e+02,-1.633420179e-04
3.170195618e+02,-1.881789649e-03
3.172328491e+02,-2.975957468e-04
3.174461365e+02,-5.593905007e-05
3.176593933e+02,1.931015984e-03
3.178727112e+02,-3.244464751e-04
3.180860291e+02,1.152344397e-03
3.182993469e+02,2.394191251e-04
3.185126648e+02,1.608807012e-03
3.187260132e+02,-1.264222548e-03
3.189393616e+02,1.904165256e-03
3.191527405e+02,2.360627754e-03
3.193661194e+02,5.616280250e-04
3.195794983e+02,-6.198046613e-04
3.197928772e+02,2.306926297e-03
3.200062866e+02,-4.587002040e-04
3.202197266e+02,-8.614613325e-04
3.204331360e+02,1.152344397e-03
3.206465759e+02,-9.688643040e-04
3.208600159e+02,-1.425326918e-03
3.210734863e+02,7.495832397e-04
3.212869568e+02,-2.150296932e-03
3.215004272e+02,6.690309965e-04
3.217139282e+02,-7.540583611e-04
3.219274292e+02,5.146392505e-05
3.221409607e+02,2.394191251e-04
3.223544617e+02,1.716210041e-03
3.225679932e+02,2.441180171e-03
3.227815552e+02,6.421802682e-04
3.229951172e+02,1.689359313e-03
3.232086487e+02,1.152344397e-03
3.234222412e+02,1.689359313e-03
3.236358337e+02,1.635657740e-03
3.238494263e+02,2.662698680e-04
3.240630188e+02,2.951344242e-03
3.242766418e+02,4.005235969e-04
3.244902649e+02,5.616280250e-04
3.247039185e+02,1.051654108e-04
3.249175720e+02,6.958817830e-04
3.251311951e+02,-5.124016898e-04
3.253448792e+02,-3.781479609e-04
3.255585632e+02,-5.593905007e-05
3.257722778e+02,-1.747535891e-03
3.259859619e+02,-8.883121191e-04
3.261996765e+02,1.877314528e-03
3.264133911e+02,4.542250826e-04
3.266271362e+02,6.958817830e-04
3.268408813e+02,1.796762226e-03
3.270546265e+02,-4.318494466e-04
3.272684021e+02,1.447702525e-03
3.274821777e+02,2.280075569e-03
3.276959839e+02,2.662698680e-04
3.279097290e+02,8.032847545e-04
3.281235657e+02,2.931206254e-04
3.283373718e+02,2.494881628e-03
3.285512085e+02,-1.774386619e-03
3.287650757e+02,1.796762226e-03
3.289788818e+02,-1.425326918e-03
3.291927490e+02,-9.420135757e-04
3.294066467e+02,-1.633420179e-04
3.296205139e+02,1.340299612e-03
3.298343811e+02,-5.593905007e-05
3.300483093e+02,-9.151628474e-04
3.302622070e+02,-7.003569044e-04
3.304761658e+02,9.912399109e-04
3.306900940e+02,-2.975957468e-04
3.309040222e+02,1.528254827e-03
3.311179810e+02,-1.452177763e-03
3.313319397e+02,1.743060770e-03
3.315459290e+02,-1.264222548e-03
3.317599182e+02,1.689359313e-03
3.319739075e+02,1.320161537e-04
3.321879272e+02,3.273553215e-03
3.324019470e+02,2.662698680e-04
3.326159668e+02,1.232896582e-03
3.328299866e+02,-1.452177763e-03
3.330440369e+02,6.958817830e-04
3.332581177e+02,-1.693834434e-03
3.334721985e+02,9.643891826e-04
3.336862793e+02,-8.883121191e-04
3.339003601e+02,-1.720685163e-03
3.341144714e+02,-1.344774733e-03
3.343285828e+02,8.569862111e-04
3.345426941e+02,-4.318494466e-04
3.347568359e+02,2.199523384e-03
3.349709778e+02,-1.505879220e-03
3.351851196e+02,2.461318218e-05
3.353992920e+02,7.227325113e-04
3.356134949e+02,2.709687455e-03
3.358276367e+02,8.569862111e-04
3.360418396e+02,3.085597884e-03
3.362560730e+02,-4.318494466e-04
3.364703064e+02,1.179195126e-03
3.366845398e+02,6.958817830e-04
3.368987427e+02,5.146392505e-05
3.371130066e+02,-2.170435037e-04
3.373272705e+02,-5.124016898e-04
3.375415344e+02,-9.688643040e-04
3.377558289e+02,-1.049416605e-03
3.379700928e+02,-4.587002040e-04
3.381844177e+02,-1.425326918e-03
3.383987427e+02,-6.735061761e-04
3.386130676e+02,2.931206254e-04
3.388273926e+02,5.079265684e-04
3.390417175e+02,-4.049987183e-04
3.392561035e+02,2.931206254e-04
3.394704590e+02,3.005045699e-03
3.396848450e+02,2.145821927e-03
3.398992310e+02,1.206045854e-03
3.401136169e+02,1.018090639e-03
3.403280334e+02,6.690309965e-04
3.405424500e+02,-1.103118062e-03
3.407568970e+02,2.280075569e-03
3.409713440e+02,-1.901927608e-04
3.411857605e+02,-1.452177763e-03
3.414002380e+02,-8.614613325e-04
3.416147156e+02,6.421802682e-04
3.418291931e+02,-1.317924005e-03
3.420437012e+02,-1.264222548e-03
3.422581787e+02,-1.237371704e-03
3.424726868e+02,1.447702525e-03
3.426872253e+02,-4.855509324e-04
3.429017639e+02,2.092120470e-03
3.431163025e+02,-2.908830538e-05
3.433308411e+02,1.957866596e-03
3.435454102e+02,-1.096405322e-04
3.437600098e+02,1.259747427e-03
3.439746094e+02,2.038419014e-03
3.441892090e+02,2.333777025e-03
3.444037781e+02,3.199713537e-04
3.446184082e+02,3.703165101e-03
3.448330383e+02,6.690309965e-04
3.450476990e+02,2.226374112e-03
3.452623596e+02,5.146392505e-05
3.454769897e+02,5.079265684e-04
3.456916504e+02,4.005235969e-04
3.459063416e+02,-1.183670247e-03
3.461210327e+02,-1.505879220e-03
3.463357544e+02,-4.855509324e-04
3.465504456e+02,-8.077598759e-04
3.467651672e+02,-1.633420179e-04
3.469799194e+02,1.051654108e-04
3.471946716e+02,6.690309965e-04
3.474094238e+02,1.588668965e-04
3.476241760e+02,1.608807012e-03
3.478389587e+02,2.662698680e-04
3.480537415e+02,8.032847545e-04
3.482685547e+02,6.958817830e-04
3.484833679e+02,2.333777025e-03
3.486981506e+02,9.643891826e-04
3.489129944e+02,1.796762226e-03
3.491278381e+02,1.320161537e-04
3.493427124e+02,9.912399109e-04
3.495575562e+02,1.051654108e-04
3.497723999e+02,6.421802682e-04
3.499873047e+02,8.032847545e-04
3.502022095e+02,-1.633420179e-04
3.504171143e+02,-9.957150323e-04
3.506320190e+02,-1.371625462e-03
3.508469238e+02,-1.183670247e-03
3.510618591e+02,5.347772967e-04
3.512768250e+02,-3.512972326e-04
3.514917908e+02,5.079265684e-04
3.517067566e+02,3.199713537e-04
3.519217224e+02,1.474553370e-03
3.521366882e+02,-4.587002040e-04
3.523516846e+02,9.643891826e-04
3.525667114e+02,5.347772967e-04
3.527817383e+02,3.488359042e-03
3.529967651e+02,4.273743252e-04
3.532117920e+02,8.838369977e-04
3.534268494e+02,-7.003569044e-04
3.536419067e+02,3.199713537e-04
3.538569946e+02,-2.741013421e-03
3.540720825e+02,7.227325113e-04
3.542871399e+02,-7.272076327e-04
3.545022583e+02,-9.957150323e-04
3.547173767e+02,-2.016043290e-03
3.549324951e+02,7.764340262e-04
3.551476440e+02,-7.809091476e-04
3.553627930e+02,2.461318218e-05
3.555779114e+02,5.616280250e-04
3.557930908e+02,-5.593905007e-05
3.560082703e+02,6.421802682e-04
3.562234802e+02,1.823612954e-03
3.564386597e+02,2.011568286e-03
3.566538391e+02,8.301354828e-04
3.568690796e+02,6.153295399e-04
3.570843201e+02,9.912399109e-04
3.572995605e+02,2.011568286e-03
3.575148010e+02,-1.317924005e-03
3.577300720e+02,1.179195126e-03
3.579453125e+02,-3.781479609e-04
3.581606140e+02,-2.096595475e-03
3.583759155e+02,-2.975957468e-04
3.585912170e+02,6.421802682e-04
3.588065491e+02,-4.049987183e-04
3.590218201e+02,-8.346106042e-04
3.592371826e+02,-2.438942465e-04
3.594525146e+02,-4.049987183e-04
3.596678772e+02,2.662698680e-04
3.598832703e+02,-3.358580405e-03
3.600986328e+02,1.823612954e-03
3.603139954e+02,8.301354828e-04
3.605293884e+02,3.736728395e-04
3.607448120e+02,9.106877260e-04
3.609602356e+02,2.333777025e-03
3.611756592e+02,6.958817830e-04
3.613910828e+02,1.051654108e-04
3.616065369e+02,7.495832397e-04
3.618219910e+02,2.602284541e-03
3.620374756e+02,1.984717557e-03
3.622529602e+02,1.098642941e-03
3.624684753e+02,-5.593905007e-05
3.626839294e+02,-2.908830538e-05
3.628994751e+02,2.394191251e-04
3.631149902e+02,-3.781479609e-04
3.633305359e+02,6.690309965e-04
3.635460815e+02,1.179195126e-03
3.637616272e+02,1.044941484e-03
3.639771729e+02,5.347772967e-04
3.641927490e+02,8.032847545e-04
3.644083557e+02,1.098642941e-03
3.646239624e+02,-1.633420179e-04
3.648395691e+02,1.931015984e-03
3.650551453e+02,-6.466553896e-04
3.652707825e+02,1.823612954e-03
3.654864197e+02,2.790239640e-03
3.657020874e+02,1.259747427e-03
3.659177551e+02,-7.540583611e-04
3.661334229e+02,2.038419014e-03
3.663490906e+02,2.199523384e-03
3.665647888e+02,-8.346106042e-04
3.667804871e+02,5.884788116e-04
3.669962158e+02,1.743060770e-03
3.672119446e+02,-2.123446204e-03
3.674276733e+02,-1.364912750e-04
3.676433716e+02,-1.398476190e-03
3.678591309e+02,-1.633420179e-04
3.680749207e+02,-6.198046613e-04
3.682907104e+02,1.769911498e-03
3.685065002e+02,1.320161537e-04
3.687222900e+02,5.616280250e-04
3.689380798e+02,6.421802682e-04
3.691539001e+02,-4.855509324e-04
3.693697205e+02,1.313448884e-03
3.695855713e+02,2.360627754e-03
3.698014221e+02,2.521732356e-03
3.700172729e+02,1.420851797e-03
3.702331238e+02,2.253224840e-03
3.704490051e+02,1.071792212e-03
3.706649170e+02,7.227325113e-04
3.708807983e+02,2.394191251e-04
3.710967407e+02,-1.774386619e-03
3.713126221e+02,-1.452177763e-03
3.715285645e+02,-1.076267334e-03
3.717445068e+02,2.662698680e-04
3.719604797e+02,-2.170435037e-04
3.721764526e+02,-5.929539329e-04
3.723924255e+02,1.152344397e-03
3.726083679e+02,-6.466553896e-04
3.728243713e+02,7.227325113e-04
3.730403748e+02,2.870792057e-03
3.732564087e+02,-4.587002040e-04
3.734724426e+02,2.897642786e-03
3.736884766e+02,4.542250826e-04
3.739045105e+02,1.286598155e-03
3.741205750e+02,8.301354828e-04
3.743366394e+02,2.125683823e-04
3.745527344e+02,1.984717557e-03
3.747688293e+02,8.032847545e-04
3.749849243e+02,3.468221112e-04
3.752010498e+02,1.259747427e-03
3.754171448e+02,-8.346106042e-04
3.756332703e+02,-7.272076327e-04
3.758494263e+02,-1.317924005e-03
3.760655823e+02,1.931015984e-03
3.762817383e+02,-2.365102991e-03
3.764979248e+02,4.810758110e-04
3.767140808e+02,-8.614613325e-04
3.769302673e+02,1.232896582e-03
3.771464844e+02,-1.425326918e-03
3.773627014e+02,3.354105400e-03
3.775789490e+02,1.662508585e-03
3.777951660e+02,-9.688643040e-04
3.780114136e+02,1.904165256e-03
3.782276611e+02,3.199713537e-04
3.784439392e+02,1.877314528e-03
3.786602173e+02,9.643891826e-04
3.788765259e+02,-7.272076327e-04
3.790928040e+02,7.227325113e-04
3.793091125e+02,-1.720685163e-03
3.795254211e+02,-5.593905007e-05
3.797417603e+02,2.931206254e-04
3.799580994e+02,-9.420135757e-04
3.801744690e+02,-3.090073122e-03
3.803908386e+02,1.051654108e-04
3.806071777e+02,-1.901927608e-04
3.808235474e+02,-4.049987183e-04
3.810399475e+02,8.569862111e-04
3.812563782e+02,1.823612954e-03
3.814727783e+02,-9.420135757e-04
3.816892090e+02,2.763388911e-03
3.819056702e+02,3.736728395e-04
3.821220703e+02,2.931206254e-04
3.823385315e+02,1.608807012e-03
3.825550232e+02,2.763388911e-03
3.827714844e+02,1.528254827e-03
3.829879761e+02,2.011568286e-03
3.832044983e+02,9.643891826e-04
3.834209595e+02,1.044941484e-03
3.836374817e+02,-1.613282133e-03
3.838540344e+02,3.199713537e-04
3.840705566e+02,1.857176394e-04
3.842871399e+02,1.588668965e-04
3.845036926e+02,-2.170435037e-04
3.847202759e+02,8.569862111e-04
3.849368286e+02,1.857176394e-04
3.851534119e+02,3.736728395e-04
3.853700256e+02,-1.398476190e-03
3.855866394e+02,4.810758110e-04
3.858032837e+02,-1.237371704e-03
3.860198975e+02,1.098642941e-03
3.862365417e+02,2.038419014e-03
3.864531860e+02,1.689359313e-03
3.866698608e+02,3.736728395e-04
3.868865356e+02,1.447702525e-03
3.871032410e+02,1.259747427e-03
3.873199463e+02,1.608807012e-03
3.875366516e+02,-4.318494466e-04
3.877533264e+02,6.958817830e-04
3.879700623e+02,2.662698680e-04
3.881867981e+02,-7.540583611e-04
3.884035645e+02,9.643891826e-04
3.886203308e+02,-1.103118062e-03
3.888370972e+02,-1.962341834e-03
3.890538635e+02,-2.237562057e-06
3.892706604e+02,-4.049987183e-04
3.894874573e+02,8.301354828e-04
3.897042847e+02,-1.364912750e-04
3.899211121e+02,3.112448612e-03
3.901379395e+02,5.146392505e-05
3.903547974e+02,2.682836726e-03
3.905716248e+02,-8.278978930e-05
3.907884827e+02,3.736728395e-04
3.910053711e+02,1.850463683e-03
3.912222595e+02,3.568911226e-03
3.914391479e+02,-3.512972326e-04
3.916560669e+02,2.662698680e-04
3.918729858e+02,-5.392524181e-04
3.920898743e+02,4.810758110e-04
3.923068237e+02,-3.244464751e-04
3.925237732e+02,5.146392505e-05
3.927407532e+02,-2.928968519e-03
3.929577026e+02,1.206045854e-03
3.931747131e+02,-1.237371704e-03
3.933916626e+02,-1.364912750e-04
3.936086731e+02,-1.774386619e-03
3.938256836e+02,-2.908830538e-05
3.940426941e+02,7.764340262e-04
3.942597351e+02,9.912399109e-04
3.944767761e+02,2.038419014e-03
3.946938477e+02,2.736538183e-03
3.949108887e+02,1.420851797e-03
3.951279602e+02,2.763388911e-03
3.953450623e+02,-1.096405322e-04
3.955621338e+02,2.629135270e-03
3.957792664e+02,2.461318218e-05
3.959963684e+02,1.394001069e-03
3.962135010e+02,-1.901927608e-04
3.964306030e+02,1.796762226e-03
3.966477661e+02,-6.198046613e-04
3.968649292e+02,5.146392505e-05
3.970820923e+02,5.146392505e-05
3.972992859e+02,4.005235969e-04
3.975164795e+02,-1.774386619e-03
3.977336731e+02,1.018090639e-03
3.979508667e+02,-1.559580676e-03
3.981680908e+02,-3.781479609e-04
3.983853149e+02,4.273743252e-04
3.986025696e+02,9.643891826e-04
3.988198242e+02,1.555105555e-03
3.990370789e+02,8.569862111e-04
3.992543640e+02,2.226374112e-03
3.994716187e+02,2.709687455e-03
3.996889038e+02,1.635657740e-03
3.999062195e+02,4.810758110e-04
4.001235352e+02,-5.392524181e-04
4.003408508e+02,5.079265684e-04
4.005581970e+02,-7.003569044e-04
4.007755432e+02,2.038419014e-03
4.009928894e+02,-3.036371665e-03
4.012102661e+02,7.495832397e-04
4.014276428e+02,1.957866596e-03
4.016450195e+02,-8.346106042e-04
4.018624268e+02,1.555105555e-03
4.020798340e+02,-4.318494466e-04
4.022972717e+02,-2.975957468e-04
4.025146790e+02,-1.096405322e-04
4.027321167e+02,1.394001069e-03
4.029495544e+02,1.743060770e-03
4.031670227e+02,5.079265684e-04
4.033844910e+02,1.957866596e-03
4.036019897e+02,-3.512972326e-04
4.038194885e+02,2.065269742e-03
4.040369873e+02,2.461318218e-05
4.042544556e+02,1.367150340e-03
4.044719849e+02,5.146392505e-05
4.046895447e+02,-1.264222548e-03
4.049070740e+02,-1.096405322e-04
4.051246338e+02,-2.975957468e-04
4.053421936e+02,-1.774386619e-03
4.055597839e+02,-4.855509324e-04
4.057773438e+02,-9.688643040e-04
4.059949341e+02,-5.124016898e-04
4.062125549e+02,-2.170435037e-04
4.064301758e+02,9.912399109e-04
4.066477966e+02,1.232896582e-03
4.068654480e+02,1.125493669e-03
4.070830994e+02,1.877314528e-03
4.073007507e+02,2.441180171e-03
4.075184021e+02,2.280075569e-03
4.077360840e+02,-1.633420179e-04
4.079537659e+02,1.984717557e-03
4.081714783e+02,3.468221112e-04
4.083891907e+02,1.313448884e-03
4.086069031e+02,1.588668965e-04
4.088246460e+02,1.394001069e-03
4.090423584e+02,5.146392505e-05
4.092601318e+02,-1.452177763e-03
4.094778748e+02,-2.170435037e-04
4.096956787e+02,2.682836726e-03
4.099134521e+02,-1.720685163e-03
4.101312561e+02,1.689359313e-03
4.103490601e+02,-1.962341834e-03
4.105668640e+02,8.301354828e-04
4.107846680e+02,9.375384543e-04
4.110025024e+02,3.166150069e-03
4.112203674e+02,8.032847545e-04
4.114382324e+02,2.870792057e-03
4.116560974e+02,-3.512972326e-04
4.118739624e+02,1.689359313e-03
4.120918579e+02,-1.633420179e-04
4.123097229e+02,2.065269742e-03
4.125276489e+02,1.662508585e-03
4.127455750e+02,-1.096405322e-04
4.129635010e+02,2.038419014e-03
4.131814575e+02,1.581956283e-03
4.133994141e+02,2.441180171e-03
4.136173706e+02,-3.244464751e-04
4.138353271e+02,2.118971199e-03
4.140532837e+02,1.286598155e-03
4.142713013e+02,-2.237562057e-06
4.144892883e+02,2.306926297e-03
4.147073059e+02,1.877314528e-03
4.149253540e+02,3.864269471e-03
4.151433716e+02,1.286598155e-03
4.153614197e+02,1.931015984e-03
4.155794983e+02,3.595761955e-03
4.157975159e+02,2.655985998e-03
4.160155945e+02,1.501404098e-03
4.162337036e+02,3.219851758e-03
4.164517822e+02,3.139299341e-03
4.166698914e+02,5.341060460e-03
4.168880310e+02,2.951344242e-03
4.171061401e+02,3.676314373e-03
4.173242798e+02,3.005045699e-03
4.175424194e+02,1.635657740e-03
4.177605896e+02,2.414329443e-03
4.179787598e+02,3.891120199e-03
4.181969299e+02,1.394001069e-03
4.184151306e+02,3.730015829e-03
4.186333313e+02,3.488359042e-03
4.188515320e+02,5.797523074e-03
4.190697632e+02,5.367910955e-03
4.192879639e+02,5.690120161e-03
4.195062256e+02,5.448463373e-03
4.197244873e+02,7.032657042e-03
4.199427490e+02,6.925254129e-03
4.201610107e+02,5.153105129e-03
4.203793030e+02,5.690120161e-03
4.205975952e+02,7.301164791e-03
4.208159180e+02,8.777955547e-03
4.210342102e+02,4.750343971e-03
4.212525330e+02,5.851224530e-03
4.214708557e+02,6.710448302e-03
4.216892090e+02,7.274313830e-03
4.219075623e+02,8.106687106e-03
4.221259460e+02,8.321492933e-03
4.223443298e+02,8.697403595e-03
4.225627136e+02,7.569672074e-03
4.227810974e+02,7.059508003e-03
4.229995117e+02,7.945582271e-03
4.232179260e+02,9.529775940e-03
4.234363708e+02,1.132877637e-02
4.236547852e+02,1.162413415e-02
4.238732605e+02,1.089916471e-02
4.240917053e+02,1.312777586e-02
4.243101807e+02,1.202689577e-02
4.245286865e+02,1.390644722e-02
4.247471313e+02,1.382589526e-02
4.249656372e+02,1.267131325e-02
4.251841736e+02,1.358423848e-02
4.254026794e+02,1.559804473e-02
4.256212158e+02,1.401385013e-02
4.258397827e+02,1.715538837e-02
4.260583191e+02,1.487307437e-02
4.262768860e+02,1.527583506e-02
4.264954529e+02,1.565174572e-02
4.267140503e+02,1.938399859e-02
4.269326477e+02,1.801461168e-02
4.271512451e+02,1.959880441e-02
4.273698730e+02,2.142465487e-02
4.275885010e+02,2.384122275e-02
4.278071289e+02,2.061913349e-02
4.280257874e+02,2.413658053e-02
4.282444458e+02,2.711701393e-02
4.284631042e+02,2.883546054e-02
4.286817627e+02,2.832529694e-02
4.289004517e+02,2.845955081e-02
4.291191711e+02,2.996319160e-02
4.293378906e+02,2.926507220e-02
4.295566101e+02,3.168163821e-02
4.297753296e+02,3.221865371e-02
4.299940796e+02,3.331953660e-02
4.302127991e+02,3.466207162e-02
4.304315796e+02,3.288992494e-02
4.306503601e+02,3.519908711e-02
4.308691406e+02,3.538704291e-02
4.310879211e+02,3.989796713e-02
4.313067322e+02,3.783046082e-02
4.315255737e+02,4.314690828e-02
4.317443848e+02,4.274414480e-02
4.319632263e+02,4.663750529e-02
4.321820374e+02,4.814114422e-02
4.324009094e+02,4.902721941e-02
4.326197815e+02,5.012809858e-02
4.328386536e+02,5.163174123e-02
4.330575562e+02,5.042345822e-02
4.332764587e+02,5.434366688e-02
4.334953613e+02,5.329648778e-02
4.337142639e+02,5.737780035e-02
4.339331970e+02,5.842497945e-02
4.341521301e+02,6.025082991e-02
4.343710632e+02,6.162021682e-02
4.345900269e+02,6.395623088e-02
4.348090210e+02,6.927268207e-02
4.350279846e+02,6.747367978e-02
4.352469788e+02,6.857456267e-02
4.354660034e+02,7.523354888e-02
4.356849976e+02,7.652238011e-02
4.359040222e+02,7.786491513e-02
4.361230469e+02,8.073794842e-02
4.363420715e+02,8.143606782e-02
4.365611267e+02,8.514147252e-02
4.367802124e+02,9.064587206e-02
4.369992981e+02,8.967924863e-02
4.372183838e+02,9.427072108e-02
4.374374695e+02,9.668728709e-02
4.376565857e+02,9.998992831e-02
4.378757019e+02,1.015741229e-01
4.380947876e+02,1.080988571e-01
4.383139343e+02,1.098173037e-01
4.385330811e+02,1.153485551e-01
4.387522583e+02,1.147578433e-01
4.389714050e+02,1.199400350e-01
4.391906128e+02,1.203427911e-01
4.394097900e+02,1.271628886e-01
4.396289978e+02,1.310562342e-01
4.398482056e+02,1.353792101e-01
4.400673828e+02,1.392457187e-01
4.402866211e+02,1.452871412e-01
4.405058594e+02,1.463611722e-01
4.407251282e+02,1.537451148e-01
4.409443970e+02,1.552487612e-01
4.411636658e+02,1.633308381e-01
4.413829651e+02,1.667140275e-01
4.416022339e+02,1.700435132e-01
4.418215637e+02,1.791190654e-01
4.420408325e+02,1.821800619e-01
4.422601624e+02,1.814282387e-01
4.424794922e+02,1.905306429e-01
4.426988525e+02,1.964915097e-01
4.429182129e+02,2.004922628e-01
4.431375732e+02,2.092993110e-01
4.433569641e+02,2.123334408e-01
4.435763550e+02,2.147231549e-01
4.437957458e+02,2.268059850e-01
4.440151367e+02,2.316659838e-01
4.442345276e+02,2.402582169e-01
4.444539795e+02,2.414128035e-01
4.446734009e+02,2.532002628e-01
4.448928528e+02,2.581945062e-01
4.451123352e+02,2.594564855e-01
4.453317871e+02,2.675654292e-01
4.455512695e+02,2.721300423e-01
4.457707825e+02,2.826823890e-01
4.459902649e+02,2.894487679e-01
4.462097778e+02,2.913820446e-01
4.464292908e+02,3.015584648e-01
4.466488037e+02,3.043240905e-01
4.468683472e+02,3.070628643e-01
4.470879211e+02,3.128089309e-01
4.473074646e+02,3.145273626e-01
4.475270386e+02,3.212400675e-01
4.477466431e+02,3.285971582e-01
4.479662170e+02,3.321951628e-01
4.481858521e+02,3.323294222e-01
4.484054260e+02,3.378875256e-01
4.486250610e+02,3.415660560e-01
4.488446960e+02,3.476611972e-01
4.490643311e+02,3.524943292e-01
4.492839966e+02,3.505879343e-01
4.495036621e+02,3.528702259e-01
4.497233582e+02,3.553405106e-01
4.499430237e+02,3.617846668e-01
4.501627197e+02,3.586968482e-01
4.503824463e+02,3.619994819e-01
4.506021423e+02,3.616772890e-01
4.508218689e+02,3.621337414e-01
4.510415955e+02,3.587774038e-01
4.512613525e+02,3.590458930e-01
4.514811096e+02,3.588042557e-01
4.517008972e+02,3.600930870e-01
4.519206848e+02,3.575690985e-01
4.521404724e+02,3.584014773e-01
4.523602600e+02,3.518767655e-01
4.525800781e+02,3.464797437e-01
4.527998657e+02,3.473926783e-01
4.530197144e+02,3.495675921e-01
4.532395630e+02,3.428280652e-01
4.534594116e+02,3.405457437e-01
4.536792908e+02,3.308526278e-01
4.538991699e+02,3.329469860e-01
4.541190491e+02,3.275231421e-01
4.543389282e+02,3.202734292e-01
4.545588379e+02,3.173466921e-01
4.547787781e+02,3.096673787e-01
4.549986877e+02,3.135070503e-01
4.552185974e+02,3.087276220e-01
4.554385376e+02,3.010483086e-01
4.556585083e+02,2.925097644e-01
4.558784790e+02,2.825749815e-01
4.560984497e+02,2.816620469e-01
4.563184509e+02,2.828972042e-01
4.565384521e+02,2.790575325e-01
4.567584534e+02,2.745466232e-01
4.569784851e+02,2.646118402e-01
4.571985168e+02,2.631350458e-01
4.574185181e+02,2.653099597e-01
4.576385803e+02,2.562344074e-01
4.578586426e+02,2.543011606e-01
4.580787048e+02,2.469709069e-01
4.582987976e+02,2.439099103e-01
4.585188904e+02,2.413859516e-01
4.587389832e+02,2.341094017e-01
4.589591064e+02,2.312363684e-01
4.591792297e+02,2.324714959e-01
4.593993530e+02,2.272893041e-01
4.596195068e+02,2.230200320e-01
4.598396301e+02,2.226709723e-01
4.600598145e+02,2.146694511e-01
4.602799683e+02,2.122797370e-01
4.605001526e+02,2.148037106e-01
4.607203674e+02,2.061309218e-01
4.609405823e+02,2.076882571e-01
4.611607971e+02,2.071781009e-01
4.613810120e+02,2.020227611e-01
4.616012573e+02,1.988275200e-01
4.618215027e+02,1.973775774e-01
4.620417175e+02,1.927055418e-01
4.622619934e+02,1.920879781e-01
4.624822693e+02,1.905574948e-01
4.627025757e+02,1.860734075e-01
4.629228821e+02,1.841401607e-01
4.631431885e+02,1.805958599e-01
4.633634949e+02,1.771052629e-01
4.635838318e+02,1.753062606e-01
4.638041687e+02,1.779644936e-01
4.640245361e+02,1.713323593e-01
4.642449036e+02,1.710370034e-01
4.644652405e+02,1.694259495e-01
4.646856079e+02,1.680028588e-01
4.649060059e+02,1.658279598e-01
4.651264038e+02,1.620419919e-01
4.653468323e+02,1.628743708e-01
4.655672607e+02,1.573968232e-01
4.657876892e+02,1.533155143e-01
4.660081482e+02,1.562690884e-01
4.662285767e+02,1.492341906e-01
4.664490662e+02,1.494490057e-01
4.666695251e+02,1.485897750e-01
4.668900146e+02,1.484018266e-01
4.671104736e+02,1.399169862e-01
4.673309937e+02,1.443205029e-01
4.675515137e+02,1.375004202e-01
4.677720337e+02,1.365337968e-01
4.679925842e+02,1.297136992e-01
4.682131348e+02,1.323719323e-01
4.684336853e+02,1.323450804e-01
4.686542664e+02,1.280489564e-01
4.688748474e+02,1.260620058e-01
4.690954285e+02,1.192419156e-01
4.693160400e+02,1.174966171e-01
4.695366211e+02,1.142208278e-01
4.697572327e+02,1.131467968e-01
4.699778748e+02,1.109718829e-01
4.701985168e+02,1.098710075e-01
4.704191589e+02,1.103543192e-01
4.706398315e+02,1.078034937e-01
4.708605042e+02,1.015204266e-01
4.710811768e+02,1.002584398e-01
4.713018799e+02,1.008491516e-01
4.715225830e+02,9.684839100e-02
4.717432861e+02,9.958717227e-02
4.719640198e+02,9.440497309e-02
4.721847229e+02,8.812190592e-02
4.724054565e+02,8.994775265e-02
4.726262207e+02,8.935703337e-02
4.728469849e+02,8.715527505e-02
4.730677490e+02,8.170457184e-02
4.732885437e+02,8.406744152e-02
4.735093384e+02,8.183883131e-02
4.737301636e+02,8.057684451e-02
4.739509583e+02,7.756955922e-02
4.741717834e+02,7.520669699e-02
4.743926392e+02,7.630757242e-02
4.746134949e+02,7.351509482e-02
4.748343201e+02,7.254847139e-02
4.750551758e+02,6.900417060e-02
4.752760620e+02,7.136704028e-02
4.754969482e+02,6.892362237e-02
4.757178650e+02,6.844031066e-02
4.759387512e+02,6.513766944e-02
4.761596680e+02,6.728572398e-02
4.763806152e+02,6.648020446e-02
4.766015625e+02,6.395623088e-02
4.768225098e+02,6.395623088e-02
4.770434570e+02,6.223778427e-02
4.772644348e+02,6.102950126e-02
4.774853821e+02,6.003602594e-02
4.777063904e+02,5.420941487e-02
4.779273987e+02,5.549824983e-02
4.781484070e+02,5.928420275e-02
4.783694153e+02,5.399460718e-02
4.785904541e+02,5.611581728e-02
4.788115234e+02,5.536399409e-02
4.790325623e+02,5.257151648e-02
4.792536316e+02,5.208820477e-02
4.794747009e+02,5.163174123e-02
4.796958008e+02,5.359184742e-02
4.799169006e+02,5.224930868e-02
4.801379700e+02,4.830224812e-02
4.803590698e+02,4.811429605e-02
4.805802002e+02,4.865130782e-02
4.808013611e+02,4.685230926e-02
4.810224915e+02,4.824854806e-02
4.812436523e+02,4.540237039e-02
4.814648132e+02,4.521441460e-02
4.816860046e+02,4.618104175e-02
4.819071960e+02,4.526811466e-02
4.821283875e+02,4.129420593e-02
4.823496094e+02,4.156271368e-02
4.825708313e+02,4.051553458e-02
4.827920532e+02,4.086459428e-02
4.830132751e+02,4.177751765e-02
4.832345276e+02,4.070349038e-02
4.834557800e+02,3.624626622e-02
4.836770630e+02,3.799156472e-02
4.838983459e+02,3.764250502e-02
4.841196289e+02,3.925354779e-02
4.843409424e+02,3.648792207e-02
4.845622559e+02,4.019332677e-02
4.847835693e+02,3.697123751e-02
4.850049133e+02,3.659532592e-02
4.852262573e+02,3.721289337e-02
4.854476013e+02,3.476947546e-02
4.856689758e+02,3.409820795e-02
4.858903198e+02,3.603145853e-02
4.861116943e+02,3.342693672e-02
4.863330994e+02,3.127887845e-02
4.865545044e+02,3.007059544e-02
4.867759094e+02,3.007059544e-02
4.869973450e+02,2.913081832e-02
4.872187805e+02,2.937247604e-02
4.874402161e+02,3.098352067e-02
4.876616821e+02,2.899656445e-02
4.878831482e+02,2.743922174e-02
4.881046143e+02,2.993634157e-02
4.883261108e+02,2.845955081e-02
4.885476074e+02,2.781513333e-02
4.887691040e+02,2.671425231e-02
4.889906006e+02,2.982893772e-02
4.892121277e+02,2.872805856e-02
4.894336853e+02,2.964098379e-02
4.896552429e+02,2.647259459e-02
4.898768005e+02,2.832529694e-02
4.900983582e+02,2.378752083e-02
4.903199463e+02,2.588187903e-02
4.905415344e+02,2.373381890e-02
4.907631531e+02,2.300884947e-02
4.909847412e+02,2.507635765e-02
4.912063904e+02,2.096819319e-02
4.914280090e+02,2.252553590e-02
4.916496582e+02,2.241813391e-02
4.918712769e+02,1.884698495e-02
4.920929260e+02,2.239128202e-02
4.923146057e+02,2.088764124e-02
4.925362854e+02,2.330420725e-02
4.927579956e+02,2.075338736e-02
4.929797058e+02,2.290144749e-02
4.932014160e+02,2.137095481e-02
4.934231262e+02,2.150520869e-02
4.936448669e+02,2.153205872e-02
4.938666077e+02,2.056543157e-02
4.940883789e+02,2.153205872e-02
4.943101501e+02,2.231073007e-02
4.945319214e+02,1.914234273e-02
4.947537231e+02,2.212277427e-02
4.949754639e+02,1.941085048e-02
4.951972961e+02,1.812201366e-02
4.954190979e+02,1.841737330e-02
4.956409302e+02,1.911549084e-02
4.958627625e+02,1.841737330e-02
4.960846252e+02,1.801461168e-02
4.963064880e+02,1.551749185e-02
4.965283508e+02,1.734334230e-02
4.967502441e+02,1.632301509e-02
4.969721375e+02,1.841737330e-02
4.971940308e+02,1.946455054e-02
4.974159241e+02,2.083393931e-02
4.976378479e+02,1.992101409e-02
4.978598022e+02,1.863217913e-02
4.980816956e+02,1.621561125e-02
4.983036499e+02,1.943770051e-02
4.985256042e+02,1.702113450e-02
4.987475891e+02,2.120984904e-02
4.989695740e+02,2.010896988e-02
4.991915588e+02,1.924974471e-02
4.994135742e+02,1.702113450e-02
4.996355896e+02,1.742389426e-02
4.998576050e+02,1.444346271e-02
5.000796509e+02,1.586655155e-02
5.003016968e+02,1.640356705e-02
5.005237427e+02,1.637671515e-02
5.007458191e+02,1.562489476e-02
5.009678955e+02,1.680632867e-02
5.011899719e+02,1.686002873e-02
5.014120483e+02,1.589340344e-02
5.016341553e+02,1.487307437e-02
5.018562622e+02,1.903493889e-02
5.020783997e+02,1.777295396e-02
5.023005371e+02,1.758500002e-02
5.025226746e+02,1.610820927e-02
5.027448425e+02,1.855162531e-02
5.029670105e+02,1.801461168e-02
5.031891785e+02,1.946455054e-02
5.034113770e+02,1.820256561e-02
5.036335754e+02,1.543693990e-02
5.038557739e+02,1.659152098e-02
5.040780029e+02,1.624246314e-02
5.043002319e+02,1.546379086e-02
5.045224609e+02,1.621561125e-02
5.047447205e+02,1.559804473e-02
5.049669495e+02,1.608135737e-02
5.051892395e+02,1.476567145e-02
5.054114990e+02,1.506102923e-02
5.056337891e+02,1.398700010e-02
5.058561096e+02,1.728964038e-02
5.060784302e+02,1.793405972e-02
5.063007507e+02,1.565174572e-02
5.065230713e+02,1.830996946e-02
5.067454224e+02,1.986731216e-02
5.069677734e+02,1.675262675e-02
5.071901245e+02,1.793405972e-02
5.074125061e+02,1.750444807e-02
5.076348877e+02,1.796090975e-02
5.078572998e+02,1.900808886e-02
5.080796814e+02,1.833681948e-02
5.083021240e+02,1.651096903e-02
5.085245056e+02,1.605450734e-02
5.087469482e+02,1.489992533e-02
5.089693909e+02,1.769240201e-02
5.091918335e+02,1.565174572e-02
5.094143066e+02,1.728964038e-02
5.096367798e+02,1.551749185e-02
5.098592834e+02,1.962565631e-02
5.100817871e+02,1.390644722e-02
5.103042908e+02,1.626931317e-02
5.105267944e+02,1.855162531e-02
5.107493286e+02,1.895438693e-02
5.109718628e+02,1.782665588e-02
5.111944275e+02,1.761185005e-02
5.114169922e+02,1.992101409e-02
5.116395569e+02,1.865902916e-02
5.118621216e+02,1.704798453e-02
5.120847168e+02,1.887383498e-02
5.123073120e+02,2.206907421e-02
5.125299072e+02,1.922289468e-02
5.127525024e+02,1.868587919e-02
5.129751587e+02,1.702113450e-02
5.131978149e+02,1.570544764e-02
5.134204712e+02,1.691373065e-02
5.136431274e+02,1.836367138e-02
5.138657837e+02,1.621561125e-02
5.140884399e+02,1.766555198e-02
5.143111572e+02,2.024322376e-02
5.145338745e+02,2.061913349e-02
5.147565918e+02,2.000156604e-02
5.149793091e+02,1.814886555e-02
5.152020264e+02,2.120984904e-02
5.154248047e+02,1.745074615e-02
5.156475220e+02,1.984046213e-02
5.158703003e+02,1.763870008e-02
5.160930786e+02,1.844422333e-02
5.163158569e+02,2.316995338e-02
5.165386353e+02,2.255238779e-02
5.167614746e+02,2.158576064e-02
5.169842529e+02,2.163946256e-02
5.172070923e+02,2.094134316e-02
5.174299316e+02,2.249868587e-02
5.176527710e+02,2.155890875e-02
5.178756104e+02,2.056543157e-02
5.180984497e+02,2.172001451e-02
5.183213501e+02,1.949140243e-02
5.185442505e+02,2.104874514e-02
5.187671509e+02,2.322365530e-02
5.189900513e+02,2.000156604e-02
5.192129517e+02,2.155890875e-02
5.194358521e+02,1.959880441e-02
5.196588135e+02,2.555966936e-02
5.198817749e+02,2.204222232e-02
5.201047363e+02,2.427083440e-02
5.203276978e+02,2.470044605e-02
5.205506592e+02,2.408287860e-02
5.207736816e+02,2.547911741e-02
5.209966431e+02,2.440508828e-02
5.212196655e+02,2.389492467e-02
5.214426880e+02,2.386807278e-02
5.216657104e+02,2.510320768e-02
5.218887939e+02,2.504950576e-02
5.221118164e+02,2.545226738e-02
5.223348999e+02,2.276719362e-02
5.225579834e+02,2.456619218e-02
5.227810669e+02,2.558652125e-02
5.230041504e+02,2.359956503e-02
5.232272339e+02,2.429768443e-02
5.234503784e+02,2.220332809e-02
5.236734619e+02,2.553281933e-02
5.238966064e+02,2.765402757e-02
5.241197510e+02,2.657999843e-02
5.243428955e+02,2.582817711e-02
5.245661011e+02,2.824474499e-02
5.247892456e+02,2.789568529e-02
5.250124512e+02,2.676795423e-02
5.252356567e+02,2.794938721e-02
5.254588623e+02,2.593558095e-02
5.256820679e+02,2.808363922e-02
5.259052734e+02,2.765402757e-02
5.261285400e+02,2.819104306e-02
5.263517456e+02,2.886231244e-02
5.265750122e+02,2.738551982e-02
5.267982788e+02,2.765402757e-02
5.270215454e+02,2.843269892e-02
5.272448120e+02,2.666055039e-02
5.274681396e+02,2.929192409e-02
5.276914062e+02,2.709016204e-02
5.279147339e+02,2.972153574e-02
5.281380615e+02,3.009744547e-02
5.283613892e+02,2.913081832e-02
5.285847778e+02,3.125202656e-02
5.288081055e+02,3.050020710e-02
5.290314941e+02,2.999004349e-02
5.292548828e+02,3.173534200e-02
5.294782715e+02,3.412505612e-02
5.297016602e+02,3.401765600e-02
5.299251099e+02,3.364174441e-02
5.301484985e+02,3.323898464e-02
5.303719482e+02,3.340008855e-02
5.305953979e+02,3.463521972e-02
5.308188477e+02,3.036595322e-02
5.310422974e+02,3.176219016e-02
5.312657471e+02,3.170849010e-02
5.314892578e+02,3.433986381e-02
5.317127686e+02,3.259456530e-02
5.319362793e+02,3.420560807e-02
5.321597900e+02,3.235290945e-02
5.323833008e+02,3.315842897e-02
5.326068115e+02,3.587035462e-02
5.328303833e+02,3.659532592e-02
5.330539551e+02,3.552129492e-02
5.332774658e+02,3.616571426e-02
5.335010986e+02,3.895819187e-02
5.337246704e+02,3.737399727e-02
5.339482422e+02,3.780360892e-02
5.341718750e+02,3.839432448e-02
5.343954468e+02,3.887763992e-02
5.346190796e+02,3.984426707e-02
5.348427124e+02,3.705178946e-02
5.350664062e+02,3.815266863e-02
5.352900391e+02,3.801841661e-02
5.355136719e+02,3.890448809e-02
5.357373047e+02,4.046183452e-02
5.359609985e+02,3.748140112e-02
5.361846924e+02,4.056923464e-02
5.364084473e+02,4.022017494e-02
5.366321411e+02,4.115995392e-02
5.368558960e+02,4.368392378e-02
5.370795898e+02,4.293210059e-02
5.373033447e+02,4.145530984e-02
5.375270996e+02,4.223398119e-02
5.377509155e+02,4.260989279e-02
5.379746704e+02,4.446259513e-02
5.381984863e+02,4.706711695e-02
5.384223022e+02,4.811429605e-02
5.386460571e+02,4.626159370e-02
5.388699341e+02,4.781893641e-02
5.390937500e+02,4.730877280e-02
5.393175659e+02,4.741617665e-02
5.395414429e+02,4.865130782e-02
5.397653198e+02,4.942998290e-02
5.399891968e+02,4.601993784e-02
5.402130737e+02,4.763098061e-02
5.404369507e+02,4.902721941e-02
5.406608276e+02,4.967163876e-02
5.408847656e+02,5.208820477e-02
5.411087036e+02,5.396775529e-02
5.413326416e+02,5.061141402e-02
5.415565796e+02,5.208820477e-02
5.417805176e+02,5.254466832e-02
5.420045166e+02,5.257151648e-02
5.422284546e+02,5.522974208e-02
5.424524536e+02,5.517604202e-02
5.426764526e+02,5.539084598e-02
5.429004517e+02,5.592786148e-02
5.431244507e+02,5.810277164e-02
5.433485107e+02,5.794166774e-02
5.435725098e+02,6.151281670e-02
5.437965698e+02,5.861293525e-02
5.440206299e+02,5.804907158e-02
5.442446899e+02,5.882774293e-02
5.444687500e+02,5.939160660e-02
5.446928711e+02,5.829072744e-02
5.449169922e+02,6.390253454e-02
5.451410522e+02,6.258684397e-02
5.453651733e+02,6.376827508e-02
5.455892944e+02,6.358031929e-02
5.458134766e+02,6.532561779e-02
5.460375366e+02,6.430529058e-02
5.462617188e+02,6.529877335e-02
5.464859009e+02,6.766163558e-02
5.467100830e+02,6.900417060e-02
5.469342651e+02,6.752738357e-02
5.471584473e+02,7.013190538e-02
5.473826904e+02,6.921897829e-02
5.476068726e+02,7.440117002e-02
5.478311157e+02,7.225311548e-02
5.480553589e+02,7.330029458e-02
5.482796021e+02,7.399841398e-02
5.485038452e+02,7.432062179e-02
5.487281494e+02,7.477708161e-02
5.489524536e+02,7.552890480e-02
5.491766968e+02,7.550205290e-02
5.494010010e+02,7.848248631e-02
5.496253052e+02,7.861673832e-02
5.498496704e+02,8.068424463e-02
5.500739746e+02,7.952966541e-02
5.502983398e+02,8.259064704e-02
5.505227051e+02,8.095275611e-02
5.507470703e+02,8.640345186e-02
5.509714355e+02,8.707472682e-02
5.511958008e+02,8.785339445e-02
5.514202271e+02,9.040421247e-02
5.516445923e+02,8.930333704e-02
5.518690186e+02,8.865891397e-02
5.520934448e+02,9.045791626e-02
5.523178711e+02,9.247172624e-02
5.525423584e+02,9.298188984e-02
5.527667847e+02,9.478088468e-02
5.529912720e+02,9.926496446e-02
5.532157593e+02,9.623082727e-02
5.534402466e+02,9.773446620e-02
5.536647339e+02,1.001241878e-01
5.538892212e+02,9.727800637e-02
5.541137695e+02,1.002047360e-01
5.543382568e+02,1.022453904e-01
5.545628052e+02,1.055211872e-01
5.547873535e+02,1.051184237e-01
5.550119019e+02,1.027824059e-01
5.552365112e+02,1.096293479e-01
5.554610596e+02,1.104885712e-01
5.556856689e+02,1.078571975e-01
5.559102783e+02,1.133884490e-01
5.561348877e+02,1.114552021e-01
5.563594971e+02,1.152143031e-01
5.565841064e+02,1.167447940e-01
5.568087769e+02,1.150800511e-01
5.570333862e+02,1.187317520e-01
5.572580566e+02,1.178725287e-01
5.574827271e+02,1.222760454e-01
5.577073975e+02,1.206113026e-01
5.579321289e+02,1.227056608e-01
5.581567993e+02,1.250148267e-01
5.583815308e+02,1.275119483e-01
5.586062012e+02,1.268675178e-01
5.588309326e+02,1.294451952e-01
5.590556641e+02,1.334996521e-01
5.592803955e+02,1.332311481e-01
5.595051880e+02,1.393531263e-01
5.597299194e+02,1.389772147e-01
5.599547119e+02,1.419307888e-01
5.601795044e+02,1.376346797e-01
5.604043579e+02,1.455556452e-01
5.606291504e+02,1.420381963e-01
5.608539429e+02,1.470592916e-01
5.610787964e+02,1.424409598e-01
5.613036499e+02,1.506304294e-01
5.615285034e+02,1.569940597e-01
5.617533569e+02,1.508989334e-01
5.619782715e+02,1.534229070e-01
5.622031250e+02,1.547385901e-01
5.624280396e+02,1.553293169e-01
5.626529541e+02,1.619077474e-01
5.628778687e+02,1.638678461e-01
5.631027832e+02,1.627132744e-01
5.633276978e+02,1.625790149e-01
5.635526733e+02,1.657474041e-01
5.637775879e+02,1.701777726e-01
5.640025635e+02,1.733730137e-01
5.642275391e+02,1.725406349e-01
5.644525146e+02,1.733998656e-01
5.646775513e+02,1.772395223e-01
5.649025269e+02,1.786626130e-01
5.651275635e+02,1.826096624e-01
5.653526001e+02,1.820995063e-01
5.655776367e+02,1.888927370e-01
5.658026733e+02,1.873622537e-01
5.660277710e+02,1.884631366e-01
5.662528076e+02,1.863419265e-01
5.664779053e+02,1.913630068e-01
5.667030029e+02,1.944776922e-01
5.669281006e+02,1.980219930e-01
5.671531982e+02,1.997941434e-01
5.673782959e+02,1.932694167e-01
5.676034546e+02,2.053522468e-01
5.678285522e+02,1.989886165e-01
5.680537109e+02,2.051374465e-01
5.682788696e+02,2.070438415e-01
5.685040894e+02,2.108566463e-01
5.687292480e+02,2.096752226e-01
5.689544678e+02,2.166832685e-01
5.691796265e+02,2.112057060e-01
5.694048462e+02,2.191535234e-01
5.696300659e+02,2.241746187e-01
5.698552856e+02,2.233690917e-01
5.700805664e+02,2.269670963e-01
5.703057861e+02,2.246310860e-01
5.705310669e+02,2.300012261e-01
5.707563477e+02,2.289003432e-01
5.709816284e+02,2.355861813e-01
5.712069092e+02,2.387814224e-01
5.714321899e+02,2.378685027e-01
5.716575317e+02,2.398286015e-01
5.718828735e+02,2.449839413e-01
5.721082153e+02,2.457626164e-01
5.723335571e+02,2.444200814e-01
5.725588989e+02,2.465681434e-01
5.727842407e+02,2.518040240e-01
5.730096436e+02,2.528780699e-01
5.732350464e+02,2.572010458e-01
5.734603882e+02,2.582482100e-01
5.736857910e+02,2.641822398e-01
5.739112549e+02,2.612286508e-01
5.741366577e+02,2.678607702e-01
5.743620605e+02,2.648266554e-01
5.745874634e+02,2.702236474e-01
5.748129272e+02,2.719957829e-01
5.750383911e+02,2.762650549e-01
5.752638550e+02,2.748956680e-01
5.754893799e+02,2.810176313e-01
5.757148438e+02,2.797556520e-01
5.759403687e+02,2.824407220e-01
5.761658936e+02,2.864952087e-01
5.763914185e+02,2.908181548e-01
5.766169434e+02,2.849378586e-01
5.768425293e+02,2.932884395e-01
5.770680542e+02,2.968864441e-01
5.772936401e+02,2.994641066e-01
5.775192261e+02,2.967521846e-01
5.777448120e+02,2.977187932e-01
5.779703979e+02,3.019075096e-01
5.781960449e+02,3.056934774e-01
5.784216309e+02,3.038407862e-01
5.786472778e+02,3.084591031e-01
5.788729248e+02,3.116811812e-01
5.790985718e+02,3.167291284e-01
5.793242188e+02,3.142588735e-01
5.795498657e+02,3.171050549e-01
5.797755737e+02,3.187697828e-01
5.800012817e+02,3.224214911e-01
5.802269897e+02,3.248380423e-01
5.804526978e+02,3.236297667e-01
5.806784058e+02,3.306378126e-01
5.809041138e+02,3.261269033e-01
5.811298828e+02,3.330006897e-01
5.813555908e+02,3.321414590e-01
5.815813599e+02,3.434724808e-01
5.818071289e+02,3.369477391e-01
5.820329590e+02,3.415392041e-01
5.822587280e+02,3.385856450e-01
5.824845581e+02,3.448418677e-01
5.827103271e+02,3.445196450e-01
5.829361572e+02,3.464797437e-01
5.831619873e+02,3.454594314e-01
5.833878784e+02,3.515008390e-01
5.836137085e+02,3.545081317e-01
5.838395386e+02,3.556358516e-01
5.840654297e+02,3.589921892e-01
5.842913208e+02,3.534877896e-01
5.845172119e+02,3.569783866e-01
5.847431030e+02,3.600662351e-01
5.849690552e+02,3.622142971e-01
5.851949463e+02,3.596903086e-01
5.854208984e+02,3.665909767e-01
5.856468506e+02,3.688195646e-01
5.858728027e+02,3.686316311e-01
5.860987549e+02,3.738675117e-01
5.863247681e+02,3.743776679e-01
5.865507202e+02,3.718268573e-01
5.867767334e+02,3.717463017e-01
5.870027466e+02,3.770895898e-01
5.872287598e+02,3.773849607e-01
5.874547729e+02,3.831041753e-01
5.876808472e+02,3.820838332e-01
5.879068604e+02,3.898974061e-01
5.881329346e+02,3.857892454e-01
5.883590088e+02,3.905149698e-01
5.885850830e+02,3.859503567e-01
5.888111572e+02,3.886622787e-01
5.890372314e+02,3.874808550e-01
5.892633667e+02,3.925019205e-01
5.894895020e+02,3.943546414e-01
5.897156372e+02,3.953212500e-01
5.899417725e+02,3.948647976e-01
5.901679077e+02,4.010673165e-01
5.903940430e+02,4.018996954e-01
5.906202393e+02,4.028931558e-01
5.908464355e+02,4.060078561e-01
5.910725708e+02,4.047995806e-01
5.912988281e+02,4.039940536e-01
5.915250244e+02,4.094447494e-01
5.917512207e+02,4.111632109e-01
5.919774780e+02,4.045310616e-01
5.922036743e+02,4.065985680e-01
5.924299316e+02,4.192721248e-01
5.926561890e+02,4.114048481e-01
5.928825073e+02,4.225210547e-01
5.931087646e+02,4.191915691e-01
5.933350830e+02,4.168018401e-01
5.935613403e+02,4.226284623e-01
5.937876587e+02,4.241589606e-01
5.940139771e+02,4.217692316e-01
5.942403564e+02,4.198359847e-01
5.944666748e+02,4.227627218e-01
5.946929932e+02,4.284013808e-01
5.949193726e+02,4.281060100e-01
5.951457520e+02,4.227627218e-01
5.953721313e+02,4.322678745e-01
5.955985107e+02,4.276495576e-01
5.958249512e+02,4.261459112e-01
5.960513306e+02,4.317308664e-01
5.962777710e+02,4.289115369e-01
5.965042114e+02,4.353020191e-01
5.967306519e+02,4.371547103e-01
5.969570923e+02,4.395444393e-01
5.971835938e+02,4.384166896e-01
5.974100342e+02,4.383629858e-01
5.976365356e+02,4.411017895e-01
5.978630371e+02,4.453978837e-01
5.980895386e+02,4.452368021e-01
5.983160400e+02,4.404304922e-01
5.985426025e+02,4.351140559e-01
5.987691040e+02,4.423100650e-01
5.989956665e+02,4.487811029e-01
5.992222290e+02,4.556817412e-01
5.994487915e+02,4.510633945e-01
5.996753540e+02,4.527013004e-01
5.999019165e+02,4.527550042e-01
6.001285400e+02,4.564067125e-01
6.003551636e+02,4.521911442e-01
6.005817871e+02,4.600315392e-01
6.008084106e+02,4.480829835e-01
6.010350342e+02,4.557354450e-01
6.012615967e+02,4.548225105e-01
6.014882812e+02,4.582056999e-01
6.017149658e+02,4.631462395e-01
6.019415894e+02,4.593065679e-01
6.021682739e+02,4.565677941e-01
6.023950195e+02,4.597630501e-01
6.026217041e+02,4.677645564e-01
6.028484497e+02,4.684895277e-01
6.030751343e+02,4.583668113e-01
6.033018799e+02,4.688117504e-01
6.035286255e+02,4.589575231e-01
6.037554321e+02,4.717384875e-01
6.039821777e+02,4.608370662e-01
6.042089233e+02,4.652137458e-01
6.044357300e+02,4.676571488e-01
6.046625366e+02,4.767864048e-01
6.048893433e+02,4.673618078e-01
6.051161499e+02,4.739670753e-01
6.053430176e+02,4.660729766e-01
6.055698242e+02,4.771354795e-01
6.057966919e+02,4.730541706e-01
6.060235596e+02,4.811093807e-01
6.062504272e+02,4.758735001e-01
6.064772949e+02,4.711477458e-01
6.067042236e+02,4.748263061e-01
6.069310913e+02,4.812167883e-01
6.071580200e+02,4.728125036e-01
6.073849487e+02,4.798474014e-01
6.076118774e+02,4.762225449e-01
6.078388062e+02,4.855397642e-01
6.080657349e+02,4.749337137e-01
6.082927246e+02,4.787196815e-01
6.085197144e+02,4.799816608e-01
6.087466431e+02,4.749337137e-01
6.089736328e+02,4.788539112e-01
6.092006836e+02,4.822102785e-01
6.094276733e+02,4.769475162e-01
6.096547241e+02,4.887618423e-01
6.098817139e+02,4.822639525e-01
6.101087646e+02,4.840361178e-01
6.103358154e+02,4.829352200e-01
6.105628662e+02,4.874730110e-01
6.107899780e+02,4.811630845e-01
6.110170288e+02,4.835528135e-01
6.112441406e+02,4.845999777e-01
6.114712524e+02,4.893794060e-01
6.116983643e+02,4.855397642e-01
6.119254761e+02,4.869360030e-01
6.121526489e+02,4.903460443e-01
6.123797607e+02,4.863452911e-01
6.126069336e+02,4.791224301e-01
6.128341064e+02,4.884127975e-01
6.130612793e+02,4.842240810e-01
6.132884521e+02,4.858619571e-01
6.135156250e+02,4.862647355e-01
6.137428589e+02,4.873924553e-01
6.139700928e+02,4.849490523e-01
6.141972656e+02,4.872313440e-01
6.144244995e+02,4.790150225e-01
6.146517944e+02,4.793372452e-01
6.148790283e+02,4.819149077e-01
6.151063232e+02,4.843046069e-01
6.153335571e+02,4.872581959e-01
6.155608521e+02,4.802770019e-01
6.157881470e+02,4.813778996e-01
6.160154419e+02,4.829352200e-01
6.162427979e+02,4.773234427e-01
6.164700928e+02,4.807871878e-01
6.166974487e+02,4.845462739e-01
6.169248047e+02,4.844925702e-01
6.171521606e+02,4.780752361e-01
6.173795166e+02,4.735106230e-01
6.176068726e+02,4.848953485e-01
6.178342896e+02,4.815389812e-01
6.180617065e+02,4.761419892e-01
6.182890625e+02,4.718190134e-01
6.185164795e+02,4.770280719e-01
6.187439575e+02,4.737254381e-01
6.189713745e+02,4.774845243e-01
6.191988525e+02,4.788270593e-01
6.194262695e+02,4.709329605e-01
6.196537476e+02,4.736448824e-01
6.198812256e+02,4.761151373e-01
6.201087036e+02,4.759272039e-01
6.203362427e+02,4.738596678e-01
6.205637207e+02,4.709598124e-01
6.207912598e+02,4.655627906e-01
6.210187988e+02,4.688923061e-01
6.212463379e+02,4.707718492e-01
6.214738770e+02,4.690802395e-01
6.217014160e+02,4.673081040e-01
6.219290161e+02,4.676840007e-01
6.221565552e+02,4.585815966e-01
6.223841553e+02,4.698052108e-01
6.226117554e+02,4.617768526e-01
6.228393555e+02,4.630656838e-01
6.230670166e+02,4.635758400e-01
6.232946167e+02,4.667173922e-01
6.235222778e+02,4.538021684e-01
6.237499390e+02,4.637638032e-01
6.239776001e+02,4.572659135e-01
6.242052612e+02,4.522716701e-01
6.244329224e+02,4.620453417e-01
6.246606445e+02,4.569437206e-01
6.248883667e+02,4.490764439e-01
6.251160278e+02,4.594139755e-01
6.253437500e+02,4.499625266e-01
6.255715332e+02,4.539632797e-01
6.257992554e+02,4.512513578e-01
6.260269775e+02,4.541512430e-01
6.262547607e+02,4.516809583e-01
6.264825439e+02,4.472237527e-01
6.267103271e+02,4.455589950e-01
6.269381104e+02,4.413971305e-01
6.271658936e+02,4.442164600e-01
6.273937378e+02,4.445923865e-01
6.276215820e+02,4.391953647e-01
6.278493652e+02,4.428470731e-01
6.280772095e+02,4.406990111e-01
6.283051147e+02,4.421489537e-01
6.285329590e+02,4.375843406e-01
6.287608032e+02,4.379602373e-01
6.289887085e+02,4.286430180e-01
6.292166138e+02,4.343890846e-01
6.294445190e+02,4.362149537e-01
6.296724243e+02,4.299318790e-01
6.299003296e+02,4.328854382e-01
6.301282959e+02,4.284013808e-01
6.303562012e+02,4.208831787e-01
6.305841675e+02,4.255820513e-01
6.308121338e+02,4.252598286e-01
6.310401001e+02,4.271394014e-01
6.312681274e+02,4.173657298e-01
6.314960938e+02,4.243200719e-01
6.317241211e+02,4.153519273e-01
6.319521484e+02,4.187351167e-01
6.321801758e+02,4.086929262e-01
6.324082031e+02,4.159157872e-01
6.326362305e+02,4.153250754e-01
6.328643188e+02,4.118881524e-01
6.330923462e+02,4.105456173e-01
6.333204346e+02,4.134723544e-01
6.335485229e+02,4.063569009e-01
6.337766113e+02,4.128010869e-01
6.340046997e+02,4.054439962e-01
6.342328491e+02,4.126399755e-01
6.344609375e+02,4.058198929e-01
6.346890869e+02,4.060347080e-01
6.349172363e+02,4.026246667e-01
6.351453857e+02,3.985702097e-01
6.353735962e+02,4.039940536e-01
6.356017456e+02,3.960193694e-01
6.358299561e+02,3.983016908e-01
6.360581665e+02,3.923676908e-01
6.362863770e+02,3.924482167e-01
6.365145874e+02,3.914010525e-01
6.367427979e+02,3.884206116e-01
6.369710083e+02,3.881521225e-01
6.371992798e+02,3.892529905e-01
6.374275513e+02,3.810635209e-01
6.376558228e+02,3.893603981e-01
6.378840942e+02,3.850374222e-01
6.381123657e+02,3.860577643e-01
6.383406982e+02,3.821912408e-01
6.385689697e+02,3.822449446e-01
6.387973022e+02,3.808218539e-01
6.390256348e+02,3.835337758e-01
6.392539673e+02,3.727934957e-01
6.394822998e+02,3.774118125e-01
6.397106934e+02,3.764720261e-01
6.399390259e+02,3.726055324e-01
6.401674194e+02,3.727633953e-01
6.403958740e+02,3.736778796e-01
6.406242676e+02,3.688439727e-01
6.408526611e+02,3.735014796e-01
6.410811157e+02,3.645887077e-01
6.413095703e+02,3.704164326e-01
6.415379639e+02,3.619550169e-01
6.417664185e+02,3.717327714e-01
6.419948730e+02,3.619899154e-01
6.422233887e+02,3.663428128e-01
6.424518433e+02,3.579255939e-01
6.426803589e+02,3.708432913e-01
6.429088135e+02,3.572861254e-01
6.431373291e+02,3.589083254e-01
6.433658447e+02,3.536882699e-01
6.435944214e+02,3.453531265e-01
6.438229370e+02,3.477131128e-01
6.440515137e+02,3.536276519e-01
6.442800293e+02,3.484728634e-01
6.445086060e+02,3.501662612e-01
6.447371826e+02,3.328904510e-01
6.449658203e+02,3.371327519e-01
6.451943970e+02,3.312334120e-01
6.454230347e+02,3.294343948e-01
6.456516113e+02,3.233656287e-01
6.458802490e+02,3.227373362e-01
6.461088867e+02,3.253054619e-01
6.463375854e+02,3.286320865e-01
6.465662231e+02,3.168028295e-01
6.467949219e+02,3.253601193e-01
6.470235596e+02,3.223862648e-01
6.472522583e+02,3.155961335e-01
6.474809570e+02,3.231886625e-01
6.477097168e+02,3.290906549e-01
6.479384155e+02,3.231962025e-01
6.481671753e+02,3.205339015e-01
6.483958740e+02,3.194110692e-01
6.486246338e+02,3.189292252e-01
6.488533936e+02,3.076791465e-01
6.490821533e+02,3.197033703e-01
6.493109741e+02,3.108425736e-01
6.495397339e+02,3.142294288e-01
6.497685547e+02,3.028472960e-01
6.499973755e+02,3.077341318e-01
6.502261963e+02,2.964299619e-01
6.504550171e+02,2.992224395e-01
6.506838989e+02,2.926171720e-01
6.509127197e+02,2.977187932e-01
6.511416016e+02,2.909792662e-01
6.513704834e+02,2.865220308e-01
6.515993652e+02,2.934764028e-01
6.518282471e+02,2.895293236e-01
6.520571289e+02,2.795945406e-01
6.522860718e+02,2.838101089e-01
6.525150146e+02,2.775538862e-01
6.527439575e+02,2.825749815e-01
6.529729004e+02,2.752715945e-01
6.532018433e+02,2.799436152e-01
6.534307861e+02,2.740364373e-01
6.536597900e+02,2.766678333e-01
6.538887329e+02,2.716198862e-01
6.541177368e+02,2.739827633e-01
6.543467407e+02,2.710828781e-01
6.545757446e+02,2.710560262e-01
6.548048096e+02,2.652294040e-01
6.550338135e+02,2.617925107e-01
6.552628784e+02,2.648535073e-01
6.554919434e+02,2.628128529e-01
6.557210083e+02,2.652294040e-01
6.559500732e+02,2.623026669e-01
6.561791382e+02,2.585167289e-01
6.564082642e+02,2.587315142e-01
6.566373901e+02,2.537373006e-01
6.568665161e+02,2.566640079e-01
6.570956421e+02,2.514818311e-01
6.573247681e+02,2.518308759e-01
6.575538940e+02,2.501392961e-01
6.577830811e+02,2.524752915e-01
6.580122070e+02,2.469709069e-01
6.582413940e+02,2.487698942e-01
6.584705811e+02,2.429969907e-01
6.586997681e+02,2.429432869e-01
6.589290161e+02,2.373583317e-01
6.591582031e+02,2.425136715e-01
6.593874512e+02,2.352102697e-01
6.596166992e+02,2.382712662e-01
6.598459473e+02,2.312363684e-01
6.600751953e+02,2.367676198e-01
6.603044434e+02,2.304308414e-01
6.605337524e+02,2.258393615e-01
6.607630005e+02,2.324983478e-01
6.609923096e+02,2.312900722e-01
6.612216187e+02,2.258930653e-01
6.614509277e+02,2.239329666e-01
6.616802368e+02,2.240672112e-01
6.619096069e+02,2.201470137e-01
6.621389771e+02,2.212210447e-01
6.623682861e+02,2.206571698e-01
6.625976562e+02,2.196099907e-01
6.628270874e+02,2.185091078e-01
6.630564575e+02,2.143472433e-01
6.632858276e+02,2.142398506e-01
6.635152588e+02,2.073123455e-01
6.637446899e+02,2.134343237e-01
6.639741211e+02,2.069632858e-01
6.642035522e+02,2.053790987e-01
6.644329834e+02,2.028282732e-01
6.646624756e+02,2.059698105e-01
6.648919067e+02,2.013514936e-01
6.651213989e+02,1.999552548e-01
6.653508911e+02,1.997941434e-01
6.655803833e+02,2.044393271e-01
6.658098755e+02,1.985053122e-01
6.660394287e+02,1.955517232e-01
6.662689209e+02,1.907185912e-01
6.664984741e+02,1.926786900e-01
6.667280273e+02,1.936721802e-01
6.669575806e+02,1.931620091e-01
6.671871948e+02,1.943971515e-01
6.674167480e+02,1.869326383e-01
6.676463623e+02,1.858854592e-01
6.678759155e+02,1.885705292e-01
6.681055908e+02,1.836031526e-01
6.683352051e+02,1.836836934e-01
6.685648804e+02,1.816161871e-01
6.687944946e+02,1.804347634e-01
6.690241699e+02,1.767024994e-01
6.692537842e+02,1.796292365e-01
6.694834595e+02,1.727554500e-01
6.697131348e+02,1.782598495e-01
6.699428711e+02,1.796292365e-01
6.701725464e+02,1.777765304e-01
6.704022827e+02,1.736683697e-01
6.706319580e+02,1.715740114e-01
6.708616943e+02,1.688083857e-01
6.710914307e+02,1.732924581e-01
6.713212280e+02,1.706610918e-01
6.715509644e+02,1.710906923e-01
6.717807617e+02,1.682982296e-01
6.720104980e+02,1.671436429e-01
6.722402954e+02,1.657205522e-01
6.724700928e+02,1.673047394e-01
6.726999512e+02,1.601624489e-01
6.729297485e+02,1.639484018e-01
6.731596069e+02,1.583097428e-01
6.733894043e+02,1.625253111e-01
6.736192627e+02,1.548191458e-01
6.738491211e+02,1.543358415e-01
6.740789795e+02,1.528858989e-01
6.743088989e+02,1.519998163e-01
6.745387573e+02,1.523757279e-01
6.747686768e+02,1.485092193e-01
6.749985962e+02,1.452065855e-01
6.752285156e+02,1.455287933e-01
6.754584351e+02,1.511674523e-01
6.756884155e+02,1.495563984e-01
6.759183350e+02,1.491804868e-01
6.761483154e+02,1.490193903e-01
6.763782959e+02,1.402660459e-01
6.766082764e+02,1.450991780e-01
6.768382568e+02,1.434612870e-01
6.770682373e+02,1.444547623e-01
6.772982788e+02,1.418502331e-01
6.775283203e+02,1.386013031e-01
6.777583008e+02,1.394873708e-01
6.779883423e+02,1.431390792e-01
6.782184448e+02,1.370976567e-01
6.784484863e+02,1.416622847e-01
6.786785278e+02,1.321839690e-01
6.789086304e+02,1.389772147e-01
6.791387329e+02,1.297136992e-01
6.793688354e+02,1.337144673e-01
6.795989380e+02,1.340366751e-01
6.798291016e+02,1.355134696e-01
6.800592041e+02,1.290961355e-01
6.802893677e+02,1.346542388e-01
6.805195312e+02,1.290692836e-01
6.807496948e+02,1.333922595e-01
6.809798584e+02,1.308951378e-01
6.812100220e+02,1.289887279e-01
6.814402466e+02,1.246389151e-01
6.816704102e+02,1.229204684e-01
6.819006348e+02,1.257666498e-01
6.821308594e+02,1.256323904e-01
6.823610840e+02,1.209872141e-01
6.825913086e+02,1.218195856e-01
6.828215942e+02,1.213094220e-01
6.830518799e+02,1.207187027e-01
6.832821045e+02,1.171475574e-01
6.835123901e+02,1.124486774e-01
6.837426758e+02,1.167447940e-01
6.839730225e+02,1.179799289e-01
6.842033081e+02,1.182215884e-01
6.844336548e+02,1.201279908e-01
6.846640015e+02,1.151069030e-01
6.848943481e+02,1.177114248e-01
6.851247559e+02,1.121801659e-01
6.853551025e+02,1.065415144e-01
6.855855103e+02,1.085016131e-01
6.858158569e+02,1.123144254e-01
6.860462646e+02,1.103543192e-01
6.862766724e+02,1.116431504e-01
6.865070801e+02,1.085821688e-01
6.867374878e+02,1.084210649e-01
6.869679565e+02,1.018157825e-01
6.871983643e+02,1.079914495e-01
6.874288330e+02,1.058970913e-01
6.876593018e+02,1.032388732e-01
6.878897705e+02,1.010639593e-01
6.881202393e+02,1.007417515e-01
6.883507690e+02,9.969457239e-02
6.885812378e+02,9.966772050e-02
6.888117676e+02,1.036416292e-01
6.890422974e+02,1.025407538e-01
6.892728271e+02,9.923811257e-02
6.895033569e+02,1.011176631e-01
6.897339478e+02,9.725115448e-02
6.899644775e+02,9.937236458e-02
6.901950684e+02,9.574751556e-02
6.904256592e+02,9.620397538e-02
6.906562500e+02,9.078012407e-02
6.908868408e+02,9.472718835e-02
6.911174927e+02,9.166619927e-02
6.913480835e+02,9.214951098e-02
6.915787354e+02,9.026996046e-02
6.918093872e+02,9.083382785e-02
6.920400391e+02,8.476556093e-02
6.922706909e+02,9.158565104e-02
6.925014038e+02,8.433594555e-02
6.927320557e+02,9.010885656e-02
6.929627686e+02,8.492666483e-02
6.931934814e+02,8.559793234e-02
6.934241943e+02,8.406744152e-02
6.936549072e+02,8.567848802e-02
6.938856201e+02,8.519516885e-02
6.941163940e+02,8.162402362e-02
6.943471680e+02,8.226843923e-02
6.945779419e+02,8.213418722e-02
6.948087158e+02,8.503406495e-02
6.950394897e+02,7.936856151e-02
6.952702637e+02,8.288601041e-02
6.955010986e+02,8.199993521e-02
6.957318726e+02,7.939541340e-02
6.959627075e+02,7.496503741e-02
6.961935425e+02,7.520669699e-02
6.964243774e+02,7.501874119e-02
6.966552734e+02,7.636127621e-02
6.968861084e+02,7.193090767e-02
6.971170044e+02,7.313919067e-02
6.973479004e+02,7.464282960e-02
6.975787964e+02,7.397156209e-02
6.978096924e+02,7.064206898e-02
6.980405884e+02,7.246791571e-02
6.982715454e+02,7.552890480e-02
6.985025635e+02,7.504559308e-02
6.987334595e+02,7.018560916e-02
6.989644165e+02,7.483078539e-02
6.991953735e+02,6.736627966e-02
6.994263916e+02,7.193090767e-02
6.996573486e+02,6.948748976e-02
6.998883667e+02,7.096427679e-02
7.001193848e+02,6.935323030e-02
7.003504028e+02,6.650705636e-02
7.005814209e+02,6.900417060e-02
7.008124390e+02,6.862825900e-02
7.010435181e+02,6.626539677e-02
7.012745361e+02,6.567467749e-02
7.015056152e+02,6.035823375e-02
7.017366943e+02,6.588948518e-02
7.019677734e+02,6.384883076e-02
7.021988525e+02,6.417103857e-02
7.024299927e+02,6.446639448e-02
7.026611328e+02,6.486915797e-02
7.028922119e+02,6.003602594e-02
7.031233521e+02,6.403678656e-02
7.033544922e+02,6.121745706e-02
7.035856934e+02,6.239889190e-02
7.038168335e+02,6.307015568e-02
7.040480347e+02,6.188872457e-02
7.042791748e+02,5.939160660e-02
7.045103760e+02,6.038508564e-02
7.047415771e+02,5.788796395e-02
7.049728394e+02,6.054618955e-02
7.052040405e+02,5.818332359e-02
7.054353027e+02,5.847868323e-02
7.056665039e+02,5.437051877e-02
7.058977661e+02,5.646487698e-02
7.061290283e+02,5.428996682e-02
7.063603516e+02,5.428996682e-02
7.065916138e+02,5.555194989e-02
7.068229370e+02,5.662598088e-02
7.070541992e+02,5.595471337e-02
7.072855225e+02,5.184654891e-02
7.075168457e+02,5.402145907e-02
7.077482300e+02,5.243726447e-02
7.079795532e+02,5.377980322e-02
7.082109375e+02,5.198080093e-02
7.084422607e+02,5.498808622e-02
7.086736450e+02,5.117527768e-02
7.089050293e+02,5.437051877e-02
7.091364136e+02,5.243726447e-02
7.093678589e+02,5.292057618e-02
7.095992432e+02,5.101417378e-02
7.098306885e+02,4.994014651e-02
7.100621948e+02,4.865130782e-02
7.102936401e+02,5.163174123e-02
7.105250854e+02,4.959108680e-02
7.107565918e+02,4.908092320e-02
7.109880371e+02,4.615418985e-02
7.112195435e+02,4.768468440e-02
7.114510498e+02,4.730877280e-02
7.116825562e+02,4.663750529e-02
7.119140625e+02,4.636899754e-02
7.121455688e+02,4.642269760e-02
7.123771362e+02,4.661065340e-02
7.126086426e+02,4.462369904e-02
7.128402100e+02,4.513386264e-02
7.130717773e+02,4.408668354e-02
7.133033447e+02,4.567087814e-02
7.135349731e+02,4.661065340e-02
7.137665405e+02,4.593938589e-02
7.139981689e+02,4.298580438e-02
7.142297974e+02,4.244878888e-02
7.144614258e+02,4.781893641e-02
7.146930542e+02,4.298580438e-02
7.149246826e+02,4.097199813e-02
7.151563721e+02,4.003221914e-02
7.153880005e+02,3.952205554e-02
7.156196899e+02,3.965631127e-02
7.158513794e+02,4.097199813e-02
7.160830688e+02,4.110625014e-02
7.163147583e+02,4.000537097e-02
7.165465088e+02,3.860913217e-02
7.167781982e+02,3.737399727e-02
7.170099487e+02,4.153586179e-02
7.172416992e+02,3.839432448e-02
7.174734497e+02,4.089144617e-02
7.177052612e+02,3.917299584e-02
7.179370117e+02,3.949520737e-02
7.181688232e+02,3.879708797e-02
7.184005737e+02,3.909244388e-02
7.186323853e+02,3.584350646e-02
7.188641968e+02,3.670272976e-02
7.190960693e+02,3.340008855e-02
7.193278809e+02,3.544074297e-02
7.195597534e+02,3.584350646e-02
7.197916260e+02,3.503798321e-02
7.200234375e+02,3.536019102e-02
7.202553711e+02,3.342693672e-02
7.204873047e+02,3.393710032e-02
7.207191772e+02,3.597775847e-02
7.209511108e+02,3.361489251e-02
7.211829834e+02,3.366859630e-02
7.214149170e+02,3.216495365e-02
7.216468506e+02,3.345378861e-02
7.218788452e+02,3.224550560e-02
7.221107788e+02,3.307787701e-02
7.223427734e+02,3.122517653e-02
7.225747070e+02,3.399080411e-02
7.228067017e+02,2.958728187e-02
7.230386963e+02,3.012429737e-02
7.232706909e+02,3.135943040e-02
7.235027466e+02,3.262141719e-02
7.237347412e+02,3.074186295e-02
7.239667969e+02,2.913081832e-02
7.241988525e+02,2.802993916e-02
7.244309082e+02,2.977523766e-02
7.246629639e+02,2.988263965e-02
7.248950806e+02,2.794938721e-02
7.251271362e+02,2.722441591e-02
7.253592529e+02,2.902341634e-02
7.255913696e+02,2.598928288e-02
7.258234863e+02,2.784198336e-02
7.260556030e+02,2.770772949e-02
7.262877197e+02,2.684850618e-02
7.265198975e+02,2.733181976e-02
7.267520142e+02,2.843269892e-02
7.269841919e+02,2.751977369e-02
7.272163696e+02,2.958728187e-02
7.274485474e+02,2.598928288e-02
7.276807861e+02,2.714386396e-02
7.279129639e+02,2.440508828e-02
7.281452026e+02,2.805678919e-02
7.283774414e+02,2.534486353e-02
7.286096191e+02,2.601613291e-02
7.288419189e+02,2.539856546e-02
7.290741577e+02,2.359956503e-02
7.293063965e+02,2.295514755e-02
7.295386963e+02,2.279404365e-02
7.297710571e+02,2.091449127e-02
7.300033569e+02,1.965250634e-02
7.302356567e+02,2.440508828e-02
7.304679565e+02,2.378752083e-02
7.307003174e+02,2.295514755e-02
7.309326172e+02,2.408287860e-02
7.311649780e+02,2.416343242e-02
7.313973389e+02,2.335790917e-02
7.316296997e+02,2.389492467e-02
7.318620605e+02,2.311625332e-02
7.320944824e+02,2.311625332e-02
7.323268433e+02,2.252553590e-02
7.325592651e+02,2.257923782e-02
7.327916870e+02,2.134410292e-02
7.330241089e+02,2.443193831e-02
7.332565308e+02,2.048487961e-02
7.334890137e+02,2.145150676e-02
7.337214355e+02,2.096819319e-02
7.339539185e+02,1.804146171e-02
7.341864014e+02,1.833681948e-02
7.344188843e+02,1.911549084e-02
7.346513672e+02,1.677947678e-02
7.348839111e+02,1.884698495e-02
7.351163940e+02,2.069968544e-02
7.353489380e+02,1.975991018e-02
7.355814819e+02,2.107559517e-02
7.358140259e+02,2.091449127e-02
7.360465698e+02,1.860532723e-02
7.362791138e+02,2.067283541e-02
7.365117188e+02,1.914234273e-02
7.367443237e+02,1.801461168e-02
7.369768677e+02,1.908864081e-02
7.372095337e+02,1.973305829e-02
7.374421387e+02,1.957195438e-02
7.376747437e+02,1.758500002e-02
7.379074097e+02,1.812201366e-02
7.381400146e+02,1.677947678e-02
7.383726807e+02,1.570544764e-02
7.386054077e+02,1.522213407e-02
7.388380737e+02,1.600080542e-02
7.390708008e+02,1.484622341e-02
7.393034668e+02,1.715538837e-02
7.395361938e+02,1.616190933e-02
7.397689209e+02,1.651096903e-02
7.400016479e+02,1.621561125e-02
7.402343750e+02,1.541008893e-02
7.404671021e+02,1.605450734e-02
7.406998901e+02,1.629616320e-02
7.409326172e+02,1.640356705e-02
7.411654053e+02,1.565174572e-02
7.413981934e+02,1.492677536e-02
7.416309814e+02,1.659152098e-02
7.418637695e+02,1.573229767e-02
7.420966187e+02,1.565174572e-02
7.423294067e+02,1.363794040e-02
7.425622559e+02,1.441661175e-02
7.427951050e+02,1.417495497e-02
7.430279541e+02,1.401385013e-02
7.432608643e+02,1.240280550e-02
7.434937134e+02,1.393329818e-02
7.437266235e+02,1.253705937e-02
7.439594727e+02,1.382589526e-02
7.441923828e+02,1.041585114e-02
7.444252930e+02,1.267131325e-02
7.446582642e+02,1.267131325e-02
7.448911743e+02,1.299352199e-02
7.451241455e+02,1.307407487e-02
7.453570557e+02,1.508788019e-02
7.455900269e+02,1.508788019e-02
7.458229980e+02,1.237595547e-02
7.460560303e+02,1.336943265e-02
7.462890015e+02,1.264446229e-02
7.465219727e+02,1.374534331e-02
7.467550659e+02,1.323517878e-02
7.469880981e+02,1.151673123e-02
7.472211304e+02,1.181208994e-02
7.474541626e+02,1.261761226e-02
7.476872559e+02,1.132877637e-02
7.479202881e+02,1.049640309e-02
7.481533813e+02,1.100656763e-02
7.483864746e+02,1.001308952e-02
7.486195679e+02,1.017419435e-02
7.488526611e+02,9.717731737e-03
7.490857544e+02,1.100656763e-02
7.493189087e+02,1.038900018e-02
7.495520630e+02,1.151673123e-02
7.497851562e+02,1.038900018e-02
7.500183105e+02,1.014734339e-02
7.502515259e+02,1.218799967e-02
7.504846802e+02,1.347683556e-02
7.507178345e+02,1.060380600e-02
7.509510498e+02,1.229540259e-02
7.511842651e+02,1.063065697e-02
7.514174805e+02,1.052325405e-02
7.516506958e+02,1.089916471e-02
7.518839111e+02,8.804806508e-03
7.521171875e+02,1.063065697e-02
7.523504028e+02,8.240940981e-03
7.525836792e+02,7.193761878e-03
7.528169556e+02,8.214090019e-03
7.530502319e+02,6.978955586e-03
7.532835693e+02,6.656746846e-03
7.535168457e+02,9.422373027e-03
7.537501831e+02,8.965910412e-03
7.539834595e+02,9.556626901e-03
7.542167969e+02,1.122137345e-02
7.544502563e+02,1.068435796e-02
7.546835938e+02,7.623373531e-03
7.549169312e+02,1.025474630e-02
7.551503296e+02,1.046955213e-02
7.553837280e+02,1.122137345e-02
7.556170654e+02,8.509447798e-03
7.558505249e+02,8.670552634e-03
7.560839233e+02,7.784477901e-03
7.563173218e+02,8.724253625e-03
7.565507812e+02,8.267791010e-03
7.567842407e+02,7.328015286e-03
7.570176392e+02,6.817851216e-03
7.572510986e+02,7.086358499e-03
7.574846191e+02,5.985478405e-03
7.577180786e+02,7.945582271e-03
7.579515991e+02,6.764149759e-03
7.581850586e+02,5.153105129e-03
7.584185791e+02,6.468791515e-03
7.586520996e+02,7.784477901e-03
7.588856201e+02,8.079836145e-03
7.591192017e+02,8.939060383e-03
7.593527222e+02,7.918731309e-03
7.595863037e+02,1.003994048e-02
7.598198853e+02,7.945582271e-03
7.600534668e+02,8.804806508e-03
7.602870483e+02,6.737299263e-03
7.605206299e+02,7.703925949e-03
7.607542725e+02,6.119731814e-03
7.609879150e+02,6.280836184e-03
7.612214966e+02,4.401284270e-03
7.614551392e+02,6.978955586e-03
7.616889038e+02,6.549343932e-03
7.619225464e+02,7.381716743e-03
7.621561890e+02,6.441941019e-03
7.623898926e+02,5.582717247e-03
7.626235962e+02,6.898403633e-03
7.628572998e+02,6.415090058e-03
7.630910034e+02,6.415090058e-03
7.633247070e+02,5.448463373e-03
7.635584717e+02,5.878075026e-03
7.637921753e+02,8.348343894e-03
7.640259399e+02,7.677074987e-03
7.642597046e+02,7.784477901e-03
7.644934692e+02,8.294641972e-03
7.647272339e+02,7.435418200e-03
7.649610596e+02,5.958627444e-03
7.651948242e+02,5.421612412e-03
7.654286499e+02,4.401284270e-03
7.656624756e+02,8.267791010e-03
7.658963013e+02,2.629135270e-03
7.661301880e+02,6.173433270e-03
7.663640137e+02,5.770672113e-03
7.665978394e+02,3.300403943e-03
7.668317261e+02,4.025374074e-03
7.670656128e+02,5.421612412e-03
7.672994995e+02,5.260508042e-03
7.675333862e+02,5.287359003e-03
7.677673340e+02,5.099403672e-03
7.680012207e+02,6.817851216e-03
7.682351685e+02,7.462269161e-03
7.684691162e+02,5.179956090e-03
7.687031250e+02,3.837418742e-03
7.689370728e+02,7.140060421e-03
7.691710815e+02,5.663269199e-03
7.694050293e+02,7.757627405e-03
7.696390381e+02,4.616090097e-03
7.698730469e+02,5.770672113e-03
7.701070557e+02,5.179956090e-03
7.703410645e+02,4.347582813e-03
7.705750732e+02,3.542060498e-03
7.708091431e+02,3.354105400e-03
7.710431519e+02,3.380956128e-03
7.712772217e+02,4.992000759e-03
7.715112915e+02,3.568911226e-03
7.717453613e+02,3.756866558e-03
7.719794922e+02,2.629135270e-03
7.722135620e+02,4.132776987e-03
7.724476929e+02,3.837418742e-03
7.726818237e+02,6.039179862e-03
7.729159546e+02,4.938299302e-03
7.731500854e+02,4.454985727e-03
7.733842163e+02,5.475313868e-03
7.736183472e+02,5.233657546e-03
7.738525391e+02,3.703165101e-03
7.740867310e+02,5.475313868e-03
7.743209229e+02,5.260508042e-03
7.745551147e+02,3.703165101e-03
7.747893066e+02,3.031896427e-03
7.750235596e+02,5.555866286e-03
7.752577515e+02,2.521732356e-03
7.754920654e+02,1.984717557e-03
7.757263184e+02,4.213328939e-03
7.759605713e+02,3.756866558e-03
7.761948242e+02,9.912399109e-04
7.764291382e+02,2.011568286e-03
7.766633911e+02,3.971672617e-03
7.768977051e+02,3.971672617e-03
7.771320190e+02,2.602284541e-03
7.773663330e+02,2.521732356e-03
7.776006470e+02,4.884597845e-03
7.778349609e+02,4.642941058e-03
7.780693359e+02,3.219851758e-03
7.783037109e+02,3.488359042e-03
7.785380859e+02,2.548583085e-03
7.787724609e+02,5.502164830e-03
7.790068359e+02,2.548583085e-03
7.792412109e+02,5.878075026e-03
7.794756470e+02,3.300403943e-03
7.797100220e+02,6.119731814e-03
7.799444580e+02,2.655985998e-03
7.801788940e+02,4.830896389e-03
7.804133301e+02,2.602284541e-03
7.806478271e+02,2.494881628e-03
7.808822632e+02,2.011568286e-03
7.811167603e+02,2.763388911e-03
7.813512573e+02,1.259747427e-03
7.815857544e+02,2.280075569e-03
7.818203125e+02,2.306926297e-03
7.820548096e+02,3.085597884e-03
7.822893677e+02,3.488359042e-03
7.825238647e+02,4.884597845e-03
7.827584229e+02,4.079075530e-03
7.829929810e+02,5.099403672e-03
7.832275391e+02,2.736538183e-03
7.834620972e+02,3.756866558e-03
7.836967163e+02,4.267030861e-03
7.839312744e+02,3.246702487e-03
7.841658936e+02,1.232896582e-03
7.844005127e+02,3.246702487e-03
7.846351318e+02,4.052224569e-03
7.848698120e+02,1.286598155e-03
7.851044312e+02,2.360627754e-03
7.853391113e+02,2.065269742e-03
7.855737305e+02,-2.707449894e-04
7.858084106e+02,1.857176394e-04
7.860430908e+02,5.884788116e-04
7.862778320e+02,2.951344242e-03
7.865125122e+02,9.375384543e-04
7.867471924e+02,2.387478715e-03
7.869819336e+02,3.219851758e-03
7.872166748e+02,3.542060498e-03
7.874514160e+02,1.528254827e-03
7.876861572e+02,4.052224569e-03
7.879209595e+02,3.488359042e-03
7.881557617e+02,3.756866558e-03
7.883905640e+02,4.508687183e-03
7.886253662e+02,4.481836688e-03
7.888601685e+02,1.716210041e-03
7.890949707e+02,1.662508585e-03
7.893297729e+02,1.420851797e-03
7.895646362e+02,2.038419014e-03
7.897994385e+02,6.421802682e-04
7.900343018e+02,9.375384543e-04
7.902691650e+02,2.870792057e-03
7.905040283e+02,2.145821927e-03
7.907389526e+02,1.394001069e-03
7.909738159e+02,2.870792057e-03
7.912087402e+02,5.616280250e-04
7.914436646e+02,4.777194932e-03
7.916785889e+02,1.931015984e-03
7.919135132e+02,2.951344242e-03
7.921484375e+02,1.179195126e-03
7.923834229e+02,4.428135231e-03
7.926183472e+02,3.595761955e-03
7.928533325e+02,2.978194971e-03
7.930883179e+02,3.434657585e-03
7.933233032e+02,2.548583085e-03
7.935582886e+02,2.038419014e-03
7.937933350e+02,1.555105555e-03
7.940283813e+02,8.569862111e-04
7.942634277e+02,1.635657740e-03
7.944984741e+02,1.528254827e-03
7.947335205e+02,2.172672655e-03
7.949685669e+02,1.071792212e-03
7.952036743e+02,2.280075569e-03
7.954387207e+02,1.206045854e-03
7.956738281e+02,6.958817830e-04
7.959089355e+02,1.743060770e-03
7.961440430e+02,2.118971199e-03
7.963791504e+02,1.286598155e-03
7.966142578e+02,3.058747156e-03
7.968494263e+02,2.145821927e-03
7.970845947e+02,6.012328900e-03
7.973197021e+02,3.515209770e-03
7.975548706e+02,3.327254672e-03
7.977901001e+02,2.226374112e-03
7.980252686e+02,3.246702487e-03
7.982604980e+02,2.011568286e-03
7.984956665e+02,-2.908830538e-05
7.987308960e+02,2.575433813e-03
7.989661255e+02,1.823612954e-03
7.992013550e+02,-2.908830538e-05
7.994365845e+02,1.857176394e-04
7.996718750e+02,1.098642941e-03
7.999072266e+02,3.434657585e-03
8.001424561e+02,5.146392505e-05
8.003777466e+02,2.145821927e-03
8.006130371e+02,1.018090639e-03
8.008483887e+02,2.931206254e-04
8.010836792e+02,1.501404098e-03
8.013190308e+02,2.897642786e-03
8.015543823e+02,1.716210041e-03
8.017897339e+02,1.501404098e-03
8.020250854e+02,1.850463683e-03
8.022604370e+02,9.912399109e-04
8.024957886e+02,9.106877260e-04
8.027312012e+02,6.153295399e-04
8.029666138e+02,6.690309965e-04
8.032020264e+02,2.226374112e-03
8.034374390e+02,6.153295399e-04
8.036728516e+02,2.118971199e-03
8.039082642e+02,2.125683823e-04
8.041437378e+02,-7.272076327e-04
8.043792114e+02,-2.908830538e-05
8.046146240e+02,1.743060770e-03
8.048500977e+02,-2.579908818e-03
8.050856323e+02,1.286598155e-03
8.053211060e+02,1.232896582e-03
8.055567017e+02,2.468030900e-03
8.057921753e+02,1.340299612e-03
8.060277100e+02,1.796762226e-03
8.062632446e+02,2.011568286e-03
8.064987793e+02,1.957866596e-03
8.067343750e+02,1.528254827e-03
8.069699097e+02,2.790239640e-03
8.072055054e+02,2.092120470e-03
8.074411011e+02,8.032847545e-04
8.076766968e+02,-9.151628474e-04
8.079122925e+02,1.071792212e-03
8.081478882e+02,3.515209770e-03
8.083835449e+02,-3.244464751e-04
8.086191406e+02,2.931206254e-04
8.088547974e+02,4.273743252e-04
8.090904541e+02,-2.284550807e-03
8.093261108e+02,1.474553370e-03
8.095617676e+02,1.528254827e-03
8.097974854e+02,1.232896582e-03
8.100331421e+02,2.494881628e-03
8.102688599e+02,2.494881628e-03
8.105045776e+02,1.635657740e-03
8.107402954e+02,1.051654108e-04
8.109760132e+02,1.125493669e-03
8.112118530e+02,2.011568286e-03
8.114475708e+02,1.528254827e-03
8.116833496e+02,9.643891826e-04
8.119191284e+02,-3.781479609e-04
8.121549072e+02,1.662508585e-03
8.123906860e+02,1.340299612e-03
8.126265259e+02,1.394001069e-03
8.128623047e+02,4.005235969e-04
8.130981445e+02,5.347772967e-04
8.133339844e+02,-6.735061761e-04
8.135698242e+02,2.662698680e-04
8.138056641e+02,3.199713537e-04
8.140415039e+02,-3.244464751e-04
8.142774048e+02,1.044941484e-03
8.145133057e+02,1.152344397e-03
8.147491455e+02,-1.901927608e-04
8.149850464e+02,1.179195126e-03
8.152210083e+02,2.629135270e-03
8.154569092e+02,1.232896582e-03
8.156928101e+02,3.783717286e-03
8.159287720e+02,1.769911498e-03
8.161647339e+02,1.501404098e-03
8.164007568e+02,9.106877260e-04
8.166367188e+02,8.569862111e-04
8.168726807e+02,1.769911498e-03
8.171087036e+02,2.924493514e-03
8.173446655e+02,9.643891826e-04
8.175806885e+02,6.690309965e-04
8.178167114e+02,3.199713537e-04
8.180527344e+02,1.857176394e-04
8.182887573e+02,-1.371625462e-03
8.185248413e+02,7.831466792e-05
8.187608643e+02,-7.272076327e-04
8.189969482e+02,4.005235969e-04
8.192330322e+02,-1.129968790e-03
8.194691162e+02,1.984717557e-03
8.197052002e+02,-8.278978930e-05
8.199413452e+02,2.602284541e-03
8.201774292e+02,8.032847545e-04
8.204135742e+02,4.005235969e-04
8.206497192e+02,6.958817830e-04
8.208858643e+02,4.428135231e-03
8.211220093e+02,1.394001069e-03
8.213582153e+02,-1.425326918e-03
8.215943604e+02,4.810758110e-04
8.218306274e+02,-1.129968790e-03
8.220668335e+02,-1.076267334e-03
8.223030396e+02,-4.318494466e-04
8.225392456e+02,-9.688643040e-04
8.227754517e+02,7.831466792e-05
8.230117188e+02,2.394191251e-04
8.232479248e+02,1.232896582e-03
8.234841919e+02,1.125493669e-03
8.237204590e+02,1.259747427e-03
8.239567261e+02,9.106877260e-04
8.241930542e+02,1.769911498e-03
8.244293213e+02,2.253224840e-03
8.246656494e+02,9.912399109e-04
8.249019775e+02,1.662508585e-03
8.251383057e+02,2.092120470e-03
8.253746338e+02,8.032847545e-04
8.256109619e+02,5.347772967e-04
8.258472900e+02,2.092120470e-03
8.260836792e+02,1.447702525e-03
8.263200684e+02,2.125683823e-04
8.265564575e+02,-3.781479609e-04
8.267929077e+02,-8.278978930e-05
8.270292969e+02,-2.707449894e-04
8.272656860e+02,1.018090639e-03
8.275021362e+02,3.199713537e-04
8.277385864e+02,-1.022565761e-03
8.279750366e+02,1.904165256e-03
8.282114868e+02,9.106877260e-04
8.284479370e+02,-6.198046613e-04
8.286843872e+02,-3.244464751e-04
8.289208984e+02,2.092120470e-03
8.291573486e+02,2.011568286e-03
8.293938599e+02,4.267030861e-03
8.296303711e+02,2.038419014e-03
8.298668823e+02,1.179195126e-03
8.301034546e+02,1.367150340e-03
8.303399658e+02,6.153295399e-04
8.305765381e+02,4.810758110e-04
8.308131104e+02,1.320161537e-04
8.310496826e+02,9.375384543e-04
8.312862549e+02,-9.688643040e-04
8.315228271e+02,-9.688643040e-04
8.317594604e+02,1.152344397e-03
8.319960938e+02,-2.794714877e-03
8.322327271e+02,3.199713537e-04
8.324693604e+02,-1.693834434e-03
8.327059937e+02,5.079265684e-04
8.329426880e+02,2.038419014e-03
8.331793213e+02,1.232896582e-03
8.334160156e+02,1.796762226e-03
8.336526489e+02,6.421802682e-04
8.338893433e+02,1.313448884e-03
8.341260376e+02,2.548583085e-03
8.343627930e+02,1.286598155e-03
8.345994873e+02,2.414329443e-03
8.348362427e+02,1.662508585e-03
8.350729370e+02,3.864269471e-03
8.353096924e+02,-3.244464751e-04
8.355464478e+02,-1.640132861e-03
8.357832031e+02,-9.420135757e-04
8.360200195e+02,8.301354828e-04
8.362567749e+02,2.065269742e-03
8.364935913e+02,-6.198046613e-04
8.367304688e+02,-8.614613325e-04
8.369672852e+02,4.542250826e-04
8.372041016e+02,-1.901927608e-04
8.374409790e+02,2.394191251e-04
8.376777954e+02,-2.707449894e-04
8.379146729e+02,1.904165256e-03
8.381515503e+02,1.071792212e-03
8.383883667e+02,3.112448612e-03
8.386253052e+02,5.884788116e-04
8.388621826e+02,2.602284541e-03
8.390990601e+02,3.944821656e-03
8.393359985e+02,2.306926297e-03
8.395729370e+02,1.320161537e-04
8.398098755e+02,3.327254672e-03
8.400468140e+02,9.643891826e-04
8.402837524e+02,2.709687455e-03
8.405207520e+02,8.032847545e-04
8.407576904e+02,2.662698680e-04
8.409946899e+02,-1.156819519e-03
8.412316895e+02,1.743060770e-03
8.414686890e+02,-9.420135757e-04
8.417057495e+02,4.005235969e-04
8.419428101e+02,3.199713537e-04
8.421798096e+02,4.273743252e-04
8.424168701e+02,4.273743252e-04
8.426539307e+02,-1.364912750e-04
8.428909912e+02,2.662698680e-04
8.431280518e+02,1.608807012e-03
8.433651733e+02,1.152344397e-03
8.436022339e+02,2.253224840e-03
8.438393555e+02,1.179195126e-03
8.440764771e+02,2.065269742e-03
8.443135986e+02,-2.438942465e-04
8.445507202e+02,1.286598155e-03
8.447878418e+02,-4.855509324e-04
8.450250244e+02,9.643891826e-04
8.452621460e+02,-2.365102991e-03
8.454993286e+02,1.340299612e-03
8.457365112e+02,-2.150296932e-03
8.459736938e+02,-1.801237348e-03
8.462109375e+02,2.931206254e-04
8.464481812e+02,-1.452177763e-03
8.466854248e+02,-4.318494466e-04
8.469226074e+02,1.152344397e-03
8.471598511e+02,-8.346106042e-04
8.473971558e+02,2.662698680e-04
8.476343994e+02,5.347772967e-04
8.478716431e+02,1.313448884e-03
8.481089478e+02,2.629135270e-03
8.483462524e+02,2.602284541e-03
8.485835571e+02,1.689359313e-03
8.488208618e+02,1.259747427e-03
8.490581665e+02,-2.237562057e-06
8.492954712e+02,2.602284541e-03
8.495328369e+02,-4.049987183e-04
8.497702026e+02,-5.661031464e-04
8.500075073e+02,-1.076267334e-03
8.502448730e+02,-4.855509324e-04
8.504822998e+02,-1.344774733e-03
8.507196655e+02,-2.848416334e-03
8.509571533e+02,-8.278978930e-05
8.511945190e+02,9.912399109e-04
8.514319458e+02,-1.096405322e-04
8.516693726e+02,-9.420135757e-04
8.519067993e+02,1.796762226e-03
8.521442871e+02,6.421802682e-04
8.523817139e+02,1.206045854e-03
8.526192017e+02,8.301354828e-04
8.528566895e+02,4.542250826e-04
8.530941772e+02,2.092120470e-03
8.533316650e+02,5.884788116e-04
8.535691528e+02,1.232896582e-03
8.538066406e+02,1.823612954e-03
8.540441895e+02,1.931015984e-03
8.542817383e+02,1.420851797e-03
8.545192871e+02,-2.042894019e-03
8.547568359e+02,-2.311401535e-03
8.549943848e+02,7.227325113e-04
8.552319946e+02,-2.660461236e-03
8.554695435e+02,3.199713537e-04
8.557072144e+02,-1.640132861e-03
8.559448242e+02,5.347772967e-04
8.561824341e+02,-6.198046613e-04
8.564200439e+02,-8.278978930e-05
8.566577148e+02,-8.077598759e-04
8.568953247e+02,8.032847545e-04
8.571329956e+02,-2.170435037e-04
8.573706665e+02,1.608807012e-03
8.576083374e+02,9.106877260e-04
8.578460083e+02,1.635657740e-03
8.580836792e+02,1.474553370e-03
8.583214111e+02,2.092120470e-03
8.585590820e+02,6.958817830e-04
8.587968140e+02,1.823612954e-03
8.590345459e+02,-2.237562057e-06
8.592722778e+02,9.912399109e-04
8.595100708e+02,-9.957150323e-04
8.597478027e+02,-6.735061761e-04
8.599856567e+02,-1.425326918e-03
8.602234497e+02,-2.177147893e-03
8.604612427e+02,-1.076267334e-03
8.606990356e+02,2.662698680e-04
8.609368286e+02,-2.975957468e-04
8.611746826e+02,-1.156819519e-03
8.614124756e+02,-2.975957468e-04
8.616503296e+02,1.588668965e-04
8.618881836e+02,9.375384543e-04
8.621260376e+02,6.958817830e-04
8.623638916e+02,9.912399109e-04
8.626018066e+02,4.005235969e-04
8.628396606e+02,1.447702525e-03
8.630775757e+02,1.528254827e-03
8.633154907e+02,9.375384543e-04
8.635534058e+02,1.823612954e-03
8.637913208e+02,-1.633420179e-04
8.640292358e+02,2.387478715e-03
8.642672119e+02,-1.666983706e-03
8.645052490e+02,-5.661031464e-04
8.647432251e+02,3.199713537e-04
8.649812012e+02,3.199713537e-04
8.652191772e+02,-3.244464751e-04
8.654571533e+02,7.764340262e-04
8.656951904e+02,-4.855509324e-04
8.659331665e+02,-1.096405322e-04
8.661712036e+02,-4.855509324e-04
8.664092407e+02,2.011568286e-03
8.666472778e+02,6.153295399e-04
8.668853149e+02,-2.438942465e-04
8.671234131e+02,3.199713537e-04
8.673615112e+02,9.643891826e-04
8.675995483e+02,2.655985998e-03
8.678376465e+02,1.152344397e-03
8.680757446e+02,4.542250826e-04
8.683139038e+02,-5.661031464e-04
8.685520020e+02,-2.707449894e-04
8.687902222e+02,6.958817830e-04
8.690283203e+02,7.227325113e-04
8.692664795e+02,5.884788116e-04
8.695046387e+02,-2.928968519e-03
8.697428589e+02,-9.151628474e-04
8.699810181e+02,-2.741013421e-03
8.702192383e+02,1.635657740e-03
8.704573975e+02,-6.198046613e-04
8.706956177e+02,-1.096405322e-04
8.709338379e+02,-3.512972326e-04
8.711720581e+02,-8.883121191e-04
8.714103394e+02,1.051654108e-04
8.716485596e+02,4.052224569e-03
8.718868408e+02,8.032847545e-04
8.721251221e+02,2.394191251e-04
8.723634033e+02,3.199713537e-04
8.726016846e+02,1.152344397e-03
8.728399658e+02,1.051654108e-04
8.730783691e+02,1.555105555e-03
8.733166504e+02,-5.661031464e-04
8.735549927e+02,-3.781479609e-04
8.737933350e+02,7.831466792e-05
8.740316772e+02,-1.022565761e-03
8.742700195e+02,9.375384543e-04
8.745084229e+02,-1.344774733e-03
8.747468262e+02,4.273743252e-04
8.749851685e+02,-1.532729948e-03
8.752235718e+02,7.831466792e-05
8.754619751e+02,2.461318218e-05
8.757004395e+02,1.877314528e-03
8.759388428e+02,1.232896582e-03
8.761772461e+02,2.145821927e-03
8.764157104e+02,-6.466553896e-04
8.766541748e+02,2.038419014e-03
8.768926392e+02,-2.438942465e-04
8.771311035e+02,4.240179900e-03
8.773696899e+02,1.957866596e-03
8.776081543e+02,2.360627754e-03
8.778466797e+02,-2.707449894e-04
8.780852051e+02,2.226374112e-03
8.783237305e+02,-1.156819519e-03
8.785622559e+02,1.259747427e-03
8.788007812e+02,-6.466553896e-04
8.790393677e+02,-1.076267334e-03
8.792778931e+02,-1.559580676e-03
8.795164795e+02,-9.688643040e-04
8.797550659e+02,-1.129968790e-03
8.799936523e+02,5.146392505e-05
8.802322998e+02,-1.962341834e-03
8.804708862e+02,7.227325113e-04
8.807095337e+02,-5.661031464e-04
8.809481201e+02,2.682836726e-03
8.811867676e+02,1.051654108e-04
8.814254761e+02,9.106877260e-04
8.816641846e+02,1.662508585e-03
8.819028320e+02,1.716210041e-03
8.821415405e+02,-4.855509324e-04
8.823801880e+02,-7.809091476e-04
8.826188965e+02,1.018090639e-03
8.828576050e+02,-8.614613325e-04
8.830963745e+02,-8.278978930e-05
8.833350830e+02,1.662508585e-03
8.835738525e+02,-1.613282133e-03
8.838125610e+02,3.736728395e-04
8.840513306e+02,-2.150296932e-03
8.842901001e+02,2.763388911e-03
8.845288696e+02,-7.003569044e-04
8.847677002e+02,-7.809091476e-04
8.850064697e+02,5.146392505e-05
8.852453003e+02,2.931206254e-04
8.854841309e+02,-1.291073277e-03
8.857230225e+02,-4.049987183e-04
8.859618530e+02,2.360627754e-03
8.862006836e+02,1.581956283e-03
8.864395142e+02,-1.693834434e-03
8.866784058e+02,3.219851758e-03
8.869172974e+02,5.347772967e-04
8.871561890e+02,2.548583085e-03
8.873950806e+02,1.857176394e-04
8.876339722e+02,1.501404098e-03
8.878729248e+02,-1.633420179e-04
8.881118164e+02,-2.975957468e-04
8.883507690e+02,-2.237562057e-06
8.885897217e+02,-7.003569044e-04
8.888286743e+02,-1.801237348e-03
8.890676270e+02,3.468221112e-04
8.893065796e+02,-2.794714877e-03
8.895455933e+02,9.375384543e-04
8.897846680e+02,-8.077598759e-04
8.900236816e+02,9.912399109e-04
8.902626953e+02,1.635657740e-03
8.905017090e+02,5.616280250e-04
8.907407227e+02,9.643891826e-04
8.909797974e+02,4.273743252e-04
8.912188110e+02,6.421802682e-04
8.914578857e+02,1.635657740e-03
8.916969604e+02,1.474553370e-03
8.919360352e+02,9.912399109e-04
8.921751099e+02,2.038419014e-03
8.924142456e+02,-8.278978930e-05
8.926533813e+02,-2.445655176e-03
8.928924561e+02,-1.291073277e-03
8.931315918e+02,-3.781479609e-04
8.933707275e+02,-1.237371704e-03
8.936099854e+02,-1.640132861e-03
8.938491211e+02,1.179195126e-03
8.940883179e+02,5.079265684e-04
8.943274536e+02,7.831466792e-05
8.945666504e+02,-1.505879220e-03
8.948058472e+02,1.474553370e-03
8.950451050e+02,-4.587002040e-04
8.952843018e+02,1.340299612e-03
8.955234985e+02,4.810758110e-04
8.957627563e+02,2.199523384e-03
8.960020142e+02,6.153295399e-04
8.962412720e+02,2.709687455e-03
8.964805298e+02,1.823612954e-03
8.967198486e+02,7.495832397e-04
8.969591064e+02,2.065269742e-03
8.971984253e+02,8.838369977e-04
8.974377441e+02,5.347772967e-04
8.976771240e+02,-1.183670247e-03
8.979164429e+02,-1.505879220e-03
8.981557617e+02,-2.707449894e-04
8.983950806e+02,-9.420135757e-04
8.986344604e+02,9.643891826e-04
8.988738403e+02,-3.512972326e-04
8.991132202e+02,-4.318494466e-04
8.993526001e+02,-4.587002040e-04
8.995919800e+02,-5.392524181e-04
8.998314209e+02,-4.855509324e-04
9.000708008e+02,8.032847545e-04
9.003102417e+02,7.227325113e-04
9.005496826e+02,-8.883121191e-04
9.007891235e+02,1.098642941e-03
9.010285645e+02,-7.272076327e-04
9.012680054e+02,9.375384543e-04
9.015075684e+02,2.978194971e-03
9.017470703e+02,-4.587002040e-04
9.019865723e+02,3.542060498e-03
9.022260742e+02,-8.077598759e-04
9.024655762e+02,1.716210041e-03
9.027050781e+02,2.125683823e-04
9.029446411e+02,-1.022565761e-03
9.031841431e+02,-3.244464751e-04
9.034237061e+02,1.581956283e-03
9.036632690e+02,-1.264222548e-03
9.039028320e+02,5.616280250e-04
9.041424561e+02,-5.661031464e-04
9.043820190e+02,1.608807012e-03
9.046216431e+02,-2.391953720e-03
9.048612061e+02,2.662698680e-04
9.051008301e+02,5.146392505e-05
9.053405151e+02,2.011568286e-03
9.055802002e+02,2.662698680e-04
9.058198242e+02,3.273553215e-03
9.060595093e+02,2.118971199e-03
9.062991333e+02,1.823612954e-03
9.065388184e+02,-1.720685163e-03
9.067785034e+02,1.044941484e-03
9.070182495e+02,-1.881789649e-03
9.072579346e+02,7.227325113e-04
9.074976807e+02,-8.077598759e-04
9.077373657e+02,3.199713537e-04
9.079771118e+02,-1.096405322e-04
9.082168579e+02,8.838369977e-04
9.084566040e+02,-1.989192562e-03
9.086964111e+02,2.662698680e-04
9.089361572e+02,6.153295399e-04
9.091760254e+02,1.769911498e-03
9.094158325e+02,-5.593905007e-05
9.096556396e+02,2.662698680e-04
9.098954468e+02,-1.505879220e-03
9.101352539e+02,1.420851797e-03
9.103750610e+02,1.635657740e-03
9.106149292e+02,2.736538183e-03
9.108547974e+02,-3.512972326e-04
9.110946655e+02,3.515209770e-03
9.113345337e+02,1.232896582e-03
9.115744019e+02,1.051654108e-04
9.118143311e+02,2.931206254e-04
9.120541992e+02,-2.150296932e-03
9.122941284e+02,-1.640132861e-03
9.125340576e+02,1.857176394e-04
9.127739868e+02,-4.318494466e-04
9.130139771e+02,-2.438942465e-04
9.132539062e+02,-3.512972326e-04
9.134938965e+02,1.044941484e-03
9.137338867e+02,-1.633420179e-04
9.139738159e+02,-7.540583611e-04
9.142138062e+02,4.005235969e-04
9.144538574e+02,2.118971199e-03
9.146938477e+02,1.152344397e-03
9.149338379e+02,1.796762226e-03
9.151738892e+02,2.253224840e-03
9.154139404e+02,5.616280250e-04
9.156539917e+02,-1.633420179e-04
9.158940430e+02,1.716210041e-03
9.161340942e+02,1.152344397e-03
9.163742065e+02,1.769911498e-03
9.166142578e+02,-2.016043290e-03
9.168544312e+02,-1.344774733e-03
9.170945435e+02,-4.318494466e-04
9.173346558e+02,-1.076267334e-03
9.175747681e+02,-1.720685163e-03
9.178149414e+02,-1.633420179e-04
9.180550537e+02,-2.928968519e-03
9.182952271e+02,-5.593905007e-05
9.185354004e+02,-4.049987183e-04
9.187755737e+02,1.206045854e-03
9.190157471e+02,-1.210520975e-03
9.192559204e+02,2.394191251e-04
9.194961548e+02,7.227325113e-04
9.197363892e+02,3.219851758e-03
9.199765625e+02,1.588668965e-04
9.202167969e+02,1.071792212e-03
9.204571533e+02,-7.540583611e-04
9.206973877e+02,1.662508585e-03
9.209376221e+02,6.421802682e-04
9.211779175e+02,2.629135270e-03
9.214182129e+02,-8.883121191e-04
9.216585083e+02,9.912399109e-04
9.218988037e+02,-4.587002040e-04
9.221390991e+02,-1.156819519e-03
9.223794556e+02,-8.077598759e-04
9.226197510e+02,-9.420135757e-04
9.228601074e+02,2.931206254e-04
9.231004639e+02,2.931206254e-04
9.233408203e+02,9.375384543e-04
9.235811768e+02,2.394191251e-04
9.238215942e+02,-4.318494466e-04
9.240620117e+02,5.884788116e-04
9.243024292e+02,2.843941329e-03
9.245428467e+02,2.521732356e-03
9.247832642e+02,-1.183670247e-03
9.250236816e+02,2.468030900e-03
9.252640991e+02,9.375384543e-04
9.255045776e+02,2.172672655e-03
9.257449951e+02,1.662508585e-03
9.259854736e+02,2.548583085e-03
9.262259521e+02,-2.170435037e-04
9.264664307e+02,-3.512972326e-04
9.267069702e+02,6.421802682e-04
9.269474487e+02,-3.278028220e-03
9.271879883e+02,-7.272076327e-04
9.274285278e+02,-1.452177763e-03
9.276691284e+02,8.032847545e-04
9.279096680e+02,-5.124016898e-04
9.281502075e+02,-3.512972326e-04
9.283907471e+02,1.206045854e-03
9.286313477e+02,-2.123446204e-03
9.288719482e+02,6.958817830e-04
9.291125488e+02,1.474553370e-03
9.293531494e+02,7.764340262e-04
9.295937500e+02,-1.633420179e-04
9.298343506e+02,7.227325113e-04
9.300750122e+02,1.608807012e-03
9.303156128e+02,7.227325113e-04
9.305562744e+02,-2.237562057e-06
9.307969360e+02,5.146392505e-05
9.310375977e+02,-3.781479609e-04
9.312783813e+02,1.259747427e-03
9.315190430e+02,-2.203998622e-03
9.317597656e+02,1.286598155e-03
9.320004883e+02,-2.311401535e-03
9.322412109e+02,1.232896582e-03
9.324819336e+02,-5.929539329e-04
9.327226562e+02,-1.364912750e-04
9.329634399e+02,-1.022565761e-03
9.332041626e+02,2.461318218e-05
9.334449463e+02,-7.272076327e-04
9.336857300e+02,1.588668965e-04
9.339265137e+02,1.555105555e-03
9.341672974e+02,1.588668965e-04
9.344081421e+02,1.394001069e-03
9.346489258e+02,2.092120470e-03
9.348898315e+02,-4.049987183e-04
9.351306763e+02,3.461508313e-03
9.353715210e+02,1.018090639e-03
9.356123657e+02,-2.975957468e-04
9.358532104e+02,1.313448884e-03
9.360941162e+02,-9.420135757e-04
9.363349609e+02,5.884788116e-04
9.365758667e+02,-9.151628474e-04
9.368167725e+02,-1.479028491e-03
9.370576782e+02,1.018090639e-03
9.372986450e+02,-4.318494466e-04
9.375395508e+02,-1.398476190e-03
9.377805176e+02,1.232896582e-03
9.380214844e+02,-6.466553896e-04
9.382625122e+02,1.367150340e-03
9.385034790e+02,1.232896582e-03
9.387444458e+02,2.629135270e-03
9.389854126e+02,1.588668965e-04
9.392264404e+02,-1.633420179e-04
9.394674683e+02,9.912399109e-04
9.397084961e+02,2.924493514e-03
9.399495239e+02,1.394001069e-03
9.401905518e+02,1.320161537e-04
9.404315796e+02,-3.244464751e-04
9.406726685e+02,2.461318218e-05
9.409136963e+02,1.588668965e-04
9.411547852e+02,-3.781479609e-04
9.413958740e+02,-1.317924005e-03
9.416370239e+02,2.387478715e-03
9.418781738e+02,-1.210520975e-03
9.421192627e+02,-5.929539329e-04
9.423604126e+02,-1.613282133e-03
9.426015625e+02,-1.398476190e-03
9.428427124e+02,2.655985998e-03
9.430838623e+02,-5.661031464e-04
9.433250122e+02,1.555105555e-03
9.435662231e+02,9.375384543e-04
9.438073730e+02,2.931206254e-04
9.440485840e+02,1.931015984e-03
9.442897949e+02,6.421802682e-04
9.445310059e+02,4.273743252e-04
9.447722168e+02,5.616280250e-04
9.450134888e+02,2.931206254e-04
9.452547607e+02,-4.587002040e-04
9.454960327e+02,-2.499356633e-03
9.457373047e+02,-1.613282133e-03
9.459785767e+02,-7.540583611e-04
9.462198486e+02,-9.151628474e-04
9.464611206e+02,4.273743252e-04
9.467024536e+02,1.588668965e-04
9.469437866e+02,-5.593905007e-05
9.471850586e+02,-5.392524181e-04
9.474263916e+02,2.662698680e-04
9.476677856e+02,-8.883121191e-04
9.479091187e+02,-7.272076327e-04
9.481504517e+02,1.152344397e-03
9.483918457e+02,1.206045854e-03
9.486333008e+02,2.092120470e-03
9.488746948e+02,3.380956128e-03
9.491160889e+02,-1.049416605e-03
9.493574829e+02,2.253224840e-03
9.495988770e+02,-5.392524181e-04
9.498403320e+02,4.542250826e-04
9.500817871e+02,-9.151628474e-04
9.503232422e+02,3.199713537e-04
9.505646973e+02,-1.505879220e-03
9.508061523e+02,-6.735061761e-04
9.510476074e+02,-8.883121191e-04
9.512891235e+02,1.098642941e-03
9.515306396e+02,-2.177147893e-03
9.517720947e+02,4.810758110e-04
9.520136719e+02,-6.466553896e-04
9.522552490e+02,4.542250826e-04
9.524967651e+02,-1.022565761e-03
9.527382812e+02,-9.420135757e-04
9.529798584e+02,-1.633420179e-04
9.532214355e+02,1.259747427e-03
9.534630127e+02,1.051654108e-04
9.537045898e+02,1.474553370e-03
9.539461670e+02,3.031896427e-03
9.541878052e+02,2.494881628e-03
9.544293823e+02,5.079265684e-04
9.546710205e+02,-2.707449894e-04
9.549126587e+02,-1.129968790e-03
9.551542969e+02,-9.151628474e-04
9.553959961e+02,2.662698680e-04
9.556376953e+02,-1.774386619e-03
9.558793335e+02,-1.096405322e-04
9.561210327e+02,-2.526207361e-03
9.563627319e+02,-1.264222548e-03
9.566044312e+02,1.528254827e-03
9.568461304e+02,4.005235969e-04
9.570878296e+02,7.227325113e-04
9.573295898e+02,-8.077598759e-04
9.575712891e+02,1.340299612e-03
9.578130493e+02,1.286598155e-03
9.580548096e+02,1.823612954e-03
9.582965698e+02,-3.244464751e-04
9.585383911e+02,8.838369977e-04
9.587802124e+02,6.958817830e-04
9.590220337e+02,1.769911498e-03
9.592637939e+02,-2.908830538e-05
9.595056152e+02,9.643891826e-04
9.597474976e+02,-2.338252263e-03
9.599893188e+02,2.125683823e-04
9.602311401e+02,-3.781479609e-04
9.604730225e+02,-9.151628474e-04
9.607148438e+02,-2.928968519e-03
9.609567261e+02,1.635657740e-03
9.611986084e+02,2.662698680e-04
9.614405518e+02,-1.264222548e-03
9.616824341e+02,-1.076267334e-03
9.619243164e+02,1.125493669e-03
9.621663208e+02,9.375384543e-04
9.624082642e+02,1.259747427e-03
9.626502075e+02,1.125493669e-03
9.628921509e+02,8.301354828e-04
9.631340942e+02,-5.661031464e-04
9.633760986e+02,1.528254827e-03
9.636181030e+02,1.447702525e-03
9.638600464e+02,2.199523384e-03
9.641020508e+02,4.273743252e-04
9.643440552e+02,9.375384543e-04
9.645861206e+02,-1.452177763e-03
9.648281250e+02,1.051654108e-04
9.650701904e+02,-1.398476190e-03
9.653122559e+02,-1.076267334e-03
9.655543213e+02,-2.821565606e-03
9.657963867e+02,-4.318494466e-04
9.660384521e+02,-5.593905007e-05
9.662805786e+02,-6.466553896e-04
9.665226440e+02,-1.532729948e-03
9.667647705e+02,-6.735061761e-04
9.670068970e+02,5.884788116e-04
9.672490234e+02,2.306926297e-03
9.674911499e+02,1.581956283e-03
9.677332764e+02,2.011568286e-03
9.679754639e+02,-5.392524181e-04
9.682176514e+02,3.488359042e-03
9.684597778e+02,3.199713537e-04
9.687020264e+02,7.764340262e-04
9.689442139e+02,5.079265684e-04
9.691864624e+02,5.347772967e-04
9.694286499e+02,-1.237371704e-03
9.696708984e+02,2.125683823e-04
9.699130859e+02,-9.151628474e-04
9.701553345e+02,6.958817830e-04
9.703975830e+02,-1.291073277e-03
9.706398926e+02,2.662698680e-04
9.708821411e+02,-5.929539329e-04
9.711244507e+02,5.616280250e-04
9.713666992e+02,-1.774386619e-03
9.716090088e+02,2.145821927e-03
9.718513794e+02,6.153295399e-04
9.720936890e+02,6.958817830e-04
9.723360596e+02,-8.883121191e-04
9.725783691e+02,2.790239640e-03
9.728207397e+02,1.501404098e-03
9.730631104e+02,3.166150069e-03
9.733054810e+02,-2.237562057e-06
9.735478516e+02,1.447702525e-03
9.737902222e+02,3.199713537e-04
9.740325928e+02,-2.975957468e-04
9.742750244e+02,-8.614613325e-04
9.745174561e+02,4.810758110e-04
9.747598877e+02,-1.989192562e-03
9.750023804e+02,-1.264222548e-03
9.752448120e+02,-1.425326918e-03
9.754872437e+02,-1.291073277e-03
9.757297363e+02,6.690309965e-04
9.759722290e+02,9.375384543e-04
9.762147217e+02,2.662698680e-04
9.764572144e+02,8.838369977e-04
9.766997070e+02,1.689359313e-03
9.769421997e+02,8.301354828e-04
9.771847534e+02,2.065269742e-03
9.774272461e+02,7.227325113e-04
9.776697998e+02,1.018090639e-03
9.779123535e+02,2.441180171e-03
9.781549683e+02,3.468221112e-04
9.783975220e+02,1.098642941e-03
9.786401367e+02,-7.003569044e-04
9.788827515e+02,-1.364912750e-04
9.791253052e+02,-2.714162692e-03
9.793679199e+02,-3.244464751e-04
9.796105347e+02,-1.210520975e-03
9.798532104e+02,-1.425326918e-03
9.800958252e+02,-1.693834434e-03
9.803384399e+02,-1.532729948e-03
9.805811157e+02,-1.022565761e-03
9.808237915e+02,1.501404098e-03
9.810664673e+02,2.461318218e-05
9.813092041e+02,-1.586431405e-03
9.815519409e+02,-2.170435037e-04
9.817946167e+02,8.569862111e-04
9.820373535e+02,-1.452177763e-03
9.822800903e+02,1.931015984e-03
9.825228271e+02,2.199523384e-03
9.827655640e+02,2.226374112e-03
9.830083008e+02,-2.237562057e-06
9.832510986e+02,1.555105555e-03
9.834938354e+02,5.079265684e-04
9.837366333e+02,2.931206254e-04
9.839794312e+02,-2.707449894e-04
9.842222290e+02,-7.540583611e-04
9.844650879e+02,-2.714162692e-03
9.847079468e+02,5.347772967e-04
9.849507446e+02,-1.854938804e-03
9.851936035e+02,1.635657740e-03
9.854364624e+02,-1.774386619e-03
9.856793213e+02,1.769911498e-03
9.859221802e+02,-9.151628474e-04
9.861650391e+02,3.058747156e-03
9.864079590e+02,1.152344397e-03
9.866508789e+02,1.474553370e-03
9.868937378e+02,2.360627754e-03
9.871366577e+02,8.838369977e-04
9.873795776e+02,1.071792212e-03
9.876226196e+02,1.071792212e-03
9.878655396e+02,4.810758110e-04
9.881085205e+02,1.206045854e-03
9.883515015e+02,-5.929539329e-04
9.885944824e+02,1.447702525e-03
9.888374634e+02,4.810758110e-04
9.890804443e+02,-5.593905007e-05
9.893234253e+02,-1.479028491e-03
9.895664673e+02,8.838369977e-04
9.898095093e+02,1.051654108e-04
9.900524902e+02,1.259747427e-03
9.902955933e+02,-2.821565606e-03
9.905386353e+02,1.689359313e-03
9.907817383e+02,4.542250826e-04
9.910248413e+02,2.441180171e-03
9.912678833e+02,-1.183670247e-03
9.915109863e+02,2.280075569e-03
9.917540894e+02,1.716210041e-03
9.919971924e+02,1.823612954e-03
9.922403564e+02,2.575433813e-03
9.924834595e+02,6.153295399e-04
9.927266235e+02,2.092120470e-03
9.929697266e+02,1.044941484e-03
9.932128906e+02,-7.540583611e-04
9.934560547e+02,5.079265684e-04
9.936993408e+02,3.199713537e-04
9.939425049e+02,8.032847545e-04
9.941857300e+02,-1.505879220e-03
9.944288940e+02,-5.124016898e-04
9.946721191e+02,8.032847545e-04
9.949153442e+02,-3.244464751e-04
9.951586304e+02,-2.418804448e-03
9.954018555e+02,1.857176394e-04
9.956450806e+02,-1.613282133e-03
9.958883667e+02,1.662508585e-03
9.961316528e+02,1.689359313e-03
9.963749390e+02,-1.129968790e-03
9.966182251e+02,5.347772967e-04
9.968615723e+02,2.817090601e-03
9.971049194e+02,7.495832397e-04
9.973482056e+02,4.273743252e-04
9.975915527e+02,2.414329443e-03
9.978348999e+02,-3.244464751e-04
9.980782471e+02,5.616280250e-04
9.983216553e+02,-1.344774733e-03
9.985650024e+02,-2.177147893e-03
9.988084106e+02,-1.586431405e-03
9.990517578e+02,5.079265684e-04
9.992951660e+02,-2.438942465e-04
9.995385742e+02,-8.278978930e-05
9.997820435e+02,-2.606759779e-03
1.000025513e+03,-3.244464751e-04
1.000268921e+03,-9.957150323e-04
1.000512390e+03,8.301354828e-04
1.000755859e+03,-2.975957468e-04
1.000999329e+03,2.038419014e-03
1.001242798e+03,1.823612954e-03
1.001486267e+03,5.079265684e-04
1.001729797e+03,2.414329443e-03
1.001973267e+03,1.098642941e-03
1.002216797e+03,-6.735061761e-04
1.002460327e+03,9.643891826e-04
1.002703857e+03,-1.291073277e-03
1.002947449e+03,8.301354828e-04
1.003191040e+03,-2.170435037e-04
1.003434570e+03,5.884788116e-04
1.003678162e+03,-3.224326763e-03
1.003921753e+03,-2.438942465e-04
1.004165344e+03,-1.210520975e-03
1.004408936e+03,-1.210520975e-03
1.004652588e+03,-1.559580676e-03
1.004896179e+03,1.608807012e-03
1.005139832e+03,2.125683823e-04
1.005383484e+03,1.018090639e-03
1.005627136e+03,2.125683823e-04
1.005870850e+03,1.340299612e-03
1.006114502e+03,1.581956283e-03
1.006358154e+03,1.018090639e-03
1.006601868e+03,8.301354828e-04
1.006845581e+03,1.796762226e-03
1.007089294e+03,2.931206254e-04
1.007333008e+03,-5.661031464e-04
1.007576721e+03,1.608807012e-03
1.007820496e+03,2.662698680e-04
1.008064209e+03,-2.707449894e-04
1.008307983e+03,-1.633420179e-04
1.008551758e+03,-1.962341834e-03
1.008795593e+03,8.838369977e-04
1.009039368e+03,-1.633420179e-04
1.009283142e+03,2.763388911e-03
1.009526978e+03,1.931015984e-03
1.009770752e+03,-2.096595475e-03
1.010014587e+03,-3.512972326e-04
1.010258423e+03,5.079265684e-04
1.010502258e+03,2.092120470e-03
1.010746155e+03,2.951344242e-03
1.010989990e+03,2.092120470e-03
1.011233887e+03,1.984717557e-03
1.011477783e+03,-9.151628474e-04
1.011721680e+03,2.662698680e-04
1.011965637e+03,1.206045854e-03
1.012209534e+03,-7.809091476e-04
1.012453430e+03,-1.237371704e-03
1.012697388e+03,-3.512972326e-04
1.012941284e+03,-2.741013421e-03
1.013185242e+03,1.098642941e-03
1.013429199e+03,-2.633610507e-03
1.013673218e+03,1.904165256e-03
1.013917175e+03,-1.317924005e-03
1.014161133e+03,8.301354828e-04
1.014405151e+03,-1.425326918e-03
1.014649231e+03,4.542250826e-04
1.014893250e+03,-1.613282133e-03
1.015137268e+03,1.420851797e-03
1.015381287e+03,-1.291073277e-03
1.015625366e+03,5.616280250e-04
1.015869385e+03,1.608807012e-03
1.016113464e+03,2.360627754e-03
1.016357544e+03,2.360627754e-03
1.016601624e+03,4.005235969e-04
1.016845703e+03,-2.170435037e-04
1.017089844e+03,5.616280250e-04
1.017333923e+03,-2.016043290e-03
1.017578125e+03,-1.901927608e-04
1.017822266e+03,-2.150296932e-03
1.018066406e+03,8.032847545e-04
1.018310547e+03,-1.505879220e-03
1.018554688e+03,-2.096595475e-03
1.018798889e+03,2.662698680e-04
1.019043091e+03,3.736728395e-04
1.019287231e+03,2.931206254e-04
1.019531433e+03,5.079265684e-04
1.019775635e+03,-2.042894019e-03
1.020019897e+03,1.716210041e-03
1.020264099e+03,-2.237562057e-06
1.020508423e+03,1.420851797e-03
