1.935262604e+02,-6.698105717e-04
1.937292786e+02,1.258157659e-03
1.939322968e+02,1.231003203e-03
1.941353455e+02,-1.267209154e-04
1.943384094e+02,1.095230808e-03
1.945414886e+02,-9.956643917e-04
1.947445831e+02,-6.155016017e-04
1.949476929e+02,4.435231967e-04
1.951508179e+02,1.068076235e-03
1.953539734e+02,-6.698105717e-04
1.955571442e+02,6.064500776e-04
1.957603149e+02,1.176694204e-04
1.959635010e+02,1.258157659e-03
1.961667175e+02,-6.155016017e-04
1.963699341e+02,1.855556271e-03
1.965731812e+02,-1.131436788e-03
1.967764435e+02,1.448239083e-03
1.969797211e+02,-8.598919376e-04
1.971830139e+02,1.285312115e-03
1.973863220e+02,-1.267209183e-03
1.975896301e+02,4.978321958e-04
1.977929840e+02,-1.538754004e-04
1.979963379e+02,4.435231967e-04
1.981997070e+02,8.508404135e-04
1.984030914e+02,-1.538753975e-03
1.986064911e+02,-8.327374235e-04
1.988099365e+02,5.521411076e-04
1.990133667e+02,2.317182487e-03
1.992168121e+02,-3.982657217e-04
1.994202881e+02,2.262873575e-03
1.996237793e+02,1.366775599e-03
1.998272705e+02,-1.810298818e-05
2.000308075e+02,1.665474847e-03
2.002343292e+02,4.706776817e-04
2.004378815e+02,2.751654247e-03
2.006414642e+02,-1.918916707e-03
2.008450317e+02,7.422225317e-04
2.010486298e+02,7.422225317e-04
2.012522583e+02,5.521411076e-04
2.014558868e+02,-5.340381176e-04
2.016595306e+02,-2.896478109e-04
2.018632050e+02,1.258157659e-03
2.020668793e+02,8.236859576e-04
2.022705688e+02,-8.870463935e-04
2.024742889e+02,1.801247243e-03
2.026780090e+02,-1.810298854e-04
2.028817596e+02,2.914580982e-03
2.030855103e+02,1.991328609e-04
2.032893066e+02,3.892142267e-04
2.034930878e+02,3.077508009e-04
2.036968994e+02,1.991328609e-04
2.039007263e+02,-9.413553635e-04
2.041045685e+02,1.719783904e-04
2.043084259e+02,6.336045917e-04
2.045122986e+02,1.285312115e-03
2.047162018e+02,7.965314435e-04
2.049200897e+02,1.638320391e-03
2.051240234e+02,-4.254202067e-04
2.053279572e+02,2.425800310e-03
2.055319214e+02,2.262873459e-04
2.057358856e+02,9.323038976e-04
2.059398804e+02,-1.946071163e-03
2.061438751e+02,1.068076235e-03
2.063479004e+02,-1.158591243e-03
2.065519257e+02,2.398645971e-03
2.067559814e+02,-7.512739976e-04
2.069600525e+02,-5.340381176e-04
2.071641388e+02,-1.538753975e-03
2.073682251e+02,5.249866517e-04
2.075723572e+02,-5.068836617e-04
2.077764740e+02,6.607590476e-04
2.079806213e+02,2.534418309e-04
2.081847992e+02,-5.340381176e-04
2.083889771e+02,4.163687117e-04
2.085931702e+02,1.502547995e-03
2.087973785e+02,1.339621143e-03
2.090016174e+02,-9.142009076e-04
2.092058563e+02,-6.426560576e-04
2.094101105e+02,3.892142267e-04
2.096143951e+02,-5.611926317e-04
2.098186798e+02,-9.142009076e-04
2.100229950e+02,-5.611926317e-04
2.102273254e+02,-9.142009076e-04
2.104316559e+02,-1.593062887e-03
2.106360168e+02,1.339621143e-03
2.108403778e+02,1.176694204e-04
2.110447693e+02,-8.598919376e-04
2.112491760e+02,-2.081843559e-04
2.114535980e+02,1.393930055e-03
2.116580353e+02,1.448239054e-04
2.118624878e+02,1.149539719e-03
2.120669556e+02,-1.022818848e-03
2.122714386e+02,7.965314435e-04
2.124759521e+02,1.991328609e-04
2.126804504e+02,-8.327374235e-04
2.128849945e+02,-3.711112658e-04
2.130895386e+02,6.336045917e-04
2.132940979e+02,-1.593062887e-03
2.134986877e+02,4.706776817e-04
2.137032928e+02,1.556856907e-03
2.139078827e+02,-1.267209154e-04
2.141125183e+02,1.339621143e-03
2.143171692e+02,5.249866517e-04
2.145218353e+02,-7.241195417e-04
2.147265015e+02,3.620597709e-04
2.149311981e+02,-4.525747136e-05
2.151359100e+02,-4.254202067e-04
2.153406219e+02,-6.698105717e-04
2.155453644e+02,1.122385263e-03
2.157501221e+02,1.719783904e-04
2.159549103e+02,1.502547995e-03
2.161596832e+02,7.150680176e-04
2.163644867e+02,8.508404135e-04
2.165693207e+02,1.068076235e-03
2.167741547e+02,1.393930055e-03
2.169789886e+02,-1.104282215e-03
2.171838684e+02,-1.348672551e-03
2.173887482e+02,-9.685098776e-04
2.175936584e+02,1.068076235e-03
2.177985535e+02,-5.611926317e-04
2.180034943e+02,1.393930055e-03
2.182084503e+02,-1.402981579e-03
2.184134064e+02,-3.439567809e-04
2.186183929e+02,1.176694175e-03
2.188233795e+02,4.706776817e-04
2.190283966e+02,-7.784284535e-04
2.192334137e+02,-8.327374235e-04
2.194384613e+02,-7.241195271e-05
2.196435242e+02,1.068076235e-03
2.198485870e+02,-2.353388409e-04
2.200536804e+02,6.064500776e-04
2.202587891e+02,-6.698105717e-04
2.204639130e+02,1.774092787e-03
2.206690521e+02,-1.755989855e-03
2.208742065e+02,1.393930055e-03
2.210793762e+02,-5.068836617e-04
2.212845612e+02,1.991328609e-04
2.214897614e+02,9.051493835e-04
2.216949921e+02,6.607590476e-04
2.219002228e+02,9.051493835e-04
2.221054535e+02,1.176694204e-04
2.223107300e+02,-2.624933259e-04
2.225160065e+02,2.805963159e-03
2.227213135e+02,5.249866517e-04
2.229266205e+02,1.122385263e-03
2.231319580e+02,2.534418309e-04
2.233372955e+02,7.422225317e-04
2.235426483e+02,6.336045772e-05
2.237480164e+02,3.620597709e-04
2.239534149e+02,2.805963159e-04
2.241588287e+02,5.249866517e-04
2.243642578e+02,-1.810298818e-05
2.245696869e+02,3.511979710e-03
2.247751465e+02,3.077508009e-04
2.249806213e+02,2.561572706e-03
2.251861115e+02,1.176694204e-04
2.253916016e+02,7.150680176e-04
2.255971222e+02,-4.254202067e-04
2.258026581e+02,1.312466571e-03
2.260082092e+02,-3.982657217e-04
2.262137756e+02,2.099946607e-03
2.264193573e+02,1.312466571e-03
2.266249542e+02,7.422225317e-04
2.268305664e+02,-7.241195271e-05
2.270361938e+02,2.208564430e-03
2.272418518e+02,-2.108998131e-03
2.274475098e+02,1.149539719e-03
2.276531677e+02,-3.439567809e-04
2.278588562e+02,7.150680176e-04
2.280645752e+02,-9.142009076e-04
2.282702942e+02,1.366775599e-03
2.284760437e+02,1.068076235e-03
2.286817932e+02,3.892142267e-04
2.288875580e+02,-1.810298767e-03
2.290933533e+02,-6.698105717e-04
2.292991486e+02,-3.439567809e-04
2.295049744e+02,-3.711112658e-04
2.297108154e+02,-3.439567809e-04
2.299166565e+02,4.978321958e-04
2.301225281e+02,-1.810298818e-05
2.303284149e+02,7.422225317e-04
2.305343018e+02,-1.810298854e-04
2.307402191e+02,5.521411076e-04
2.309461517e+02,-3.439567809e-04
2.311520844e+02,4.978321958e-04
2.313580475e+02,4.435231967e-04
2.315640259e+02,-5.340381176e-04
2.317700195e+02,-9.413553635e-04
2.319760132e+02,2.534418309e-04
2.321820374e+02,1.692629419e-03
2.323880768e+02,9.051493835e-04
2.325941315e+02,-5.611926317e-04
2.328002014e+02,-9.956643917e-04
2.330062866e+02,-6.155016017e-04
2.332123871e+02,1.828401815e-03
2.334185028e+02,9.051494089e-06
2.336246338e+02,-4.797291767e-04
2.338307800e+02,3.077508009e-04
2.340369415e+02,2.561572706e-03
2.342431335e+02,7.693769876e-04
2.344493256e+02,-2.896478109e-04
2.346555328e+02,9.594583535e-04
2.348617554e+02,3.756369930e-03
2.350680084e+02,1.068076235e-03
2.352742615e+02,6.336045917e-04
2.354805450e+02,3.349052859e-04
2.356868439e+02,2.941735554e-03
2.358931427e+02,1.991328609e-04
2.360994568e+02,-9.142009076e-04
2.363058014e+02,-2.081843559e-04
2.365121460e+02,-2.896478109e-04
2.367185211e+02,1.774092787e-03
2.369248962e+02,4.978321958e-04
2.371313019e+02,-8.055829676e-04
2.373377075e+02,-1.538754004e-04
2.375441437e+02,-2.624933259e-04
2.377505951e+02,1.393930055e-03
2.379570465e+02,7.693769876e-04
2.381635284e+02,1.665474847e-03
2.383700256e+02,1.855556271e-03
2.385765228e+02,8.508404135e-04
2.387830505e+02,4.163687117e-04
2.389895935e+02,-2.624933259e-04
2.391961365e+02,-7.241195417e-04
2.394027100e+02,8.236859576e-04
2.396092987e+02,-4.525747136e-05
2.398159027e+02,-5.883470876e-04
2.400225372e+02,-1.810298818e-05
2.402291718e+02,7.150680176e-04
2.404358063e+02,1.692629419e-03
2.406424713e+02,5.521411076e-04
2.408491516e+02,-1.810298767e-03
2.410558472e+02,2.018483123e-03
2.412625580e+02,4.978321958e-04
2.414692841e+02,9.323038976e-04
2.416760254e+02,-2.353388409e-04
2.418827820e+02,9.594583535e-04
2.420895538e+02,4.706776817e-04
2.422963409e+02,1.801247243e-03
2.425031586e+02,3.077508009e-04
2.427099915e+02,1.719783875e-03
2.429168243e+02,9.594583535e-04
2.431236725e+02,1.909865183e-03
2.433305359e+02,-6.426560576e-04
2.435374146e+02,3.892142267e-04
2.437443085e+02,-9.956643044e-05
2.439512329e+02,-1.267209154e-04
2.441581573e+02,4.978321958e-04
2.443650970e+02,7.965314435e-04
2.445720673e+02,9.866128676e-04
2.447790527e+02,3.756369930e-03
2.449860382e+02,1.040921779e-03
2.451930389e+02,7.965314435e-04
2.454000702e+02,1.258157659e-03
2.456071014e+02,1.393930055e-03
2.458141479e+02,8.779949276e-04
2.460212250e+02,7.150680176e-04
2.462283020e+02,-1.267209154e-04
2.464354248e+02,1.665474847e-03
2.466425323e+02,-1.131436788e-03
2.468496704e+02,1.556856907e-03
2.470568085e+02,1.584011479e-03
2.472639618e+02,4.706776817e-04
2.474711456e+02,-7.784284535e-04
2.476783295e+02,1.013767323e-03
2.478855591e+02,2.344336826e-03
2.480927887e+02,9.051493835e-04
2.483000183e+02,-6.426560576e-04
2.485072784e+02,6.336045917e-04
2.487145386e+02,1.366775599e-03
2.489218292e+02,3.349052859e-04
2.491291199e+02,9.051494089e-06
2.493364563e+02,2.643036190e-03
2.495437927e+02,-1.104282215e-03
2.497511292e+02,-8.870463935e-04
2.499584961e+02,1.611165935e-03
2.501658783e+02,1.937019755e-03
2.503732605e+02,6.336045772e-05
2.505806885e+02,2.099946607e-03
2.507881165e+02,-1.131436788e-03
2.509955597e+02,-6.969650276e-04
2.512030029e+02,1.285312115e-03
2.514104767e+02,2.235719003e-03
2.516179657e+02,8.236859576e-04
2.518254852e+02,1.176694175e-03
2.520329895e+02,6.336045917e-04
2.522405243e+02,1.095230808e-03
2.524480743e+02,1.203848748e-03
2.526556396e+02,1.801247243e-03
2.528632202e+02,1.448239083e-03
2.530708160e+02,9.051494089e-06
2.532784271e+02,1.393930055e-03
2.534860535e+02,-1.810298854e-04
2.536936951e+02,8.508404135e-04
2.539013519e+02,-2.353388409e-04
2.541090393e+02,9.051494271e-05
2.543167267e+02,-1.538754004e-04
2.545244293e+02,-8.055829676e-04
2.547321472e+02,1.611165935e-03
2.549398804e+02,3.349052859e-04
2.551476288e+02,2.670190763e-03
2.553553925e+02,-1.484445063e-03
2.555631714e+02,1.068076235e-03
2.557709656e+02,-4.254202067e-04
2.559787750e+02,2.262873459e-04
2.561866150e+02,4.435231967e-04
2.563944702e+02,2.181410091e-03
2.566022949e+02,-6.155016017e-04
2.568101807e+02,1.692629419e-03
2.570180969e+02,-1.484445063e-03
2.572259827e+02,1.231003203e-03
2.574338989e+02,1.068076235e-03
2.576418457e+02,1.475393539e-03
2.578497925e+02,5.249866517e-04
2.580577698e+02,1.393930055e-03
2.582657166e+02,-1.321518095e-03
2.584737244e+02,-2.624933259e-04
2.586817627e+02,7.422225317e-04
2.588897705e+02,1.203848748e-03
2.590978088e+02,-1.973225735e-03
2.593058472e+02,2.860272070e-03
2.595139465e+02,1.068076235e-03
2.597220459e+02,-2.896478109e-04
2.599301147e+02,1.719783904e-04
2.601382751e+02,2.561572706e-03
2.603463745e+02,3.539134050e-03
2.605545349e+02,4.435231967e-04
2.607627258e+02,7.965314435e-04
2.609708862e+02,3.620597709e-04
2.611790771e+02,7.422225317e-04
2.613872986e+02,-1.267209154e-04
2.615955200e+02,7.150680176e-04
2.618037720e+02,-1.810298854e-04
2.620120239e+02,3.892142267e-04
2.622203064e+02,1.040921779e-03
2.624285889e+02,9.866128676e-04
2.626368713e+02,1.991328783e-03
2.628452148e+02,-1.810298854e-04
2.630535583e+02,7.965314435e-04
2.632618713e+02,6.336045772e-05
2.634702759e+02,3.158971434e-03
2.636786194e+02,1.176694175e-03
2.638870239e+02,6.064500776e-04
2.640954590e+02,6.607590476e-04
2.643038635e+02,-6.426560576e-04
2.645122986e+02,3.349052859e-04
2.647207642e+02,2.208564430e-03
2.649292297e+02,1.122385263e-03
2.651377258e+02,2.534418309e-04
2.653462524e+02,-1.267209154e-04
2.655547485e+02,-1.565908431e-03
2.657632751e+02,4.435231967e-04
2.659718018e+02,-1.077127759e-03
2.661803894e+02,-1.810298854e-04
2.663889771e+02,1.339621143e-03
2.665975647e+02,7.965314435e-04
2.668061829e+02,1.475393539e-03
2.670148010e+02,9.051493835e-04
2.672234192e+02,8.508404135e-04
2.674320984e+02,6.336045772e-05
2.676407776e+02,1.448239083e-03
2.678494568e+02,-6.426560576e-04
2.680581665e+02,-2.217615955e-03
2.682668457e+02,8.779949276e-04
2.684755859e+02,4.978321958e-04
2.686843567e+02,1.339621143e-03
2.688930969e+02,1.176694204e-04
2.691018982e+02,-1.810298854e-04
2.693106995e+02,1.068076235e-03
2.695194702e+02,-6.698105717e-04
2.697283020e+02,1.448239083e-03
2.699371643e+02,-9.956643917e-04
2.701459961e+02,2.344336826e-03
2.703548584e+02,-1.946071163e-03
2.705637512e+02,6.607590476e-04
2.707726440e+02,1.176694175e-03
2.709815674e+02,1.258157659e-03
2.711905212e+02,1.991328783e-03
2.713994446e+02,5.249866517e-04
2.716083984e+02,-5.340381176e-04
2.718173523e+02,1.122385263e-03
2.720263672e+02,1.095230808e-03
2.722353821e+02,7.422225317e-04
2.724443665e+02,1.529702451e-03
2.726534119e+02,-8.055829676e-04
2.728624878e+02,1.258157659e-03
2.730715332e+02,1.991328609e-04
2.732806091e+02,1.774092787e-03
2.734897156e+02,-3.982657217e-04
2.736988220e+02,1.448239083e-03
2.739079590e+02,1.801247243e-03
2.741170959e+02,6.064500776e-04
2.743262329e+02,4.978321958e-04
2.745354309e+02,9.866128676e-04
2.747446289e+02,-7.241195271e-05
2.749537964e+02,-6.969650276e-04
2.751630249e+02,2.425800310e-03
2.753722839e+02,9.323038976e-04
2.755815125e+02,9.051494271e-05
2.757907715e+02,9.323038976e-04
2.760000610e+02,1.258157659e-03
2.762093506e+02,1.991328609e-04
2.764186707e+02,2.344336826e-03
2.766279907e+02,5.792956217e-04
2.768373108e+02,8.508404135e-04
2.770466919e+02,1.719783904e-04
2.772560730e+02,3.213280346e-03
2.774654236e+02,-9.142009076e-04
2.776748352e+02,3.077508009e-04
2.778842468e+02,1.122385263e-03
2.780936584e+02,2.262873459e-04
2.783031311e+02,-3.982657217e-04
2.785126038e+02,6.607590476e-04
2.787220459e+02,1.393930055e-03
2.789315491e+02,2.588727279e-03
2.791410522e+02,-7.512739976e-04
2.793505554e+02,6.336045917e-04
2.795601196e+02,-2.353388409e-04
2.797696838e+02,-9.413553635e-04
2.799792175e+02,2.262873459e-04
2.801888123e+02,-8.055829676e-04
2.803984070e+02,9.051493835e-04
2.806080017e+02,1.665474847e-03
2.808176270e+02,4.706776817e-04
2.810272827e+02,-1.294363639e-03
2.812369385e+02,9.323038976e-04
2.814465942e+02,2.127101179e-03
2.816563110e+02,5.249866517e-04
2.818660278e+02,3.892142267e-04
2.820757141e+02,6.879135617e-04
2.822854614e+02,1.909865183e-03
2.824952087e+02,6.336045917e-04
2.827049561e+02,-2.081843559e-04
2.829147339e+02,6.336045917e-04
2.831245422e+02,1.692629419e-03
2.833343201e+02,1.013767323e-03
2.835441589e+02,1.040921779e-03
2.837539978e+02,3.892142267e-04
2.839638367e+02,-2.353388409e-04
2.841737061e+02,-9.142009076e-04
2.843836060e+02,6.879135617e-04
2.845934753e+02,1.421084511e-03
2.848034058e+02,1.203848748e-03
2.850133362e+02,1.068076235e-03
2.852232666e+02,1.502547995e-03
2.854332275e+02,1.746938331e-03
2.856432190e+02,1.339621143e-03
2.858532104e+02,1.013767323e-03
2.860632019e+02,7.965314435e-04
2.862732239e+02,1.176694204e-04
2.864832458e+02,1.502547995e-03
2.866932983e+02,9.323038976e-04
2.869033508e+02,2.425800310e-03
2.871134338e+02,8.236859576e-04
2.873235168e+02,7.965314435e-04
2.875336304e+02,-2.624933259e-04
2.877437744e+02,1.258157659e-03
2.879538879e+02,5.249866517e-04
2.881640320e+02,-6.698105717e-04
2.883742065e+02,9.051494089e-06
2.885844116e+02,-1.267209154e-04
2.887945862e+02,1.719783904e-04
2.890048218e+02,5.792956217e-04
2.892150574e+02,-2.081843559e-04
2.894252625e+02,9.051493835e-04
2.896355286e+02,2.018483123e-03
2.898458252e+02,1.719783904e-04
2.900560913e+02,1.991328609e-04
2.902663879e+02,-2.624933259e-04
2.904767151e+02,1.665474847e-03
2.906870728e+02,2.941735554e-03
2.908973999e+02,2.262873459e-04
2.911077576e+02,1.366775599e-03
2.913181458e+02,-7.241195271e-05
2.915285034e+02,-1.402981579e-03
2.917389221e+02,-2.624933259e-04
2.919493713e+02,4.706776817e-04
2.921598206e+02,1.719783904e-04
2.923702393e+02,3.620597709e-04
2.925807190e+02,1.258157659e-03
2.927911987e+02,1.882710727e-03
2.930016785e+02,-1.810298818e-05
2.932121887e+02,1.556856907e-03
2.934227295e+02,9.051493835e-04
2.936332703e+02,2.534418309e-04
2.938438110e+02,-8.327374235e-04
2.940544128e+02,-1.810298818e-05
2.942650146e+02,2.262873459e-04
2.944755859e+02,1.719783904e-04
2.946862183e+02,-9.413553635e-04
2.948968506e+02,-1.810298854e-04
2.951074829e+02,3.077508009e-04
2.953181458e+02,7.150680176e-04
2.955288086e+02,6.336045917e-04
2.957395325e+02,-1.267209154e-04
2.959501953e+02,8.508404135e-04
2.961609497e+02,2.643036190e-03
2.963716736e+02,-6.155016017e-04
2.965823975e+02,1.882710727e-03
2.967931824e+02,-6.155016017e-04
2.970039673e+02,-8.055829676e-04
2.972147827e+02,1.285312115e-03
2.974255676e+02,1.176694175e-03
2.976363831e+02,-5.340381176e-04
2.978472290e+02,-1.267209154e-04
2.980580750e+02,3.620597709e-04
2.982689514e+02,5.521411076e-04
2.984798584e+02,3.892142267e-04
2.986907654e+02,4.706776817e-04
2.989016418e+02,-2.353388409e-04
2.991125793e+02,3.620597636e-05
2.993235474e+02,-7.241195417e-04
2.995344849e+02,1.937019755e-03
2.997454529e+02,-1.810298854e-04
2.999564514e+02,-1.212900155e-03
3.001674500e+02,8.779949276e-04
3.003784485e+02,2.208564430e-03
3.005895081e+02,-2.896478109e-04
3.008005676e+02,1.828401815e-03
3.010116272e+02,1.176694175e-03
3.012226868e+02,1.611165935e-03
3.014337769e+02,-6.155016017e-04
3.016448975e+02,1.122385263e-03
3.018559875e+02,1.013767323e-03
3.020671387e+02,1.149539719e-03
3.022782898e+02,-1.511599519e-03
3.024894714e+02,1.991328609e-04
3.027006226e+02,-3.982657217e-04
3.029118347e+02,1.393930055e-03
3.031230469e+02,-1.212900155e-03
3.033342896e+02,1.475393539e-03
3.035455017e+02,3.349052859e-04
3.037567749e+02,1.095230808e-03
3.039680481e+02,7.150680176e-04
3.041793213e+02,8.236859576e-04
3.043906250e+02,9.323038976e-04
3.046019592e+02,1.801247243e-03
3.048132935e+02,2.099946607e-03
3.050245972e+02,-2.896478109e-04
3.052359619e+02,-1.348672551e-03
3.054473572e+02,6.336045917e-04
3.056587524e+02,8.508404135e-04
3.058701172e+02,1.312466571e-03
3.060815430e+02,-4.254202067e-04
3.062929993e+02,9.594583535e-04
3.065044556e+02,-1.538754004e-04
3.067158813e+02,1.774092787e-03
3.069273682e+02,2.778808586e-03
3.071388855e+02,1.719783875e-03
3.073503723e+02,-1.810298818e-05
3.075618896e+02,3.349052859e-04
3.077734375e+02,-1.049973303e-03
3.079849854e+02,6.336045772e-05
3.081965332e+02,6.064500776e-04
3.084081116e+02,2.317182487e-03
3.086197205e+02,6.064500776e-04
3.088313293e+02,1.040921779e-03
3.090429382e+02,1.068076235e-03
3.092545776e+02,-2.353388409e-04
3.094662476e+02,1.013767323e-03
3.096779175e+02,-5.068836617e-04
3.098895874e+02,3.620597709e-04
3.101012878e+02,1.719783875e-03
3.103130188e+02,1.013767323e-03
3.105247498e+02,-6.426560576e-04
3.107364807e+02,-5.340381176e-04
3.109482422e+02,-6.426560576e-04
3.111600037e+02,6.879135617e-04
3.113717957e+02,3.620597709e-04
3.115835876e+02,-3.982657217e-04
3.117954102e+02,2.561572706e-03
3.120072327e+02,5.249866517e-04
3.122190552e+02,2.941735554e-03
3.124309387e+02,8.508404135e-04
3.126428223e+02,-4.525747136e-05
3.128547058e+02,1.475393539e-03
3.130665894e+02,1.882710727e-03
3.132785339e+02,-4.525746917e-04
3.134904480e+02,-3.711112658e-04
3.137024231e+02,6.336045772e-05
3.139143677e+02,-1.484445063e-03
3.141263428e+02,1.095230808e-03
3.143383484e+02,8.508404135e-04
3.145503540e+02,-4.525746917e-04
3.147623596e+02,1.937019755e-03
3.149743958e+02,1.149539719e-03
3.151864624e+02,-4.797291767e-04
3.153985291e+02,-9.956643044e-05
3.156105957e+02,-3.711112658e-04
3.158226929e+02,-3.439567809e-04
3.160347900e+02,1.013767323e-03
3.162469177e+02,3.077508009e-04
3.164590454e+02,6.879135617e-04
3.166712036e+02,-9.413553635e-04
3.168833923e+02,2.317182487e-03
3.170955811e+02,1.285312115e-03
3.173077393e+02,1.448239083e-03
3.175199585e+02,2.941735554e-03
3.177322083e+02,1.448239054e-04
3.179444580e+02,1.176694204e-04
3.181567078e+02,9.051494089e-06
3.183689575e+02,3.620597709e-04
3.185812378e+02,4.706776817e-04
3.187935486e+02,-1.158591243e-03
3.190058899e+02,1.448239054e-04
3.192181702e+02,9.594583535e-04
3.194305420e+02,2.452954883e-03
3.196428833e+02,-6.969650276e-04
3.198552856e+02,2.534418367e-03
3.200676270e+02,1.991328609e-04
3.202800598e+02,6.064500776e-04
3.204924622e+02,-4.525747136e-05
3.207048950e+02,1.068076235e-03
3.209173279e+02,7.693769876e-04
3.211297913e+02,2.996044466e-03
3.213422852e+02,4.978321958e-04
3.215547791e+02,1.421084511e-03
3.217672424e+02,-3.982657217e-04
3.219797974e+02,3.620597709e-04
3.221923218e+02,1.013767323e-03
3.224048767e+02,1.122385263e-03
3.226174011e+02,1.991328609e-04
3.228299866e+02,1.448239054e-04
3.230426025e+02,2.018483123e-03
3.232552185e+02,-1.810298854e-04
3.234678345e+02,-5.068836617e-04
3.236804504e+02,9.323038976e-04
3.238930969e+02,5.521411076e-04
3.241057739e+02,1.339621143e-03
3.243184509e+02,6.064500776e-04
3.245311279e+02,1.285312115e-03
3.247438354e+02,9.051494271e-05
3.249565735e+02,9.051494089e-06
3.251693115e+02,4.163687117e-04
3.253820496e+02,2.099946607e-03
3.255948181e+02,7.965314435e-04
3.258076172e+02,1.475393539e-03
3.260204163e+02,6.336045917e-04
3.262332153e+02,-2.896478109e-04
3.264460144e+02,7.150680176e-04
3.266588745e+02,9.051494271e-05
3.268717346e+02,7.422225317e-04
3.270845947e+02,4.706776817e-04
3.272974548e+02,3.620597636e-05
3.275103760e+02,1.258157659e-03
3.277232666e+02,-1.728835399e-03
3.279362183e+02,3.023199039e-03
3.281491394e+02,1.393930055e-03
3.283620911e+02,4.978321958e-04
3.285750732e+02,7.965314435e-04
3.287880554e+02,9.051494089e-06
3.290010681e+02,6.879135617e-04
3.292140503e+02,6.879135617e-04
3.294270935e+02,-7.241195417e-04
3.296401367e+02,1.149539719e-03
3.298531799e+02,1.828401815e-03
3.300662231e+02,2.018483123e-03
3.302793274e+02,-9.685098776e-04
3.304924316e+02,9.051494271e-05
3.307055664e+02,9.323038976e-04
3.309187012e+02,-3.711112658e-04
3.311318054e+02,3.620597709e-04
3.313449707e+02,1.584011479e-03
3.315581360e+02,3.620597636e-05
3.317713318e+02,-3.711112658e-04
3.319845276e+02,6.336045917e-04
3.321977539e+02,7.422225317e-04
3.324109802e+02,9.051493835e-04
3.326242371e+02,3.403361654e-03
3.328374939e+02,7.693769876e-04
3.330507507e+02,3.077508009e-04
3.332640381e+02,1.393930055e-03
3.334773254e+02,1.692629419e-03
3.336906738e+02,-2.081843559e-04
3.339039612e+02,1.013767323e-03
3.341173096e+02,1.285312115e-03
3.343306885e+02,1.746938331e-03
3.345440674e+02,-6.969650276e-04
3.347574463e+02,6.879135617e-04
3.349708252e+02,9.594583535e-04
3.351842651e+02,2.371491399e-03
3.353977051e+02,-7.241195271e-05
3.356111450e+02,2.452954883e-03
3.358245850e+02,1.339621143e-03
3.360380554e+02,2.643036190e-03
3.362515564e+02,-9.956643044e-05
3.364650574e+02,1.882710727e-03
3.366785889e+02,-7.241195271e-05
3.368920898e+02,1.448239054e-04
3.371056519e+02,6.336045772e-05
3.373192139e+02,1.421084511e-03
3.375328064e+02,1.719783904e-04
3.377463989e+02,2.072792035e-03
3.379599915e+02,9.866128676e-04
3.381736145e+02,-1.022818848e-03
3.383872375e+02,1.964174211e-03
3.386008911e+02,1.801247243e-03
3.388145447e+02,-3.439567809e-04
3.390282288e+02,9.323038976e-04
3.392419128e+02,-3.439567809e-04
3.394556274e+02,1.991328783e-03
3.396693420e+02,1.964174211e-03
3.398830566e+02,6.336045917e-04
3.400968018e+02,1.421084511e-03
3.403105774e+02,1.828401815e-03
3.405243530e+02,-1.158591243e-03
3.407381592e+02,8.779949276e-04
3.409519348e+02,2.805963159e-04
3.411657715e+02,2.371491399e-03
3.413796082e+02,1.529702451e-03
3.415934448e+02,3.349052742e-03
3.418073425e+02,5.249866517e-04
3.420211792e+02,2.262873575e-03
3.422350769e+02,-7.241195417e-04
3.424489746e+02,1.665474847e-03
3.426629028e+02,6.336045772e-05
3.428768616e+02,5.249866517e-04
3.430907898e+02,1.828401815e-03
3.433047485e+02,-1.049973303e-03
3.435187378e+02,6.336045772e-05
3.437327271e+02,1.203848748e-03
3.439467163e+02,1.149539719e-03
3.441607361e+02,4.978321958e-04
3.443747864e+02,9.051494271e-05
3.445888367e+02,1.882710727e-03
3.448028870e+02,1.638320391e-03
3.450169373e+02,2.317182487e-03
3.452310486e+02,-7.512739976e-04
3.454451599e+02,1.475393539e-03
3.456592712e+02,9.594583535e-04
3.458734131e+02,7.422225317e-04
3.460875549e+02,-5.611926317e-04
3.463017273e+02,3.186125774e-03
3.465158997e+02,1.339621143e-03
3.467301025e+02,5.521411076e-04
3.469443054e+02,1.203848748e-03
3.471585083e+02,-1.158591243e-03
3.473727417e+02,4.706776817e-04
3.475870056e+02,-1.538754004e-04
3.478012695e+02,-1.810298854e-04
3.480155334e+02,2.398645971e-03
3.482298279e+02,2.805963159e-04
3.484441223e+02,2.290027915e-03
3.486584473e+02,7.693769876e-04
3.488728027e+02,1.366775599e-03
3.490871582e+02,2.072792035e-03
3.493014832e+02,7.422225317e-04
3.495158691e+02,-1.212900155e-03
3.497302551e+02,4.978321958e-04
3.499446716e+02,1.719783875e-03
3.501590881e+02,1.339621143e-03
3.503735352e+02,-2.081843559e-04
3.505879517e+02,6.607590476e-04
3.508024292e+02,1.258157659e-03
3.510169067e+02,2.534418309e-04
3.512314148e+02,-7.241195271e-05
3.514459229e+02,2.534418367e-03
3.516604004e+02,2.181410091e-03
3.518749390e+02,1.774092787e-03
3.520895081e+02,1.937019755e-03
3.523040771e+02,-6.155016017e-04
3.525186462e+02,3.077508009e-04
3.527332153e+02,9.051494271e-05
3.529478149e+02,1.122385263e-03
3.531624451e+02,3.077508009e-04
3.533770752e+02,9.323038976e-04
3.535917358e+02,1.937019755e-03
3.538063660e+02,6.336045772e-05
3.540210571e+02,3.077508009e-04
3.542357483e+02,4.435231967e-04
3.544504700e+02,6.336045772e-05
3.546651917e+02,3.892142267e-04
3.548798828e+02,1.475393539e-03
3.550946350e+02,-1.267209154e-04
3.553093872e+02,1.991328783e-03
3.555241699e+02,-9.413553635e-04
3.557389832e+02,2.643036190e-03
3.559537964e+02,4.163687117e-04
3.561685791e+02,6.064500776e-04
3.563834229e+02,4.435231967e-04
3.565982666e+02,-1.810298854e-04
3.568131104e+02,1.556856907e-03
3.570280151e+02,1.855556271e-03
3.572428589e+02,6.607590476e-04
3.574577637e+02,3.077508009e-04
3.576726990e+02,5.521411076e-04
3.578876343e+02,2.534418309e-04
3.581025696e+02,2.805963159e-04
3.583175049e+02,2.181410091e-03
3.585325012e+02,7.965314435e-04
3.587474670e+02,2.968890127e-03
3.589624939e+02,9.323038976e-04
3.591775208e+02,1.122385263e-03
3.593925476e+02,7.965314435e-04
3.596075439e+02,-7.241195271e-05
3.598226318e+02,1.611165935e-03
3.600376892e+02,1.366775599e-03
3.602527771e+02,2.235719003e-03
3.604678955e+02,1.937019755e-03
3.606829834e+02,1.285312115e-03
3.608981018e+02,1.855556271e-03
3.611132507e+02,1.176694175e-03
3.613284302e+02,1.882710727e-03
3.615436096e+02,-2.624933259e-04
3.617587891e+02,7.965314435e-04
3.619739685e+02,6.879135617e-04
3.621891785e+02,1.122385263e-03
3.624044189e+02,9.051494271e-05
3.626196594e+02,2.262873459e-04
3.628348999e+02,2.262873459e-04
3.630501404e+02,5.792956217e-04
3.632654419e+02,7.693769876e-04
3.634807434e+02,1.040921779e-03
3.636960449e+02,-1.538754004e-04
3.639113770e+02,3.131816862e-03
3.641267395e+02,4.163687117e-04
3.643420715e+02,1.312466571e-03
3.645574341e+02,1.366775599e-03
3.647728271e+02,2.534418309e-04
3.649882202e+02,8.508404135e-04
3.652036438e+02,5.086939782e-03
3.654190674e+02,-4.797291767e-04
3.656344604e+02,8.236859576e-04
3.658499146e+02,-5.611926317e-04
3.660653992e+02,1.285312115e-03
3.662808838e+02,1.774092787e-03
3.664963684e+02,1.584011479e-03
3.667118530e+02,6.336045917e-04
3.669273987e+02,5.792956217e-04
3.671429138e+02,3.892142267e-04
3.673584900e+02,9.594583535e-04
3.675740356e+02,4.978321958e-04
3.677896423e+02,1.068076235e-03
3.680051880e+02,4.978321958e-04
3.682207947e+02,3.349052859e-04
3.684364319e+02,6.607590476e-04
3.686520691e+02,8.508404135e-04
3.688677063e+02,1.258157659e-03
3.690833740e+02,1.203848748e-03
3.692990417e+02,1.122385263e-03
3.695147400e+02,2.588727279e-03
3.697304382e+02,-2.896478109e-04
3.699461670e+02,1.584011479e-03
3.701618958e+02,1.203848748e-03
3.703776550e+02,2.425800310e-03
3.705933838e+02,-3.168022959e-04
3.708091431e+02,1.502547995e-03
3.710249634e+02,-1.810298818e-05
3.712407532e+02,2.045637695e-03
3.714565735e+02,7.150680176e-04
3.716723938e+02,2.996044466e-03
3.718882141e+02,6.336045917e-04
3.721040955e+02,1.231003203e-03
3.723199768e+02,1.964174211e-03
3.725358582e+02,6.879135617e-04
3.727517700e+02,1.122385263e-03
3.729676819e+02,6.336045917e-04
3.731835632e+02,5.521411076e-04
3.733995056e+02,2.045637695e-03
3.736154785e+02,1.231003203e-03
3.738314514e+02,2.045637695e-03
3.740474548e+02,2.697345102e-03
3.742634277e+02,2.507263795e-03
3.744794312e+02,2.290027915e-03
3.746954651e+02,2.398645971e-03
3.749114990e+02,1.882710727e-03
3.751275635e+02,2.371491399e-03
3.753436279e+02,9.594583535e-04
3.755597229e+02,1.855556271e-03
3.757757874e+02,5.521411076e-04
3.759918823e+02,2.262873459e-04
3.762080078e+02,-9.142009076e-04
3.764241638e+02,2.154255519e-03
3.766403198e+02,-6.155016017e-04
3.768564758e+02,-4.525747136e-05
3.770726318e+02,-1.538754004e-04
3.772888184e+02,3.702061018e-03
3.775050354e+02,-1.375827123e-03
3.777212524e+02,1.937019755e-03
3.779375000e+02,-3.439567809e-04
3.781537476e+02,2.235719003e-03
3.783699951e+02,1.828401815e-03
3.785862732e+02,2.262873575e-03
3.788025513e+02,1.584011479e-03
3.790188599e+02,1.122385263e-03
3.792351990e+02,2.996044466e-03
3.794515076e+02,1.692629419e-03
3.796678467e+02,1.393930055e-03
3.798841858e+02,6.607590476e-04
3.801005859e+02,-1.049973303e-03
3.803169556e+02,3.077507950e-03
3.805333862e+02,1.068076235e-03
3.807497864e+02,2.643036190e-03
3.809662170e+02,2.072792035e-03
3.811826477e+02,1.231003203e-03
3.813991089e+02,1.719783875e-03
3.816155701e+02,8.779949276e-04
3.818320618e+02,-1.810298854e-04
3.820485535e+02,1.909865183e-03
3.822650757e+02,-2.353388409e-04
3.824815674e+02,1.258157659e-03
3.826981201e+02,3.077508009e-04
3.829146729e+02,2.235719003e-03
3.831312256e+02,-4.525747136e-05
3.833478088e+02,1.393930055e-03
3.835644226e+02,-1.810298854e-04
3.837810364e+02,1.231003203e-03
3.839976196e+02,2.262873459e-04
3.842142639e+02,8.508404135e-04
3.844309082e+02,1.122385263e-03
3.846475830e+02,2.425800310e-03
3.848642578e+02,6.064500776e-04
3.850809631e+02,1.502547995e-03
3.852976379e+02,3.023199039e-03
3.855143433e+02,3.919296898e-03
3.857310791e+02,-1.049973303e-03
3.859478455e+02,-1.810298854e-04
3.861646118e+02,1.665474847e-03
3.863813782e+02,2.615881851e-03
3.865981750e+02,-1.674526371e-03
3.868149414e+02,1.393930055e-03
3.870317688e+02,1.393930055e-03
3.872485962e+02,1.339621143e-03
3.874654541e+02,4.706776817e-04
3.876823120e+02,1.231003203e-03
3.878991699e+02,6.336045917e-04
3.881160278e+02,2.643036190e-03
3.883329468e+02,2.534418367e-03
3.885498657e+02,1.203848748e-03
3.887667847e+02,1.176694175e-03
3.889837341e+02,1.258157659e-03
3.892006836e+02,4.978321958e-04
3.894176331e+02,1.258157659e-03
3.896346130e+02,7.693769876e-04
3.898515930e+02,1.774092787e-03
3.900686035e+02,7.422225317e-04
3.902856445e+02,1.665474847e-03
3.905026855e+02,-1.891762251e-03
3.907197266e+02,1.339621143e-03
3.909367981e+02,2.507263795e-03
3.911538391e+02,1.638320391e-03
3.913709412e+02,2.860272070e-03
3.915880432e+02,2.452954883e-03
3.918051453e+02,1.448239083e-03
3.920223083e+02,1.203848748e-03
3.922394409e+02,1.448239054e-04
3.924566040e+02,1.909865183e-03
3.926737366e+02,-7.512739976e-04
3.928909302e+02,2.154255519e-03
3.931081543e+02,-1.810298818e-05
3.933253479e+02,2.887426643e-03
3.935426025e+02,1.149539719e-03
3.937598267e+02,3.294743830e-03
3.939770508e+02,3.620597636e-05
3.941943359e+02,1.584011479e-03
3.944116211e+02,-1.810298854e-04
3.946289062e+02,1.991328783e-03
3.948462219e+02,1.122385263e-03
3.950635681e+02,9.051494271e-05
3.952808838e+02,5.792956217e-04
3.954982300e+02,-7.241195417e-04
3.957155762e+02,6.336045772e-05
3.959329529e+02,4.706776817e-04
3.961503601e+02,1.366775599e-03
3.963677673e+02,3.511979710e-03
3.965852051e+02,1.991328609e-04
3.968026123e+02,1.991328609e-04
3.970200806e+02,2.371491399e-03
3.972375183e+02,1.231003203e-03
3.974549866e+02,1.991328783e-03
3.976724854e+02,3.077507950e-03
3.978899841e+02,1.801247243e-03
3.981074829e+02,3.158971434e-03
3.983250122e+02,1.665474847e-03
3.985425720e+02,1.584011479e-03
3.987601013e+02,-1.810298854e-04
3.989776611e+02,2.534418367e-03
3.991952515e+02,-2.081843559e-04
3.994128418e+02,7.150680176e-04
3.996304626e+02,1.231003203e-03
3.998480835e+02,1.502547995e-03
4.000657349e+02,6.879135617e-04
4.002833557e+02,1.909865183e-03
4.005010376e+02,1.040921779e-03
4.007187195e+02,1.719783875e-03
4.009364014e+02,1.312466571e-03
4.011541138e+02,-1.267209154e-04
4.013718262e+02,3.077508009e-04
4.015895691e+02,-1.049973303e-03
4.018072815e+02,9.051494089e-06
4.020250549e+02,1.556856907e-03
4.022428284e+02,2.534418309e-04
4.024606018e+02,7.693769876e-04
4.026784058e+02,4.326614086e-03
4.028962402e+02,1.312466571e-03
4.031140747e+02,1.692629419e-03
4.033319092e+02,1.040921779e-03
4.035497437e+02,3.077507950e-03
4.037676086e+02,7.150680176e-04
4.039855042e+02,1.393930055e-03
4.042033997e+02,2.317182487e-03
4.044212952e+02,7.422225317e-04
4.046392212e+02,2.805963159e-04
4.048571777e+02,-1.810298854e-04
4.050751038e+02,1.475393539e-03
4.052930603e+02,1.285312115e-03
4.055110474e+02,9.594583535e-04
4.057290344e+02,3.511979710e-03
4.059470520e+02,1.013767323e-03
4.061650696e+02,2.208564430e-03
4.063830872e+02,3.539134050e-03
4.066011353e+02,3.647752106e-03
4.068191833e+02,1.665474847e-03
4.070372314e+02,1.964174211e-03
4.072553406e+02,7.965314435e-04
4.074734192e+02,1.040921779e-03
4.076915588e+02,7.693769876e-04
4.079096680e+02,3.674906446e-03
4.081278076e+02,1.556856907e-03
4.083459473e+02,1.638320391e-03
4.085641174e+02,2.181410091e-03
4.087822876e+02,1.122385263e-03
4.090004883e+02,7.693769876e-04
4.092186890e+02,1.556856907e-03
4.094369202e+02,7.965314435e-04
4.096551514e+02,3.919296898e-03
4.098734131e+02,1.719783904e-04
4.100916443e+02,5.847265013e-03
4.103099365e+02,3.702061018e-03
4.105282288e+02,4.380923230e-03
4.107465210e+02,4.489541054e-03
4.109648438e+02,2.805963159e-03
4.111831665e+02,2.561572706e-03
4.114015198e+02,1.882710727e-03
4.116198730e+02,3.186125774e-03
4.118382263e+02,3.756369930e-03
4.120566101e+02,2.670190763e-03
4.122749939e+02,4.543849733e-03
4.124934082e+02,2.398645971e-03
4.127118225e+02,3.511979710e-03
4.129302673e+02,4.109378438e-03
4.131487122e+02,3.729215590e-03
4.133671875e+02,4.136532545e-03
4.135856323e+02,3.186125774e-03
4.138041382e+02,3.539134050e-03
4.140226440e+02,4.761085846e-03
4.142411499e+02,4.000760149e-03
4.144596863e+02,2.099946607e-03
4.146782532e+02,5.494256970e-03
4.148967896e+02,4.869703669e-03
4.151153870e+02,4.543849733e-03
4.153339233e+02,4.326614086e-03
4.155525208e+02,6.933444180e-03
4.157711487e+02,6.851980928e-03
4.159897766e+02,3.213280346e-03
4.162084045e+02,6.553281564e-03
4.164270630e+02,5.195557605e-03
4.166457214e+02,6.960598752e-03
4.168644104e+02,4.598158877e-03
4.170830688e+02,8.182550780e-03
4.173017883e+02,6.118809804e-03
4.175205078e+02,9.377347305e-03
4.177392273e+02,6.145964377e-03
4.179579773e+02,7.395070512e-03
4.181767578e+02,9.051494300e-03
4.183955383e+02,7.883851416e-03
4.186143188e+02,7.802387699e-03
4.188331299e+02,1.106092520e-02
4.190519104e+02,8.888566867e-03
4.192707214e+02,1.032775454e-02
4.194895630e+02,9.431656450e-03
4.197084351e+02,1.116954349e-02
4.199273071e+02,1.051783562e-02
4.201461792e+02,1.328759268e-02
4.203650818e+02,1.298889425e-02
4.205839844e+02,1.377637405e-02
4.208028870e+02,1.442808099e-02
4.210218201e+02,1.448239014e-02
4.212407532e+02,1.412938163e-02
4.214597168e+02,1.467247214e-02
4.216786804e+02,1.404791884e-02
4.218976746e+02,1.605734974e-02
4.221166992e+02,1.548710652e-02
4.223356934e+02,1.646466739e-02
4.225547180e+02,1.692629419e-02
4.227737427e+02,1.893572509e-02
4.229927979e+02,1.787670143e-02
4.232118530e+02,1.947881468e-02
4.234309387e+02,2.004905976e-02
4.236500549e+02,2.238434367e-02
4.238691406e+02,1.983182319e-02
4.240882874e+02,2.371491492e-02
4.243074036e+02,2.447523922e-02
4.245265198e+02,2.447523922e-02
4.247456970e+02,2.306320705e-02
4.249648743e+02,2.672906220e-02
4.251840515e+02,2.754369564e-02
4.254032593e+02,2.713637799e-02
4.256224670e+02,3.232288361e-02
4.258417053e+02,3.262158483e-02
4.260609436e+02,3.093800694e-02
4.262802124e+02,3.300174698e-02
4.264994507e+02,3.370776400e-02
4.267187195e+02,3.273020312e-02
4.269380188e+02,3.688483685e-02
4.271573181e+02,4.038776457e-02
4.273766479e+02,4.000760242e-02
4.275959778e+02,4.237004369e-02
4.278153381e+02,4.237004369e-02
4.280346985e+02,4.272305220e-02
4.282540588e+02,4.698630422e-02
4.284734192e+02,4.875134677e-02
4.286928406e+02,4.921297356e-02
4.289122314e+02,5.116809532e-02
4.291316833e+02,5.304175615e-02
4.293511047e+02,5.477964133e-02
4.295705566e+02,5.456240475e-02
4.297900391e+02,6.151395291e-02
4.300095215e+02,6.078078225e-02
4.302290039e+02,6.208419800e-02
4.304484863e+02,6.925298274e-02
4.306679993e+02,6.458240747e-02
4.308875427e+02,7.107233256e-02
4.311070862e+02,7.058355212e-02
4.313266602e+02,7.788810879e-02
4.315462341e+02,7.712777704e-02
4.317658081e+02,8.179835230e-02
4.319854126e+02,8.323753625e-02
4.322050171e+02,8.589867502e-02
4.324246521e+02,8.959168941e-02
4.326442566e+02,9.255152196e-02
4.328639221e+02,9.564713389e-02
4.330835876e+02,1.018926650e-01
4.333032532e+02,1.019198224e-01
4.335229492e+02,1.085183620e-01
4.337426758e+02,1.097403094e-01
4.339623718e+02,1.165560856e-01
4.341821289e+02,1.198417768e-01
4.344018555e+02,1.236434057e-01
4.346215820e+02,1.275536567e-01
4.348413696e+02,1.331746280e-01
4.350611572e+02,1.402619481e-01
4.352809448e+02,1.404248774e-01
4.355007629e+02,1.456385404e-01
4.357205811e+02,1.531874835e-01
4.359404297e+02,1.556313932e-01
4.361602783e+02,1.622842401e-01
4.363801575e+02,1.655970812e-01
4.366000366e+02,1.676065177e-01
4.368198853e+02,1.773278117e-01
4.370397949e+02,1.814281493e-01
4.372597046e+02,1.897374094e-01
4.374796448e+02,1.952226162e-01
4.376995850e+02,2.001647353e-01
4.379195251e+02,2.093972564e-01
4.381394958e+02,2.122213244e-01
4.383594971e+02,2.207749933e-01
4.385794983e+02,2.250110954e-01
4.387994995e+02,2.340263724e-01
4.390195007e+02,2.414395511e-01
4.392395325e+02,2.492871881e-01
4.394595642e+02,2.562387288e-01
4.396796265e+02,2.673177719e-01
4.398997192e+02,2.735361457e-01
4.401198120e+02,2.788312733e-01
4.403399048e+02,2.892314494e-01
4.405600281e+02,2.946351767e-01
4.407801514e+02,3.091628253e-01
4.410002747e+02,3.225499988e-01
4.412203979e+02,3.274377882e-01
4.414405823e+02,3.323527575e-01
4.416607666e+02,3.506820202e-01
4.418809509e+02,3.504376411e-01
4.421011658e+02,3.718625307e-01
4.423213806e+02,3.792213798e-01
4.425416260e+02,3.897030354e-01
4.427618713e+02,4.002932608e-01
4.429821167e+02,4.069189727e-01
4.432023926e+02,4.156355560e-01
4.434226379e+02,4.280994534e-01
4.436429443e+02,4.474334419e-01
4.438632507e+02,4.588926435e-01
4.440835876e+02,4.661700428e-01
4.443039246e+02,4.758913517e-01
4.445242615e+02,4.836846888e-01
4.447446289e+02,4.998959005e-01
4.449649963e+02,5.136360526e-01
4.451853943e+02,5.238461494e-01
4.454057922e+02,5.317752957e-01
4.456261902e+02,5.393242240e-01
4.458466187e+02,5.517881513e-01
4.460670471e+02,5.599073172e-01
4.462875061e+02,5.773404837e-01
4.465079956e+02,5.847265124e-01
4.467284546e+02,5.958598256e-01
4.469489746e+02,6.052553058e-01
4.471694641e+02,6.110392213e-01
4.473899841e+02,6.177463531e-01
4.476105347e+02,6.240190268e-01
4.478310547e+02,6.387639046e-01
4.480516052e+02,6.466658711e-01
4.482721863e+02,6.458240747e-01
4.484927673e+02,6.571746469e-01
4.487133484e+02,6.648322344e-01
4.489339600e+02,6.634202003e-01
4.491546021e+02,6.722997427e-01
4.493752441e+02,6.777849197e-01
4.495958862e+02,6.750966311e-01
4.498165588e+02,6.820210218e-01
4.500372314e+02,6.797943711e-01
4.502578735e+02,6.758026481e-01
4.504785767e+02,6.791426539e-01
4.506993103e+02,6.794685125e-01
4.509200439e+02,6.845735312e-01
4.511407776e+02,6.825912595e-01
4.513615417e+02,6.688510776e-01
4.515823059e+02,6.727613211e-01
4.518030701e+02,6.696928740e-01
4.520238647e+02,6.643705964e-01
4.522446899e+02,6.639089584e-01
4.524655151e+02,6.582337022e-01
4.526863098e+02,6.516622901e-01
4.529071655e+02,6.450909376e-01
4.531280212e+02,6.440318823e-01
4.533488770e+02,6.318123937e-01
4.535697632e+02,6.258926988e-01
4.537906799e+02,6.154925227e-01
4.540115967e+02,6.025670171e-01
4.542325134e+02,6.012092829e-01
4.544534302e+02,5.945564508e-01
4.546744080e+02,5.870889425e-01
4.548953552e+02,5.774219632e-01
4.551163330e+02,5.702803135e-01
4.553372803e+02,5.592013001e-01
4.555582886e+02,5.482851863e-01
4.557792969e+02,5.448637009e-01
4.560003357e+02,5.311778784e-01
4.562213745e+02,5.230043530e-01
4.564424438e+02,5.178993344e-01
4.566635132e+02,5.010907054e-01
4.568845825e+02,4.929715097e-01
4.571056824e+02,4.888168871e-01
4.573267822e+02,4.757012725e-01
4.575478821e+02,4.673105180e-01
4.577689819e+02,4.641334414e-01
4.579901428e+02,4.552267790e-01
4.582113037e+02,4.509092271e-01
4.584324646e+02,4.443921447e-01
4.586536560e+02,4.290498793e-01
4.588748474e+02,4.224784672e-01
4.590960693e+02,4.148752391e-01
4.593172913e+02,4.015152156e-01
4.595385132e+02,4.021669328e-01
4.597597656e+02,3.923641741e-01
4.599810181e+02,3.922826946e-01
4.602023010e+02,3.819096982e-01
4.604235535e+02,3.806605637e-01
4.606448669e+02,3.719168305e-01
4.608661499e+02,3.698259294e-01
4.610874939e+02,3.592085242e-01
4.613088379e+02,3.612451255e-01
4.615301819e+02,3.550267518e-01
4.617515564e+02,3.489169776e-01
4.619729309e+02,3.477222025e-01
4.621943054e+02,3.400103152e-01
4.624157104e+02,3.369961679e-01
4.626371155e+02,3.302347064e-01
4.628585510e+02,3.323256075e-01
4.630799561e+02,3.233917654e-01
4.633014221e+02,3.257813752e-01
4.635228882e+02,3.209750354e-01
4.637443542e+02,3.166031539e-01
4.639658508e+02,3.122041225e-01
4.641873779e+02,3.088098168e-01
4.644088745e+02,3.028630018e-01
4.646304016e+02,2.961286902e-01
4.648519592e+02,2.905891538e-01
4.650735168e+02,2.905348539e-01
4.652950745e+02,2.814109325e-01
4.655166626e+02,2.812480330e-01
4.657382507e+02,2.779351771e-01
4.659598389e+02,2.695444524e-01
4.661814575e+02,2.706034780e-01
4.664031067e+02,2.571891546e-01
4.666247559e+02,2.543107867e-01
4.668464050e+02,2.587097883e-01
4.670680847e+02,2.516496480e-01
4.672897644e+02,2.445080131e-01
4.675114746e+02,2.467618287e-01
4.677331848e+02,2.380995452e-01
4.679548950e+02,2.300346643e-01
4.681766357e+02,2.312566191e-01
4.683983765e+02,2.251468599e-01
4.686201477e+02,2.201232761e-01
4.688418884e+02,2.162944973e-01
4.690636902e+02,2.129001915e-01
4.692854614e+02,2.081210017e-01
4.695072937e+02,1.996759623e-01
4.697291260e+02,2.017396986e-01
4.699509583e+02,1.972320527e-01
4.701728210e+02,1.945980638e-01
4.703946838e+02,1.844422966e-01
4.706165466e+02,1.857728660e-01
4.708384399e+02,1.800161153e-01
4.710603333e+02,1.780881435e-01
4.712822571e+02,1.728201807e-01
4.715041809e+02,1.678508967e-01
4.717261047e+02,1.633161008e-01
4.719480591e+02,1.615239084e-01
4.721700134e+02,1.617954522e-01
4.723919983e+02,1.530517042e-01
4.726139832e+02,1.524000019e-01
4.728359985e+02,1.488970816e-01
4.730580139e+02,1.432217956e-01
4.732800293e+02,1.403977275e-01
4.735020752e+02,1.340978891e-01
4.737241516e+02,1.408050358e-01
4.739461975e+02,1.296173930e-01
4.741683044e+02,1.314910501e-01
4.743903809e+02,1.271191835e-01
4.746124573e+02,1.188913733e-01
4.748345947e+02,1.219598278e-01
4.750567017e+02,1.214710474e-01
4.752788696e+02,1.182668209e-01
4.755010071e+02,1.149539724e-01
4.757231750e+02,1.105549484e-01
4.759453735e+02,1.129988506e-01
4.761675720e+02,1.111795008e-01
4.763897705e+02,1.121842191e-01
4.766119995e+02,1.077580377e-01
4.768342285e+02,1.043365672e-01
4.770564880e+02,1.052055135e-01
4.772787476e+02,1.009422615e-01
4.775010071e+02,9.727640450e-02
4.777232666e+02,9.627168626e-02
4.779455566e+02,9.667900950e-02
4.781678772e+02,9.458810836e-02
4.783901978e+02,9.056925029e-02
4.786125183e+02,8.956453204e-02
4.788348694e+02,8.717493713e-02
4.790572510e+02,8.986323327e-02
4.792796021e+02,8.554566652e-02
4.795020142e+02,8.315607160e-02
4.797243958e+02,8.128241450e-02
4.799468079e+02,8.380778134e-02
4.801692505e+02,8.405217528e-02
4.803916626e+02,7.970745862e-02
4.806141357e+02,7.905574888e-02
4.808365784e+02,7.579720765e-02
4.810590210e+02,7.685623318e-02
4.812815247e+02,7.601444423e-02
4.815040283e+02,7.262013853e-02
4.817265320e+02,7.351623476e-02
4.819490662e+02,7.131671906e-02
4.821716003e+02,7.270159572e-02
4.823941650e+02,6.968744844e-02
4.826166992e+02,6.759655476e-02
4.828392944e+02,6.784094870e-02
4.830618896e+02,6.651037931e-02
4.832844849e+02,6.564143300e-02
4.835071106e+02,6.615737081e-02
4.837297363e+02,5.974891037e-02
4.839523621e+02,6.553281844e-02
4.841750183e+02,6.493541598e-02
4.843976440e+02,6.181265041e-02
4.846203308e+02,6.175834313e-02
4.848430176e+02,6.118809804e-02
4.850657043e+02,5.947736651e-02
4.852884216e+02,6.121525541e-02
4.855111694e+02,5.635460094e-02
4.857339172e+02,5.665330216e-02
4.859566650e+02,5.296029150e-02
4.861794128e+02,5.412793532e-02
4.864021912e+02,5.344907194e-02
4.866250000e+02,5.268874764e-02
4.868478088e+02,4.975606129e-02
4.870706177e+02,5.206419155e-02
4.872934265e+02,5.157541111e-02
4.875162659e+02,5.228142813e-02
4.877391357e+02,4.962028936e-02
4.879619751e+02,4.671476036e-02
4.881848450e+02,4.394500330e-02
4.884077454e+02,4.470532760e-02
4.886306458e+02,4.304890707e-02
4.888535461e+02,4.446093738e-02
4.890764771e+02,4.299459606e-02
4.892994385e+02,4.619882628e-02
4.895223999e+02,4.332045093e-02
4.897453613e+02,3.911150619e-02
4.899683228e+02,4.299459606e-02
4.901913147e+02,4.084939137e-02
4.904143372e+02,4.065931216e-02
4.906373596e+02,4.019768536e-02
4.908603821e+02,3.938305005e-02
4.910834045e+02,3.731931001e-02
4.913064880e+02,4.014337435e-02
4.915295105e+02,3.799817339e-02
4.917525940e+02,3.609735891e-02
4.919756775e+02,3.759085387e-02
4.921987915e+02,3.539134189e-02
4.924219055e+02,3.832402453e-02
4.926450500e+02,3.666760027e-02
4.928681641e+02,3.596158698e-02
4.930913391e+02,3.511979803e-02
4.933145142e+02,3.528272361e-02
4.935376892e+02,3.560857847e-02
4.937608643e+02,3.571719676e-02
4.939840698e+02,3.232288361e-02
4.942073059e+02,3.330044448e-02
4.944305115e+02,3.324613720e-02
4.946537781e+02,3.167117760e-02
4.948770142e+02,3.267589211e-02
4.951002808e+02,3.131816909e-02
4.953235474e+02,3.283882141e-02
4.955468445e+02,3.120955080e-02
4.957701416e+02,2.963459119e-02
4.959934692e+02,3.072077036e-02
4.962167969e+02,3.074792586e-02
4.964401245e+02,3.047638014e-02
4.966634827e+02,2.985182777e-02
4.968868408e+02,2.914581075e-02
4.971102295e+02,2.958028205e-02
4.973336182e+02,2.841264009e-02
4.975570374e+02,2.811394073e-02
4.977804565e+02,2.939020097e-02
4.980038757e+02,2.879280224e-02
4.982273254e+02,3.023198992e-02
4.984507751e+02,3.080223314e-02
4.986742249e+02,2.977036312e-02
4.988977051e+02,2.949881926e-02
4.991212158e+02,2.776093222e-02
4.993446960e+02,2.724499628e-02
4.995682068e+02,3.066646121e-02
4.997917175e+02,2.960743755e-02
5.000152893e+02,2.778808586e-02
5.002388306e+02,2.843979374e-02
5.004624023e+02,2.615881711e-02
5.006859741e+02,2.583296411e-02
5.009095764e+02,2.575149946e-02
5.011331787e+02,2.700060606e-02
5.013567810e+02,2.702776156e-02
5.015804138e+02,2.355198748e-02
5.018040466e+02,2.572434582e-02
5.020277100e+02,2.960743755e-02
5.022513733e+02,2.960743755e-02
5.024750671e+02,2.545280010e-02
5.026987610e+02,2.694629692e-02
5.029224548e+02,2.512694709e-02
5.031461792e+02,2.547995560e-02
5.033699036e+02,2.425800450e-02
5.035935974e+02,2.670190670e-02
5.038173523e+02,2.526271902e-02
5.040411072e+02,2.691914327e-02
5.042648926e+02,2.480109408e-02
5.044886780e+02,2.691914327e-02
5.047124939e+02,2.743507735e-02
5.049363098e+02,2.610450797e-02
5.051601257e+02,2.615881711e-02
5.053839722e+02,2.577865496e-02
5.056078186e+02,2.547995560e-02
5.058316956e+02,2.490971051e-02
5.060555725e+02,2.662044391e-02
5.062794495e+02,2.398645878e-02
5.065033569e+02,2.659328841e-02
5.067272644e+02,2.490971051e-02
5.069512024e+02,2.721784264e-02
5.071751404e+02,2.490971051e-02
5.073990784e+02,2.336190641e-02
5.076230469e+02,2.466532029e-02
5.078470154e+02,2.599589154e-02
5.080709839e+02,2.577865496e-02
5.082949829e+02,2.482824773e-02
5.085190125e+02,2.591442689e-02
5.087430115e+02,2.496401966e-02
5.089670715e+02,2.841264009e-02
5.091911011e+02,2.648467198e-02
5.094151611e+02,2.382353134e-02
5.096392517e+02,2.651182562e-02
5.098633423e+02,2.621312626e-02
5.100874329e+02,2.748938650e-02
5.103115540e+02,2.667475305e-02
5.105356750e+02,2.773377672e-02
5.107597961e+02,2.727215178e-02
5.109839478e+02,2.670190670e-02
5.112080994e+02,2.819540352e-02
5.114322815e+02,2.528987452e-02
5.116564636e+02,2.773377672e-02
5.118806763e+02,2.800532244e-02
5.121048584e+02,2.729930542e-02
5.123290405e+02,2.876564860e-02
5.125532837e+02,2.974320948e-02
5.127775269e+02,2.814109437e-02
5.130018311e+02,2.892857417e-02
5.132260742e+02,2.681052499e-02
5.134503784e+02,2.689198777e-02
5.136746826e+02,2.797816694e-02
5.138989868e+02,3.088369779e-02
5.141232910e+02,2.708207071e-02
5.143475952e+02,3.088369779e-02
5.145719604e+02,2.854841202e-02
5.147963257e+02,3.093800694e-02
5.150206909e+02,2.895572968e-02
5.152450562e+02,2.824971266e-02
5.154694824e+02,2.890142053e-02
5.156938477e+02,2.653898112e-02
5.159182739e+02,3.080223314e-02
5.161427002e+02,2.928158268e-02
5.163671875e+02,3.177979589e-02
5.165916138e+02,2.971605398e-02
5.168161011e+02,3.093800694e-02
5.170405884e+02,2.906434797e-02
5.172650757e+02,2.903719246e-02
5.174895630e+02,2.827686630e-02
5.177140503e+02,3.101946972e-02
5.179385986e+02,3.077507950e-02
5.181631470e+02,3.096516058e-02
5.183876953e+02,3.316467255e-02
5.186122437e+02,3.240434825e-02
5.188368530e+02,2.909150161e-02
5.190614624e+02,3.316467255e-02
5.192860107e+02,3.259443119e-02
5.195106812e+02,3.177979589e-02
5.197352905e+02,3.126386181e-02
5.199598999e+02,3.359914571e-02
5.201845703e+02,3.308321163e-02
5.204092407e+02,3.441378102e-02
5.206339111e+02,3.213280439e-02
5.208585815e+02,3.368061036e-02
5.210832520e+02,3.468532488e-02
5.213079224e+02,3.419654444e-02
5.215326538e+02,3.492971510e-02
5.217573853e+02,3.381638229e-02
5.219821777e+02,3.530987725e-02
5.222069092e+02,3.460386023e-02
5.224317017e+02,3.617881984e-02
5.226564941e+02,3.593442962e-02
5.228812866e+02,3.460386023e-02
5.231060791e+02,3.441378102e-02
5.233308716e+02,3.365345299e-02
5.235557251e+02,3.604304790e-02
5.237805786e+02,3.650467470e-02
5.240054321e+02,3.593442962e-02
5.242302856e+02,3.712922707e-02
5.244552002e+02,3.829687089e-02
5.246800537e+02,3.864987940e-02
5.249049683e+02,3.634174913e-02
5.251298828e+02,3.541849554e-02
5.253548584e+02,3.750938922e-02
5.255797729e+02,3.826971725e-02
5.258047485e+02,3.688483685e-02
5.260297241e+02,3.892142326e-02
5.262546997e+02,4.027914628e-02
5.264796753e+02,3.813394532e-02
5.267046509e+02,3.778093681e-02
5.269296875e+02,3.734646365e-02
5.271547241e+02,3.848695382e-02
5.273797607e+02,3.946451470e-02
5.276047974e+02,3.851410747e-02
5.278298950e+02,3.954597563e-02
5.280549316e+02,4.133817181e-02
5.282800293e+02,3.962744027e-02
5.285051270e+02,3.962744027e-02
5.287302246e+02,4.174549133e-02
5.289553833e+02,4.237004369e-02
5.291805420e+02,4.198988155e-02
5.294056396e+02,4.160971940e-02
5.296307983e+02,4.402646795e-02
5.298560181e+02,4.573719949e-02
5.300811768e+02,4.633459821e-02
5.303063965e+02,4.690484330e-02
5.305316162e+02,4.378207773e-02
5.307568359e+02,4.475963861e-02
5.309820557e+02,4.310321435e-02
5.312072754e+02,4.723069444e-02
5.314325562e+02,4.647037014e-02
5.316578369e+02,4.850695655e-02
5.318831177e+02,4.698630422e-02
5.321083984e+02,4.628028721e-02
5.323336792e+02,4.622597992e-02
5.325590210e+02,4.875134677e-02
5.327843628e+02,4.758370295e-02
5.330097046e+02,5.010906979e-02
5.332350464e+02,5.029915273e-02
5.334603882e+02,4.725784808e-02
5.336857910e+02,4.956598207e-02
5.339111328e+02,4.953882471e-02
5.341365356e+02,4.782809317e-02
5.343619385e+02,4.926728085e-02
5.345873413e+02,5.116809532e-02
5.348128052e+02,5.005476251e-02
5.350382690e+02,5.081508681e-02
5.352637329e+02,5.483394861e-02
5.354891968e+02,5.420939624e-02
5.357146606e+02,5.157541111e-02
5.359401855e+02,5.496972427e-02
5.361657104e+02,5.464386940e-02
5.363912354e+02,5.809248984e-02
5.366167603e+02,5.442663282e-02
5.368422852e+02,5.401931703e-02
5.370678711e+02,5.792956054e-02
5.372933960e+02,5.581151322e-02
5.375189819e+02,6.059069932e-02
5.377446289e+02,5.632744730e-02
5.379702148e+02,5.993899330e-02
5.381958008e+02,5.893427879e-02
5.384214478e+02,5.923297629e-02
5.386470947e+02,5.934159458e-02
5.388727417e+02,6.075362861e-02
5.390984497e+02,5.912435800e-02
5.393240967e+02,6.469102949e-02
5.395498047e+02,6.344192475e-02
5.397755127e+02,6.314322352e-02
5.400012207e+02,6.629314274e-02
5.402269287e+02,6.670045853e-02
5.404526978e+02,6.374061853e-02
5.406784058e+02,6.727070361e-02
5.409041748e+02,6.754224747e-02
5.411299438e+02,6.773232669e-02
5.413557739e+02,6.862843037e-02
5.415815430e+02,6.909005344e-02
5.418073730e+02,7.126241177e-02
5.420332031e+02,6.889997423e-02
5.422590332e+02,7.137102634e-02
5.424848633e+02,7.232143730e-02
5.427106934e+02,7.462956756e-02
5.429365845e+02,7.207704335e-02
5.431624756e+02,7.384208590e-02
5.433883667e+02,7.625883818e-02
5.436142578e+02,8.071216941e-02
5.438402100e+02,7.794241607e-02
5.440661011e+02,7.737217098e-02
5.442920532e+02,7.560712844e-02
5.445180054e+02,7.718209177e-02
5.447439575e+02,8.016908169e-02
5.449699707e+02,8.109233528e-02
5.451959229e+02,8.225997537e-02
5.454219360e+02,8.524697274e-02
5.456479492e+02,8.410648257e-02
5.458739624e+02,8.538274467e-02
5.461000366e+02,8.481249958e-02
5.463260498e+02,9.065071493e-02
5.465521240e+02,8.788095415e-02
5.467781982e+02,9.119380265e-02
5.470042725e+02,9.008046985e-02
5.472304077e+02,9.257867932e-02
5.474564819e+02,9.241575003e-02
5.476826172e+02,9.116664529e-02
5.479087524e+02,9.453380108e-02
5.481348877e+02,9.426225722e-02
5.483610229e+02,9.855266660e-02
5.485872192e+02,9.583722055e-02
5.488134155e+02,9.852550924e-02
5.490396118e+02,9.972030669e-02
5.492658081e+02,1.043094173e-01
5.494920044e+02,1.041193381e-01
5.497182007e+02,1.039292514e-01
5.499444580e+02,1.064274684e-01
5.501707153e+02,1.059115306e-01
5.503969727e+02,1.087084413e-01
5.506232300e+02,1.078395024e-01
5.508495483e+02,1.090886071e-01
5.510758667e+02,1.137863323e-01
5.513021240e+02,1.148725078e-01
5.515285034e+02,1.164746210e-01
5.517547607e+02,1.169090942e-01
5.519810791e+02,1.179409698e-01
5.522074585e+02,1.210908890e-01
5.524338379e+02,1.216068193e-01
5.526602173e+02,1.234804839e-01
5.528865967e+02,1.276079565e-01
5.531129761e+02,1.225300729e-01
5.533394165e+02,1.285312176e-01
5.535658569e+02,1.291829199e-01
5.537922974e+02,1.353741437e-01
5.540187378e+02,1.332832426e-01
5.542451782e+02,1.358086169e-01
5.544716797e+02,1.352655292e-01
5.546981812e+02,1.393387020e-01
5.549246826e+02,1.392029226e-01
5.551511841e+02,1.422170699e-01
5.553776855e+02,1.436019540e-01
5.556042480e+02,1.449325234e-01
5.558307495e+02,1.468604952e-01
5.560573120e+02,1.508250386e-01
5.562839355e+02,1.507164240e-01
5.565104980e+02,1.526986957e-01
5.567370605e+02,1.567718685e-01
5.569636841e+02,1.576408148e-01
5.571903076e+02,1.620398462e-01
5.574169312e+02,1.623385400e-01
5.576435547e+02,1.643751264e-01
5.578702393e+02,1.637505740e-01
5.580969238e+02,1.678237468e-01
5.583235474e+02,1.682039052e-01
5.585502319e+02,1.661673188e-01
5.587769775e+02,1.745580584e-01
5.590036621e+02,1.760515571e-01
5.592304077e+02,1.764317155e-01
5.594571533e+02,1.806949675e-01
5.596838989e+02,1.809936762e-01
5.599106445e+02,1.860715598e-01
5.601373901e+02,1.852840781e-01
5.603641968e+02,1.896831095e-01
5.605910034e+02,1.937019676e-01
5.608178101e+02,1.946795285e-01
5.610446167e+02,1.986984015e-01
5.612714233e+02,2.015224546e-01
5.614982910e+02,2.051340044e-01
5.617250977e+02,2.080123872e-01
5.619519653e+02,2.070891261e-01
5.621788330e+02,2.074421346e-01
5.624057617e+02,2.131717354e-01
5.626326294e+02,2.095058858e-01
5.628595581e+02,2.222684920e-01
5.630864868e+02,2.206663638e-01
5.633134155e+02,2.221327126e-01
5.635403442e+02,2.269390523e-01
5.637673340e+02,2.275636047e-01
5.639942627e+02,2.330759764e-01
5.642212524e+02,2.301975936e-01
5.644482422e+02,2.366060466e-01
5.646752930e+02,2.380180806e-01
5.649022827e+02,2.381267101e-01
5.651293335e+02,2.444808483e-01
5.653563232e+02,2.464359701e-01
5.655833740e+02,2.520298064e-01
5.658104858e+02,2.534418404e-01
5.660375366e+02,2.563202083e-01
5.662646484e+02,2.559129000e-01
5.664916992e+02,2.551797032e-01
5.667188110e+02,2.589541972e-01
5.669459839e+02,2.656070292e-01
5.671730957e+02,2.697073519e-01
5.674002075e+02,2.649553418e-01
5.676273804e+02,2.702776194e-01
5.678545532e+02,2.758442760e-01
5.680817261e+02,2.750296295e-01
5.683088989e+02,2.749753296e-01
5.685361328e+02,2.780166268e-01
5.687633667e+02,2.862716019e-01
5.689906006e+02,2.845065594e-01
5.692178345e+02,2.912408710e-01
5.694450684e+02,2.865703106e-01
5.696723022e+02,2.984911203e-01
5.698995972e+02,3.006906211e-01
5.701268921e+02,2.969976068e-01
5.703541870e+02,3.012608588e-01
5.705814819e+02,3.056598902e-01
5.708087769e+02,3.141863942e-01
5.710361328e+02,3.129644692e-01
5.712634888e+02,3.118782640e-01
5.714908447e+02,3.155169785e-01
5.717182007e+02,3.181509674e-01
5.719455566e+02,3.239077032e-01
5.721729736e+02,3.222241402e-01
5.724003296e+02,3.263244629e-01
5.726277466e+02,3.288769722e-01
5.728552246e+02,3.292843103e-01
5.730826416e+02,3.380823433e-01
5.733100586e+02,3.380008936e-01
5.735375366e+02,3.387883604e-01
5.737650146e+02,3.436761796e-01
5.739924927e+02,3.441921175e-01
5.742199707e+02,3.532345593e-01
5.744475098e+02,3.529901505e-01
5.746749878e+02,3.519583046e-01
5.749025269e+02,3.551353514e-01
5.751300659e+02,3.637433350e-01
5.753576050e+02,3.653725982e-01
5.755852051e+02,3.663230240e-01
5.758127441e+02,3.705319464e-01
5.760403442e+02,3.732202351e-01
5.762679443e+02,3.713737428e-01
5.764955444e+02,3.764787912e-01
5.767231445e+02,3.720526099e-01
5.769508057e+02,3.878293633e-01
5.771784668e+02,3.840005696e-01
5.774061279e+02,3.865531087e-01
5.776337891e+02,3.895672560e-01
5.778614502e+02,3.879651427e-01
5.780891113e+02,3.964916468e-01
5.783168335e+02,3.917396069e-01
5.785445557e+02,3.993971646e-01
5.787722778e+02,3.970347345e-01
5.790000000e+02,4.021126330e-01
5.792277832e+02,4.096615613e-01
5.794555054e+02,4.110192955e-01
5.796832886e+02,4.143864512e-01
5.799110718e+02,4.152825475e-01
5.801388550e+02,4.115895331e-01
5.803666382e+02,4.206048250e-01
5.805944824e+02,4.154726267e-01
5.808223267e+02,4.224784672e-01
5.810501709e+02,4.264430404e-01
5.812780151e+02,4.328786433e-01
5.815058594e+02,4.307877421e-01
5.817337646e+02,4.339376688e-01
5.819616089e+02,4.321726263e-01
5.821895142e+02,4.317110181e-01
5.824174194e+02,4.395586550e-01
5.826453247e+02,4.363815784e-01
5.828732910e+02,4.442563653e-01
5.831011963e+02,4.515609443e-01
5.833291626e+02,4.534617364e-01
5.835571289e+02,4.513165355e-01
5.837850952e+02,4.494428933e-01
5.840131226e+02,4.525384903e-01
5.842410889e+02,4.578607678e-01
5.844691162e+02,4.577521384e-01
5.846971436e+02,4.649209380e-01
5.849251709e+02,4.623140991e-01
5.851531982e+02,4.644050002e-01
5.853812866e+02,4.669032097e-01
5.856093750e+02,4.777378440e-01
5.858374634e+02,4.762443602e-01
5.860655518e+02,4.759999514e-01
5.862936401e+02,4.760542810e-01
5.865217285e+02,4.827614427e-01
5.867498779e+02,4.770861566e-01
5.869780273e+02,4.838476181e-01
5.872061768e+02,4.852596521e-01
5.874343262e+02,4.935145974e-01
5.876624756e+02,4.931615889e-01
5.878906860e+02,4.884638786e-01
5.881188965e+02,4.913150966e-01
5.883470459e+02,4.980765581e-01
5.885753174e+02,5.002489090e-01
5.888035278e+02,5.040233731e-01
5.890317383e+02,5.016881227e-01
5.892600098e+02,5.055168867e-01
5.894882812e+02,5.083952546e-01
5.897165527e+02,5.142877698e-01
5.899448242e+02,5.121697187e-01
5.901731567e+02,5.194199681e-01
5.904014282e+02,5.212393403e-01
5.906297607e+02,5.255840421e-01
5.908580933e+02,5.169489384e-01
5.910864258e+02,5.267516971e-01
5.913148193e+02,5.295757651e-01
5.915431519e+02,5.294399858e-01
5.917715454e+02,5.270503759e-01
5.919999390e+02,5.345993638e-01
5.922283325e+02,5.312864780e-01
5.924567261e+02,5.409534574e-01
5.926851807e+02,5.357941389e-01
5.929135742e+02,5.467916727e-01
5.931420288e+02,5.429900885e-01
5.933704834e+02,5.513808131e-01
5.935989380e+02,5.418224335e-01
5.938274536e+02,5.448908806e-01
5.940559082e+02,5.546393394e-01
5.942844238e+02,5.546936393e-01
5.945129395e+02,5.518152714e-01
5.947414551e+02,5.582780242e-01
5.949700317e+02,5.590383410e-01
5.951985474e+02,5.560241938e-01
5.954271240e+02,5.690583587e-01
5.956557007e+02,5.693570971e-01
5.958842773e+02,5.738375783e-01
5.961128540e+02,5.693570971e-01
5.963414917e+02,5.721811652e-01
5.965700684e+02,5.757926702e-01
5.967987061e+02,5.744078159e-01
5.970273438e+02,5.695471764e-01
5.972559814e+02,5.742448568e-01
5.974846802e+02,5.774490833e-01
5.977133179e+02,5.826899409e-01
5.979420166e+02,5.839933157e-01
5.981707153e+02,5.823640823e-01
5.983994141e+02,5.883651972e-01
5.986281128e+02,5.864915252e-01
5.988568726e+02,5.948279500e-01
5.990856323e+02,5.842920542e-01
5.993143311e+02,5.994442105e-01
5.995431519e+02,5.941219330e-01
5.997719116e+02,5.983852148e-01
6.000006714e+02,6.029199958e-01
6.002294922e+02,5.876048803e-01
6.004583130e+02,5.965387225e-01
6.006871338e+02,6.048751473e-01
6.009159546e+02,6.006933451e-01
6.011447754e+02,6.072375774e-01
6.013736572e+02,6.043863297e-01
6.016024780e+02,6.009377241e-01
6.018313599e+02,6.103060246e-01
6.020602417e+02,6.058798432e-01
6.022891846e+02,6.124512553e-01
6.025180664e+02,6.188325286e-01
6.027470093e+02,6.051467061e-01
6.029758911e+02,6.177192330e-01
6.032048340e+02,6.147593856e-01
6.034338379e+02,6.271689534e-01
6.036627808e+02,6.178278327e-01
6.038917847e+02,6.178821325e-01
6.041207275e+02,6.197558045e-01
6.043497314e+02,6.178278327e-01
6.045787354e+02,6.175290942e-01
6.048078003e+02,6.280650496e-01
6.050368042e+02,6.217651963e-01
6.052658691e+02,6.229328513e-01
6.054949341e+02,6.262185574e-01
6.057239990e+02,6.292598844e-01
6.059530640e+02,6.216022968e-01
6.061821289e+02,6.290426254e-01
6.064112549e+02,6.216294765e-01
6.066403809e+02,6.320839524e-01
6.068695068e+02,6.343649030e-01
6.070986328e+02,6.296943426e-01
6.073277588e+02,6.336317062e-01
6.075568848e+02,6.387096047e-01
6.077860718e+02,6.381665468e-01
6.080152588e+02,6.463400126e-01
6.082444458e+02,6.400401592e-01
6.084736328e+02,6.519881487e-01
6.087028809e+02,6.494899392e-01
6.089320679e+02,6.509834528e-01
6.091613159e+02,6.491640806e-01
6.093905640e+02,6.508204937e-01
6.096198120e+02,6.530743241e-01
6.098491211e+02,6.471546888e-01
6.100783691e+02,6.481593847e-01
6.103076782e+02,6.443034410e-01
6.105369873e+02,6.425112486e-01
6.107662964e+02,6.423754692e-01
6.109956055e+02,6.427285075e-01
6.112249146e+02,6.431900859e-01
6.114542847e+02,6.384109259e-01
6.116836548e+02,6.443577409e-01
6.119130249e+02,6.464214921e-01
6.121423950e+02,6.327084899e-01
6.123717651e+02,6.338489652e-01
6.126011963e+02,6.415065527e-01
6.128306274e+02,6.399587393e-01
6.130599976e+02,6.369174123e-01
6.132894287e+02,6.442762613e-01
6.135189209e+02,6.430000067e-01
6.137483521e+02,6.250237823e-01
6.139778442e+02,6.447650790e-01
6.142073364e+02,6.322740316e-01
6.144368286e+02,6.419953108e-01
6.146663208e+02,6.318666935e-01
6.148958130e+02,6.466387510e-01
6.151253662e+02,6.306175590e-01
6.153548584e+02,6.446835995e-01
6.155844116e+02,6.242091060e-01
6.158139648e+02,6.358041167e-01
6.160435791e+02,6.323554516e-01
6.162731323e+02,6.368088126e-01
6.165027466e+02,6.342563033e-01
6.167322998e+02,6.305089593e-01
6.169619141e+02,6.271418333e-01
6.171915894e+02,6.369988918e-01
6.174212036e+02,6.248608232e-01
6.176508789e+02,6.261099577e-01
6.178804932e+02,6.235845685e-01
6.181102295e+02,6.341205239e-01
6.183399048e+02,6.249423027e-01
6.185695801e+02,6.204346418e-01
6.187993164e+02,6.233944893e-01
6.190290527e+02,6.287982464e-01
6.192587280e+02,6.177463531e-01
6.194884644e+02,6.235302687e-01
6.197182007e+02,6.198372245e-01
6.199479980e+02,6.201087832e-01
6.201777344e+02,6.213036180e-01
6.204075317e+02,6.238289475e-01
6.206373291e+02,6.166058779e-01
6.208671265e+02,6.193213463e-01
6.210969238e+02,6.098172665e-01
6.213267822e+02,6.096814871e-01
6.215565796e+02,6.129943132e-01
6.217864380e+02,6.044949889e-01
6.220162964e+02,6.040876508e-01
6.222461548e+02,6.133473516e-01
6.224760742e+02,6.089754701e-01
6.227059326e+02,6.074004769e-01
6.229358521e+02,6.054182053e-01
6.231657715e+02,6.105504036e-01
6.233956909e+02,5.909720659e-01
6.236256104e+02,6.013721824e-01
6.238555298e+02,6.047393680e-01
6.240855103e+02,6.028656960e-01
6.243154907e+02,5.960227847e-01
6.245454712e+02,5.956426263e-01
6.247754517e+02,5.930086374e-01
6.250054321e+02,5.913250446e-01
6.252354736e+02,5.863558054e-01
6.254654541e+02,5.976520181e-01
6.256954956e+02,5.959413052e-01
6.259255371e+02,5.904561281e-01
6.261556396e+02,5.885281563e-01
6.263856812e+02,5.882837176e-01
6.266157837e+02,5.755754709e-01
6.268458252e+02,5.830157995e-01
6.270759277e+02,5.818209648e-01
6.273060303e+02,5.772047043e-01
6.275361938e+02,5.693842173e-01
6.277662964e+02,5.732673407e-01
6.279964600e+02,5.762543082e-01
6.282266235e+02,5.711221099e-01
6.284567871e+02,5.689225793e-01
6.286869507e+02,5.743263364e-01
6.289171143e+02,5.663972497e-01
6.291473389e+02,5.634102225e-01
6.293775635e+02,5.697915554e-01
6.296077881e+02,5.623240471e-01
6.298380127e+02,5.529014468e-01
6.300682373e+02,5.556440353e-01
6.302984619e+02,5.556983948e-01
6.305287476e+02,5.573005080e-01
6.307590332e+02,5.477692485e-01
6.309893188e+02,5.561328530e-01
6.312196045e+02,5.498872995e-01
6.314498901e+02,5.606133342e-01
6.316802368e+02,5.463272333e-01
6.319105835e+02,5.499945879e-01
6.321409302e+02,5.446121097e-01
6.323712769e+02,5.344232917e-01
6.326016235e+02,5.392318964e-01
6.328319702e+02,5.242816806e-01
6.330623779e+02,5.492326021e-01
6.332927856e+02,5.340386629e-01
6.335231934e+02,5.399118662e-01
6.337536011e+02,5.289968848e-01
6.339840088e+02,5.275264382e-01
6.342144775e+02,5.342042446e-01
6.344448853e+02,5.185836554e-01
6.346753540e+02,5.274670124e-01
6.349058228e+02,5.267527103e-01
6.351362915e+02,5.181989074e-01
6.353668213e+02,5.205743909e-01
6.355972900e+02,5.164107084e-01
6.358278198e+02,5.247086883e-01
6.360583496e+02,5.156580210e-01
6.362888794e+02,5.216521025e-01
6.365194092e+02,5.121576190e-01
6.367500000e+02,5.048045516e-01
6.369805908e+02,5.082717538e-01
6.372111206e+02,5.090318918e-01
6.374417725e+02,5.015128851e-01
6.376724243e+02,5.092687607e-01
6.379030151e+02,5.007817745e-01
6.381336060e+02,5.050556064e-01
6.383642578e+02,4.965575337e-01
6.385949097e+02,4.897068143e-01
6.388255615e+02,4.978094697e-01
6.390562134e+02,4.947348535e-01
6.392869263e+02,4.835378528e-01
6.395175781e+02,4.831138849e-01
6.397482910e+02,4.817541242e-01
6.399790039e+02,4.778912961e-01
6.402097168e+02,4.732795358e-01
6.404404297e+02,4.757938385e-01
6.406712036e+02,4.681641757e-01
6.409019775e+02,4.768628180e-01
6.411326904e+02,4.751428068e-01
6.413635254e+02,4.805418253e-01
6.415942993e+02,4.726733565e-01
6.418250732e+02,4.693510830e-01
6.420559082e+02,4.725416303e-01
6.422866821e+02,4.736193717e-01
6.425175171e+02,4.687666595e-01
6.427483521e+02,4.689741135e-01
6.429792480e+02,4.622969031e-01
6.432100830e+02,4.607254863e-01
6.434409790e+02,4.555032849e-01
6.436718140e+02,4.495812953e-01
6.439027100e+02,4.429229200e-01
6.441336670e+02,4.330049455e-01
6.443645630e+02,4.379923642e-01
6.445954590e+02,4.407965243e-01
6.448264160e+02,4.321237504e-01
6.450573730e+02,4.285722077e-01
6.452883301e+02,4.244499505e-01
6.455192871e+02,4.217156172e-01
6.457502441e+02,4.161397815e-01
6.459812622e+02,4.189940095e-01
6.462122803e+02,4.050962627e-01
6.464432983e+02,4.139519632e-01
6.466743164e+02,4.109378159e-01
6.469053345e+02,4.009721279e-01
6.471363525e+02,3.989898562e-01
6.473674316e+02,3.938033581e-01
6.475985107e+02,3.894586265e-01
6.478295898e+02,3.947537541e-01
6.480606689e+02,3.858470917e-01
6.482917480e+02,3.904362023e-01
6.485228882e+02,3.841091990e-01
6.487539673e+02,3.769403994e-01
6.489851074e+02,3.749309778e-01
6.492162476e+02,3.737361729e-01
6.494473877e+02,3.702332675e-01
6.496785889e+02,3.700431883e-01
6.499097290e+02,3.704233468e-01
6.501409302e+02,3.677078784e-01
6.503721313e+02,3.627657890e-01
6.506033325e+02,3.629015386e-01
6.508345337e+02,3.574978113e-01
6.510657959e+02,3.516324461e-01
6.512969971e+02,3.538047969e-01
6.515282593e+02,3.551353514e-01
6.517595825e+02,3.516324461e-01
6.519908447e+02,3.574434817e-01
6.522221680e+02,3.517953753e-01
6.524534302e+02,3.502204120e-01
6.526847534e+02,3.475592732e-01
6.529160156e+02,3.522298336e-01
6.531473389e+02,3.402818739e-01
6.533787231e+02,3.415038288e-01
6.536100464e+02,3.428615332e-01
6.538414307e+02,3.394943774e-01
6.540727539e+02,3.371862471e-01
6.543041382e+02,3.347695172e-01
6.545355225e+02,3.282795846e-01
6.547669067e+02,3.356656134e-01
6.549983521e+02,3.315381110e-01
6.552297363e+02,3.293929100e-01
6.554611816e+02,3.246680498e-01
6.556926270e+02,3.290670514e-01
6.559240723e+02,3.240434825e-01
6.561555176e+02,3.287683725e-01
6.563870239e+02,3.249124289e-01
6.566184692e+02,3.303976357e-01
6.568499756e+02,3.239891827e-01
6.570814819e+02,3.221698105e-01
6.573129883e+02,3.207849562e-01
6.575445557e+02,3.235275447e-01
6.577760620e+02,3.102761507e-01
6.580076294e+02,3.191556633e-01
6.582391968e+02,3.098416924e-01
6.584707642e+02,3.167660832e-01
6.587023315e+02,3.143764734e-01
6.589338989e+02,3.132088482e-01
6.591655273e+02,3.128286898e-01
6.593971558e+02,3.138062358e-01
6.596287231e+02,3.091899753e-01
6.598603516e+02,3.067460656e-01
6.600920410e+02,3.050896525e-01
6.603236694e+02,3.020755053e-01
6.605553589e+02,3.111179471e-01
6.607869873e+02,3.003647625e-01
6.610186768e+02,3.024285138e-01
6.612504272e+02,3.046280146e-01
6.614821167e+02,2.986811996e-01
6.617138062e+02,3.046551943e-01
6.619455566e+02,2.964545190e-01
6.621773071e+02,2.953954935e-01
6.624090576e+02,2.950424850e-01
6.626408081e+02,2.928429842e-01
6.628725586e+02,2.898559868e-01
6.631043701e+02,2.897202075e-01
6.633361206e+02,2.873577774e-01
6.635679932e+02,2.908063829e-01
6.637998047e+02,2.850496471e-01
6.640316162e+02,2.789399028e-01
6.642634888e+02,2.831216753e-01
6.644953003e+02,2.837190926e-01
6.647271729e+02,2.777722478e-01
6.649590454e+02,2.737805247e-01
6.651909180e+02,2.720969617e-01
6.654227905e+02,2.741063833e-01
6.656546631e+02,2.716081738e-01
6.658865967e+02,2.741607130e-01
6.661185303e+02,2.689198852e-01
6.663504639e+02,2.779894769e-01
6.665823975e+02,2.691914439e-01
6.668143311e+02,2.642764747e-01
6.670462646e+02,2.610993981e-01
6.672782593e+02,2.651454210e-01
6.675102539e+02,2.622398734e-01
6.677422485e+02,2.618325651e-01
6.679742432e+02,2.566189170e-01
6.682062378e+02,2.580581009e-01
6.684382935e+02,2.553426325e-01
6.686702881e+02,2.605291605e-01
6.689023438e+02,2.498574406e-01
6.691343994e+02,2.547452450e-01
6.693664551e+02,2.437476814e-01
6.695985718e+02,2.487984151e-01
6.698306274e+02,2.480923980e-01
6.700627441e+02,2.510522306e-01
6.702948608e+02,2.432860583e-01
6.705269775e+02,2.446437776e-01
6.707590942e+02,2.447523922e-01
6.709912109e+02,2.410865426e-01
6.712233887e+02,2.368232906e-01
6.714555054e+02,2.382896245e-01
6.716876831e+02,2.376107723e-01
6.719198608e+02,2.370133698e-01
6.721520386e+02,2.380180806e-01
6.723842773e+02,2.337819785e-01
6.726164551e+02,2.294915766e-01
6.728486938e+02,2.302247435e-01
6.730809326e+02,2.269390523e-01
6.733131714e+02,2.280252427e-01
6.735454102e+02,2.249024659e-01
6.737777100e+02,2.226758003e-01
6.740100098e+02,2.263145000e-01
6.742423096e+02,2.242507637e-01
6.744746094e+02,2.161044180e-01
6.747069092e+02,2.179237753e-01
6.749392090e+02,2.142579108e-01
6.751715698e+02,2.155341804e-01
6.754038696e+02,2.129273415e-01
6.756362305e+02,2.123027891e-01
6.758685913e+02,2.150182426e-01
6.761009521e+02,2.102933526e-01
6.763333740e+02,2.047809958e-01
6.765657349e+02,2.020383924e-01
6.767981567e+02,2.075779140e-01
6.770305786e+02,2.048081607e-01
6.772630005e+02,1.988341659e-01
6.774954224e+02,2.046452314e-01
6.777278442e+02,2.023371011e-01
6.779602661e+02,2.033418119e-01
6.781927490e+02,1.969876587e-01
6.784252319e+02,1.995673329e-01
6.786577148e+02,1.984268576e-01
6.788901978e+02,1.989156306e-01
6.791226807e+02,1.932946593e-01
6.793552246e+02,1.854198575e-01
6.795877686e+02,1.963088065e-01
6.798203125e+02,1.918554604e-01
6.800528564e+02,1.826500893e-01
6.802854004e+02,1.897645742e-01
6.805179443e+02,1.838177443e-01
6.807505493e+02,1.863702536e-01
6.809830933e+02,1.849039197e-01
6.812156982e+02,1.827587187e-01
6.814483032e+02,1.844965965e-01
6.816809692e+02,1.838992089e-01
6.819135742e+02,1.792829335e-01
6.821461792e+02,1.762144864e-01
6.823788452e+02,1.764317155e-01
6.826115112e+02,1.754541546e-01
6.828441772e+02,1.778437495e-01
6.830768433e+02,1.718969196e-01
6.833096313e+02,1.692900956e-01
6.835422974e+02,1.742593646e-01
6.837750244e+02,1.720869988e-01
6.840077515e+02,1.682039052e-01
6.842404785e+02,1.663845628e-01
6.844732056e+02,1.656513959e-01
6.847059937e+02,1.675250530e-01
6.849387207e+02,1.611437500e-01
6.851715088e+02,1.621484607e-01
6.854042969e+02,1.594330072e-01
6.856370850e+02,1.600575745e-01
6.858698730e+02,1.577765942e-01
6.861027222e+02,1.553869992e-01
6.863355103e+02,1.569891125e-01
6.865683594e+02,1.549253762e-01
6.868012085e+02,1.482182145e-01
6.870340576e+02,1.515582204e-01
6.872669678e+02,1.529702544e-01
6.874998169e+02,1.523185372e-01
6.877327271e+02,1.456113905e-01
6.879655762e+02,1.466704011e-01
6.881984863e+02,1.504448801e-01
6.884313965e+02,1.471591890e-01
6.886643677e+02,1.461273134e-01
6.888972778e+02,1.440364271e-01
6.891302490e+02,1.453941464e-01
6.893632202e+02,1.440635771e-01
6.895961914e+02,1.409408152e-01
6.898291626e+02,1.396645457e-01
6.900621338e+02,1.387684494e-01
6.902951050e+02,1.368947923e-01
6.905281372e+02,1.390671581e-01
6.907611694e+02,1.313281208e-01
6.909942017e+02,1.372206509e-01
6.912272339e+02,1.326858550e-01
6.914602661e+02,1.318169087e-01
6.916933594e+02,1.331746280e-01
6.919263916e+02,1.299432516e-01
6.921595459e+02,1.309479624e-01
6.923926392e+02,1.260601580e-01
6.926257324e+02,1.266575605e-01
6.928588867e+02,1.294001639e-01
6.930919800e+02,1.277437359e-01
6.933251343e+02,1.247295886e-01
6.935582886e+02,1.258429140e-01
6.937914429e+02,1.200861707e-01
6.940245972e+02,1.206564158e-01
6.942577515e+02,1.190814525e-01
6.944909668e+02,1.192986891e-01
6.947241211e+02,1.208464950e-01
6.949573364e+02,1.157686040e-01
6.951905518e+02,1.171263307e-01
6.954237671e+02,1.129988506e-01
6.956570435e+02,1.135690957e-01
6.958902588e+02,1.157686040e-01
6.961235352e+02,1.150625944e-01
6.963568115e+02,1.106364131e-01
6.965900879e+02,1.118855178e-01
6.968233643e+02,1.090886071e-01
6.970566406e+02,1.098760813e-01
6.972899780e+02,1.117497459e-01
6.975232544e+02,1.143022627e-01
6.977565918e+02,1.084912047e-01
6.979899292e+02,1.068890914e-01
6.982232666e+02,1.068076268e-01
6.984566650e+02,1.059386879e-01
6.986900024e+02,1.043637246e-01
6.989234009e+02,1.048253551e-01
6.991567993e+02,1.028430760e-01
6.993901978e+02,1.042007953e-01
6.996235962e+02,1.065360829e-01
6.998569946e+02,1.030603126e-01
7.000905151e+02,1.042279527e-01
7.003239136e+02,1.032232344e-01
7.005573730e+02,9.950307012e-02
7.007908325e+02,1.010780334e-01
7.010242920e+02,9.646177292e-02
7.012578125e+02,9.974746406e-02
7.014912720e+02,1.007793322e-01
7.017247925e+02,9.556567669e-02
7.019583130e+02,9.342046827e-02
7.021918335e+02,9.866128117e-02
7.024253540e+02,9.651608020e-02
7.026588745e+02,9.811819345e-02
7.028924561e+02,9.627168626e-02
7.031259766e+02,9.572859854e-02
7.033595581e+02,9.339331090e-02
7.035931396e+02,9.024339169e-02
7.038267212e+02,9.092225879e-02
7.040603027e+02,9.192696959e-02
7.042939453e+02,9.301315248e-02
7.045275879e+02,8.836973459e-02
7.047611694e+02,8.842404187e-02
7.049948120e+02,8.866843581e-02
7.052285156e+02,8.858697116e-02
7.054621582e+02,8.562713116e-02
7.056958008e+02,8.524697274e-02
7.059295044e+02,8.608876169e-02
7.061632080e+02,8.416078985e-02
7.063969116e+02,8.725640178e-02
7.066306152e+02,8.505688608e-02
7.068643188e+02,8.568143845e-02
7.070980835e+02,8.220566809e-02
7.073317871e+02,8.236859739e-02
7.075655518e+02,8.111948520e-02
7.077993774e+02,7.878420502e-02
7.080331421e+02,8.220566809e-02
7.082669678e+02,8.405217528e-02
7.085007324e+02,7.737217098e-02
7.087345581e+02,7.769802213e-02
7.089683228e+02,7.810533792e-02
7.092021484e+02,7.807818800e-02
7.094360352e+02,7.666615397e-02
7.096698608e+02,7.503688335e-02
7.099036865e+02,7.615021616e-02
7.101375732e+02,7.710062712e-02
7.103714600e+02,7.411362976e-02
7.106053467e+02,7.511834800e-02
7.108392334e+02,7.479249686e-02
7.110731201e+02,7.593297958e-02
7.113070068e+02,7.232143730e-02
7.115409546e+02,7.175119221e-02
7.117749023e+02,7.408647984e-02
7.120088501e+02,6.955167651e-02
7.122427979e+02,6.811249256e-02
7.124767456e+02,6.947021931e-02
7.127107544e+02,6.770517677e-02
7.129447021e+02,6.835687906e-02
7.131787109e+02,6.691769511e-02
7.134127197e+02,6.743363291e-02
7.136467285e+02,6.727070361e-02
7.138807373e+02,6.360484660e-02
7.141148071e+02,6.613021344e-02
7.143488159e+02,7.009477168e-02
7.145828857e+02,6.507118791e-02
7.148169556e+02,6.303460151e-02
7.150510864e+02,6.192126870e-02
7.152851562e+02,6.327899545e-02
7.155192261e+02,6.566859037e-02
7.157533569e+02,6.298029423e-02
7.159874878e+02,6.154110655e-02
7.162216187e+02,6.159541756e-02
7.164557495e+02,6.357769668e-02
7.166898804e+02,5.814679712e-02
7.169240112e+02,5.763086304e-02
7.171582031e+02,5.844549462e-02
7.173923950e+02,5.849980563e-02
7.176265259e+02,5.722354352e-02
7.178607178e+02,5.849980563e-02
7.180949707e+02,5.752224475e-02
7.183291626e+02,5.934159458e-02
7.185633545e+02,5.855411291e-02
7.187976074e+02,5.849980563e-02
7.190318604e+02,5.382923409e-02
7.192661133e+02,5.776663497e-02
7.195003662e+02,5.836403370e-02
7.197346191e+02,5.266159028e-02
7.199689331e+02,5.350337923e-02
7.202032471e+02,5.488825962e-02
7.204375000e+02,5.353053659e-02
7.206718140e+02,5.442663282e-02
7.209061890e+02,5.320468172e-02
7.211405029e+02,5.133102089e-02
7.213748169e+02,5.211850256e-02
7.216091919e+02,5.233573914e-02
7.218436279e+02,5.076077953e-02
7.220780029e+02,4.807248339e-02
7.223123779e+02,5.013622344e-02
7.225467529e+02,4.845264554e-02
7.227811890e+02,5.108663067e-02
7.230155640e+02,4.774663225e-02
7.232500000e+02,4.587297142e-02
7.234844360e+02,4.755654931e-02
7.237188721e+02,4.693199694e-02
7.239533081e+02,4.606305435e-02
7.241878052e+02,4.750224203e-02
7.244222412e+02,4.883281142e-02
7.246567383e+02,4.505833611e-02
7.248912354e+02,4.437947646e-02
7.251257324e+02,4.807248339e-02
7.253602295e+02,4.432516545e-02
7.255947876e+02,4.513980076e-02
7.258292847e+02,4.152825475e-02
7.260638428e+02,4.435231909e-02
7.262984009e+02,4.334760457e-02
7.265329590e+02,4.076793045e-02
7.267675171e+02,4.122955352e-02
7.270020752e+02,4.231573269e-02
7.272366943e+02,3.970890492e-02
7.274713135e+02,4.288597777e-02
7.277058716e+02,3.957313299e-02
7.279404907e+02,4.190841690e-02
7.281751709e+02,4.112093523e-02
7.284097900e+02,4.196272418e-02
7.286444702e+02,4.093085602e-02
7.288791504e+02,3.867703304e-02
7.291138306e+02,4.082223773e-02
7.293485107e+02,3.905719519e-02
7.295831909e+02,3.938305005e-02
7.298178711e+02,3.655898571e-02
7.300526123e+02,3.932874277e-02
7.302872925e+02,3.634174913e-02
7.305220337e+02,3.604304790e-02
7.307567749e+02,3.525556996e-02
7.309915161e+02,3.522841260e-02
7.312262573e+02,3.791670874e-02
7.314610596e+02,3.731931001e-02
7.316958008e+02,3.658613935e-02
7.319306030e+02,3.498402238e-02
7.321654053e+02,3.525556996e-02
7.324002075e+02,3.441378102e-02
7.326350098e+02,3.460386023e-02
7.328698730e+02,3.588012233e-02
7.331046753e+02,3.110093251e-02
7.333395386e+02,3.281166404e-02
7.335744019e+02,3.224142268e-02
7.338092651e+02,3.229572996e-02
7.340441284e+02,3.631459549e-02
7.342789917e+02,3.259443119e-02
7.345139160e+02,3.202418610e-02
7.347488403e+02,3.044922650e-02
7.349837646e+02,2.901003882e-02
7.352186890e+02,3.039491735e-02
7.354536743e+02,3.142678738e-02
7.356885986e+02,2.892857417e-02
7.359235229e+02,3.202418610e-02
7.361585083e+02,3.297459334e-02
7.363934937e+02,3.161686659e-02
7.366284790e+02,3.058499843e-02
7.368634644e+02,2.819540352e-02
7.370984497e+02,2.930873819e-02
7.373334961e+02,3.004190885e-02
7.375684814e+02,2.678337134e-02
7.378035278e+02,3.015052713e-02
7.380385742e+02,2.716353349e-02
7.382736206e+02,2.898288332e-02
7.385086670e+02,3.050353378e-02
7.387437134e+02,2.819540352e-02
7.389788208e+02,2.710922435e-02
7.392139282e+02,2.738077007e-02
7.394490356e+02,2.363345027e-02
7.396841431e+02,2.765231393e-02
7.399192505e+02,2.575149946e-02
7.401543579e+02,2.493686602e-02
7.403895264e+02,2.252011746e-02
7.406246338e+02,2.537133731e-02
7.408598022e+02,2.363345027e-02
7.410950317e+02,2.330759726e-02
7.413302002e+02,2.393214963e-02
7.415653687e+02,2.398645878e-02
7.418005981e+02,2.442093007e-02
7.420358276e+02,2.292743325e-02
7.422709961e+02,2.569719218e-02
7.425062256e+02,2.121670172e-02
7.427414551e+02,2.238434367e-02
7.429767456e+02,2.366060577e-02
7.432119751e+02,2.224857174e-02
7.434472656e+02,1.988613233e-02
7.436824951e+02,2.216710895e-02
7.439177856e+02,2.368775941e-02
7.441530762e+02,2.482824773e-02
7.443883667e+02,1.836548187e-02
7.446237183e+02,2.173263766e-02
7.448590088e+02,2.306320705e-02
7.450943604e+02,2.064645849e-02
7.453297119e+02,2.113523893e-02
7.455650635e+02,2.002190426e-02
7.458004150e+02,2.197702788e-02
7.460357666e+02,1.841979101e-02
7.462711792e+02,1.839263551e-02
7.465065308e+02,2.018483169e-02
7.467419434e+02,2.004905976e-02
7.469773560e+02,1.920727082e-02
7.472128296e+02,2.137962915e-02
7.474482422e+02,1.885426231e-02
7.476837158e+02,2.257442661e-02
7.479191284e+02,1.866418123e-02
7.481546021e+02,2.064645849e-02
7.483900757e+02,2.015767619e-02
7.486255493e+02,2.045637555e-02
7.488610229e+02,1.860987209e-02
7.490965576e+02,2.040206827e-02
7.493320312e+02,1.782239228e-02
7.495675659e+02,1.676336676e-02
7.498031006e+02,1.795816422e-02
7.500386353e+02,1.860987209e-02
7.502741699e+02,1.700775698e-02
7.505097046e+02,1.692629419e-02
7.507453003e+02,1.635604911e-02
7.509808350e+02,1.768661849e-02
7.512164307e+02,1.670905761e-02
7.514520264e+02,1.711637527e-02
7.516876221e+02,1.526986994e-02
7.519232178e+02,1.594873145e-02
7.521588745e+02,1.603019610e-02
7.523944702e+02,1.584011503e-02
7.526301270e+02,1.746938378e-02
7.528658447e+02,1.502547972e-02
7.531015015e+02,1.695344783e-02
7.533371582e+02,1.461816300e-02
7.535728149e+02,1.700775698e-02
7.538085327e+02,1.190271415e-02
7.540441895e+02,1.453669928e-02
7.542799072e+02,1.456385385e-02
7.545156250e+02,1.472678035e-02
7.547513428e+02,1.456385385e-02
7.549871216e+02,1.611165889e-02
7.552228394e+02,1.317897532e-02
7.554586182e+02,1.497117057e-02
7.556943359e+02,1.429230906e-02
7.559301147e+02,1.456385385e-02
7.561658936e+02,1.478108950e-02
7.564017334e+02,1.266304031e-02
7.566375122e+02,1.516125258e-02
7.568733521e+02,1.165832393e-02
7.571091309e+02,1.241865009e-02
7.573449707e+02,1.469962578e-02
7.575808105e+02,1.407507341e-02
7.578166504e+02,1.415653620e-02
7.580525513e+02,1.271734945e-02
7.582883911e+02,1.206564158e-02
7.585243530e+02,1.122385263e-02
7.587601929e+02,1.288027596e-02
7.589960938e+02,1.418369077e-02
7.592319946e+02,8.617022075e-03
7.594679565e+02,1.244580373e-02
7.597038574e+02,1.355913747e-02
7.599398193e+02,1.298889425e-02
7.601757202e+02,1.328759268e-02
7.604116821e+02,1.135962456e-02
7.606476440e+02,1.051783562e-02
7.608836060e+02,1.225572266e-02
7.611196289e+02,1.282596681e-02
7.613555908e+02,1.298889425e-02
7.615916138e+02,1.233718637e-02
7.618276367e+02,1.013767347e-02
7.620636597e+02,1.097946241e-02
7.622996826e+02,1.190271415e-02
7.625357056e+02,1.087084413e-02
7.627717896e+02,8.834257722e-03
7.630078125e+02,1.100661699e-02
7.632438965e+02,9.757510386e-03
7.634799805e+02,8.535558358e-03
7.637160645e+02,1.214710530e-02
7.639522095e+02,9.241575375e-03
7.641882935e+02,1.084368955e-02
7.644244385e+02,1.252726745e-02
7.646605835e+02,9.105802514e-03
7.648966675e+02,1.116954349e-02
7.651328125e+02,1.005620975e-02
7.653689575e+02,9.377347305e-03
7.656051636e+02,1.092515327e-02
7.658413086e+02,1.084368955e-02
7.660775146e+02,8.617022075e-03
7.663137207e+02,1.076222677e-02
7.665498657e+02,1.168547850e-02
7.667860718e+02,1.016482804e-02
7.670223389e+02,9.132957086e-03
7.672585449e+02,6.987753324e-03
7.674948120e+02,9.214420803e-03
7.677310181e+02,1.062645391e-02
7.679672852e+02,7.530842908e-03
7.682035522e+02,9.051494300e-03
7.684398193e+02,8.915721439e-03
7.686760864e+02,9.947591461e-03
7.689124146e+02,9.295884520e-03
7.691487427e+02,7.911005989e-03
7.693850708e+02,7.938160561e-03
7.696213989e+02,8.725640364e-03
7.698577271e+02,1.070791762e-02
7.700940552e+02,9.268729948e-03
7.703304443e+02,7.938160561e-03
7.705667725e+02,8.345477283e-03
7.708031616e+02,6.145964377e-03
7.710395508e+02,7.042062469e-03
7.712759399e+02,6.254582200e-03
7.715123291e+02,1.049068104e-02
7.717487183e+02,6.526126992e-03
7.719851685e+02,7.883851416e-03
7.722215576e+02,5.657183938e-03
7.724580078e+02,9.431656450e-03
7.726944580e+02,5.195557605e-03
7.729309082e+02,6.498972885e-03
7.731673584e+02,7.557997480e-03
7.734038696e+02,7.856696844e-03
7.736403198e+02,6.064501125e-03
7.738768311e+02,8.128241636e-03
7.741133423e+02,6.661899388e-03
7.743497925e+02,6.607590709e-03
7.745864258e+02,6.580436137e-03
7.748229370e+02,9.404501878e-03
7.750594482e+02,6.797671784e-03
7.752960205e+02,6.607590709e-03
7.755325928e+02,6.634745281e-03
7.757691650e+02,6.879135501e-03
7.760057373e+02,7.069216575e-03
7.762423096e+02,8.019623347e-03
7.764788818e+02,5.032630637e-03
7.767155151e+02,7.557997480e-03
7.769520874e+02,5.412793253e-03
7.771887207e+02,7.856696844e-03
7.774253540e+02,7.177834865e-03
7.776619873e+02,5.358484574e-03
7.778986206e+02,7.720924448e-03
7.781353149e+02,7.911005989e-03
7.783719482e+02,5.928728729e-03
7.786086426e+02,5.086939782e-03
7.788453369e+02,5.412793253e-03
7.790820312e+02,4.055069294e-03
7.793187256e+02,4.652468022e-03
7.795554810e+02,4.842549097e-03
7.797922363e+02,5.277020857e-03
7.800289917e+02,7.503688335e-03
7.802656860e+02,6.553281564e-03
7.805024414e+02,4.924012814e-03
7.807391968e+02,3.104662523e-03
7.809760132e+02,6.254582200e-03
7.812127686e+02,4.706776701e-03
7.814495850e+02,6.281736773e-03
7.816863403e+02,5.358484574e-03
7.819231567e+02,4.000760149e-03
7.821599731e+02,5.575720221e-03
7.823967896e+02,5.792956334e-03
7.826336670e+02,4.109378438e-03
7.828704834e+02,4.516695626e-03
7.831073608e+02,5.548565648e-03
7.833441772e+02,5.277020857e-03
7.835810547e+02,3.756369930e-03
7.838179321e+02,6.064501125e-03
7.840548706e+02,3.484825138e-03
7.842917480e+02,4.924012814e-03
7.845286255e+02,4.788240418e-03
7.847656250e+02,4.625313450e-03
7.850025635e+02,2.996044466e-03
7.852395020e+02,5.467102397e-03
7.854764404e+02,3.403361654e-03
7.857133789e+02,5.494256970e-03
7.859503784e+02,5.467102397e-03
7.861873169e+02,3.104662523e-03
7.864243164e+02,4.761085846e-03
7.866613159e+02,5.277020857e-03
7.868983154e+02,2.805963159e-03
7.871353149e+02,6.987753324e-03
7.873723145e+02,4.055069294e-03
7.876093750e+02,2.914580982e-03
7.878463745e+02,3.050353378e-03
7.880834351e+02,5.141248461e-03
7.883204956e+02,4.163687117e-03
7.885575562e+02,4.489541054e-03
7.887946167e+02,5.059785210e-03
7.890317383e+02,3.674906446e-03
7.892687988e+02,1.149539719e-03
7.895059814e+02,5.249866284e-03
7.897431030e+02,3.077507950e-03
7.899802246e+02,2.317182487e-03
7.902173462e+02,4.543849733e-03
7.904544678e+02,4.924012814e-03
7.906916504e+02,3.376207314e-03
7.909287720e+02,6.444663741e-03
7.911659546e+02,2.452954883e-03
7.914031372e+02,2.235719003e-03
7.916403198e+02,2.452954883e-03
7.918775024e+02,1.828401815e-03
7.921146851e+02,3.077507950e-03
7.923519287e+02,5.792956334e-03
7.925891724e+02,3.919296898e-03
7.928263550e+02,3.267589258e-03
7.930635986e+02,5.086939782e-03
7.933008423e+02,2.778808586e-03
7.935381470e+02,2.534418367e-03
7.937753906e+02,5.738647189e-03
7.940126343e+02,3.403361654e-03
7.942499390e+02,2.887426643e-03
7.944873047e+02,4.136532545e-03
7.947246094e+02,3.158971434e-03
7.949619141e+02,1.882710727e-03
7.951992188e+02,1.502547995e-03
7.954365845e+02,3.484825138e-03
7.956738892e+02,3.023199039e-03
7.959112549e+02,2.099946607e-03
7.961486206e+02,3.158971434e-03
7.963859863e+02,3.484825138e-03
7.966233521e+02,3.620597534e-03
7.968607178e+02,3.131816862e-03
7.970981445e+02,5.358484574e-03
7.973355103e+02,4.000760149e-03
7.975729370e+02,2.561572706e-03
7.978103638e+02,3.158971434e-03
7.980477905e+02,3.702061018e-03
7.982852173e+02,3.294743830e-03
7.985227051e+02,2.262873575e-03
7.987601318e+02,3.240434919e-03
7.989976196e+02,3.674906446e-03
7.992351685e+02,3.240434919e-03
7.994726562e+02,1.692629419e-03
7.997101440e+02,3.457670799e-03
7.999476318e+02,1.937019755e-03
8.001851196e+02,1.339621143e-03
8.004226685e+02,4.380923230e-03
8.006602173e+02,2.018483123e-03
8.008977051e+02,3.837833414e-03
8.011352539e+02,2.670190763e-03
8.013728638e+02,1.665474847e-03
8.016104126e+02,1.502547995e-03
8.018479614e+02,3.647752106e-03
8.020855713e+02,1.801247243e-03
8.023231812e+02,2.643036190e-03
8.025607300e+02,8.508404135e-04
8.027983398e+02,3.729215590e-03
8.030360107e+02,3.620597636e-05
8.032736206e+02,2.452954883e-03
8.035112305e+02,1.285312115e-03
8.037489624e+02,3.810678842e-03
8.039866333e+02,8.779949276e-04
8.042243042e+02,2.914580982e-03
8.044619751e+02,1.231003203e-03
8.046996460e+02,4.190841690e-03
8.049373169e+02,1.339621143e-03
8.051750488e+02,1.855556271e-03
8.054127197e+02,2.371491399e-03
8.056504517e+02,2.208564430e-03
8.058881836e+02,6.607590476e-04
8.061259155e+02,3.946451470e-03
8.063637085e+02,1.448239083e-03
8.066014404e+02,2.262873459e-04
8.068391724e+02,1.203848748e-03
8.070769653e+02,2.697345102e-03
8.073147583e+02,2.045637695e-03
8.075525513e+02,6.064500776e-04
8.077903442e+02,1.801247243e-03
8.080281372e+02,3.403361654e-03
8.082660522e+02,-1.049973303e-03
8.085038452e+02,2.534418367e-03
8.087416992e+02,-4.254202067e-04
8.089795532e+02,2.561572706e-03
8.092174072e+02,3.620597709e-04
8.094552612e+02,2.072792035e-03
8.096931152e+02,1.964174211e-03
8.099310303e+02,1.122385263e-03
8.101688843e+02,4.353768658e-03
8.104067993e+02,2.561572706e-03
8.106447144e+02,6.336045917e-04
8.108826294e+02,2.561572706e-03
8.111205444e+02,2.045637695e-03
8.113584595e+02,3.511979710e-03
8.115964355e+02,2.398645971e-03
8.118344116e+02,2.534418367e-03
8.120723267e+02,2.968890127e-03
8.123103027e+02,3.349052859e-04
8.125482788e+02,2.643036190e-03
8.127863159e+02,1.040921779e-03
8.130243530e+02,1.774092787e-03
8.132623291e+02,2.262873459e-04
8.135003662e+02,3.023199039e-03
8.137384033e+02,2.588727279e-03
8.139764404e+02,2.534418367e-03
8.142144775e+02,2.072792035e-03
8.144525146e+02,1.502547995e-03
8.146905518e+02,1.801247243e-03
8.149286499e+02,9.594583535e-04
8.151666870e+02,2.751654247e-03
8.154047852e+02,1.122385263e-03
8.156428833e+02,2.344336826e-03
8.158809814e+02,3.050353378e-03
8.161191406e+02,1.719783875e-03
8.163572388e+02,2.534418309e-04
8.165953369e+02,3.158971434e-03
8.168334961e+02,2.290027915e-03
8.170716553e+02,2.697345102e-03
8.173098755e+02,8.508404135e-04
8.175480347e+02,9.051494271e-05
8.177861938e+02,1.149539719e-03
8.180244141e+02,-9.142009076e-04
8.182625732e+02,2.398645971e-03
8.185007935e+02,6.607590476e-04
8.187390137e+02,1.176694204e-04
8.189772339e+02,2.670190763e-03
8.192154541e+02,1.285312115e-03
8.194536743e+02,1.529702451e-03
8.196919556e+02,2.751654247e-03
8.199301758e+02,-4.525747136e-05
8.201684570e+02,1.882710727e-03
8.204067383e+02,1.231003203e-03
8.206450195e+02,-1.267209154e-04
8.208833008e+02,1.828401815e-03
8.211215820e+02,1.502547995e-03
8.213599243e+02,9.051493835e-04
8.215982666e+02,-2.353388409e-04
8.218366089e+02,8.236859576e-04
8.220749512e+02,3.674906446e-03
8.223132935e+02,7.965314435e-04
8.225516357e+02,1.746938331e-03
8.227899780e+02,1.991328609e-04
8.230283813e+02,1.448239083e-03
8.232667236e+02,1.692629419e-03
8.235051270e+02,2.805963159e-04
8.237435303e+02,1.393930055e-03
8.239819336e+02,-8.327374235e-04
8.242203369e+02,2.262873459e-04
8.244587402e+02,1.366775599e-03
8.246972046e+02,1.448239054e-04
8.249356079e+02,-1.348672551e-03
8.251740723e+02,1.040921779e-03
8.254125366e+02,1.801247243e-03
8.256510010e+02,1.312466571e-03
8.258895264e+02,4.706776817e-04
8.261279907e+02,1.176694175e-03
8.263665161e+02,1.366775599e-03
8.266049805e+02,-4.254202067e-04
8.268435059e+02,-6.155016017e-04
8.270820312e+02,7.422225317e-04
8.273205566e+02,1.366775599e-03
8.275590820e+02,-4.254202067e-04
8.277976685e+02,3.050353378e-03
8.280361938e+02,2.724499675e-03
8.282747803e+02,-1.538754004e-04
8.285133057e+02,-6.426560576e-04
8.287518921e+02,1.529702451e-03
8.289904785e+02,6.336045772e-05
8.292290649e+02,1.393930055e-03
8.294677124e+02,-4.525747136e-05
8.297062988e+02,9.323038976e-04
8.299449463e+02,1.176694175e-03
8.301836548e+02,1.312466571e-03
8.304222412e+02,-1.810298854e-04
8.306609497e+02,1.258157659e-03
8.308995972e+02,1.801247243e-03
8.311382446e+02,8.508404135e-04
8.313768921e+02,-1.049973303e-03
8.316156006e+02,1.502547995e-03
8.318543091e+02,1.149539719e-03
8.320930176e+02,4.435231967e-04
8.323317261e+02,1.366775599e-03
8.325704346e+02,9.323038976e-04
8.328091431e+02,4.978321958e-04
8.330479126e+02,1.448239054e-04
8.332866211e+02,-2.217615955e-03
8.335253906e+02,1.068076235e-03
8.337641602e+02,2.262873459e-04
8.340029297e+02,1.393930055e-03
8.342416992e+02,-1.810298854e-04
8.344805298e+02,-7.512739976e-04
8.347193604e+02,-6.155016017e-04
8.349581909e+02,2.208564430e-03
8.351969604e+02,1.719783904e-04
8.354357910e+02,5.521411076e-04
8.356746216e+02,3.892142267e-04
8.359134521e+02,1.231003203e-03
8.361523438e+02,1.122385263e-03
8.363911743e+02,1.692629419e-03
8.366300659e+02,1.665474847e-03
8.368688965e+02,6.879135617e-04
8.371077881e+02,8.236859576e-04
8.373466797e+02,6.336045917e-04
8.375855713e+02,1.556856907e-03
8.378245239e+02,1.149539719e-03
8.380634155e+02,7.150680176e-04
8.383023682e+02,1.421084511e-03
8.385413818e+02,1.611165935e-03
8.387802734e+02,1.203848748e-03
8.390192261e+02,-1.402981579e-03
8.392582397e+02,4.978321958e-04
8.394971924e+02,-1.484445063e-03
8.397361450e+02,3.620597636e-05
8.399751587e+02,4.706776817e-04
8.402141724e+02,6.064500776e-04
8.404531250e+02,1.095230808e-03
8.406921387e+02,2.208564430e-03
8.409312134e+02,2.534418309e-04
8.411702271e+02,-1.321518095e-03
8.414092407e+02,-4.797291767e-04
8.416483154e+02,1.909865183e-03
8.418873291e+02,-2.624933142e-03
8.421264038e+02,4.163687117e-04
8.423654785e+02,1.801247243e-03
8.426046143e+02,-1.810298818e-05
8.428437500e+02,-6.155016017e-04
8.430828247e+02,1.122385263e-03
8.433219604e+02,-3.439567809e-04
8.435610352e+02,1.095230808e-03
8.438001709e+02,-2.950787079e-03
8.440393066e+02,2.480109455e-03
8.442784424e+02,-2.896478109e-04
8.445175781e+02,-7.241195271e-05
8.447567749e+02,1.149539719e-03
8.449959106e+02,1.285312115e-03
8.452351074e+02,-3.168022959e-04
8.454743042e+02,6.879135617e-04
8.457135010e+02,9.051494271e-05
8.459526978e+02,-1.538754004e-04
8.461918945e+02,1.176694175e-03
8.464311523e+02,1.774092787e-03
8.466704102e+02,2.262873459e-04
8.469096680e+02,7.150680176e-04
8.471488647e+02,-6.969650276e-04
8.473881226e+02,1.040921779e-03
8.476273804e+02,-2.624933259e-04
8.478666992e+02,1.176694175e-03
8.481059570e+02,-7.241195417e-04
8.483452759e+02,-7.241195271e-05
8.485845337e+02,1.638320391e-03
8.488238525e+02,1.448239083e-03
8.490631714e+02,-1.077127759e-03
8.493024902e+02,2.778808586e-03
8.495418091e+02,8.236859576e-04
8.497811279e+02,1.393930055e-03
8.500205078e+02,7.693769876e-04
8.502598267e+02,2.588727279e-03
8.504992065e+02,-9.956643044e-05
8.507386475e+02,2.534418309e-04
8.509780273e+02,-7.512739976e-04
8.512174072e+02,2.154255519e-03
8.514568481e+02,-1.104282215e-03
8.516962280e+02,1.448239083e-03
8.519356689e+02,-6.426560576e-04
8.521750488e+02,1.719783875e-03
8.524144897e+02,8.236859576e-04
8.526539307e+02,-5.611926317e-04
8.528933716e+02,-5.611926317e-04
8.531328735e+02,2.127101179e-03
8.533723145e+02,-4.797291767e-04
8.536118164e+02,1.502547995e-03
8.538512573e+02,-1.538754004e-04
8.540907593e+02,3.077508009e-04
8.543302612e+02,3.349052859e-04
8.545698242e+02,-8.055829676e-04
8.548093262e+02,-9.956643044e-05
8.550488892e+02,2.045637695e-03
8.552883911e+02,2.805963159e-04
8.555279541e+02,9.051493835e-04
8.557675171e+02,-6.155016017e-04
8.560070801e+02,6.879135617e-04
8.562466431e+02,2.344336826e-03
8.564862061e+02,2.317182487e-03
8.567257690e+02,-1.457290491e-03
8.569653931e+02,1.611165935e-03
8.572049561e+02,-1.810298854e-04
8.574445801e+02,1.584011479e-03
8.576842041e+02,-5.068836617e-04
8.579238281e+02,-1.185745699e-03
8.581634521e+02,2.235719003e-03
8.584031372e+02,6.336045917e-04
8.586428223e+02,3.349052859e-04
8.588825073e+02,1.556856907e-03
8.591221313e+02,-1.755989855e-03
8.593618164e+02,2.262873575e-03
8.596015015e+02,1.611165935e-03
8.598412476e+02,2.534418309e-04
8.600809326e+02,-9.685098776e-04
8.603206177e+02,3.349052859e-04
8.605603638e+02,-4.525747136e-05
8.608000488e+02,-1.267209183e-03
8.610397949e+02,1.285312115e-03
8.612795410e+02,2.371491399e-03
8.615192871e+02,-6.426560576e-04
8.617590942e+02,1.393930055e-03
8.619988403e+02,-2.624933259e-04
8.622386475e+02,-1.267209154e-04
8.624784546e+02,1.393930055e-03
8.627182617e+02,2.534418309e-04
8.629580688e+02,-2.081843559e-04
8.631978760e+02,1.746938331e-03
8.634376831e+02,-8.870463935e-04
8.636775513e+02,2.697345102e-03
8.639173584e+02,-8.598919376e-04
8.641572266e+02,-1.538754004e-04
8.643970337e+02,-1.348672551e-03
8.646369019e+02,1.285312115e-03
8.648767700e+02,-1.620217459e-03
8.651166382e+02,9.594583535e-04
8.653565674e+02,-6.155016017e-04
8.655964355e+02,9.594583535e-04
8.658363647e+02,-4.525746917e-04
8.660762939e+02,2.154255519e-03
8.663162231e+02,-4.525747136e-05
8.665561523e+02,-7.241195417e-04
8.667960815e+02,9.051493835e-04
8.670360718e+02,4.706776817e-04
8.672760010e+02,3.077508009e-04
8.675159912e+02,6.336045917e-04
8.677559204e+02,1.719783875e-03
8.679959106e+02,7.965314435e-04
8.682359009e+02,1.040921779e-03
8.684758911e+02,-1.104282215e-03
8.687158813e+02,1.448239054e-04
8.689559326e+02,1.366775599e-03
8.691959229e+02,-1.185745699e-03
8.694359741e+02,1.964174211e-03
8.696760254e+02,-4.525747136e-05
8.699160156e+02,2.534418309e-04
8.701561279e+02,1.665474847e-03
8.703962402e+02,-9.956643044e-05
8.706362915e+02,-8.870463935e-04
8.708763428e+02,9.866128676e-04
8.711164551e+02,-2.054689219e-03
8.713565674e+02,-5.611926317e-04
8.715966187e+02,-4.254202067e-04
8.718367310e+02,1.665474847e-03
8.720769043e+02,2.018483123e-03
8.723170166e+02,5.792956217e-04
8.725571289e+02,-1.810298854e-04
8.727973022e+02,7.965314435e-04
8.730374146e+02,-9.142009076e-04
8.732775879e+02,1.285312115e-03
8.735177612e+02,-3.439567809e-04
8.737579956e+02,-1.891762251e-03
8.739981689e+02,8.236859576e-04
8.742384033e+02,3.620597636e-05
8.744785767e+02,2.534418309e-04
8.747188110e+02,4.978321958e-04
8.749589844e+02,9.051493835e-04
8.751992188e+02,-1.131436788e-03
8.754394531e+02,1.176694204e-04
8.756797485e+02,-1.267209154e-04
8.759199829e+02,1.855556271e-03
8.761602173e+02,-1.022818848e-03
8.764005127e+02,8.236859576e-04
8.766407471e+02,1.393930055e-03
8.768810425e+02,3.349052859e-04
8.771213379e+02,-1.647371915e-03
8.773616333e+02,1.366775599e-03
8.776019897e+02,-7.241195417e-04
8.778423462e+02,9.594583535e-04
8.780826416e+02,4.163687117e-04
8.783229980e+02,4.978321958e-04
8.785633545e+02,-8.870463935e-04
8.788037109e+02,7.422225317e-04
8.790440674e+02,4.706776817e-04
8.792844238e+02,6.607590476e-04
8.795247803e+02,-1.402981579e-03
8.797651367e+02,-2.896478109e-04
8.800055542e+02,1.556856907e-03
8.802459717e+02,8.236859576e-04
8.804863892e+02,9.051494271e-05
8.807268066e+02,8.508404135e-04
8.809672241e+02,-5.883470876e-04
8.812077026e+02,1.122385263e-03
8.814481201e+02,-8.055829676e-04
8.816885986e+02,2.208564430e-03
8.819290161e+02,-1.755989855e-03
8.821694946e+02,-7.241195417e-04
8.824099731e+02,-8.327374235e-04
8.826504517e+02,1.475393539e-03
8.828909302e+02,9.051494271e-05
8.831314697e+02,-5.068836617e-04
8.833719482e+02,1.719783904e-04
8.836124878e+02,1.448239083e-03
8.838529663e+02,2.534418309e-04
8.840935059e+02,9.051494271e-05
8.843340454e+02,-1.538753975e-03
8.845745850e+02,1.475393539e-03
8.848151855e+02,1.122385263e-03
8.850557861e+02,5.249866517e-04
8.852963257e+02,6.336045772e-05
8.855369263e+02,-7.784284535e-04
8.857775269e+02,1.611165935e-03
8.860181274e+02,-9.956643917e-04
8.862587280e+02,-1.022818848e-03
8.864993286e+02,1.719783904e-04
8.867399292e+02,3.077508009e-04
8.869805298e+02,1.855556271e-03
8.872211914e+02,-1.457290491e-03
8.874618530e+02,-1.810298818e-05
8.877025146e+02,-7.241195271e-05
8.879431763e+02,1.040921779e-03
8.881838379e+02,-5.340381176e-04
8.884245605e+02,9.594583535e-04
8.886652222e+02,1.746938331e-03
8.889059448e+02,2.018483123e-03
8.891466064e+02,9.051494271e-05
8.893873291e+02,9.051494271e-05
8.896280518e+02,-4.254202067e-04
8.898687744e+02,-4.525747136e-05
8.901094971e+02,-1.022818848e-03
8.903502197e+02,3.620597709e-04
8.905910034e+02,-6.969650276e-04
8.908317261e+02,-1.131436788e-03
8.910725098e+02,-9.685098776e-04
8.913132935e+02,1.719783875e-03
8.915540771e+02,-6.698105717e-04
8.917948608e+02,4.435231967e-04
8.920357056e+02,3.349052859e-04
8.922764893e+02,-9.956643044e-05
8.925173340e+02,-2.190461615e-03
8.927581787e+02,-3.168022959e-04
8.929989624e+02,-6.155016017e-04
8.932398071e+02,6.336045917e-04
8.934806519e+02,-2.896478109e-04
8.937214966e+02,3.077508009e-04
8.939624023e+02,-2.434851835e-03
8.942032471e+02,1.095230808e-03
8.944441528e+02,4.978321958e-04
8.946849976e+02,-4.797291767e-04
8.949259033e+02,1.203848748e-03
8.951668091e+02,1.719783875e-03
8.954077148e+02,9.051493835e-04
8.956486816e+02,-6.155016017e-04
8.958895874e+02,-2.081843559e-04
8.961305542e+02,3.620597709e-04
8.963714600e+02,6.336045772e-05
8.966124268e+02,-5.883470876e-04
8.968533936e+02,-8.327374235e-04
8.970943604e+02,-7.241195271e-05
8.973353271e+02,-6.969650276e-04
8.975762939e+02,-4.525747136e-05
8.978173218e+02,-6.426560576e-04
8.980582886e+02,1.095230808e-03
8.982993164e+02,1.095230808e-03
8.985403442e+02,1.068076235e-03
8.987813721e+02,-8.870463935e-04
8.990223999e+02,8.236859576e-04
8.992634888e+02,-1.267209154e-04
8.995045166e+02,7.422225317e-04
8.997455444e+02,-2.353388409e-04
8.999866333e+02,3.864987986e-03
9.002277222e+02,-3.629649058e-03
9.004687500e+02,3.892142267e-04
9.007098389e+02,-2.896478109e-04
9.009509277e+02,7.150680176e-04
9.011920776e+02,-9.413553635e-04
9.014331665e+02,1.393930055e-03
9.016742554e+02,-8.870463935e-04
9.019154053e+02,1.448239054e-04
9.021565552e+02,-4.797291767e-04
9.023977051e+02,1.312466571e-03
9.026389160e+02,-8.598919376e-04
9.028800659e+02,-6.155016017e-04
9.031212158e+02,-1.049973303e-03
9.033623657e+02,-7.784284535e-04
9.036035767e+02,-5.883470876e-04
9.038447266e+02,-2.896478109e-04
9.040859375e+02,1.176694204e-04
9.043271484e+02,-1.077127759e-03
9.045683594e+02,-2.353388409e-04
9.048095703e+02,8.508404135e-04
9.050507812e+02,-1.267209154e-04
9.052920532e+02,-9.956643044e-05
9.055332642e+02,4.978321958e-04
9.057745361e+02,9.051493835e-04
9.060158691e+02,1.529702451e-03
9.062571411e+02,1.909865183e-03
9.064984131e+02,5.249866517e-04
9.067396851e+02,3.892142267e-04
9.069809570e+02,4.978321958e-04
9.072222900e+02,5.249866517e-04
9.074635620e+02,-5.340381176e-04
9.077048950e+02,9.323038976e-04
9.079462280e+02,-1.728835399e-03
9.081875610e+02,1.149539719e-03
9.084288940e+02,4.978321958e-04
9.086702271e+02,7.422225317e-04
9.089115601e+02,-7.241195271e-05
9.091529541e+02,1.719783904e-04
9.093943481e+02,6.336045772e-05
9.096357422e+02,2.805963159e-04
9.098771362e+02,1.991328609e-04
9.101185303e+02,1.719783875e-03
9.103599243e+02,-4.797291767e-04
9.106013184e+02,2.805963159e-04
9.108427734e+02,3.892142267e-04
9.110841675e+02,4.163687117e-04
9.113256226e+02,-2.271924866e-03
9.115670776e+02,6.607590476e-04
9.118085327e+02,-2.081843559e-04
9.120499878e+02,-3.439567809e-04
9.122914429e+02,6.336045917e-04
9.125328979e+02,6.336045917e-04
9.127743530e+02,-1.158591243e-03
9.130159302e+02,-2.896478109e-04
9.132574463e+02,1.991328609e-04
9.134989014e+02,-6.426560576e-04
9.137404175e+02,1.801247243e-03
9.139819336e+02,1.774092787e-03
9.142235107e+02,7.965314435e-04
9.144650269e+02,-5.611926317e-04
9.147065430e+02,1.556856907e-03
9.149481201e+02,-1.484445063e-03
9.151896973e+02,-9.142009076e-04
9.154312134e+02,1.611165935e-03
9.156727905e+02,3.892142267e-04
9.159143677e+02,-4.525747136e-05
9.161560059e+02,-1.077127759e-03
9.163976440e+02,-1.022818848e-03
9.166392212e+02,-1.810298818e-05
9.168808594e+02,1.203848748e-03
9.171224976e+02,8.236859576e-04
9.173640747e+02,-9.413553635e-04
9.176057129e+02,7.693769876e-04
9.178473511e+02,1.719783904e-04
9.180890503e+02,-8.598919376e-04
9.183306885e+02,2.534418309e-04
9.185723877e+02,-1.647371915e-03
9.188140259e+02,1.258157659e-03
9.190557251e+02,-1.810298767e-03
9.192974243e+02,1.909865183e-03
9.195391235e+02,-1.810298818e-05
9.197808838e+02,-1.185745699e-03
9.200225830e+02,-6.426560576e-04
9.202642822e+02,1.584011479e-03
9.205060425e+02,7.150680176e-04
9.207477417e+02,9.051494089e-06
9.209895020e+02,-2.624933259e-04
9.212312622e+02,9.594583535e-04
9.214730225e+02,-2.000380075e-03
9.217147827e+02,1.013767323e-03
9.219565430e+02,9.594583535e-04
9.221983643e+02,9.051494089e-06
9.224401245e+02,1.393930055e-03
9.226819458e+02,-4.525747136e-05
9.229237671e+02,-8.055829676e-04
9.231656494e+02,1.774092787e-03
9.234074707e+02,-1.321518095e-03
9.236492920e+02,3.077508009e-04
9.238911133e+02,-3.439567809e-04
9.241329346e+02,1.746938331e-03
9.243748169e+02,1.855556271e-03
9.246166992e+02,1.665474847e-03
9.248585205e+02,-4.797291767e-04
9.251004028e+02,-5.068836617e-04
9.253422852e+02,1.285312115e-03
9.255841675e+02,2.208564430e-03
9.258261108e+02,9.051494271e-05
9.260679932e+02,1.068076235e-03
9.263099365e+02,-4.525746917e-04
9.265518799e+02,-3.439567809e-04
9.267938232e+02,-1.755989855e-03
9.270357666e+02,-7.784284535e-04
9.272777100e+02,-9.142009076e-04
9.275196533e+02,-1.701680827e-03
9.277615967e+02,-2.597778803e-03
9.280036011e+02,6.879135617e-04
9.282455444e+02,-1.267209183e-03
9.284875488e+02,2.099946607e-03
9.287295532e+02,1.258157659e-03
9.289715576e+02,9.051493835e-04
9.292135620e+02,-2.353388409e-04
9.294555664e+02,3.620597709e-04
9.296976318e+02,-1.810298818e-05
9.299396362e+02,-1.348672551e-03
9.301817017e+02,-6.155016017e-04
9.304237671e+02,-2.543469891e-03
9.306657715e+02,-1.430136035e-03
9.309078369e+02,-2.353388409e-04
9.311499023e+02,-2.081843559e-04
9.313919678e+02,1.285312115e-03
9.316340942e+02,6.336045772e-05
9.318761597e+02,9.594583535e-04
9.321182861e+02,-2.136152470e-03
9.323603516e+02,9.594583535e-04
9.326024780e+02,-1.728835399e-03
9.328446045e+02,1.475393539e-03
9.330867920e+02,-1.348672551e-03
9.333289185e+02,-4.525747136e-05
9.335710449e+02,-8.055829676e-04
9.338132324e+02,2.127101179e-03
9.340553589e+02,-1.810298818e-05
9.342975464e+02,1.991328609e-04
9.345397339e+02,-1.348672551e-03
9.347819214e+02,-1.538753975e-03
9.350241089e+02,4.706776817e-04
9.352662964e+02,3.620597709e-04
9.355084839e+02,-9.956643917e-04
9.357507324e+02,-1.131436788e-03
9.359929199e+02,1.556856907e-03
9.362352295e+02,-6.426560576e-04
9.364774780e+02,2.670190763e-03
9.367196655e+02,-1.810298854e-04
9.369619141e+02,6.879135617e-04
9.372042236e+02,-1.810298818e-05
9.374464722e+02,3.267589258e-03
9.376887207e+02,-4.254202067e-04
9.379310303e+02,-1.348672551e-03
9.381732788e+02,6.336045772e-05
9.384155884e+02,9.594583535e-04
9.386578979e+02,-8.598919376e-04
9.389002075e+02,1.991328783e-03
9.391425171e+02,-8.327374235e-04
9.393848267e+02,1.203848748e-03
9.396272583e+02,1.991328609e-04
9.398695679e+02,1.448239054e-04
9.401119385e+02,9.866128676e-04
9.403543091e+02,-7.241195417e-04
9.405966797e+02,6.607590476e-04
9.408390503e+02,9.594583535e-04
9.410814209e+02,-1.077127759e-03
9.413237915e+02,6.607590476e-04
9.415661621e+02,9.051494089e-06
9.418085938e+02,3.349052859e-04
9.420509644e+02,-4.525747136e-05
9.422933960e+02,4.706776817e-04
9.425358276e+02,-8.055829676e-04
9.427783203e+02,1.556856907e-03
9.430207520e+02,1.448239054e-04
9.432631836e+02,4.978321958e-04
9.435056763e+02,1.013767323e-03
9.437481079e+02,1.937019755e-03
9.439906006e+02,-2.434851835e-03
9.442330322e+02,-5.611926317e-04
9.444755249e+02,5.521411076e-04
9.447180176e+02,7.693769876e-04
9.449605103e+02,1.991328609e-04
9.452030640e+02,7.965314435e-04
9.454455566e+02,-4.797291767e-04
9.456880493e+02,2.262873459e-04
9.459306641e+02,3.620597636e-05
9.461732178e+02,2.534418309e-04
9.464157104e+02,-2.434851835e-03
9.466582642e+02,2.127101179e-03
9.469008179e+02,-1.810298854e-04
9.471434326e+02,1.692629419e-03
9.473859863e+02,9.323038976e-04
9.476285400e+02,-1.104282215e-03
9.478711548e+02,-3.439567809e-04
9.481137695e+02,7.422225317e-04
9.483563232e+02,1.502547995e-03
9.485989380e+02,1.719783904e-04
9.488415527e+02,-1.267209183e-03
9.490842896e+02,4.163687117e-04
9.493269043e+02,6.336045917e-04
9.495695190e+02,-1.810298767e-03
9.498121948e+02,-1.946071163e-03
9.500548096e+02,1.095230808e-03
9.502974854e+02,-2.000380075e-03
9.505401611e+02,-1.810298854e-04
9.507828369e+02,-2.081843559e-04
9.510255127e+02,-4.797291767e-04
9.512682495e+02,-1.538753975e-03
9.515109253e+02,1.312466571e-03
9.517536011e+02,-1.810298818e-05
9.519963379e+02,-1.022818848e-03
9.522391357e+02,-3.439567809e-04
9.524818726e+02,8.236859576e-04
9.527246094e+02,-1.810298854e-04
9.529673462e+02,-6.698105717e-04
9.532100830e+02,-2.570624230e-03
9.534528198e+02,2.262873575e-03
9.536956177e+02,-2.326234011e-03
9.539383545e+02,-4.525747136e-05
9.541811523e+02,-3.168022959e-03
9.544239502e+02,1.040921779e-03
9.546667480e+02,-2.896478109e-04
9.549095459e+02,3.892142267e-04
9.551523438e+02,-9.685098776e-04
9.553952637e+02,-9.142009076e-04
9.556380615e+02,1.611165935e-03
9.558809204e+02,2.534418309e-04
9.561237183e+02,8.779949276e-04
9.563665771e+02,8.779949276e-04
9.566094360e+02,3.620597709e-04
9.568522949e+02,1.502547995e-03
9.570951538e+02,-1.810298854e-04
9.573380127e+02,5.792956217e-04
9.575809326e+02,1.448239054e-04
9.578237915e+02,-1.593062887e-03
9.580667114e+02,6.064500776e-04
9.583096313e+02,1.068076235e-03
9.585526123e+02,-1.321518095e-03
9.587955322e+02,9.051493835e-04
9.590384521e+02,-8.870463935e-04
9.592813721e+02,1.937019755e-03
9.595242920e+02,-1.647371915e-03
9.597672729e+02,-9.956643044e-05
9.600102539e+02,-7.241195271e-05
9.602531738e+02,3.349052859e-04
9.604961548e+02,5.249866517e-04
9.607391357e+02,-7.241195417e-04
9.609821167e+02,1.909865183e-03
9.612250977e+02,6.607590476e-04
9.614681396e+02,-5.883470876e-04
9.617111816e+02,-4.525746917e-04
9.619542236e+02,-8.598919376e-04
9.621972046e+02,7.965314435e-04
9.624402466e+02,1.719783904e-04
9.626832886e+02,1.176694204e-04
9.629263306e+02,1.176694204e-04
9.631693726e+02,1.719783904e-04
9.634124756e+02,-3.168022959e-04
9.636555176e+02,-9.413553635e-04
9.638986206e+02,-2.190461615e-03
9.641416626e+02,-8.327374235e-04
9.643847656e+02,6.336045917e-04
9.646278687e+02,2.697345102e-03
9.648710327e+02,4.435231967e-04
9.651141357e+02,-7.241195271e-05
9.653572388e+02,6.336045917e-04
9.656004028e+02,-7.241195271e-05
9.658435059e+02,-1.212900155e-03
9.660866699e+02,1.611165935e-03
9.663297729e+02,-4.525746917e-04
9.665729370e+02,-1.348672551e-03
9.668161011e+02,2.805963159e-04
9.670592651e+02,-1.810298854e-04
9.673024292e+02,-1.375827123e-03
9.675456543e+02,1.991328609e-04
9.677888794e+02,-7.512739976e-04
9.680321045e+02,2.072792035e-03
9.682752686e+02,-2.380542923e-03
9.685184937e+02,-5.611926317e-04
9.687617188e+02,1.692629419e-03
9.690049438e+02,-7.241195417e-04
9.692481689e+02,9.594583535e-04
9.694913940e+02,-9.142009076e-04
9.697346802e+02,4.163687117e-04
9.699779053e+02,-1.810298818e-05
9.702211914e+02,1.719783875e-03
9.704644775e+02,1.095230808e-03
9.707077026e+02,-1.674526371e-03
9.709510498e+02,1.991328609e-04
9.711943970e+02,6.336045917e-04
9.714376831e+02,-1.049973303e-03
9.716809692e+02,-1.511599519e-03
9.719242554e+02,1.882710727e-03
9.721676025e+02,1.665474847e-03
9.724109497e+02,1.719783904e-04
9.726542969e+02,-1.049973303e-03
9.728975830e+02,1.611165935e-03
9.731409302e+02,-2.896478109e-04
9.733843384e+02,1.448239054e-04
9.736276855e+02,-3.982657217e-04
9.738710938e+02,5.249866517e-04
9.741145020e+02,3.077508009e-04
9.743578491e+02,-6.155016017e-04
9.746012573e+02,-2.081843559e-04
9.748446655e+02,1.312466571e-03
9.750880737e+02,-1.810298818e-05
9.753314819e+02,-1.484445063e-03
9.755748901e+02,-6.155016017e-04
9.758182983e+02,4.978321958e-04
9.760617676e+02,-1.158591243e-03
9.763051758e+02,-9.142009076e-04
9.765486450e+02,-2.407697495e-03
9.767921143e+02,2.262873459e-04
9.770356445e+02,-7.241195271e-05
9.772791138e+02,-9.956643917e-04
9.775225830e+02,4.706776817e-04
9.777660522e+02,-2.624933259e-04
9.780095825e+02,4.163687117e-04
9.782530518e+02,1.068076235e-03
9.784965820e+02,-8.598919376e-04
9.787400513e+02,4.978321958e-04
9.789835815e+02,-1.294363639e-03
9.792271118e+02,1.040921779e-03
9.794706421e+02,-1.267209154e-04
9.797141724e+02,1.665474847e-03
9.799578247e+02,-8.870463935e-04
9.802013550e+02,-1.810298854e-04
9.804449463e+02,-1.538753975e-03
9.806884766e+02,-4.525747136e-05
9.809320679e+02,1.448239083e-03
9.811756592e+02,-4.797291767e-04
9.814192505e+02,-3.032250563e-03
9.816628418e+02,7.150680176e-04
9.819064331e+02,-1.484445063e-03
9.821500854e+02,2.262873459e-04
9.823936768e+02,-1.240054728e-03
9.826373291e+02,-9.413553635e-04
9.828809204e+02,-2.624933259e-04
9.831246338e+02,-1.810298854e-04
9.833682861e+02,-9.413553635e-04
9.836119385e+02,-1.131436788e-03
9.838555908e+02,-7.241195271e-05
9.840993042e+02,3.892142267e-04
9.843429565e+02,9.051493835e-04
9.845866699e+02,1.095230808e-03
9.848303223e+02,-1.457290491e-03
9.850740356e+02,6.064500776e-04
9.853177490e+02,1.176694204e-04
9.855614624e+02,4.978321958e-04
9.858051758e+02,-9.413553635e-04
9.860489502e+02,2.317182487e-03
9.862926636e+02,-4.254202067e-04
9.865364380e+02,-2.896478109e-04
9.867801514e+02,-2.624933259e-04
9.870239258e+02,1.909865183e-03
9.872677002e+02,4.978321958e-04
9.875114746e+02,-1.131436788e-03
9.877552490e+02,-1.593062887e-03
9.879990234e+02,2.181410091e-03
9.882427979e+02,4.163687117e-04
9.884865723e+02,-9.685098776e-04
9.887304077e+02,-5.883470876e-04
9.889742432e+02,3.077508009e-04
9.892180786e+02,-2.896478109e-04
9.894619141e+02,-2.896478109e-04
9.897057495e+02,8.779949276e-04
9.899495850e+02,2.805963159e-04
9.901934204e+02,-4.525746917e-04
9.904372559e+02,-2.624933259e-04
9.906811523e+02,1.448239054e-04
9.909249878e+02,4.163687117e-04
9.911688843e+02,8.508404135e-04
9.914127808e+02,-2.624933259e-04
9.916566162e+02,1.746938331e-03
9.919005737e+02,-4.525746917e-04
9.921444702e+02,-9.956643917e-04
9.923884277e+02,1.231003203e-03
9.926323242e+02,-2.353388409e-04
9.928762207e+02,-5.068836617e-04
9.931201782e+02,-1.321518095e-03
9.933641357e+02,3.077508009e-04
9.936080322e+02,-2.896478109e-04
9.938519897e+02,-8.055829676e-04
9.940959473e+02,2.805963159e-04
9.943399048e+02,-1.538754004e-04
9.945838623e+02,-3.168022959e-04
9.948279419e+02,3.349052859e-04
9.950718994e+02,-2.353388409e-04
9.953159180e+02,1.095230808e-03
9.955598755e+02,-1.104282215e-03
9.958038940e+02,8.236859576e-04
9.960479126e+02,3.349052859e-04
9.962919312e+02,7.965314435e-04
9.965359497e+02,-2.244770527e-03
9.967800293e+02,-6.426560576e-04
9.970240479e+02,7.965314435e-04
9.972680664e+02,-1.430136035e-03
9.975121460e+02,1.285312115e-03
9.977562866e+02,-2.462006407e-03
9.980003052e+02,-1.375827123e-03
9.982443848e+02,-1.185745699e-03
9.984884644e+02,9.594583535e-04
9.987326050e+02,-1.511599519e-03
9.989766846e+02,1.122385263e-03
9.992207642e+02,-7.512739976e-04
9.994649048e+02,1.719783904e-04
9.997089844e+02,3.620597709e-04
9.999531250e+02,-3.439567809e-04
1.000197266e+03,-1.348672551e-03
1.000441406e+03,1.122385263e-03
1.000685608e+03,-1.511599519e-03
1.000929749e+03,2.534418309e-04
1.001173889e+03,1.176694204e-04
1.001418091e+03,3.620597636e-05
1.001662231e+03,-1.647371915e-03
1.001906433e+03,1.176694175e-03
1.002150574e+03,6.064500776e-04
1.002394775e+03,9.051494089e-06
1.002638977e+03,-1.185745699e-03
1.002883179e+03,1.013767323e-03
1.003127380e+03,-1.538754004e-04
1.003371643e+03,2.805963159e-04
1.003615906e+03,-2.027534647e-03
1.003860168e+03,6.064500776e-04
1.004104370e+03,-8.055829676e-04
1.004348633e+03,-3.982657217e-04
1.004592896e+03,-2.407697495e-03
1.004837158e+03,1.719783875e-03
1.005081421e+03,3.620597636e-05
1.005325684e+03,-1.022818848e-03
1.005569946e+03,-9.685098776e-04
1.005814270e+03,-1.267209154e-04
1.006058533e+03,1.095230808e-03
1.006302856e+03,1.991328609e-04
1.006547241e+03,-2.081843559e-04
1.006791565e+03,1.231003203e-03
1.007035889e+03,1.068076235e-03
1.007280212e+03,-9.956643044e-05
1.007524536e+03,-3.168022959e-04
1.007768860e+03,-3.439567809e-04
1.008013245e+03,-2.570624230e-03
1.008257568e+03,-4.525746917e-04
1.008501953e+03,-2.353388409e-04
1.008746277e+03,-1.294363639e-03
1.008990662e+03,6.336045772e-05
1.009235046e+03,1.692629419e-03
1.009479492e+03,3.620597636e-05
1.009723938e+03,-1.077127759e-03
1.009968323e+03,-7.512739976e-04
1.010212708e+03,9.051493835e-04
1.010457153e+03,-7.241195417e-04
1.010701538e+03,-1.049973303e-03
1.010945984e+03,-1.240054728e-03
1.011190430e+03,2.534418309e-04
1.011434875e+03,-1.864607795e-03
1.011679321e+03,3.294743830e-03
1.011923767e+03,-5.611926317e-04
1.012168335e+03,7.965314435e-04
1.012412781e+03,-1.402981579e-03
1.012657288e+03,1.556856907e-03
1.012901733e+03,-9.142009076e-04
1.013146240e+03,3.620597709e-04
1.013390747e+03,1.774092787e-03
1.013635254e+03,8.236859576e-04
1.013879761e+03,-3.548185574e-03
1.014124268e+03,9.323038976e-04
1.014368774e+03,3.349052859e-04
1.014613342e+03,7.693769876e-04
1.014857849e+03,-2.244770527e-03
1.015102478e+03,-3.439567809e-04
1.015347046e+03,-4.525746917e-04
1.015591614e+03,4.163687117e-04
1.015836121e+03,6.064500776e-04
1.016080750e+03,1.013767323e-03
1.016325317e+03,6.879135617e-04
1.016569885e+03,1.611165935e-03
1.016814453e+03,-5.883470876e-04
1.017059082e+03,7.965314435e-04
1.017303711e+03,7.965314435e-04
1.017548279e+03,-6.155016017e-04
1.017792908e+03,-3.168022959e-04
1.018037598e+03,4.978321958e-04
1.018282227e+03,7.422225317e-04
1.018526855e+03,1.448239054e-04
1.018771545e+03,1.176694175e-03
1.019016174e+03,-1.022818848e-03
1.019260864e+03,-3.412413178e-03
1.019505493e+03,-9.956643917e-04
1.019750183e+03,-1.837453223e-03
1.019994873e+03,-3.439567809e-04
1.020239563e+03,-2.326234011e-03
1.020484253e+03,1.719783904e-04
